HIERARCHY
ROOT root
{
   OFFSET       0.000000        0.000000        0.000000
   CHANNELS 6 Xposition Yposition Zposition Xrotation Yrotation Zrotation
   JOINT LowerSpineJoint
   {
      OFFSET       0.000000        3.328345        0.000000
      CHANNELS 3 Xrotation  Yrotation Zrotation
      JOINT MiddleSpineJoint
      {
         OFFSET       4.330709        0.000000        0.000000
         CHANNELS 3 Xrotation  Yrotation Zrotation
         JOINT UpperSpineJoint
         {
            OFFSET       6.102361        0.000000        0.000000
            CHANNELS 3 Xrotation  Yrotation Zrotation
            JOINT LowerNeckJoint
            {
               OFFSET      10.236220        1.809055        0.000000
               CHANNELS 3 Xrotation  Yrotation Zrotation
               JOINT UpperNeckJoint
               {
                  OFFSET       3.543308        0.000000        0.000000
                  CHANNELS 3 Xrotation  Yrotation Zrotation
                  End Site
                  {
                     OFFSET       7.874016        0.000000        0.000000
                  }
               }
            }
            JOINT RightClavicleJoint
            {
               OFFSET       9.448819        2.047244        1.259843
               CHANNELS 3 Xrotation  Yrotation Zrotation
               JOINT RightShoulderJoint
               {
                  OFFSET      -6.220472       -1.574802        0.393701
                  CHANNELS 3 Xrotation  Yrotation Zrotation
                  JOINT RightElbowJoint
                  {
                     OFFSET     -12.500000        0.000000        0.078740
                     CHANNELS 3 Xrotation  Yrotation Zrotation
                     JOINT RightForearmTwistJoint
                     {
                        OFFSET      -5.216535        0.000000        0.000000
                        CHANNELS 3 Xrotation  Yrotation Zrotation
                        JOINT RightWristJoint
                        {
                           OFFSET      -5.314960        0.000000        0.000000
                           CHANNELS 3 Xrotation  Yrotation Zrotation
                           JOINT RightFingersJoint
                           {
                              OFFSET      -3.149608       -0.393700        0.000000
                              CHANNELS 3 Xrotation  Yrotation Zrotation
                              End Site
                              {
                                 OFFSET       0.000000        3.149606        0.000000
                              }
                           }
                        }
                     }
                  }
               }
            }
            JOINT LeftClavicleJoint
            {
               OFFSET       9.448819        2.047244       -1.259843
               CHANNELS 3 Xrotation  Yrotation Zrotation
               JOINT LeftShoulderJoint
               {
                  OFFSET      -6.220472       -1.574802       -0.393701
                  CHANNELS 3 Xrotation  Yrotation Zrotation
                  JOINT LeftElbowJoint
                  {
                     OFFSET     -12.500000        0.000000       -0.078740
                     CHANNELS 3 Xrotation  Yrotation Zrotation
                     JOINT LeftForearmTwistJoint
                     {
                        OFFSET      -5.216535        0.000000        0.000000
                        CHANNELS 3 Xrotation  Yrotation Zrotation
                        JOINT LeftWristJoint
                        {
                           OFFSET      -5.314960        0.000000        0.000000
                           CHANNELS 3 Xrotation  Yrotation Zrotation
                           JOINT LeftFingersJoint
                           {
                              OFFSET      -3.149608       -0.393700        0.000000
                              CHANNELS 3 Xrotation  Yrotation Zrotation
                              End Site
                              {
                                 OFFSET       0.000000        3.149606        0.000000
                              }
                           }
                        }
                     }
                  }
               }
            }
         }
      }
   }
   JOINT RightHipJoint
   {
      OFFSET      -3.543307        0.178739        0.000000
      CHANNELS 3 Xrotation  Yrotation Zrotation
      JOINT RightKneeJoint
      {
         OFFSET      17.204723        0.000000       -0.196850
         CHANNELS 3 Xrotation  Yrotation Zrotation
         JOINT RightAnkleJoint
         {
            OFFSET       0.000000      -17.840551       -0.161417
            CHANNELS 3 Xrotation  Yrotation Zrotation
            JOINT RightMidFootJoint
            {
               OFFSET       0.000000       -1.568898        2.523622
               CHANNELS 3 Xrotation  Yrotation Zrotation
               JOINT RightToesJoint
               {
                  OFFSET       2.677163       -0.000000        0.000000
                  CHANNELS 3 Xrotation  Yrotation Zrotation
                  End Site
                  {
                     OFFSET       2.362204        0.000000        0.000000
                  }
               }
            }
         }
      }
   }
   JOINT LeftHipJoint
   {
      OFFSET       3.543307        0.178739        0.000000
      CHANNELS 3 Xrotation  Yrotation Zrotation
      JOINT LeftKneeJoint
      {
         OFFSET      17.204723        0.000000        0.196850
         CHANNELS 3 Xrotation  Yrotation Zrotation
         JOINT LeftAnkleJoint
         {
            OFFSET       0.000000      -17.840551        0.161417
            CHANNELS 3 Xrotation  Yrotation Zrotation
            JOINT LeftMidFootJoint
            {
               OFFSET       0.000000       -1.568898       -2.523622
               CHANNELS 3 Xrotation  Yrotation Zrotation
               JOINT LeftToesJoint
               {
                  OFFSET       2.677164       -0.000000        0.000000
                  CHANNELS 3 Xrotation  Yrotation Zrotation
                  End Site
                  {
                     OFFSET       2.362205        0.000000        0.000000
                  }
               }
            }
         }
      }
   }
}
MOTION
Frames:	187
Frame Time: 0.0166667
      -0.463866      34.872833       0.504298     -12.481940      10.435562      10.805516     -70.330688     -68.572029       4.257385     -10.748276     -16.706963      -0.599989       2.441391       6.524463      -9.785110      -3.115994      -9.585485     -23.697453      -1.444044       4.641591      27.225275      96.570877      -1.272569     -90.630089       5.858077     -52.183506      81.624687      -0.043506      43.444855       0.017405      -8.736884      -0.156384      -2.290702       3.070041      10.276159     -20.521070     -90.003143     -30.592529      89.994499    -101.850227      -1.817511    -100.010147     -19.107899     -43.127083      49.386086       0.124012     -69.795952       0.086496      35.767906      -1.313020      -2.067620      -0.732107      -7.548869      10.648220     -90.005043     -34.884544      89.992645      68.584885      72.730293    -158.184448      90.151764      51.878277      90.066154     -11.721730     -11.544188      13.771694    -167.409805      84.034492     -20.080349      -0.045197      -2.749379     -21.996016      38.642979      78.135002    -144.246567     -90.865036     -31.621929      90.210175       2.753448      -2.694561       3.065779     -89.067520     -89.054657      77.562988      -4.668213       4.789808     -25.653292
      -0.464293      34.812580       0.501695     -12.496149      10.446033      10.827471     -70.333496     -68.563004       4.247141     -10.752132     -16.704334      -0.606257       2.438804       6.528609      -9.787894      -3.117924      -9.583570     -23.720041      -1.444981       4.644457      27.228342      96.578140      -1.271059     -90.603226       5.831275     -52.188393      81.595222      -0.043941      43.445812       0.017705      -8.736887      -0.156838      -2.291041       3.069869      10.272848     -20.521349     -90.003159     -30.592585      89.994446    -101.862091      -1.816937     -99.983864     -19.122334     -43.111427      49.363621       0.121820     -69.790146       0.084710      35.767860      -1.313668      -2.067577      -0.732149      -7.547683      10.648024     -90.005051     -34.884541      89.992622      68.589539      72.721298    -158.179581      90.151070      51.949539      90.059525     -11.968608     -11.567987      13.750159    -167.426712      84.024155     -20.197212      -0.040604      -2.728317     -21.959692      38.670906      78.114349    -144.341949     -90.870003     -31.742226      90.212555       2.735508      -2.699441       3.064440     -89.347015     -89.054131      77.238937      -4.684947       4.755825     -25.445440
      -0.466198      34.725441       0.493117     -12.560849      10.457852      10.904570     -70.318459     -68.533401       4.228126     -10.757758     -16.689035      -0.628877       2.438426       6.541218      -9.801285      -3.126635      -9.572233     -23.834204      -1.448006       4.658272      27.219896      96.621597      -1.264024     -90.462898       5.725542     -52.190487      81.498711      -0.043655      43.441891       0.017330      -8.737270      -0.156749      -2.291147       3.070569      10.271925     -20.528149     -90.003136     -30.592564      89.994492    -101.906593      -1.813954     -99.843765     -19.171501     -43.057449      49.294750       0.121704     -69.763489       0.084514      35.765602      -1.313309      -2.067827      -0.734657      -7.536115      10.636006     -90.005058     -34.884537      89.992653      68.648308      72.681107    -158.181519      90.112541      52.105915      90.047394     -12.549404     -11.631142      13.697016    -167.497604      84.011139     -20.468367      -0.032147      -2.680125     -21.954725      38.738403      78.065308    -144.570496     -90.902588     -32.075760      90.221199       2.750914      -2.720233       3.085219     -90.015900     -89.051056      76.474571      -4.714270       4.694903     -25.082150
      -0.470706      34.625679       0.476747     -12.651785      10.463324      11.011818     -70.292557     -68.494766       4.206510     -10.764030     -16.669733      -0.661193       2.439789       6.558100      -9.822670      -3.140234      -9.549287     -24.025782      -1.452068       4.681756      27.183641      96.701393      -1.247526     -90.222328       5.589570     -52.166145      81.404930      -0.043471      43.435467       0.017142      -8.737607      -0.156725      -2.291204       3.071055      10.269936     -20.533445     -90.003136     -30.592558      89.994499    -101.960541      -1.805518     -99.595406     -19.224354     -42.995293      49.240635       0.121459     -69.725517       0.084199      35.762547      -1.312837      -2.068143      -0.738782      -7.518257      10.617426     -90.005066     -34.884529      89.992683      68.721405      72.631760    -158.186218      90.051636      52.287323      90.025986     -13.235393     -11.712627      13.625456    -167.576523      84.002663     -20.795752      -0.023109      -2.622606     -21.961088      38.823170      78.002846    -144.855118     -90.962250     -32.494740      90.236687       2.788317      -2.753976       3.112664     -90.975517     -89.042763      75.395462      -4.739098       4.642537     -24.771229
      -0.478975      34.525787       0.451776     -12.760947      10.466478      11.139800     -70.257072     -68.452454       4.184513     -10.770540     -16.649164      -0.701377       2.442849       6.576620      -9.850936      -3.157552      -9.519377     -24.271395      -1.456071       4.710218      27.119661      96.811501      -1.222722     -89.899963       5.463564     -52.110207      81.357964      -0.043363      43.426823       0.017157      -8.737917      -0.156755      -2.291184       3.070824      10.266307     -20.534498     -90.003136     -30.592554      89.994507    -102.018951      -1.790920     -99.261185     -19.262402     -42.947128      49.232407       0.121195     -69.684502       0.083936      35.759506      -1.312370      -2.068415      -0.743322      -7.497542      10.597707     -90.005066     -34.884521      89.992706      68.797554      72.578125    -158.194382      89.981636      52.474091      90.000397     -13.953407     -11.805675      13.540410    -167.645889      84.006523     -21.147991      -0.014975      -2.557118     -21.967663      38.917595      77.933289    -145.164886     -91.037956     -32.944111      90.256378       2.836152      -2.797795       3.145221     -92.113739     -89.031670      74.128334      -4.760030       4.597819     -24.506573
      -0.492329      34.433151       0.418248     -12.880519      10.487058      11.275137     -70.217155     -68.413506       4.161393     -10.778304     -16.631798      -0.747634       2.446219       6.593286      -9.884329      -3.179117      -9.492244     -24.546331      -1.458905       4.736882      27.033901      96.937820      -1.192627     -89.515663       5.374104     -52.026768      81.378654      -0.043302      43.415890       0.017344      -8.738332      -0.156821      -2.291092       3.069564      10.260462     -20.530230     -90.003120     -30.592546      89.994514    -102.085625      -1.770898     -98.869392     -19.275864     -42.926613      49.280312       0.120956     -69.645744       0.083801      35.756889      -1.311971      -2.068586      -0.747482      -7.476007      10.580483     -90.005074     -34.884510      89.992729      68.864960      72.528282    -158.196121      89.920868      52.651608      89.977661     -14.649031     -11.902320      13.452085    -167.684891      84.020432     -21.519894      -0.008312      -2.497752     -21.980888      39.073082      77.852547    -145.536407     -91.068695     -33.384106      90.265968       2.882249      -2.823509       3.180749     -92.759148     -89.022888      73.357101      -4.777904       4.559379     -24.281527
      -0.513448      34.351673       0.376607     -13.005494      10.533791      11.411995     -70.173927     -68.377716       4.138361     -10.786507     -16.617287      -0.797769       2.449973       6.607280      -9.921450      -3.204058      -9.475121     -24.829456      -1.459164       4.756093      26.934187      97.073441      -1.159482     -89.088814       5.336638     -51.923111      81.473305      -0.043275      43.402645       0.017645      -8.738666      -0.156933      -2.290936       3.067033      10.252315     -20.521732     -90.003128     -30.592541      89.994507    -102.157188      -1.747247     -98.447884     -19.262472     -42.937252      49.379532       0.120770     -69.612724       0.083794      35.754864      -1.311656      -2.068655      -0.750826      -7.455805      10.567675     -90.005058     -34.884510      89.992752      68.920418      72.493935    -158.191971      89.871552      52.814705      89.958984     -15.305701     -11.976869      13.374323    -167.539276      84.092888     -22.016640      -0.004379      -2.459965     -21.997272      39.252079      77.765388    -145.922012     -91.056755     -33.786369      90.265289       2.916259      -2.838287       3.215484     -93.007240     -89.019394      72.995071      -4.792789       4.526927     -24.090044
      -0.541785      34.282494       0.327801     -13.134195      10.592649      11.553801     -70.128677     -68.343826       4.116029     -10.794328     -16.603672      -0.849759       2.454432       6.620080      -9.960980      -3.228526      -9.459746     -25.104660      -1.458391       4.772413      26.828144      97.214622      -1.124730     -88.644447       5.349185     -51.804760      81.632988      -0.043240      43.388023       0.018005      -8.738762      -0.157071      -2.290754       3.063968      10.242343     -20.509380     -90.003143     -30.592546      89.994484    -102.224464      -1.721134     -98.016716     -19.227171     -42.972267      49.521164       0.120669     -69.586319       0.083931      35.753567      -1.311450      -2.068639      -0.753138      -7.438287      10.559438     -90.005043     -34.884506      89.992767      68.965523      72.471565    -158.187271      89.823067      52.962627      89.940414     -15.908904     -12.033464      13.308165    -167.230942      84.208771     -22.614681      -0.002217      -2.438278     -22.011505      39.404675      77.685188    -146.262222     -91.050728     -34.134743      90.265640       2.933562      -2.870389       3.255922     -93.560867     -89.017143      72.345360      -4.805328       4.499325     -23.927193
      -0.576705      34.224655       0.272648     -13.264608      10.657479      11.696934     -70.082886     -68.313469       4.095079     -10.801532     -16.591990      -0.901932       2.459418       6.631069     -10.001548      -3.250983      -9.445045     -25.360102      -1.457054       4.786790      26.722355      97.354523      -1.089969     -88.203735       5.402130     -51.679005      81.839523      -0.043213      43.372639       0.018379      -8.738659      -0.157221      -2.290559       3.060559      10.230999     -20.494068     -90.003143     -30.592554      89.994469    -102.284637      -1.693707     -97.594727     -19.174862     -43.025871      49.694019       0.120638     -69.566536       0.084168      35.752972      -1.311334      -2.068553      -0.754201      -7.423649      10.555180     -90.005035     -34.884502      89.992767      69.002434      72.455711    -158.182327      89.781021      53.092754      89.924171     -16.450474     -12.080532      13.247890    -166.939682      84.313934     -23.161867      -0.009168      -2.460195     -22.013233      39.533810      77.613892    -146.556931     -91.047623     -34.424816      90.266365       2.930819      -2.914185       3.300897     -94.299309     -89.016792      71.529648      -4.815940       4.475807     -23.788723
      -0.617851      34.176582       0.211905     -13.396859      10.722651      11.838609     -70.037636     -68.287201       4.075507     -10.808146     -16.582592      -0.953416       2.464676       6.640038     -10.042228      -3.271045      -9.431967     -25.589367      -1.455297       4.798880      26.621710      97.488045      -1.056554     -87.782867       5.483596     -51.552750      82.073235      -0.043184      43.357086       0.018733      -8.738403      -0.157369      -2.290374       3.056993      10.218843     -20.477083     -90.003151     -30.592564      89.994453    -102.336662      -1.666164     -97.196854     -19.111750     -43.091030      49.884399       0.120626     -69.552589       0.084421      35.752941      -1.311279      -2.068448      -0.754262      -7.411811      10.554290     -90.005035     -34.884506      89.992767      69.031273      72.444260    -158.177658      89.749382      53.206615      89.911713     -16.934444     -12.120809      13.195782    -166.653442      84.408646     -23.672750      -0.015403      -2.481261     -22.014099      39.639336      77.552925    -146.804398     -91.045670     -34.658001      90.267052       2.907208      -2.964586       3.348175     -95.123108     -89.018265      70.646828      -4.824968       4.455715     -23.670921
      -0.664886      34.136421       0.146381     -13.531892      10.783788      11.977371     -69.994209     -68.264854       4.056813     -10.814324     -16.575415      -1.003541       2.469901       6.647085     -10.082312      -3.288861      -9.421663     -25.790144      -1.453203       4.808245      26.529234      97.610893      -1.025720     -87.393661       5.582099     -51.431931      82.316017      -0.043169      43.341965       0.019062      -8.738030      -0.157504      -2.290205       3.053451      10.206499     -20.459595     -90.003151     -30.592581      89.994438    -102.380569      -1.639553     -96.833672     -19.043907     -43.161118      50.079071       0.120631     -69.543404       0.084662      35.753361      -1.311280      -2.068314      -0.753779      -7.402482      10.556122     -90.005035     -34.884510      89.992744      69.052803      72.436623    -158.173157      89.727417      53.307899      89.902924     -17.369562     -12.153379      13.151238    -166.379425      84.493248     -24.142405      -0.020856      -2.502341     -22.014174      39.721363      77.502884    -147.004700     -91.044235     -34.839333      90.267609       2.863780      -3.017886       3.396044     -95.968025     -89.021912      69.759346      -4.832616       4.438612     -23.570675
      -0.716864      34.102386       0.076900     -13.671761      10.828496      12.113659     -69.952522     -68.245628       4.039327     -10.819830     -16.569752      -1.051811       2.475232       6.652882     -10.121416      -3.303859      -9.411943     -25.962906      -1.451209       4.816431      26.446388      97.722145      -0.997854     -87.045921       5.685693     -51.320297      82.551765      -0.043128      43.327839       0.019306      -8.737548      -0.157640      -2.290058       3.050119      10.194564     -20.442549     -90.003151     -30.592581      89.994431    -102.413803      -1.614348     -96.510612     -18.977133     -43.229259      50.267876       0.120695     -69.537720       0.084940      35.754082      -1.311319      -2.068186      -0.752948      -7.395374      10.559684     -90.005020     -34.884510      89.992752      69.068863      72.427032    -158.172012      89.716629      53.400387      89.898323     -17.762875     -12.187869      13.109921    -166.108414      84.571426     -24.589470      -0.025376      -2.530243     -22.008274      39.764473      77.468445    -147.141556     -91.060730     -34.976078      90.272301       2.802283      -3.078816       3.445612     -96.959061     -89.026703      68.740364      -4.839121       4.424016     -23.485399
      -0.774231      34.072842       0.004067     -13.816689      10.873419      12.243093     -69.915749     -68.231064       4.021013     -10.825775     -16.567268      -1.098046       2.479519       6.656203     -10.158848      -3.318648      -9.410788     -26.108854      -1.448393       4.818916      26.374039      97.813797      -0.975092     -86.740936       5.789902     -51.223560      82.770058      -0.043091      43.314724       0.019486      -8.737164      -0.157750      -2.289953       3.046997      10.183293     -20.426863     -90.003151     -30.592588      89.994408    -102.444801      -1.591985     -96.233238     -18.913662     -43.294758      50.440823       0.120743     -69.534599       0.085154      35.754871      -1.311359      -2.068074      -0.752125      -7.389446      10.564482     -90.005005     -34.884514      89.992752      69.077156      72.424095    -158.166199      89.718918      53.487350      89.898857     -18.124256     -12.213389      13.074080    -165.860413      84.641167     -24.990835      -0.029394      -2.558264     -22.002386      39.814419      77.438263    -147.265060     -91.049736     -35.075645      90.270111       2.723026      -3.124320       3.492656     -97.557304     -89.036690      68.125938      -4.844628       4.411617     -23.412817
      -0.836335      34.046341      -0.071741     -13.967517      10.907591      12.370228     -69.883209     -68.218498       4.002337     -10.831562     -16.565754      -1.141687       2.483246       6.658681     -10.194388      -3.331893      -9.413240     -26.229567      -1.445448       4.818618      26.312593      97.888512      -0.957113     -86.482635       5.888393     -51.142506      82.963715      -0.043058      43.303055       0.019599      -8.736752      -0.157836      -2.289882       3.044267      10.173124     -20.413092     -90.003151     -30.592588      89.994392    -102.469147      -1.572709     -96.000969     -18.857145     -43.352722      50.592407       0.120775     -69.533249       0.085303      35.755711      -1.311412      -2.067969      -0.751327      -7.384959      10.569711     -90.005005     -34.884521      89.992760      69.081909      72.424423    -158.159912      89.723999      53.571117      89.900551     -18.465485     -12.229871      13.044076    -165.627884      84.704239     -25.359421      -0.033033      -2.586853     -21.996485      39.838352      77.419083    -147.343918     -91.045189     -35.144272      90.269264       2.628799      -3.171853       3.540655     -98.175407     -89.048943      67.501961      -4.849269       4.401114     -23.351000
      -0.902496      34.021709      -0.150286     -14.124829      10.931974      12.495742     -69.855225     -68.208122       3.983143     -10.837347     -16.565397      -1.182645       2.486248       6.660357     -10.227846      -3.343678      -9.418597     -26.327314      -1.442542       4.816236      26.261776      97.945320      -0.944117     -86.271362       5.976563     -51.078320      83.127052      -0.043018      43.292927       0.019649      -8.736411      -0.157891      -2.289841       3.041934      10.164204     -20.401545     -90.003136     -30.592588      89.994408    -102.488686      -1.556694     -95.812332     -18.809145     -43.401772      50.719627       0.120837     -69.532936       0.085443      35.756496      -1.311475      -2.067897      -0.750506      -7.381701      10.574792     -90.004997     -34.884514      89.992752      69.084038      72.427475    -158.152710      89.730949      53.653297      89.902969     -18.794117     -12.238773      13.018760    -165.406952      84.762184     -25.703199      -0.036392      -2.616188     -21.990877      39.845181      77.408562    -147.389603     -91.043549     -35.188107      90.269035       2.521354      -3.219126       3.589606     -98.766525     -89.063515      66.913422      -4.853214       4.392175     -23.298367
      -0.972249      33.998077      -0.231399     -14.289109      10.947780      12.620214     -69.831711     -68.199791       3.963530     -10.843179     -16.566225      -1.220887       2.488494       6.661294     -10.259138      -3.354317      -9.426966     -26.404766      -1.439654       4.811831      26.220877      97.984764      -0.936034     -86.105515       6.051542     -51.031178      83.257217      -0.042989      43.284336       0.019648      -8.736149      -0.157926      -2.289826       3.040013      10.156598     -20.392391     -90.003151     -30.592592      89.994408    -102.504555      -1.543965     -95.664490     -18.770252     -43.441502      50.821453       0.120852     -69.533112       0.085500      35.757172      -1.311529      -2.067846      -0.749737      -7.379384      10.579396     -90.005005     -34.884521      89.992752      69.084259      72.433060    -158.144318      89.739166      53.735489      89.905968     -19.115498     -12.241466      12.997091    -165.194229      84.816223     -26.028580      -0.039540      -2.646327     -21.985735      39.840351      77.404823    -147.409805     -91.042648     -35.212307      90.268867       2.402273      -3.264904       3.639336     -99.303116     -89.080406      66.386330      -4.856570       4.384567     -23.253515
      -1.045070      33.974804      -0.314946     -14.460710      10.949183      12.746420     -69.811378     -68.192032       3.944461     -10.848482     -16.567095      -1.256161       2.490471       6.662270     -10.288304      -3.363222      -9.436143     -26.464573      -1.436938       4.806699      26.188948      98.010513      -0.932055     -85.983276       6.111104     -50.999725      83.353554      -0.042964      43.277363       0.019605      -8.735893      -0.157944      -2.289829       3.038608      10.150381     -20.385620     -90.003159     -30.592598      89.994392    -102.514473      -1.534181     -95.552963     -18.740892     -43.471058      50.898792       0.120866     -69.533508       0.085518      35.757748      -1.311587      -2.067811      -0.749058      -7.378004      10.583303     -90.005013     -34.884529      89.992737      69.085648      72.438995    -158.138321      89.743469      53.819309      89.907402     -19.435005     -12.239170      12.977829    -164.987335      84.867317     -26.340351      -0.042541      -2.677545     -21.981050      39.802948      77.410767    -147.385010     -91.062637     -35.220753      90.273697       2.273446      -3.319126       3.689810    -100.019508     -89.097656      65.685600      -4.859333       4.378218     -23.215273
      -1.120548      33.951576      -0.400757     -14.640284      10.953500      12.869521     -69.796730     -68.188652       3.924047     -10.854780     -16.571041      -1.289231       2.491019       6.661561     -10.315265      -3.372824      -9.451178     -26.509726      -1.434088       4.798308      26.164917      98.017975      -0.932756     -85.898933       6.155514     -50.984158      83.416557      -0.042958      43.271702       0.019535      -8.735872      -0.157943      -2.289865       3.037524      10.145402     -20.380991     -90.003136     -30.592585      89.994400    -102.526894      -1.527293     -95.474380     -18.719847     -43.493130      50.952942       0.120874     -69.533585       0.085513      35.758106      -1.311612      -2.067800      -0.748559      -7.376620      10.586479     -90.005013     -34.884521      89.992744      69.081337      72.449104    -158.125351      89.755386      53.907291      89.911812     -19.750950     -12.237353      12.952946    -164.828903      84.914879     -26.591717      -0.045221      -2.708283     -21.977665      39.799385      77.414627    -147.383804     -91.050323     -35.217548      90.270660       2.135390      -3.355982       3.741835    -100.313110     -89.119469      65.411995      -4.861860       4.372568     -23.182772
      -1.198385      33.928963      -0.487795     -14.830831      10.953032      12.993099     -69.784714     -68.186844       3.904618     -10.860820     -16.576073      -1.319822       2.491220       6.660317     -10.340495      -3.382547      -9.470586     -26.544792      -1.430808       4.787219      26.146755      98.013855      -0.937383     -85.848145       6.185467     -50.982655      83.448593      -0.042939      43.267162       0.019424      -8.735843      -0.157949      -2.289917       3.037238      10.141430     -20.378298     -90.003159     -30.592592      89.994377    -102.536499      -1.522599     -95.421387     -18.706905     -43.507164      50.986908       0.120847     -69.533310       0.085464      35.758274      -1.311629      -2.067803      -0.748264      -7.375485      10.588902     -90.005005     -34.884518      89.992752      69.073502      72.461769    -158.113174      89.771545      54.014305      89.917801     -20.049711     -12.252286      12.895277    -164.866608      84.953880     -26.616238      -0.047343      -2.734717     -21.975588      39.778229      77.423653    -147.350571     -91.045517     -35.203094      90.269356       1.990540      -3.397587       3.793464    -100.686409     -89.142319      65.063805      -4.863882       4.367950     -23.155024
      -1.276994      33.886478      -0.585320     -15.117164      11.024980      13.272004     -69.854057     -67.984978       3.649827     -10.898558     -16.704729      -1.371602       2.464517       6.686561     -10.314902      -3.407973      -9.516604     -26.646509      -1.430777       4.778409      26.187756      98.019279      -0.940320     -85.703262       6.054061     -51.014114      83.292839      -0.042918      43.256340       0.018835      -8.737090      -0.157654      -2.290202       3.036153      10.124974     -20.384649     -90.003151     -30.592592      89.994400    -102.582336      -1.520495     -95.288345     -18.765135     -43.454571      50.900112       0.120602     -69.513763       0.084881      35.756290      -1.311799      -2.067856      -0.755017      -7.360124      10.581735     -90.005020     -34.884521      89.992722      69.079262      72.320580    -158.104309      89.815048      54.321827      89.934235     -20.714561     -12.329766      12.705937    -165.142426      85.000931     -26.393423      -0.040977      -2.740097     -21.891411      40.034954      77.294289    -147.717529     -91.041924     -35.485065      90.269386       1.936365      -3.466722       3.893046    -100.740295     -89.169205      64.940575      -4.864815       4.365827     -23.096664
      -1.367773      33.378021      -0.818222     -17.051260      11.972329      14.302550     -69.352463     -66.023354       3.023271     -10.864471     -20.048399      -3.111474       2.431716      10.743808      -7.005924      -2.479715      -1.882052     -73.179245     -10.253266      10.313142      58.886395     101.507217      -0.317120     -87.620102      16.231245     -53.238194      90.256203      -0.047177      43.008350       0.025682      -8.850780      -0.150993      -2.288772       2.702491       9.698860     -20.366081     -90.015999     -29.051510      89.961891    -109.132759      -1.705723    -101.241127     -17.423088     -40.931744      58.492912       0.098310     -66.816910       0.049953      35.386616      -1.310211      -2.074656      -0.587155      -7.635538      10.464046     -89.987541     -33.466846      89.989365      69.014893      71.539558    -157.118881      90.236610      56.309032      90.104584     -23.739710     -12.718153      11.813179    -167.478134      85.198784     -24.418274      -0.019572      -2.713819     -21.701565      40.848541      76.399498    -148.944138     -90.864899     -38.072979      90.236176       2.118775      -3.867760       4.161669    -106.541847     -89.116028      58.517235      -4.866455       4.361888     -23.034950
      -1.436473      32.951702      -1.212175     -18.756100      13.301678      15.426847     -69.015373     -66.586105       3.553222     -11.193324     -18.342194      -6.701694       2.930876      12.383474     -12.494181       0.409059       3.668082     -65.591995      -9.391190      15.160571      43.428516     100.397102      -0.310736     -86.616119      13.077696     -50.944042      87.758728      -0.025813      41.371414       0.062836      -9.118455      -0.135572      -2.286258       2.622438       9.714390     -19.955160     -90.067673     -26.021725      89.878044    -109.348839      -2.271454    -101.921127     -14.323792     -39.766659      58.409168       0.127262     -61.271973      -0.035226      34.498024      -1.273615      -2.113116      -0.620951      -7.673963      10.101391     -89.970161     -30.147127      89.925369      69.235062      70.949715    -156.347122      90.735016      57.371029      90.332458     -27.361336     -13.353499      10.468946    -169.835693      85.779793     -22.743824      -0.017357      -2.703999     -21.614876      42.112602      75.391815    -150.521133     -90.547821     -39.364574      90.159485       1.497697      -4.446436       4.430549    -113.321938     -88.998299      51.772236      -4.865964       4.362711     -23.030731
      -1.569009      32.780090      -1.706082     -18.738367      14.043245      15.355662     -68.697021     -67.461182       3.373345     -10.684069     -15.400124      -9.562217       3.051219      13.009371     -16.188328       0.999280       5.189863     -60.283939      -8.749138      15.619828      40.633469      99.502480      -0.592523     -86.001480       9.950733     -42.427853      85.282982      -0.019802      39.886551       0.062893     -10.498980      -0.071646      -2.292020       2.382067       9.521535     -18.201534     -90.076447     -24.802467      89.875732    -108.698410      -2.358171    -101.424194     -12.904242     -38.985592      57.938065       0.149762     -57.968094      -0.073782      33.761711      -1.229204      -2.148159      -0.530521      -7.604602      10.064397     -89.973930     -27.040062      89.867889      68.533730      71.395393    -156.512939      90.858856      57.697826      90.390884     -27.919094     -13.604270      10.016631    -170.838760      86.077904     -22.043205      -0.022503      -2.707838     -21.668772      41.212170      75.416145    -150.716370     -90.302681     -39.425434      90.097115       0.827071      -4.673373       4.501499    -119.697060     -88.946465      45.448746      -4.867806       4.360371     -23.020237
      -1.630633      32.760971      -2.246727     -18.618345      14.559940      14.316800     -67.558128     -68.802444       2.933111     -10.322934     -13.204396     -11.533797       3.229319      13.432559     -18.834253       1.038055       5.584870     -55.786522      -8.059580      15.310296      38.806530      99.618973      -0.635226     -86.344910       7.594541     -32.662823      83.450027      -0.019055      41.091202      -0.018101     -12.248944       0.034733      -2.302431       2.119404       9.772104     -15.568028     -90.047188     -25.329493      89.936928    -108.478806      -2.265644    -101.027145     -13.216784     -40.199242      56.604507       0.131695     -57.760471      -0.029471      33.866348      -1.225058      -2.135474      -0.322776      -7.854860      11.034507     -89.982170     -25.751186      89.890083      66.944252      72.404587    -155.927811      90.979538      57.743465      90.450317     -27.771574     -13.636599       9.915743    -171.945602      86.188622     -21.001236      -0.023997      -2.709284     -21.680458      38.951057      75.979958    -149.335754     -89.825119     -39.213608      89.969643       0.124894      -4.691050       4.436242    -121.150291     -88.943115      44.096916      -4.868490       4.358620     -23.016951
      -1.596004      32.823429      -2.792443     -18.062075      15.085175      13.075006     -66.562981     -70.205254       2.562854      -9.896637     -11.256785     -13.019341       3.213434      13.802034     -20.329178       0.859693       5.507339     -51.863613      -7.330547      14.731306      36.955750     100.036522      -0.539566     -87.034126       5.565754     -24.088440      81.808395      -0.015628      42.255154      -0.061927     -13.868246       0.135886      -2.308827       1.863485      10.007283     -13.088568     -90.029205     -25.823874      89.972641    -108.357010      -2.319824    -100.864258      -9.896841     -40.367619      56.769337       0.116047     -58.033234      -0.011925      33.744732      -1.231964      -2.128442      -0.245140      -8.738973      10.707355     -89.982231     -26.216125      89.929871      64.856537      73.387672    -155.179901      90.934662      57.557026      90.431541     -27.303595     -13.601252      10.010489    -172.477829      86.272606     -20.504274      -0.024747      -2.709860     -21.689760      36.553047      76.487968    -147.947861     -89.320473     -38.613636      89.835815      -0.444435      -4.615864       4.310778    -121.034599     -88.945450      44.337406      -4.869329       4.356953     -23.007242
      -1.479346      32.935226      -3.212359     -17.345589      15.427568      11.810667     -65.791435     -71.476509       2.306574      -9.428897      -9.563577     -14.148166       3.122832      13.946465     -21.282763       0.703888       5.394337     -48.129974      -6.698939      14.147876      35.379761     100.513817      -0.388839     -87.906982       3.874107     -16.510180      80.259872      -0.012637      43.359844      -0.082725     -15.371529       0.229395      -2.310677       1.617124      10.218591     -10.770456     -90.017990     -26.285276      89.992561    -108.281418      -2.373129    -100.769188      -8.789269     -41.153591      55.040516       0.101062     -58.269287      -0.004745      33.591110      -1.223463      -2.128348      -0.265192      -9.155793      10.520593     -89.987617     -26.651573      89.954559      63.103420      74.230896    -154.610245      90.907982      57.175461      90.415619     -26.626888     -13.511426      10.208612    -172.716843      86.292412     -20.227329      -0.025605      -2.712725     -21.702042      34.399334      76.934776    -146.645828     -88.866272     -37.987549      89.717026      -0.712926      -4.446091       4.147846    -119.464775     -88.958954      45.998177      -4.869321       4.356678     -23.004396
      -1.261218      33.050941      -3.508765     -16.604219      15.568433      10.662640     -65.223671     -72.586334       2.110408      -8.942281      -8.088608     -14.976217       2.986054      13.926351     -21.877125       0.576337       5.266586     -44.603268      -6.154119      13.583451      34.048534     101.014771      -0.223936     -88.798737       2.521146      -9.756333      78.790901      -0.010646      44.386978      -0.089083     -16.767170       0.314312      -2.309056       1.381542      10.396652      -8.606681     -90.011009     -26.715677      90.002785    -108.209732      -2.415376    -100.701813      -7.952004     -41.829033      53.923744       0.089154     -58.534504       0.000600      33.411663      -1.213782      -2.127890      -0.264689      -9.591969      10.642365     -89.991447     -27.057577      89.970390      61.936905      74.776360    -154.403320      90.892784      56.730057      90.403313     -25.819689     -13.381645      10.458394    -172.919952      86.230087     -19.926079      -0.026153      -2.715636     -21.713112      32.051178      77.326981    -144.967331     -88.906570     -37.396698      89.728928      -0.891429      -4.406079       4.040782    -120.082077     -88.950188      45.450428      -4.868144       4.359282     -23.005548
      -0.955911      33.152454      -3.696237     -15.914954      15.652536       9.622451     -64.887825     -73.583641       1.857723      -8.480818      -6.837900     -15.546927       2.791697      13.820250     -22.180626       0.457254       5.094309     -41.307709      -5.674215      13.023611      32.908577     101.529068      -0.056894     -89.595634       1.462220      -3.678466      77.413910      -0.010147      45.336441      -0.086365     -18.063559       0.391064      -2.305098       1.156194      10.543356      -6.585469     -90.006821     -27.117016      90.007507    -108.129616      -2.453519    -100.596863      -7.139246     -42.258606      53.689243       0.082089     -58.830982       0.006655      33.209129      -1.203613      -2.127581      -0.237740     -10.079317      10.891775     -89.993637     -27.436008      89.980721      61.214436      75.104454    -154.377625      90.887177      56.263580      90.394257     -24.934324     -13.239057      10.727712    -173.006073      86.136848     -19.699440      -0.026584      -2.717333     -21.723427      30.504629      77.596512    -143.901855     -88.933228     -36.899204      89.738007      -1.101006      -4.340920       3.945235    -120.143669     -88.949860      45.447498      -4.867815       4.359382     -23.009459
      -0.589882      33.235748      -3.795460     -15.245506      15.712283       8.698157     -64.681831     -74.520126       1.566854      -8.029899      -5.708441     -15.715381       2.590899      13.661329     -22.440657       0.337911       4.865211     -38.209412      -5.246919      12.459058      31.945990     102.061119       0.110058     -90.264229       0.635506       1.834850      76.119568      -0.011099      46.214809      -0.078761     -19.268061       0.460387      -2.299284       0.941546      10.664069      -4.696832     -90.004478     -27.491236      90.008865    -108.077530      -2.473017    -100.349243      -6.487206     -42.455269      53.782322       0.078377     -59.155888       0.017616      32.982674      -1.190779      -2.125903      -0.187040     -10.568500      11.259557     -89.995056     -27.788763      89.987228      60.895535      75.261978    -154.572952      90.887199      55.796295      90.387032     -24.011662     -13.100108      10.991815    -172.990952      86.032257     -19.543812      -0.027039      -2.718778     -21.732172      29.676069      77.749496    -143.456070     -88.947830     -36.510193      89.743942      -1.372249      -4.255367       3.850373    -119.838005     -88.953659      45.812412      -4.867652       4.359237     -23.013020
      -0.189468      33.297794      -3.833848     -14.651167      15.861244       7.897165     -64.504623     -75.359306       1.342203      -7.588509      -4.799733     -15.804143       2.404517      13.286223     -22.574923       0.246955       4.662587     -35.318180      -4.875739      11.933888      31.128933     102.535767       0.256828     -90.862411       0.039273       6.813166      74.861732      -0.012795      47.024467      -0.069863     -20.387495       0.523570      -2.292436       0.738841      10.757956      -2.938881     -90.003159     -27.840101      90.008636    -108.040878      -2.478425    -100.052223      -5.955662     -42.504505      54.010113       0.076430     -59.501049       0.029139      32.729660      -1.174491      -2.124650      -0.130591     -10.856174      11.769862     -89.996597     -28.117645      89.991013      60.802441      75.302628    -154.807709      90.890511      55.349072      90.381027     -23.073090     -12.976414      11.244780    -172.786438      85.955093     -19.555916      -0.027468      -2.719331     -21.739916      29.307392      77.757759    -143.396667     -88.954124     -36.233284      89.746681      -1.714809      -4.181239       3.756974    -119.695610     -88.956047      46.019604      -4.867639       4.359055     -23.015053
       0.244576      33.344849      -3.833097     -14.116772      16.090677       7.222571     -64.367111     -76.137367       1.139859      -7.171254      -4.066710     -15.844934       2.215185      12.803069     -22.572008       0.176755       4.470393     -32.628857      -4.548636      11.443563      30.435425     103.007057       0.393008     -91.369377      -0.381125      11.345618      73.640236      -0.015072      47.770229      -0.060296     -21.427500       0.581110      -2.284844       0.547704      10.826685      -1.299920     -90.002502     -28.165321      90.007645    -107.974983      -2.471125     -99.723671      -5.406511     -42.503067      54.554657       0.076088     -59.863533       0.039480      32.450798      -1.157620      -2.125080      -0.067177     -11.158508      12.274231     -89.997681     -28.424187      89.993401      60.963940      75.216354    -155.152969      90.895088      54.916050      90.375633     -22.172321     -12.861573      11.499708    -172.322495      85.899712     -19.853605      -0.027897      -2.719992     -21.743996      29.499062      77.636299    -143.835342     -88.956558     -36.029552      89.748421      -1.987335      -4.114914       3.660949    -119.709846     -88.943756      46.059158      -4.868112       4.357970     -23.011410
       0.704026      33.382908      -3.809769     -13.623857      16.401220       6.648188     -64.241463     -76.878265       0.965572      -6.778297      -3.488642     -15.856303       2.025741      12.226574     -22.444450       0.123954       4.292532     -30.137360      -4.259830      10.988849      29.843269     103.472031       0.520943     -91.804382      -0.656182      15.483016      72.440475      -0.017836      48.458466      -0.050890     -22.393946       0.633644      -2.276844       0.368136      10.875138       0.226715     -90.002274     -28.468500      90.006348    -107.854195      -2.447873     -99.390030      -4.782971     -42.511417      55.446941       0.076771     -60.229286       0.048531      32.145401      -1.139337      -2.127316      -0.001424     -11.445108      12.752012     -89.998474     -28.709955      89.994858      61.303627      75.032059    -155.582428      90.900146      54.507416      90.370674     -21.296951     -12.769070      11.723688    -171.783905      85.869705     -20.211740      -0.028196      -2.720636     -21.748768      30.102440      77.403336    -144.645889     -88.957069     -35.874352      89.749611      -2.165656      -4.061843       3.566991    -119.920265     -88.919067      45.880291      -4.868573       4.356861     -23.007763
       1.183190      33.414680      -3.773558     -13.162311      16.785635       6.149795     -64.117577     -77.594826       0.819347      -6.410080      -3.048590     -15.849196       1.837197      11.569980     -22.198298       0.085638       4.129156     -27.842205      -4.003585      10.569341      29.332203     103.928696       0.640651     -92.182846      -0.804876      19.265507      71.252869      -0.021020      49.093510      -0.041939     -23.292057       0.681623      -2.268635       0.199997      10.906349       1.647925     -90.002274     -28.751122      90.004997    -107.678528      -2.408859     -99.054764      -4.110367     -42.520962      56.664864       0.078027     -60.599297       0.056503      31.812777      -1.119866      -2.130693       0.055919     -11.723909      13.101455     -89.999077     -28.976334      89.995766      61.762280      74.776184    -156.065598      90.903687      54.123024      90.365471     -20.423023     -12.698747      11.914775    -171.206924      85.864738     -20.573713      -0.028548      -2.721395     -21.753500      30.985430      77.078163    -145.704620     -88.956863     -35.749290      89.750595      -2.266839      -4.026143       3.477994    -120.339409     -88.884834      45.475681      -4.869021       4.355704     -23.004457
       1.677884      33.442398      -3.730595     -12.716735      17.216419       5.696772     -64.003700     -78.296616       0.686082      -6.068387      -2.723741     -15.801171       1.648134      10.859874     -21.843437       0.058764       3.975921     -25.739334      -3.774369      10.181973      28.885441     104.385323       0.753980     -92.510193      -0.846843      22.732086      70.074738      -0.024545      49.679409      -0.033433     -24.126675       0.725431      -2.260359       0.042950      10.922658       2.970790     -90.002449     -29.014593      90.003700    -107.440781      -2.352551     -98.724686      -3.456673     -42.499416      58.145443       0.079659     -60.976254       0.063675      31.452375      -1.099486      -2.134815       0.014715     -12.045030      12.459092     -89.999634     -29.224665      89.996140      62.272911      74.479370    -156.563309      90.888458      53.767712      90.353447     -19.585815     -12.649168      12.075859    -170.580643      85.882950     -20.971508      -0.028868      -2.722183     -21.755669      32.021942      76.688705    -146.892517     -88.956360     -35.638786      89.751503      -2.305659      -4.002966       3.392817    -120.859756     -88.844177      44.957073      -4.869490       4.354394     -23.001535
       2.185871      33.470272      -3.674313     -12.245947      17.742453       5.320082     -63.723042     -79.027229       0.723093      -5.724875      -2.491681     -15.668673       1.483552      10.188087     -21.350775       0.022149       3.781937     -23.843693      -3.563054       9.796041      28.478773     104.461212       0.804711     -92.412399      -0.896855      25.970892      69.067505      -0.030607      50.016449      -0.017507     -24.418228       0.733976      -2.250718       0.301156       9.272772       0.712026     -90.000237     -29.260609      90.004097    -107.171066      -2.284791     -98.407974      -2.934712     -42.421967      59.719658       0.081957     -61.322464       0.069601      31.090710      -1.079896      -2.140023      -0.032162     -12.371943      11.798554     -90.000092     -29.456133      89.996368      62.807838      74.103683    -157.062378      90.864693      53.440620      90.338692     -18.824316     -12.623531      12.207028    -169.867065      85.929939     -21.468073      -0.029109      -2.722524     -21.757446      33.251553      76.201836    -148.270905     -88.955215     -35.523937      89.752838      -2.287980      -4.015503       3.327711    -121.777298     -88.795441      44.033531      -4.869728       4.353696     -22.998840
       2.698327      33.500984      -3.599416     -11.754991      18.412323       5.023090     -63.321053     -79.781227       0.892063      -5.393686      -2.342785     -15.487570       1.343697       9.536395     -20.853752      -0.002934       3.602431     -22.027103      -3.375048       9.437432      28.168177     104.216995       0.784360     -91.779594      -1.355996      27.707428      69.023155      -0.035626      50.094875      -0.000197     -24.188890       0.709489      -2.247081       0.812560       9.122869      -8.254953     -90.001427     -29.489710      90.000946    -106.862839      -2.217671     -98.117752      -2.500170     -42.333374      61.351498       0.085065     -61.677429       0.073783      30.736975      -1.062431      -2.145703      -0.081896     -12.701290      11.120449     -90.000450     -29.671837      89.996483      63.367222      73.687538    -157.540421      90.834610      53.150734      90.322083     -18.122746     -12.632638      12.304935    -168.950943      86.027847     -22.177532      -0.029422      -2.723089     -21.759552      34.605404      75.624084    -149.756790     -88.953491     -35.396862      89.754631      -2.224500      -4.102262       3.308208    -123.437012     -88.736801      42.363548      -4.870066       4.352695     -22.996643
       3.207260      33.533203      -3.512396     -11.278483      19.020317       4.676281     -63.102253     -80.470566       0.917893      -5.106475      -2.224730     -15.237742       1.180197       8.882981     -20.271706      -0.018641       3.431939     -20.398619      -3.203469       9.109041      27.878187     103.918457       0.788839     -91.009033      -2.189873      28.395937      69.524132      -0.041554      50.186295       0.009501     -23.946907       0.690606      -2.249542       0.950373       9.771173     -11.547902     -90.003731     -29.702742      89.997818    -106.532486      -2.145881     -97.861397      -2.220904     -42.228256      63.060028       0.087250     -62.029736       0.076370      30.389894      -1.044451      -2.151320      -0.144428     -12.950632      10.423850     -90.000900     -29.872904      89.996399      63.897259      73.341003    -157.963501      90.775284      52.897217      90.295654     -17.475681     -12.649287      12.384138    -168.032578      86.124115     -22.895239      -0.029978      -2.724817     -21.760717      35.767826      75.098427    -150.998291     -88.952507     -35.283146      89.755844      -2.122666      -4.183238       3.290887    -124.775108     -88.678543      41.008118      -4.870664       4.350852     -22.995344
       3.718729      33.566719      -3.419757     -10.837822      19.574272       4.286299     -62.939148     -81.118423       0.915809      -4.843473      -2.160169     -14.949039       1.027694       8.190468     -19.691816      -0.028714       3.276934     -18.890802      -3.051212       8.808716      27.633511     103.606926       0.787880     -90.299789      -3.007656      29.027525      70.315643      -0.045477      50.321793       0.016705     -23.686918       0.673569      -2.250263       0.891089      10.492679     -12.120583     -90.005409     -29.901606      89.995613    -106.213120      -2.070236     -97.615967      -2.030231     -42.096130      64.726982       0.088846     -62.361607       0.078283      30.049297      -1.026144      -2.156839      -0.214411     -13.160230       9.714700     -90.001358     -30.060360      89.996162      64.419540      73.043884    -158.343109      90.676338      52.672409      90.255684     -16.888590     -12.637668      12.462623    -167.484268      86.147133     -23.246197      -0.030297      -2.724649     -21.761847      36.788975      74.610146    -152.036438     -88.951637     -35.185833      89.756584      -1.990517      -4.251896       3.271060    -125.802139     -88.621086      39.961117      -4.871169       4.349195     -22.994005
       4.236895      33.599995      -3.328604     -10.430746      20.104145       3.865434     -62.778885     -81.752235       0.928375      -4.600557      -2.152332     -14.639597       0.892370       7.481101     -19.139513      -0.037393       3.118696     -17.482609      -2.913449       8.524076      27.436573     103.307106       0.781679     -89.654839      -3.743327      29.557671      71.317299      -0.047837      50.484829       0.021793     -23.408670       0.656807      -2.251104       0.778004      11.116935     -11.949576     -90.006340     -30.087042      89.994057    -105.905167      -1.992357     -97.374794      -1.906066     -41.933628      66.312912       0.090262     -62.675449       0.079822      29.715103      -1.008064      -2.162139      -0.293349     -13.352381       8.962954     -90.001877     -30.235086      89.995819      64.958336      72.779701    -158.699432      90.534500      52.476650      90.200699     -16.357944     -12.602734      12.539721    -167.291550      86.104942     -23.251976      -0.030622      -2.724815     -21.762777      37.732323      74.144180    -152.945587     -88.950890     -35.095222      89.757278      -1.837093      -4.321193       3.258024    -126.715034     -88.564400      39.029015      -4.871607       4.347671     -22.992601
       4.761211      33.631248      -3.242355     -10.047136      20.602238       3.420505     -62.604946     -82.370369       0.969949      -4.373798      -2.188931     -14.315830       0.774127       6.765893     -18.608643      -0.045289       2.955141     -16.174271      -2.787655       8.252567      27.277502     103.022110       0.773144     -89.063644      -4.358560      29.957230      72.464882      -0.049249      50.671288       0.025413     -23.112999       0.639829      -2.252412       0.649909      11.638537     -11.530866     -90.006714     -30.259930      89.993057    -105.609795      -1.913988     -97.136612      -1.843912     -41.740643      67.825638       0.091560     -62.977745       0.081071      29.387220      -0.990276      -2.167313      -0.383052     -13.528750       8.153103     -90.002319     -30.397976      89.995476      65.436951      72.584114    -158.968124      90.411125      52.318050      90.154861     -15.879224     -12.519035      12.651104    -167.254730      86.019188     -23.106873      -0.030779      -2.721807     -21.764921      38.630001      73.699226    -153.770477     -88.950027     -35.002567      89.757957      -1.667874      -4.387926       3.251995    -127.509048     -88.510452      38.217926      -4.872062       4.346025     -22.991316
       5.294063      33.656849      -3.163981      -9.684985      21.049437       2.959528     -62.410995     -82.971748       1.045530      -4.161254      -2.258698     -13.984694       0.672170       6.053924     -18.104425      -0.051252       2.792525     -14.957448      -2.673121       7.996484      27.151716     102.731842       0.750123     -88.523087      -4.875595      30.253984      73.709595      -0.050273      50.864769       0.028259     -22.800894       0.622128      -2.254212       0.522894      12.064729     -11.053788     -90.006775     -30.421095      89.992386    -105.326118      -1.835823     -96.901192      -1.829872     -41.527649      69.265045       0.092772     -63.270447       0.082071      29.065456      -0.972778      -2.172346      -0.484552     -13.687963       7.274014     -90.002739     -30.549788      89.995132      65.838219      72.455101    -159.147812      90.313271      52.185928      90.119247     -15.446741     -12.436205      12.756485    -167.242310      85.931580     -22.947491      -0.031039      -2.721080     -21.767166      39.513714      73.267967    -154.551682     -88.949150     -34.906544      89.758606      -1.488621      -4.438900       3.246293    -128.082748     -88.461929      37.629532      -4.872538       4.344234     -22.990213
       5.841467      33.670586      -3.108190      -9.302289      21.343952       2.477236     -62.146305     -83.555946       1.202292      -3.953405      -2.313493     -13.610577       0.579427       5.439301     -17.522476      -0.062666       2.588254     -13.900378      -2.560007       7.733385      27.014608     102.444443       0.728053     -87.980141      -5.315545      30.485224      74.576599      -0.052268      51.065010       0.030054     -22.474812       0.604233      -2.256375       0.387552      12.395870     -10.526771     -90.006927     -30.571402      89.992027    -105.069618      -1.758136     -96.653610      -1.899746     -41.276443      70.618469       0.094225     -63.504860       0.082889      28.749018      -0.954043      -2.177564      -0.602260     -13.783175       6.314714     -90.003105     -30.691309      89.994774      66.205299      72.361809    -159.378632      90.204605      52.066105      90.079689     -15.060949     -12.358719      12.851836    -167.243118      85.845085     -22.784981      -0.031383      -2.721693     -21.768892      40.395035      72.862976    -155.368271     -88.977577     -34.808800      89.766098      -1.309125      -4.438547       3.224400    -128.127716     -88.426666      37.573559      -4.873117       4.341934     -22.989286
       6.395443      33.672352      -3.058576      -8.903316      21.521893       2.003903     -61.820683     -84.101173       1.435809      -3.747031      -2.339710     -13.197071       0.497827       4.932733     -16.869450      -0.078863       2.362044     -12.928890      -2.453000       7.467326      26.890610     102.253502       0.702188     -87.396767      -5.679064      30.707394      75.184029      -0.053455      51.201778       0.032310     -22.132917       0.584031      -2.258785       0.289886      12.732072     -10.169025     -90.006660     -30.711468      89.992249    -104.851845      -1.680745     -96.385918      -2.016279     -41.046146      71.816559       0.094153     -63.654022       0.082720      28.438440      -0.933950      -2.182850      -0.735775     -13.791620       5.277987     -90.003448     -30.823206      89.994415      66.495987      72.303696    -159.530121      90.108856      51.936848      90.044777     -14.723640     -12.293108      12.932879    -167.236053      85.765274     -22.642775      -0.031781      -2.721368     -21.772537      41.235489      72.478851    -156.170029     -89.073318     -34.708000      89.790070      -1.118084      -4.387743       3.190518    -127.712776     -88.407516      37.972015      -4.873398       4.341608     -22.988224
       6.953867      33.659840      -3.008044      -8.522443      21.680927       1.539820     -61.373417     -84.611496       1.806461      -3.542976      -2.386830     -12.788148       0.439053       4.397645     -16.250332      -0.086507       2.177939     -11.990259      -2.361207       7.236444      26.813057     102.064201       0.655096     -86.830070      -5.913700      30.834209      75.783234      -0.054341      51.305119       0.034117     -21.777563       0.562816      -2.261677       0.214317      13.003320      -9.947941     -90.006325     -30.842054      89.992462    -104.655434      -1.604139     -96.106682      -2.128780     -40.854649      72.889023       0.094079     -63.768196       0.082490      28.133625      -0.914809      -2.187935      -0.870992     -13.780290       4.235991     -90.003746     -30.946184      89.994064      66.726303      72.290512    -159.570374      90.056419      51.830814      90.026413     -14.414082     -12.229586      13.010080    -167.230881      85.688080     -22.505375      -0.032129      -2.721139     -21.776083      42.055153      72.091988    -156.938614     -89.195000     -34.618412      89.820335      -0.919024      -4.341556       3.162188    -127.316566     -88.388298      38.348625      -4.873790       4.340040     -22.987534
       7.521388      33.631008      -2.963086      -8.161575      21.819746       1.075219     -60.810661     -85.101646       2.312271      -3.346761      -2.459265     -12.397299       0.397860       3.841188     -15.679041      -0.088378       2.021795     -11.102829      -2.280619       7.032581      26.766197     101.868156       0.586589     -86.290352      -5.999656      30.858255      76.338371      -0.055063      51.382278       0.035731     -21.410223       0.540983      -2.264796       0.164833      13.214909      -9.900596     -90.005928     -30.963781      89.992645    -104.473145      -1.530163     -95.821869      -2.241988     -40.679585      73.867577       0.094115     -63.870678       0.082180      27.834600      -0.896910      -2.192717      -1.006829     -13.695908       3.202729     -90.004036     -31.060797      89.993759      66.911972      72.314194    -159.538391      90.033531      51.745361      90.019096     -14.129015     -12.168071      13.083359    -167.229263      85.612976     -22.370163      -0.032471      -2.721349     -21.779144      42.856918      71.699631    -157.682999     -89.337608     -34.539276      89.855621      -0.717765      -4.296872       3.135831    -126.949638     -88.367729      38.693802      -4.874182       4.338334     -22.986826
       8.113727      33.584442      -2.926681      -7.843047      21.833641       0.586915     -60.977676     -85.589699       2.125934      -3.222450      -2.494062     -12.014009       0.297758       3.477530     -15.141351      -0.097111       1.797787     -10.317966      -2.194043       6.800448      26.716711     101.505615       0.492672     -85.824760      -5.748682      30.544193      76.525826      -0.057794      51.488708       0.034831     -21.039810       0.523682      -2.271735       0.195414      13.622008     -10.430539     -90.005424     -31.076868      89.994293    -104.284042      -1.460286     -95.540848      -2.348476     -40.490425      74.787094       0.094377     -63.980949       0.081464      27.541611      -0.879888      -2.197350      -1.145247     -13.516214       2.146686     -90.004227     -31.167608      89.993553      67.098183      72.358231    -159.512817      90.008385      51.680775      90.010818     -13.862261     -12.108444      13.151980    -167.235687      85.538658     -22.230343      -0.032914      -2.723038     -21.781147      43.645042      71.395432    -158.367981     -89.626564     -34.418003      89.928185      -0.509831      -4.294946       3.135348    -127.065849     -88.334557      38.548218      -4.874375       4.337092     -22.985649
       8.711808      33.527859      -2.902066      -7.568783      21.640762       0.077384     -61.235043     -86.038414       1.840078      -3.104405      -2.495281     -11.643547       0.202728       3.199894     -14.605796      -0.103558       1.601807      -9.604857      -2.117817       6.593014      26.670803     101.215202       0.399591     -85.406349      -5.496726      30.286015      76.690674      -0.059073      51.566357       0.035880     -20.657415       0.502534      -2.274959       0.217483      13.855041     -10.857978     -90.005028     -31.182398      89.994873    -104.115044      -1.393889     -95.260040      -2.432209     -40.337505      75.649925       0.094410     -64.090401       0.080831      27.254086      -0.863415      -2.201484      -1.274174     -13.263086       1.141527     -90.004433     -31.267168      89.993324      67.235245      72.435913    -159.501968      89.976204      51.625481      89.999794     -13.620143     -12.055530      13.211821    -167.243927      85.467979     -22.095249      -0.033487      -2.725056     -21.782797      44.389412      71.136574    -159.016830     -89.943420     -34.321548      90.005615      -0.295878      -4.214015       3.099242    -126.494431     -88.315773      39.090321      -4.875112       4.334010     -22.985821
       9.316365      33.457172      -2.888697      -7.326177      21.341049      -0.443540     -61.327572     -86.458740       1.710670      -2.979481      -2.498708     -11.292576       0.129746       2.924762     -14.085439      -0.105689       1.440158      -8.943597      -2.051880       6.414283      26.637867     100.960365       0.311382     -85.053482      -5.202080      30.020939      76.747253      -0.059529      51.628021       0.036682     -20.265621       0.480024      -2.277295       0.238510      13.982425     -11.252567     -90.004707     -31.280859      89.994995    -103.963585      -1.329659     -94.976967      -2.517566     -40.203850      76.446648       0.094389     -64.187737       0.080397      26.971893      -0.847353      -2.205493      -1.386604     -12.952539       0.234443     -90.004616     -31.359997      89.993149      67.303307      72.525978    -159.458893      89.969078      51.573696      89.997887     -13.404311     -12.006609      13.267119    -167.249634      85.400841     -21.970633      -0.033971      -2.726491     -21.784924      45.097897      70.881142    -159.644531     -90.263237     -34.241268      90.082756      -0.086220      -4.078362       3.033823    -125.479675     -88.304512      40.078705      -4.875725       4.331400     -22.985851
       9.929405      33.368389      -2.886465      -7.100471      21.012934      -0.966197     -61.035328     -86.856369       1.963749      -2.840763      -2.527064     -10.959720       0.088440       2.594656     -13.586975      -0.104166       1.313569      -8.330254      -1.995846       6.263882      26.616337     100.711212       0.224452     -84.782600      -4.810426      29.696613      76.634476      -0.059326      51.670380       0.036578     -19.865898       0.456775      -2.279686       0.255886      13.998690     -11.611397     -90.004440     -31.372746      89.994690    -103.828651      -1.267111     -94.689178      -2.613035     -40.082829      77.177002       0.094442     -64.269638       0.080196      26.694927      -0.831670      -2.209331      -1.481885     -12.592589      -0.575645     -90.004776     -31.446529      89.992996      67.317757      72.623634    -159.375824      89.988724      51.523041      90.005730     -13.212799     -11.960979      13.318948    -167.251846      85.337090     -21.857069      -0.034322      -2.727200     -21.787535      45.786095      70.598198    -160.278870     -90.573448     -34.180298      90.157089       0.115582      -3.914238       2.951958    -124.202629     -88.297226      41.331596      -4.876227       4.329214     -22.985786
      10.554281      33.258667      -2.896834      -6.881929      20.688337      -1.486951     -60.360336     -87.244598       2.603513      -2.697721      -2.578997     -10.641521       0.068016       2.240731     -13.112009      -0.101890       1.192647      -7.764891      -1.944135       6.123461      26.602814     100.457443       0.141096     -84.579140      -4.339807      29.305582      76.376137      -0.059155      51.707661       0.035896     -19.468046       0.434048      -2.282405       0.282524      13.983021     -12.022735     -90.004227     -31.458445      89.994438    -103.701729      -1.206021     -94.400253      -2.720922     -39.963707      77.849373       0.094563     -64.340378       0.080092      26.423199      -0.816476      -2.213072      -1.564068     -12.185502      -1.325875     -90.004921     -31.527201      89.992897      67.307144      72.728233    -159.265259      90.023399      51.473892      90.018852     -13.040899     -11.917821      13.367722    -167.253403      85.275757     -21.750114      -0.034605      -2.727752     -21.790319      46.466911      70.282410    -160.935577     -90.886665     -34.127289      90.232178       0.305720      -3.746304       2.866456    -122.870018     -88.290077      42.641548      -4.876591       4.327404     -22.985462
      11.193119      33.127430      -2.920560      -6.659857      20.403753      -2.034648     -59.323170     -87.656647       3.617425      -2.564989      -2.662867     -10.337416       0.053535       1.897843     -12.665358      -0.101200       1.064089      -7.243134      -1.894874       5.984493      26.595972     100.194992       0.062839     -84.436630      -3.809106      28.856241      75.979263      -0.059075      51.737411       0.034797     -19.091270       0.412878      -2.285241       0.319509      13.965020     -12.493203     -90.004044     -31.538343      89.994324    -103.582649      -1.146680     -94.111275      -2.832288     -39.849789      78.477257       0.094677     -64.403046       0.079993      26.156597      -0.801662      -2.216629      -1.635469     -11.728072      -2.043571     -90.005013     -31.602381      89.992821      67.246925      72.862167    -159.095627      90.077606      51.428539      90.039032     -12.883095     -11.877067      13.413831    -167.251785      85.217415     -21.650560      -0.034812      -2.727951     -21.792952      47.287727      69.906487    -161.748535     -91.047913     -34.077122      90.270699       0.480817      -3.529148       2.764773    -121.093613     -88.291023      44.396721      -4.877456       4.323789     -22.985708
      11.840410      32.976341      -2.956557      -6.426663      20.188303      -2.614372     -57.702045     -88.086311       5.224789      -2.442361      -2.777951     -10.047017       0.043769       1.563174     -12.244341      -0.102577       0.923377      -6.761305      -1.847094       5.843468      26.595203      99.924606      -0.010843     -84.344063      -3.223300      28.346758      75.455589      -0.059034      51.759575       0.033414     -18.734417       0.393127      -2.287989       0.364684      13.946428     -13.008308     -90.003868     -31.612801      89.994324    -103.470886      -1.088838     -93.822540      -2.947548     -39.740833      79.066444       0.094798     -64.458771       0.079927      25.895035      -0.787221      -2.220031      -1.696684     -11.185888      -2.742380     -90.005081     -31.672464      89.992783      67.145866      73.045685    -158.874237      90.146507      51.390697      90.064407     -12.738922     -11.838182      13.457393    -167.251205      85.161125     -21.554594      -0.035022      -2.728189     -21.795437      48.186409      69.459038    -162.656113     -91.047020     -34.027790      90.269920       0.629252      -3.263315       2.634660    -118.933281     -88.294945      46.540318      -4.877858       4.321820     -22.985720
      12.494390      32.805553      -3.006829      -6.186616      20.016869      -3.195977     -55.253326     -88.506348       7.648958      -2.329152      -2.903863      -9.768106       0.035779       1.240952     -11.814715      -0.104450       0.781820      -6.324261      -1.801657       5.706651      26.594398      99.648819      -0.083270     -84.290581      -2.568379      27.765511      74.828026      -0.058936      51.771152       0.031932     -18.396278       0.374490      -2.290626       0.415851      13.926764     -13.552212     -90.003647     -31.682159      89.994431    -103.368759      -1.033271     -93.533707      -3.062471     -39.643803      79.599121       0.095050     -64.502182       0.080072      25.638563      -0.772651      -2.223142      -1.745830     -10.551919      -3.423147     -90.005142     -31.737799      89.992760      67.024368      73.246765    -158.635483      90.217178      51.359394      90.090271     -12.608563     -11.801601      13.497758    -167.253571      85.106537     -21.460779      -0.035276      -2.728753     -21.797857      49.043324      68.977501    -163.549393     -91.046524     -33.979229      90.269554       0.756991      -3.015768       2.514034    -116.873405     -88.297226      48.587749      -4.878134       4.320311     -22.985577
      13.155100      32.613674      -3.070361      -5.938707      19.877846      -3.783644     -51.192280     -88.910927      11.669395      -2.225347      -3.035881      -9.498997       0.028286       0.934152     -11.364393      -0.106480       0.642102      -5.925970      -1.758769       5.575389      26.594749      99.375488      -0.148792     -84.265427      -1.828637      27.092579      74.111008      -0.058817      51.782082       0.030383     -18.075912       0.357137      -2.293212       0.471057      13.905801     -14.112314     -90.003487     -31.746853      89.994537    -103.279076      -0.980214     -93.244904      -3.176280     -39.560440      80.078102       0.095223     -64.526207       0.080246      25.386948      -0.757944      -2.226110      -1.781828      -9.842298      -4.076134     -90.005142     -31.798697      89.992767      66.886070      73.462456    -158.384445      90.288612      51.331112      90.116318     -12.491599     -11.766845      13.535383    -167.259644      85.053238     -21.368073      -0.035580      -2.729733     -21.800238      49.862652      68.468582    -164.432831     -91.046295     -33.932121      90.269470       0.866071      -2.785129       2.403419    -114.894165     -88.298805      50.557671      -4.878432       4.318663     -22.985540
      13.826530      32.398354      -3.144905      -5.705424      19.713047      -4.351892     -43.462650     -89.277092      19.337660      -2.126343      -3.152468      -9.241985       0.023039       0.661499     -10.894216      -0.108214       0.507771      -5.568232      -1.718544       5.451528      26.593464      99.109695      -0.206357     -84.260193      -1.004997      26.321083      73.319664      -0.058733      51.793850       0.028829     -17.772408       0.341110      -2.295655       0.528855      13.882338     -14.680223     -90.003334     -31.807154      89.994583    -103.196922      -0.929842     -92.959129      -3.279667     -39.488667      80.523590       0.095268     -64.543022       0.080204      25.139982      -0.743765      -2.228799      -1.803981      -9.115801      -4.674971     -90.005142     -31.855473      89.992767      66.771362      73.658447    -158.158524      90.346619      51.304138      90.137299     -12.387702     -11.734587      13.569497    -167.269714      85.001175     -21.276203      -0.035946      -2.731306     -21.802589      50.567116      67.967430    -165.228851     -91.190071     -33.884525      90.304298       0.965926      -2.610111       2.320795    -113.326233     -88.296127      52.116821      -4.878808       4.316635     -22.985537
      14.505568      32.159542      -3.227093      -5.437530      19.608435      -4.965648     -21.185617     -89.616249      41.581161      -2.040716      -3.281426      -8.996972       0.013370       0.422890     -10.412243      -0.112146       0.361043      -5.243700      -1.678887       5.324398      26.592842      98.853516      -0.258029     -84.265511      -0.069364      25.425766      72.477661      -0.058647      51.804264       0.027473     -17.484875       0.325860      -2.297919       0.589031      13.864510     -15.252106     -90.003250     -31.863361      89.994644    -103.125404      -0.881519     -92.673943      -3.379363     -39.430279      80.934387       0.095071     -64.547058       0.080032      24.897394      -0.729880      -2.231228      -1.813216      -8.406736      -5.195448     -90.005112     -31.908386      89.992805      66.600899      73.892113    -157.875961      90.420853      51.278152      90.164185     -12.293358     -11.704219      13.601896    -167.276871      84.951714     -21.191074      -0.036239      -2.732395     -21.804968      51.367535      67.391708    -166.137680     -91.133072     -33.837421      90.290726       1.044088      -2.375435       2.209607    -111.248337     -88.297554      54.188553      -4.879193       4.314601     -22.985926
      15.191272      31.898712      -3.312373      -5.175545      19.526237      -5.569613      43.538528     -89.713753     106.300537      -1.962038      -3.382498      -8.794440       0.003162       0.202571      -9.954456      -0.116232       0.216016      -4.935920      -1.641587       5.201251      26.600399      98.611786      -0.305680     -84.284851       1.001497      24.387350      71.620010      -0.058590      51.817833       0.026593     -17.212461       0.311255      -2.299719       0.650112      13.847999     -15.820930     -90.003105     -31.915726      89.994728    -103.073662      -0.838233     -92.394989      -3.458671     -39.416439      81.246872       0.094921     -64.539101       0.080277      24.659409      -0.716072      -2.232522      -1.808984      -7.704309      -5.627446     -90.005074     -31.957714      89.992767      66.442055      74.129753    -157.583496      90.485519      51.257450      90.187485     -12.207506     -11.676862      13.630931    -167.283142      84.904617     -21.110825      -0.036544      -2.733550     -21.807360      52.121052      66.784149    -167.007523     -91.099594     -33.790947      90.282906       1.107330      -2.158564       2.105251    -109.299911     -88.296219      56.131882      -4.879489       4.312905     -22.986158
      15.890852      31.609137      -3.406331      -4.984672      19.446386      -6.214783      83.746277     -89.447395     146.507660      -1.893986      -3.481524      -8.664394      -0.008329      -0.023733      -9.602450      -0.116888       0.095152      -4.618659      -1.609334       5.094556      26.627785      98.366127      -0.352783     -84.366898       2.154139      23.254814      70.798622      -0.058852      51.872021       0.026666     -16.954266       0.297906      -2.300968       0.710690      13.817725     -16.382729     -90.002968     -31.964558      89.994743    -103.039528      -0.802286     -92.128464      -3.489754     -39.462414      81.449005       0.094777     -64.539116       0.080613      24.425880      -0.702925      -2.232964      -1.793367      -7.035465      -5.957323     -90.005043     -32.003689      89.992729      66.454994      74.144753    -157.492920      90.478630      51.175106      90.179405     -12.076915     -11.963311      13.441648    -166.275116      85.187851     -22.046328      -0.030385      -2.634673     -21.807224      52.830532      66.188622    -167.794754     -91.079765     -33.761330      90.278175       1.152135      -1.940900       1.994600    -107.298737     -88.292763      58.126331      -4.879822       4.310891     -22.986553
      16.596916      31.289785      -3.512652      -4.863989      19.418919      -7.035160      96.459366     -89.039902     159.224808      -1.847277      -3.640769      -8.611465      -0.025289      -0.301115      -9.362370      -0.118367      -0.030368      -4.321521      -1.578112       4.988638      26.657772      98.104103      -0.398681     -84.509438       3.341414      22.055861      70.009583      -0.059536      51.973412       0.027293     -16.709841       0.285786      -2.301786       0.768295      13.773671     -16.926893     -90.002876     -32.010059      89.994774    -103.019424      -0.771665     -91.876678      -3.479983     -39.562759      81.571587       0.094327     -64.558426       0.080731      24.196363      -0.690739      -2.233014      -1.772561      -6.434060      -6.197401     -90.005013     -32.046551      89.992706      66.825676      73.817108    -157.827606      90.312531      51.078754      90.115570     -11.911737     -12.201976      13.264333    -165.556824      85.390846     -22.670626      -0.030608      -2.622198     -21.800123      53.381149      65.715897    -168.373718     -91.066902     -33.776394      90.275169       1.167509      -1.748370       1.882056    -105.525887     -88.281738      59.885426      -4.880024       4.309696     -22.986944
      17.297771      30.959732      -3.628242      -4.768733      19.490477      -7.984333     101.602798     -88.623901     164.379364      -1.815633      -3.852227      -8.618975      -0.041068      -0.677436      -9.251368      -0.118994      -0.141883      -4.030620      -1.551002       4.893568      26.700790      97.820076      -0.444197     -84.705643       4.593561      20.763149      69.276466      -0.060525      52.134861       0.028388     -16.478319       0.274995      -2.302439       0.824732      13.716163     -17.464804     -90.002792     -32.052513      89.994781    -103.000252      -0.746753     -91.638214      -3.409503     -39.704590      81.655319       0.093604     -64.622757       0.080023      23.970657      -0.680135      -2.233406      -1.751338      -5.905940      -6.388052     -90.004974     -32.086502      89.992714      67.174469      73.533417    -158.097672      90.183708      51.043587      90.069267     -11.771229     -12.263923      13.222345    -165.251251      85.447906     -22.875942      -0.031012      -2.611696     -21.793772      53.811569      65.343163    -168.783188     -91.058571     -33.803539      90.273376       1.164658      -1.613285       1.793097    -104.216110     -88.266830      61.180164      -4.880261       4.308321     -22.987078
      18.002563      30.617634      -3.758659      -4.680025      19.624990      -9.030891     104.114914     -88.210587     166.908615      -1.788316      -4.097015      -8.670914      -0.048291      -1.128056      -9.223880      -0.118919      -0.238629      -3.778747      -1.526938       4.810736      26.736038      97.534988      -0.487637     -84.923912       5.977866      19.311731      68.594833      -0.061557      52.330273       0.029548     -16.258915       0.264775      -2.303005       0.879168      13.657406     -17.988342     -90.002701     -32.092068      89.994797    -102.980774      -0.724606     -91.411133      -3.307360     -39.871872      81.715065       0.092899     -64.718887       0.079286      23.748985      -0.670150      -2.233883      -1.731606      -5.418341      -6.591259     -90.004959     -32.123756      89.992714      67.465454      73.291412    -158.296875      90.093384      51.035271      90.037605     -11.643246     -12.288627      13.209209    -165.039276      85.475937     -22.990622      -0.031434      -2.602839     -21.787628      54.168514      65.032661    -169.091064     -91.053238     -33.822044      90.272278       1.148373      -1.517796       1.725056    -103.211899     -88.252747      62.173096      -4.880527       4.306623     -22.987196
      18.714981      30.258533      -3.910367      -4.559481      19.739777     -10.165539     105.564613     -87.814003     168.378571      -1.764315      -4.333304      -8.720645      -0.053411      -1.569371      -9.156296      -0.122107      -0.365939      -3.627665      -1.497110       4.712989      26.725010      97.203461      -0.518512     -85.139618       7.244055      17.824997      67.836105      -0.063922      52.563431       0.028706     -16.053566       0.257232      -2.305153       0.958515      13.777091     -18.612753     -90.002785     -32.128796      89.995689    -102.965538      -0.701659     -91.187386      -3.225888     -40.037106      81.758453       0.092703     -64.799545       0.079442      23.531656      -0.659030      -2.234483      -1.710161      -4.878375      -6.870589     -90.004967     -32.158466      89.992668      67.723663      73.090332    -158.507401      89.998253      51.007202      90.003899     -11.550562     -12.308084      13.199714    -164.836639      85.500328     -23.108681      -0.031377      -2.589797     -21.781889      54.472225      64.775780    -169.381104     -91.050102     -33.820923      90.271622       1.121858      -1.433121       1.668786    -102.258606     -88.243004      63.121864      -4.880953       4.304182     -22.987446
      19.434973      29.879810      -4.074827      -4.445621      19.847685     -11.377291     106.525406     -87.444656     169.362717      -1.743145      -4.570385      -8.783127      -0.053788      -2.024334      -9.113940      -0.126133      -0.478086      -3.485936      -1.471201       4.624837      26.710758      96.889595      -0.539394     -85.432732       8.294786      16.471222      66.957069      -0.065345      52.783478       0.028040     -15.858252       0.247760      -2.306177       1.021951      13.779000     -19.156414     -90.002754     -32.163082      89.995880    -102.960281      -0.681824     -90.967194      -3.117615     -40.228973      81.781761       0.092446     -64.873924       0.079421      23.318218      -0.647694      -2.235474      -1.686378      -4.293955      -7.209972     -90.004944     -32.190819      89.992691      67.907852      72.941490    -158.651169      89.928764      50.984791      89.979950     -11.496709     -12.292323      13.214205    -164.770599      85.488380     -23.108810      -0.031340      -2.584437     -21.780643      54.729164      64.562675    -169.615936     -91.048256     -33.804005      90.271172       1.086700      -1.350517       1.616973    -101.336349     -88.236534      64.045670      -4.881258       4.302263     -22.987974
      20.159723      29.482452      -4.243566      -4.334731      20.051090     -12.595277     106.956627     -87.076416     169.823502      -1.714064      -4.799817      -8.869715      -0.042917      -2.437218      -9.137895      -0.129111      -0.583905      -3.319438      -1.448019       4.541692      26.722258      96.721542      -0.596130     -85.580215       9.380453      15.358644      66.546753      -0.063584      53.011402       0.033071     -15.666910       0.236399      -2.301172       1.636794      12.682230     -26.402847     -90.002556     -32.195480      89.995918    -102.963242      -0.665779     -90.761826      -2.973014     -40.462147      81.761536       0.092464     -64.958061       0.079817      23.108898      -0.636565      -2.236077      -1.656795      -3.699199      -7.572688     -90.004951     -32.220982      89.992523      67.993385      72.880821    -158.673325      89.916855      50.997910      89.977097     -11.474710     -12.231730      13.261776    -164.870041      85.431404     -22.961805      -0.031434      -2.588179     -21.783693      55.009193      64.323601    -169.819595     -91.046936     -33.769016      90.271233       1.046806      -1.308510       1.595225    -100.752022     -88.233627      64.638756      -4.881541       4.300552     -22.988495
      20.862104      29.074947      -4.415571      -4.250418      20.175247     -13.814791     107.830467     -86.804993     170.719208      -1.721464      -4.922536      -8.990315      -0.078190      -2.700062      -9.175293      -0.135380      -0.745228      -3.197876      -1.415420       4.425601      26.716909      96.541046      -0.656550     -85.399086       9.767362      14.991461      66.888290      -0.063801      53.292667       0.035964     -15.491605       0.227334      -2.301937       1.796372       9.436029     -32.240532     -90.001976     -32.224800      89.996269    -102.970680      -0.653576     -90.558205      -2.808124     -40.713245      81.695282       0.092769     -65.031883       0.080411      22.903942      -0.624785      -2.236505      -1.618883      -3.060069      -7.970003     -90.004959     -32.249111      89.992332      67.996117      72.976807    -158.659576      89.892303      51.012810      89.969208     -11.465130     -12.176785      13.303189    -164.980286      85.374229     -22.811596      -0.031809      -2.593175     -21.787550      55.304558      64.137177    -170.043137     -91.046219     -33.720058      90.271255       1.002864      -1.253760       1.576775     -99.951820     -88.236351      65.451981      -4.882193       4.297300     -22.989904
      21.566563      28.641294      -4.593038      -4.184643      20.194805     -15.052343     108.769745     -86.631142     171.673492      -1.739765      -4.959107      -9.093466      -0.128361      -2.893232      -9.155252      -0.145976      -0.922821      -3.142838      -1.381058       4.302581      26.675808      96.328743      -0.671936     -85.297493       9.936551      14.673031      67.045395      -0.065902      53.642231       0.035664     -15.326190       0.220866      -2.304701       1.326143       6.265813     -33.714233     -90.001884     -32.252007      89.996628    -102.997566      -0.640769     -90.356651      -2.664499     -40.985275      81.604774       0.093171     -65.074585       0.081838      22.702938      -0.612202      -2.236704      -1.571746      -2.370647      -8.298797     -90.004929     -32.275322      89.992233      67.928024      73.210342    -158.592545      89.840569      51.004921      89.951057     -11.470073     -12.128987      13.338565    -165.084045      85.319275     -22.673794      -0.032090      -2.598032     -21.792133      55.586094      63.963364    -170.287033     -91.046066     -33.662155      90.270950       0.949947      -1.157018       1.539445     -98.762772     -88.242371      66.659927      -4.882742       4.294253     -22.991217
      22.284271      28.162807      -4.771682      -4.186659      20.126570     -16.300966     109.397041     -86.503944     172.313431      -1.745151      -4.934000      -9.193873      -0.169723      -3.026564      -9.136950      -0.153680      -1.058907      -3.085748      -1.353446       4.204921      26.636507      96.152824      -0.682552     -85.267265      10.108280      14.362270      67.112343      -0.067538      53.982281       0.035940     -15.167602       0.213624      -2.305880       0.798909       3.467618     -34.059597     -90.001915     -32.277435      89.996597    -103.038078      -0.628906     -90.163559      -2.527611     -41.282833      81.473770       0.093520     -65.096016       0.083428      22.505468      -0.599432      -2.236900      -1.518862      -1.638653      -8.542187     -90.004883     -32.299740      89.992332      67.989624      73.187653    -158.652527      89.760628      50.946701      89.918900     -11.239362     -12.362920      13.195639    -163.739471      85.617981     -23.852739      -0.028104      -2.421288     -21.750957      55.773029      63.840603    -170.455093     -91.232765     -33.622463      90.315002       0.900197      -1.078681       1.503346     -97.705780     -88.246109      67.733315      -4.883211       4.291492     -22.992535
      23.003092      27.650890      -4.950974      -4.150700      20.142763     -17.697601     110.032509     -86.364342     172.966156      -1.756318      -4.924404      -9.271542      -0.213515      -3.149218      -9.114534      -0.160557      -1.184555      -3.001560      -1.329093       4.114899      26.618462      95.979523      -0.702042     -85.258095      10.350987      13.985428      67.135490      -0.068774      54.294773       0.036337     -15.016676       0.205402      -2.306803       0.309768       1.009371     -33.857914     -90.002060     -32.301243      89.996422    -103.088287      -0.616952     -89.977509      -2.399417     -41.600021      81.322823       0.093825     -65.109062       0.085074      22.311705      -0.587158      -2.237096      -1.462067      -0.921790      -8.663859     -90.004868     -32.322502      89.992340      68.040939      73.175232    -158.675125      89.692917      50.902599      89.893623     -11.078180     -12.481760      13.125966    -162.862976      85.783051     -24.598104      -0.025559      -2.318429     -21.720598      56.046181      63.700405    -170.680038     -91.162415     -33.604908      90.297928       0.828602      -0.923557       1.425827     -96.085953     -88.248703      69.369553      -4.883589       4.289436     -22.993988
      23.724155      27.109631      -5.133405      -4.101352      20.214525     -19.177082     110.606926     -86.250648     173.555618      -1.766617      -4.903498      -9.346539      -0.255801      -3.257912      -9.105285      -0.165627      -1.292438      -2.897682      -1.308492       4.036193      26.618788      95.806709      -0.735567     -85.244034      10.688142      13.533028      67.164833      -0.069575      54.572289       0.036919     -14.873253       0.196685      -2.307448      -0.117263      -1.170653     -33.159538     -90.002182     -32.323410      89.996078    -103.140915      -0.605457     -89.798004      -2.277290     -41.922485      81.156548       0.093018     -65.118965       0.085582      22.121828      -0.575490      -2.237613      -1.405750      -0.208808      -8.702777     -90.004837     -32.343731      89.992424      68.099640      73.179924    -158.685287      89.628410      50.877613      89.870392     -10.945114     -12.559935      13.081394    -162.159958      85.903481     -25.183994      -0.024414      -2.239760     -21.693878      56.262810      63.599224    -170.834732     -91.118401     -33.594933      90.287117       0.747720      -0.794541       1.357364     -94.640022     -88.250526      70.833931      -4.883804       4.287922     -22.995031
      24.450041      26.537199      -5.320024      -4.031939      20.346107     -20.736034     111.083923     -86.156105     174.046341      -1.773119      -4.874399      -9.418257      -0.293482      -3.357639      -9.110107      -0.168604      -1.375219      -2.785167      -1.292327       3.973430      26.629290      95.652008      -0.779586     -85.204636      11.205884      12.947936      67.261292      -0.069986      54.820572       0.038070     -14.736931       0.187868      -2.307452      -0.463753      -3.116272     -31.970783     -90.002205     -32.344093      89.995651    -103.195671      -0.594109     -89.624718      -2.164069     -42.247807      80.977112       0.093061     -65.124992       0.086415      21.934965      -0.564212      -2.238311      -1.351092       0.494814      -8.672722     -90.004799     -32.363514      89.992592      68.147575      73.198318    -158.666809      89.579895      50.867676      89.853218     -10.819847     -12.617418      13.049706    -161.540802      86.002998     -25.689383      -0.024298      -2.173557     -21.667101      56.445591      63.525211    -170.935883     -91.091026     -33.585327      90.280373       0.662718      -0.695139       1.304482     -93.362221     -88.253540      72.132614      -4.883994       4.286286     -22.996010
      25.181131      25.938042      -5.509636      -3.933084      20.552246     -22.369392     111.471733     -86.083519     174.445892      -1.775459      -4.843103      -9.490758      -0.325624      -3.462666      -9.138790      -0.168777      -1.428580      -2.660226      -1.281057       3.929114      26.652496      95.547424      -0.829530     -85.095001      11.968677      12.216190      67.530807      -0.070081      55.046909       0.040432     -14.607843       0.178953      -2.306446      -0.717308      -4.866434     -30.321905     -90.002289     -32.363419      89.995193    -103.249817      -0.583690     -89.456779      -2.054858     -42.574848      80.789581       0.093049     -65.133911       0.086979      21.751644      -0.553588      -2.239088      -1.299335       1.171181      -8.582899     -90.004753     -32.381950      89.992699      68.099602      73.345833    -158.539902      89.579857      50.890621      89.855217     -10.838106     -12.541263      13.102854    -161.767303      85.939545     -25.433722      -0.023964      -2.189724     -21.670887      56.612133      63.472641    -170.982422     -91.074059     -33.562675      90.276321       0.578405      -0.636506       1.278282     -92.335037     -88.260017      73.185814      -4.884186       4.284595     -22.996954
      25.920746      25.309464      -5.706821      -3.853600      20.769014     -24.074419     111.970840     -86.044334     174.951874      -1.787657      -4.800625      -9.593093      -0.368990      -3.569801      -9.249751      -0.165425      -1.455934      -2.521023      -1.273400       3.900555      26.687984      95.481819      -0.882222     -84.915466      12.669997      11.612958      67.941765      -0.070268      55.248932       0.043192     -14.486621       0.170183      -2.305173      -0.882339      -6.474013     -28.315605     -90.002426     -32.381546      89.994507    -103.297600      -0.575034     -89.297592      -1.929254     -42.904499      80.586334       0.093027     -65.157104       0.087063      21.571930      -0.543698      -2.239944      -1.250655       1.813839      -8.457682     -90.004738     -32.399113      89.992729      67.927124      73.626465    -158.305725      89.628075      50.931618      89.874229     -10.877116     -12.449153      13.166227    -162.110718      85.854408     -25.076973      -0.024632      -2.215254     -21.679569      56.794937      63.460121    -170.999222     -91.063759     -33.514824      90.273842       0.497714      -0.592108       1.270567     -91.311729     -88.272293      74.242561      -4.884506       4.282153     -22.998055
      26.671080      24.637402      -5.911684      -3.812808      20.956686     -25.853315     112.522598     -86.031410     175.507553      -1.805401      -4.741941      -9.715453      -0.419448      -3.670968      -9.420820      -0.160683      -1.463777      -2.395379      -1.268300       3.884293      26.715681      95.443588      -0.936508     -84.689224      13.236787      11.201393      68.463829      -0.070464      55.431923       0.045849     -14.372193       0.161686      -2.303732      -0.963172      -7.930168     -26.142569     -90.002602     -32.398438      89.993820    -103.344612      -0.567462     -89.148964      -1.799067     -43.242661      80.367661       0.093158     -65.185448       0.087307      21.395800      -0.533908      -2.240604      -1.204215       2.439207      -8.313946     -90.004700     -32.415127      89.992737      67.710121      73.890938    -158.037506      89.699265      50.963509      89.899124     -10.725398     -12.489893      13.144099    -161.672333      85.934303     -25.392405      -0.030028      -2.164219     -21.644718      56.995434      63.482162    -171.006302     -91.057709     -33.448978      90.272163       0.418946      -0.534316       1.264263     -90.113953     -88.288940      75.479576      -4.884878       4.279374     -22.999496
      27.426828      23.910089      -6.124217      -3.798652      21.101961     -27.756996     113.118179     -86.024918     176.107025      -1.828519      -4.680616      -9.842554      -0.475616      -3.764779      -9.634294      -0.155621      -1.465390      -2.277359      -1.263973       3.872147      26.737541      95.425499      -0.987470     -84.461617      13.669513      10.968988      69.118851      -0.070512      55.592026       0.047759     -14.263690       0.153517      -2.302732      -0.976712      -9.249349     -23.972794     -90.002754     -32.414246      89.993057    -103.391235      -0.560430     -89.011620      -1.669498     -43.588692      80.135254       0.093289     -65.216110       0.087688      21.223137      -0.524268      -2.241235      -1.159817       3.053902      -8.168563     -90.004654     -32.430061      89.992783      67.595589      74.018448    -157.849121      89.745041      50.979538      89.914513     -10.475794     -12.573690      13.096370    -160.872284      86.075256     -26.006769      -0.034111      -2.088389     -21.586115      57.170364      63.571289    -170.994354     -91.054214     -33.388580      90.270866       0.334500      -0.451065       1.243845     -88.709473     -88.305649      76.924080      -4.885231       4.276897     -23.001186
      28.195097      23.133469      -6.345357      -3.796330      21.212547     -29.782549     113.806938     -86.022659     176.796555      -1.859412      -4.610167      -9.967688      -0.538778      -3.825405      -9.822164      -0.153177      -1.485665      -2.197582      -1.257029       3.850487      26.741901      95.362770      -1.024737     -84.285522      14.040742      10.685372      69.576302      -0.073546      55.802971       0.050138     -14.167219       0.148786      -2.302387      -0.939138     -10.250256     -21.857235     -90.002945     -32.429256      89.993271    -103.443184      -0.552027     -88.878326      -1.566903     -43.933735      79.892731       0.093721     -65.235115       0.088701      21.053913      -0.514285      -2.241647      -1.116275       3.671094      -8.028499     -90.004631     -32.443981      89.992805      67.428604      74.245270    -157.641403      89.790939      51.005474      89.932411     -10.504103     -12.489431      13.156007    -161.164932      86.003571     -25.688726      -0.033327      -2.109915     -21.588753      57.324345      63.718815    -170.959381     -91.052094     -33.308399      90.269867       0.259880      -0.364393       1.227206     -87.173904     -88.324455      78.505676      -4.885604       4.273746     -23.002230
      28.970850      22.301786      -6.569102      -3.803940      21.322870     -31.885201     114.498672     -86.042046     177.488327      -1.888656      -4.521486     -10.078733      -0.601220      -3.863505     -10.002807      -0.151225      -1.501586      -2.124162      -1.251170       3.831689      26.742907      95.325592      -1.051251     -84.130196      14.353067      10.471560      70.013191      -0.075693      56.019909       0.052109     -14.074586       0.144132      -2.301858      -0.861396     -11.108518     -19.880621     -90.003036     -32.443268      89.993576    -103.501900      -0.542773     -88.750061      -1.487824     -44.283913      79.633690       0.094338     -65.238953       0.090143      20.888079      -0.504197      -2.241940      -1.073606       4.295027      -7.894812     -90.004623     -32.456985      89.992821      67.275070      74.494209    -157.436630      89.790955      51.002651      89.932419     -10.474615     -12.482115      13.129255    -161.804886      85.932297     -25.042564      -0.034213      -2.154076     -21.606251      57.466000      63.868633    -170.897842     -91.050835     -33.215958      90.269196       0.225848      -0.304941       1.228011     -85.767365     -88.342934      79.957642      -4.886066       4.269991     -23.003016
      29.749561      21.412436      -6.794157      -3.823705      21.442808     -34.095829     115.141251     -86.070267     178.130096      -1.914557      -4.424940     -10.182388      -0.660616      -3.887886     -10.183659      -0.148733      -1.511320      -2.045706      -1.246468       3.816738      26.747896      95.313904      -1.068818     -83.985710      14.626869      10.301623      70.437401      -0.077345      56.233356       0.053737     -13.986672       0.139459      -2.301277      -0.788373     -11.842099     -18.333591     -90.003128     -32.456333      89.993759    -103.563484      -0.532924     -88.626122      -1.429456     -44.633591      79.360115       0.095037     -65.231812       0.091634      20.725492      -0.494181      -2.242213      -1.032684       4.916646      -7.756562     -90.004639     -32.469074      89.992821      67.104355      74.747314    -157.209869      89.824593      51.021873      89.945618     -10.517402     -12.400262      13.185544    -162.121857      85.853310     -24.710783      -0.034873      -2.180473     -21.612598      57.583733      64.049667    -170.789612     -91.050026     -33.116917      90.268707       0.220720      -0.272555       1.244438     -84.550964     -88.361580      81.217468      -4.886467       4.266509     -23.004168
      30.530785      20.461210      -7.016479      -3.871461      21.563200     -36.389225     115.765572     -86.121735     178.752853      -1.936557      -4.310973     -10.274406      -0.717414      -3.900856     -10.367573      -0.145340      -1.510517      -1.963269      -1.243439       3.808267      26.756006      95.320183      -1.084559     -83.833328      14.887823      10.172705      70.896484      -0.078574      56.439987       0.055293     -13.902978       0.134641      -2.300666      -0.743386     -12.464025     -17.309097     -90.003197     -32.468502      89.993858    -103.627312      -0.522625     -88.505623      -1.393017     -44.980629      79.070267       0.095851     -65.211647       0.093237      20.566229      -0.484258      -2.242478      -0.993144       5.538111      -7.616710     -90.004608     -32.480358      89.992836      66.930161      75.004822    -156.961258      89.840294      51.025166      89.951027     -10.477718     -12.392634      13.160958    -162.727753      85.782005     -24.098532      -0.035810      -2.221579     -21.629803      57.694828      64.239807    -170.646423     -91.049614     -33.008713      90.268303       0.251429      -0.265726       1.277653     -83.489426     -88.380859      82.321114      -4.886902       4.262760     -23.005579
      31.305414      19.437244      -7.238383      -3.966179      21.666082     -38.767273     116.463867     -86.203491     179.452957      -1.959229      -4.174972     -10.359085      -0.777245      -3.901939     -10.567230      -0.141061      -1.500650      -1.873054      -1.241746       3.805009      26.767033      95.344810      -1.088542     -83.691559      15.092162      10.090798      71.341362      -0.079893      56.646069       0.056601     -13.823962       0.130035      -2.300254      -0.742404     -12.992586     -16.819933     -90.003250     -32.479839      89.993912    -103.694412      -0.512086     -88.389633      -1.379592     -45.325787      78.758446       0.096840     -65.173920       0.095027      20.410172      -0.474301      -2.242747      -0.954397       6.163970      -7.479665     -90.004601     -32.490891      89.992836      66.920723      75.166595    -156.837570      89.799606      51.017353      89.936577     -10.430926     -12.374762      13.154739    -163.114975      85.726685     -23.678179      -0.037105      -2.251562     -21.634985      57.704369      64.518349    -170.410873     -91.229935     -32.904911      90.310287       0.273207      -0.301780       1.333662     -82.753082     -88.404785      83.100349      -4.887180       4.260244     -23.007915
      32.086525      18.348303      -7.457335      -4.090755      21.745605     -41.331852     116.744324     -86.244698     179.738159      -1.958391      -4.065464     -10.414226      -0.808838      -3.897419     -10.706323      -0.136873      -1.478206      -1.815378      -1.241833       3.810949      26.763489      95.380280      -1.086950     -83.585144      15.269653      10.017540      71.690659      -0.080872      56.856483       0.057472     -13.747326       0.126087      -2.299277      -0.760873     -13.366361     -16.759405     -90.003342     -32.490425      89.993904    -103.753784      -0.501299     -88.265167      -1.393711     -45.625507      78.455734       0.097611     -65.123230       0.095580      20.257086      -0.465078      -2.244169      -0.914290       6.763297      -7.404906     -90.004616     -32.500610      89.992683      66.671768      75.410545    -156.531265      89.905777      51.050198      89.975861     -10.497642     -12.279776      13.227510    -163.410233      85.638229     -23.381031      -0.037644      -2.278661     -21.642479      57.789124      64.795685    -170.202454     -91.158066     -32.777580      90.293022       0.365361      -0.319893       1.386931     -81.776405     -88.424927      84.118561      -4.887956       4.253595     -23.008932
      32.870689      17.183100      -7.664211      -4.305772      21.778749     -43.995266     116.670639     -86.300827     179.685135      -1.930884      -3.956202     -10.436140      -0.811575      -3.908942     -10.797925      -0.131196      -1.433195      -1.777267      -1.244695       3.831207      26.749876      95.424072      -1.079536     -83.528374      15.429009       9.943529      71.953957      -0.081855      57.074055       0.058193     -13.673530       0.122563      -2.298335      -0.823310     -13.616345     -17.205656     -90.003380     -32.500305      89.993912    -103.802925      -0.489817     -88.131912      -1.439006     -45.875393      78.163918       0.098338     -65.055260       0.095586      20.106951      -0.456218      -2.246207      -0.871229       7.348230      -7.391450     -90.004639     -32.509636      89.992424      66.327324      75.669434    -156.146606      90.059914      51.087685      90.032021     -10.573564     -12.185232      13.300945    -163.710861      85.546959     -23.087524      -0.038210      -2.306096     -21.652391      57.820080      65.104729    -169.912277     -91.113274     -32.627411      90.281982       0.508643      -0.379340       1.467256     -81.329613     -88.447693      84.604553      -4.888415       4.248786     -23.010695
      33.648891      15.936419      -7.852654      -4.579923      21.795429     -46.801292     116.520462     -86.395210     179.589081      -1.893691      -3.887206     -10.411775      -0.795581      -4.062987     -10.846251      -0.122086      -1.343716      -1.747223      -1.253515       3.879240      26.731821      95.456413      -1.065238     -83.556900      15.587634       9.811701      72.077713      -0.083203      57.298565       0.058467     -13.603330       0.119351      -2.297975      -0.929184     -13.786447     -18.063137     -90.003410     -32.509525      89.993919    -103.845291      -0.474754     -87.991737      -1.506236     -46.097038      77.930305       0.098896     -64.982079       0.095917      19.959799      -0.447655      -2.247902      -0.831279       7.919921      -7.358702     -90.004654     -32.518066      89.992294      65.870003      75.982697    -155.646378      90.244339      51.127022      90.098907     -10.644938     -12.095088      13.372065    -163.994324      85.457687     -22.812679      -0.038741      -2.332363     -21.662527      57.790722      65.473068    -169.533295     -91.086159     -32.464451      90.275009       0.674378      -0.474285       1.571532     -81.412178     -88.474861      84.560638      -4.888662       4.245305     -23.013197
      34.405449      14.581925      -8.021940      -4.875672      21.806643     -49.714928     116.507370     -86.514908     179.703156      -1.865182      -3.838696     -10.332723      -0.782778      -4.299833     -10.873992      -0.113425      -1.260687      -1.702673      -1.261450       3.922675      26.715271      95.460907      -1.044073     -83.676781      15.755600       9.572828      72.011009      -0.084882      57.520206       0.057807     -13.536948       0.116330      -2.298472      -1.049011     -13.906349     -19.046783     -90.003487     -32.518105      89.993919    -103.894707      -0.455571     -87.861717      -1.605936     -46.328815      77.716522       0.099735     -64.888161       0.097878      19.815708      -0.438525      -2.248275      -0.789120       8.535731      -7.342670     -90.004639     -32.525978      89.992317      65.732521      76.160622    -155.386414      90.258400      51.055073      90.102249     -10.455812     -12.172884      13.258473    -164.704361      85.426018     -22.079041      -0.040428      -2.375748     -21.679821      57.727318      65.826241    -169.143921     -91.070869     -32.312733      90.270668       0.833198      -0.580844       1.681571     -81.905800     -88.504669      84.104149      -4.888818       4.242596     -23.016312
      35.144917      13.133575      -8.170230      -5.264993      21.836950     -52.808411     116.413879     -86.598778     179.762955      -1.841464      -3.828586     -10.233332      -0.768200      -4.572631     -10.881751      -0.105855      -1.199485      -1.644069      -1.266492       3.952315      26.708292      95.447174      -1.013759     -83.899002      15.935517       9.192208      71.679855      -0.086615      57.729488       0.056099     -13.474041       0.113294      -2.299672      -1.149456     -14.005709     -19.856432     -90.003510     -32.526100      89.993973    -103.948921      -0.435071     -87.733917      -1.716271     -46.573608      77.511230       0.100452     -64.786179       0.100054      19.674423      -0.429506      -2.248089      -0.738266       9.194189      -7.423993     -90.004616     -32.533375      89.992432      65.570717      76.335800    -155.098343      90.337662      51.065998      90.131477     -10.479907     -12.100728      13.319209    -164.849731      85.360199     -21.906900      -0.041090      -2.394464     -21.678043      57.636539      66.271973    -168.666199     -91.062355     -32.150269      90.267921       1.008606      -0.699355       1.802349     -81.806641     -88.534409      84.246750      -4.889060       4.240060     -23.018238
      35.861809      11.587684      -8.297711      -5.755670      21.879330     -56.036160     116.413963     -86.673538     179.951187      -1.826021      -3.844404     -10.106314      -0.756398      -4.878080     -10.875706      -0.099785      -1.152635      -1.576105      -1.270167       3.973135      26.706905      95.403229      -0.969427     -84.249954      16.109209       8.633516      71.003868      -0.088758      57.928802       0.053359     -13.415006       0.110501      -2.301667      -1.208375     -14.113801     -20.282455     -90.003517     -32.533569      89.993996    -104.006798      -0.414471     -87.604713      -1.831816     -46.820808      77.315720       0.100979     -64.670746       0.101894      19.535862      -0.420686      -2.248120      -0.670480       9.902222      -7.664737     -90.004608     -32.540295      89.992523      65.475914      76.551872    -154.873489      90.310959      51.030293      90.122482     -10.671672     -12.015707      13.333566    -165.087570      85.262909     -21.667223      -0.040869      -2.416724     -21.682230      57.523613      66.766754    -168.124741     -91.057999     -31.967093      90.266045       1.263826      -0.826144       1.934541     -80.691292     -88.558983      85.406013      -4.889390       4.236823     -23.019388
      36.520142       9.934648      -8.414084      -6.232760      21.968180     -59.384575     116.562614     -86.747139     180.339813      -1.819561      -3.878433      -9.930259      -0.748708      -5.208345     -10.847700      -0.096161      -1.128833      -1.487791      -1.271251       3.978625      26.709936      95.339920      -0.913754     -84.667679      16.243307       7.927155      69.900818      -0.091522      58.133713       0.051319     -13.359627       0.108058      -2.303519      -1.215513     -14.240122     -20.234121     -90.003586     -32.540485      89.993996    -104.071831      -0.392978     -87.478699      -1.975263     -47.078880      77.117622       0.101633     -64.522499       0.103977      19.399733      -0.411579      -2.248402      -0.593562      10.585898      -8.013616     -90.004578     -32.546757      89.992592      65.731514      76.703209    -154.959000      90.086288      50.874256      90.041924     -10.987270     -11.968033      13.271470    -165.388016      85.151581     -21.373976      -0.041974      -2.446188     -21.689987      57.352936      67.249275    -167.564362     -91.056023     -31.782785      90.264870       1.526979      -0.960767       2.060621     -79.696404     -88.582108      86.436699      -4.889613       4.234756     -23.022093
      37.115578       8.180655      -8.514071      -6.822364      22.114042     -62.872269     116.587776     -86.810707     180.616379      -1.808944      -3.934323      -9.737954      -0.732036      -5.581384     -10.807246      -0.091292      -1.098201      -1.394154      -1.272696       3.987106      26.713753      95.291473      -0.851771     -85.059593      16.320108       7.028907      68.083694      -0.094959      58.339222       0.050777     -13.308258       0.105744      -2.304767      -1.157589     -14.383528     -19.620457     -90.003662     -32.546967      89.993980    -104.134468      -0.371713     -87.346260      -2.108707     -47.315723      76.950752       0.101937     -64.362495       0.105245      19.266167      -0.402923      -2.248923      -0.514762      11.180265      -8.422506     -90.004555     -32.552769      89.992676      66.073273      76.766098    -155.137405      89.873924      50.722145      89.966545     -11.260602     -11.941959      13.208653    -165.633545      85.054268     -21.129646      -0.043060      -2.473218     -21.695816      57.111172      67.762489    -166.937119     -91.151077     -31.599447      90.285843       1.768011      -1.093820       2.154855     -78.025917     -88.602272      88.141319      -4.890399       4.228341     -23.025257
      37.638332       6.334889      -8.595345      -7.518453      22.342249     -66.523567     116.403198     -86.844116     180.695953      -1.793254      -4.011954      -9.531464      -0.705576      -5.954622     -10.748331      -0.087875      -1.084356      -1.305305      -1.271714       3.985008      26.713955      95.274704      -0.782247     -85.412460      16.286953       6.039615      65.714508      -0.098321      58.550327       0.051261     -13.259056       0.103489      -2.305469      -1.033315     -14.544103     -18.456966     -90.003700     -32.552982      89.993980    -104.198296      -0.351002     -87.212456      -2.242570     -47.550827      76.791801       0.102203     -64.187027       0.106399      19.135113      -0.394492      -2.249465      -0.431457      11.704444      -8.898987     -90.004547     -32.558376      89.992706      66.392014      76.790657    -155.312103      89.698990      50.576103      89.905014     -11.514596     -11.935016      13.141298    -165.837326      84.968147     -20.925480      -0.044001      -2.497519     -21.700764      56.897533      68.255989    -166.312729     -91.104553     -31.413488      90.274330       2.032977      -1.222197       2.253740     -76.277718     -88.619850      89.921844      -4.891232       4.221098     -23.028126
      37.977097       5.548875      -8.698600      -7.268150      22.940096     -69.553459     133.869095     -88.821075     198.536011      -1.756494      -3.617937      -9.551950      -0.809043      -6.686324     -10.481614      -0.078470      -0.890476      -1.208078      -1.313307       4.064196      26.907139      95.392059      -0.729349     -84.683876      16.001209       5.674821      64.765343      -0.093784      58.665657       0.044592     -13.207455       0.099472      -2.308048      -0.815889     -14.673813     -16.621065     -90.003532     -32.558430      89.994301    -105.151764      -0.396502     -89.805656       4.594324     -41.322266      85.452614      -0.035586     -62.329662      -0.116482      18.981348      -0.361669      -2.254240      -0.463250      12.840462      -9.274166     -90.006157     -32.563847      89.995293      64.359352      78.420563    -152.728729      89.474846      50.344959      89.812500     -11.847491     -12.256701      12.813141    -165.346451      85.124619     -21.490997      -0.042689      -2.438063     -21.734758      56.333805      69.800850    -164.896851     -91.083496     -31.146130      90.280571       2.417209      -1.655181       2.595408     -82.635490     -88.669487      83.568542      -4.894246       4.266908     -23.036787
      38.181667       5.654748      -8.751408      -6.625293      23.621101     -71.590767     255.714081     -88.938713     320.852112      -1.625131      -1.904174      -9.323435      -0.949587      -5.916995     -10.212200      -0.000508       0.177869      -0.991218      -1.466759       4.689865      27.059095      95.442650      -0.708125     -83.914131      15.806801       6.388349      67.075668      -0.093014      58.827614       0.045713     -13.163964       0.096383      -2.307329      -0.604750     -14.854227     -14.836802     -90.003609     -32.563698      89.994179    -105.166542      -0.477391     -89.706276       8.351519     -34.006084      88.896286      -0.014060     -61.398190      -0.107825      18.859690      -0.356778      -2.263136      -0.397702      13.278865      -9.094379     -90.004471     -32.568310      89.994904      60.842163      80.467316    -148.688339      89.880196      50.234226      89.962532     -12.115834     -12.245607      12.762335    -165.795807      84.996277     -21.057068      -0.048493      -2.480047     -21.745949      55.041000      71.559914    -162.707703     -90.915375     -31.043200      90.231918       2.762370      -1.725968       2.683010     -80.407570     -88.688454      85.785690      -4.895295       4.256435     -23.051950
      38.370983       5.782270      -8.734390      -5.849890      24.228600     -73.248291     272.514099     -87.673492     338.264801      -1.497490      -0.090825      -8.895022      -1.111445      -4.126143      -9.888465       0.066459       1.109146      -0.839001      -1.587098       5.239182      27.044050      95.487984      -0.668338     -83.655693      15.559649       7.429112      70.037498      -0.095983      59.123188       0.052231     -13.122528       0.095392      -2.304400      -0.405839     -15.028554     -13.150462     -90.003738     -32.568584      89.993988    -105.137482      -0.559605     -89.459183       9.962428     -32.259304      89.645599       0.028865     -60.638065      -0.064029      18.739511      -0.352078      -2.273943      -0.632871      12.971975      -6.286070     -90.003853     -32.572479      89.993881      57.126431      81.711906    -144.544998      90.345436      50.265800      90.130531     -12.227001     -12.137691      12.834412    -166.140045      84.880486     -20.738789      -0.051605      -2.513460     -21.760828      53.725918      72.895111    -160.568695     -90.829704     -30.947979      90.207664       3.043970      -1.829397       2.781655     -79.450287     -88.705696      86.748482      -4.895008       4.254904     -23.060688
      38.597466       5.960629      -8.687698      -4.896869      24.789339     -74.632523     276.174774     -86.500381     342.527496      -1.423765       1.700919      -8.457567      -1.335544      -2.153596      -9.498322       0.121931       1.915708      -0.641138      -1.691448       5.711916      27.052843      95.564728      -0.622929     -83.555283      15.259790       8.508388      73.003517      -0.098033      59.447571       0.057510     -13.082225       0.094400      -2.301628      -0.218972     -15.126616     -11.639500     -90.003716     -32.573143      89.994057    -105.213676      -0.616360     -89.274521      10.485830     -32.383324      89.632164       0.060483     -59.879707      -0.020748      18.619289      -0.344246      -2.278460      -1.064855      11.527713      -2.216063     -90.003883     -32.576672      89.993484      53.296917      82.555855    -140.386658      90.854271      50.433582      90.313690     -12.140994     -12.017420      12.980655    -166.335800      84.800606     -20.551979      -0.052814      -2.534990     -21.769005      52.493771      74.022377    -158.542130     -90.828156     -30.829962      90.205048       3.277329      -1.931938       2.879490     -78.802673     -88.722885      87.421608      -4.895045       4.255266     -23.063932
      38.849854       6.169890      -8.626245      -3.905725      25.326611     -75.902718     277.837036     -85.375328     344.737793      -1.367415       3.400375      -8.060758      -1.567397      -0.246157      -9.173470       0.161916       2.552484      -0.408664      -1.776496       6.082167      27.098381      95.654137      -0.580807     -83.509239      14.937180       9.542104      75.853714      -0.098729      59.771191       0.061020     -13.043052       0.092952      -2.299505      -0.042081     -15.191584     -10.259894     -90.003616     -32.577374      89.994202    -105.316399      -0.639490     -89.107124      10.518981     -32.451752      89.292831       0.077188     -59.120853       0.009473      18.500832      -0.336263      -2.280319      -1.434506       8.909021       2.192916     -90.003960     -32.580650      89.993393      48.552444      83.287209    -135.373978      91.058167      50.610207      90.391411     -12.054105     -11.901796      13.126650    -166.479080      84.731461     -20.416277      -0.052828      -2.549776     -21.776579      51.161102      75.095329    -156.436584     -90.834290     -30.732887      90.204582       3.501653      -2.016076       2.967955     -77.783195     -88.738174      88.465096      -4.895411       4.252396     -23.066690
      39.147598       6.389100      -8.549329      -3.663423      25.814661     -76.402985     276.780884     -85.016037     344.308228      -1.488707       4.119149      -7.535008      -1.769546       1.166929      -9.121021       0.379269       5.674696      -0.277331      -2.189718       7.918565      27.117559      95.758186      -0.518816     -83.637611      14.610282      10.450147      78.765427      -0.091440      60.127869       0.056300     -12.997241       0.091291      -2.299941       0.124868     -15.241506      -9.069390     -90.003319     -32.581131      89.994286    -109.703072      -1.048738     -89.012016       6.257378     -30.084084      86.404961       0.076676     -59.377216       0.023402      18.391325      -0.348419      -2.279713      -1.574383       5.173547       6.022370     -90.004356     -32.584431      89.991974      46.955582      83.612747    -133.545776      90.991142      50.782345      90.370369     -11.985098     -11.815907      13.225261    -166.668411      84.656578     -20.235485      -0.054878      -2.575870     -21.781321      50.457432      75.874855    -154.908157     -91.012878     -30.610487      90.244690       3.703895      -2.073206       3.039415     -75.439026     -88.748917      90.838104      -4.897121       4.238059     -23.069735
      39.439465       6.584267      -8.490785      -4.527218      26.200010     -76.352516     274.991699     -84.756142     342.948730      -1.718419       4.776216      -7.219231      -2.089542       2.292801      -8.887980       0.481235       7.407262       0.234188      -2.441426       8.961497      27.378094      95.787872      -0.517411     -83.577087      14.635126      10.569195      79.709373      -0.085619      60.306034       0.050213     -12.945791       0.085678      -2.304690       0.020445     -15.403972      -8.319777     -90.003075     -32.584049      89.993599    -109.680214      -0.975919     -89.136124       4.459406     -30.889807      85.275726       0.084405     -58.975761       0.056283      18.278667      -0.337866      -2.273962      -1.499978       2.110293       8.213460     -90.004517     -32.588009      89.991974      47.667286      83.678543    -134.189072      90.887787      50.967358      90.333397     -11.937777     -11.766729      13.285865    -166.818787      84.597313     -20.104914      -0.056873      -2.599706     -21.787310      50.052292      76.535957    -153.679291     -91.116287     -30.538801      90.267426       3.911389      -2.085916       3.087758     -71.738960     -88.751511      94.551674      -4.900099       4.212415     -23.076204
      39.688484       6.762969      -8.459250      -5.938668      26.525801     -76.063560     274.279694     -84.535713     342.551025      -1.854394       5.344031      -6.967177      -2.303508       3.107436      -8.691286       0.500368       8.084764       0.659373      -2.560675       9.378105      27.632250      95.788780      -0.542737     -83.497299      14.737822      10.623529      80.352280      -0.084130      60.507832       0.051532     -12.903888       0.081973      -2.304952      -0.229104     -15.443944      -7.304606     -90.003120     -32.587059      89.993523    -109.592751      -0.903055     -89.166107       2.991061     -31.162546      84.420822       0.086088     -58.540665       0.073453      18.165726      -0.328747      -2.270777      -1.345698      -0.493049       9.653414     -90.004738     -32.591312      89.992096      48.625965      83.573891    -135.216263      90.883781      51.127979      90.331009     -11.911786     -11.726704      13.340965    -166.936844      84.548248     -20.016216      -0.058200      -2.617412     -21.796543      49.516056      77.055901    -152.347336     -91.090141     -30.530382      90.260902       4.107923      -2.107716       3.137038     -69.506531     -88.755417      96.789124      -4.901183       4.199913     -23.082438
      39.875023       6.890675      -8.467319      -7.475167      26.853159     -75.714767     273.985443     -84.387520     342.463623      -1.940214       5.789646      -6.790134      -2.453111       3.736118      -8.618921       0.486733       8.167987       0.962244      -2.592475       9.432328      27.820316      95.773735      -0.577410     -83.415009      14.943731      10.497585      80.696609      -0.082946      60.645939       0.051313     -12.866007       0.076653      -2.305954      -0.036252     -13.329309      -5.807189     -90.003822     -32.589802      89.992348    -109.488121      -0.837356     -89.144569       1.958302     -30.858774      83.779747       0.084742     -58.067966       0.079835      18.054567      -0.320396      -2.269743      -1.160821      -2.655631      10.670547     -90.004852     -32.594376      89.992218      49.462502      83.385651    -136.225388      90.964432      51.270222      90.359276     -11.895741     -11.689719      13.396473    -167.024506      84.506622     -19.961985      -0.058672      -2.629939     -21.807493      49.051094      77.450073    -151.153778     -91.077469     -30.543381      90.258003       4.289762      -2.123282       3.191976     -68.150276     -88.761597      98.149750      -4.901234       4.195638     -23.087296
      39.984127       6.938924      -8.524314      -8.993658      27.093248     -75.395485     273.290924     -84.365944     341.834473      -2.012619       6.053493      -6.546143      -2.579806       4.356336      -8.479568       0.467571       7.967889       1.073280      -2.574125       9.317219      27.899473      95.749321      -0.616715     -83.333977      15.156306      10.388239      81.032257      -0.082492      60.821270       0.052410     -12.830523       0.074527      -2.305518       0.126426      -9.121477      -5.013648     -90.003586     -32.592457      89.992828    -109.353157      -0.794709     -89.095589       1.265385     -30.477646      83.263916       0.082452     -57.674316       0.074562      17.945751      -0.311795      -2.273877      -0.978707      -4.387776      11.390833     -90.004822     -32.597187      89.992386      49.696732      83.217758    -136.829010      90.943596      51.385891      90.353287     -11.889133     -11.648528      13.457346    -167.102646      84.466209     -19.919151      -0.058608      -2.639596     -21.819136      48.669178      77.719978    -150.230469     -91.071663     -30.556303      90.256721       4.459533      -2.140020       3.241807     -67.042297     -88.767792      99.259567      -4.901009       4.193027     -23.091904
      40.043659       6.930734      -8.588021     -10.499013      27.242359     -75.034630     272.563110     -84.413635     341.141846      -2.084846       6.256839      -6.295685      -2.709358       4.930327      -8.240577       0.446986       7.639598       1.075594      -2.531061       9.124588      27.909662      95.669220      -0.656233     -83.259933      15.359700      10.262716      81.385681      -0.083387      61.062279       0.053820     -12.798440       0.075204      -2.305724      -0.122700      -9.843275      -4.132223     -90.002983     -32.594883      89.994362    -109.222649      -0.762775     -89.020454       0.661736     -30.041452      82.875862       0.080524     -57.220097       0.068127      17.839043      -0.304336      -2.278051      -0.809824      -5.818685      11.928453     -90.004852     -32.599808      89.992432      50.049194      83.048492    -137.610626      90.933617      51.449413      90.350723     -11.889450     -11.614511      13.507617    -167.180130      84.427063     -19.873491      -0.058779      -2.649839     -21.830029      48.583660      77.847221    -149.696198     -91.068787     -30.536612      90.256233       4.623652      -2.159059       3.291901     -66.089180     -88.774162     100.214073      -4.900748       4.191265     -23.096920
      40.069702       6.881570      -8.662089     -11.990065      27.355549     -74.622169     271.802368     -84.492554     340.383392      -2.151195       6.415638      -6.073281      -2.831639       5.472349      -8.037967       0.425747       7.280463       1.071084      -2.482728       8.911692      27.916698      95.629524      -0.694573     -83.158485      15.587738      10.132128      81.744476      -0.083192      61.241142       0.054049     -12.767785       0.072883      -2.305887      -0.353536     -10.684765      -3.660184     -90.003105     -32.597111      89.994247    -109.095070      -0.746957     -88.940224       0.208257     -29.588608      82.562088       0.078686     -56.717903       0.060272      17.734318      -0.296965      -2.282682      -0.660800      -6.981502      12.333412     -90.004883     -32.602242      89.992462      50.369835      82.890099    -138.357834      90.928993      51.485924      90.349815     -11.883441     -11.585653      13.551661    -167.244278      84.392120     -19.834324      -0.058876      -2.658859     -21.839226      48.727276      77.851509    -149.486343     -91.067390     -30.520605      90.256287       4.710019      -2.178257       3.327233     -65.309624     -88.781158     101.001350      -4.900518       4.190279     -23.101009
      40.073490       6.802629      -8.744728     -13.471966      27.428495     -74.172829     270.975525     -84.587852     339.542603      -2.215738       6.546168      -5.861416      -2.953061       5.999835      -7.841036       0.405837       6.912337       1.033352      -2.431329       8.693795      27.905422      95.601791      -0.728383     -83.048935      15.807232      10.000421      82.085869      -0.082835      61.407272       0.053688     -12.738083       0.070521      -2.306250      -0.546720     -11.424790      -3.271266     -90.003189     -32.599178      89.994095    -108.967827      -0.741911     -88.847656      -0.143573     -29.130463      82.287445       0.077039     -56.176762       0.052812      17.631567      -0.289682      -2.287019      -0.531779      -7.925205      12.643873     -90.004837     -32.604492      89.992538      50.524464      82.768913    -138.922073      90.927048      51.504814      90.349709     -11.874080     -11.559593      13.591548    -167.301407      84.359520     -19.797237      -0.058954      -2.667188     -21.847103      49.063591      77.772392    -149.538422     -91.066803     -30.498796      90.256561       4.788050      -2.196754       3.360041     -64.594223     -88.787880     101.726776      -4.900346       4.189458     -23.103880
      40.063858       6.702003      -8.833066     -14.998844      27.455320     -73.662468     270.157867     -84.670525     338.704712      -2.277072       6.669565      -5.647812      -3.073982       6.518159      -7.637633       0.387449       6.549580       0.977827      -2.379413       8.479140      27.884087      95.589645      -0.756364     -82.939476      16.006765       9.881479      82.407593      -0.082479      61.566143       0.053243     -12.709305       0.068285      -2.306606      -0.703833     -12.068232      -2.905982     -90.003204     -32.601097      89.993980    -108.842201      -0.744139     -88.749420      -0.421932     -28.675968      82.042099       0.075648     -55.606133       0.046530      17.530806      -0.282608      -2.290931      -0.421086      -8.694818      12.887740     -90.004814     -32.606606      89.992615      50.605396      82.683647    -139.379761      90.926262      51.514465      90.349869     -11.863318     -11.535295      13.627404    -167.358597      84.327354     -19.756624      -0.059149      -2.675873     -21.853889      49.388351      77.653557    -149.641602     -91.191139     -30.476086      90.285080       4.845165      -2.227201       3.390530     -64.317192     -88.796898     102.014992      -4.899721       4.191824     -23.106272
      40.059311       6.570161      -8.922686     -16.475597      27.387514     -73.230988     269.260925     -84.937210     337.841278      -2.393994       6.722809      -5.551765      -3.229649       6.995824      -7.437185       0.366233       6.530104       1.143938      -2.368444       8.375869      27.857267      95.439743      -0.807510     -82.923424      16.073576       9.839608      82.709091      -0.083700      61.747581       0.054283     -12.689662       0.066122      -2.305770      -0.770741     -12.527012      -2.669384     -90.003250     -32.602322      89.993973    -108.744156      -0.884622     -88.700516      -0.382086     -28.175045      82.077019       0.072889     -55.169788       0.040644      17.438988      -0.285980      -2.293490      -0.454397      -8.637641      13.002324     -90.004929     -32.607853      89.992500      49.828812      82.722481    -138.966324      90.926323      51.444103      90.349442     -11.822712     -11.532201      13.641524    -167.365784      84.315849     -19.751486      -0.058708      -2.677626     -21.857893      50.128761      77.545395    -150.167709     -91.130859     -30.293682      90.269470       4.957391      -2.138041       3.418498     -62.935970     -88.792976     103.610428      -4.898368       4.204220     -23.115267
      40.065796       6.360972      -9.025730     -17.757318      27.362692     -72.936417     266.670380     -85.512070     335.277863      -2.585642       6.548162      -5.692435      -3.456847       7.643293      -7.234901       0.370382       7.172513       1.632092      -2.449575       8.619961      27.952623      95.106331      -0.907032     -82.741013      15.993282       9.830018      82.846329      -0.085524      61.928936       0.055752     -12.679090       0.064352      -2.304394      -0.770629     -12.629888      -2.695792     -90.003319     -32.602875      89.994064    -108.651657      -1.189185     -88.696213      -0.040836     -27.590588      82.384369       0.069609     -55.206539       0.035159      17.372047      -0.296276      -2.294661      -0.579492      -7.951694      12.976204     -90.004791     -32.608311      89.992760      48.138298      83.031662    -137.597931      90.374641      51.412064      90.152649     -11.534945     -10.829861      14.029181    -167.123016      84.405670     -20.034828      -0.048533      -2.507370     -21.929239      51.118721      77.465103    -150.903229     -91.097076     -29.928602      90.258492       5.079461      -1.915658       3.410362     -55.034279     -88.716721     111.934372      -4.897646       4.235068     -23.115255
      40.064922       6.242204      -9.121921     -18.734011      27.583794     -72.825706     264.070496     -85.582321     332.795013      -2.833244       6.095942      -6.006106      -3.712744       7.947018      -7.187288       0.394423       8.122779       2.139577      -2.580776       9.075030      28.147583      94.892334      -0.980687     -82.524132      15.967644       9.723861      83.049126      -0.086005      62.015995       0.054974     -12.660637       0.062382      -2.303940      -0.804553     -12.638129      -3.256483     -90.003319     -32.603394      89.994156    -108.566406      -1.444488     -88.680237       0.186785     -26.971979      82.683846       0.067604     -55.358906       0.031749      17.322390      -0.303105      -2.295532      -0.635857      -7.632386      12.805831     -90.004745     -32.608753      89.992821      44.100800      84.027550    -133.496872      89.254066      51.349297      89.748192     -11.172063     -10.321177      14.418020    -167.179260      84.349007     -19.943129      -0.041323      -2.499802     -21.934462      51.962151      77.678474    -151.298431     -91.083328     -29.599167      90.254417       5.096478      -1.667646       3.424853     -53.748833     -88.707230     113.354469      -4.902369       4.254488     -23.108002
      40.062122       6.156776      -9.192467     -19.412840      27.907658     -72.729355     260.531952     -85.465477     329.596405      -3.191334       5.765632      -6.335989      -4.042579       8.084932      -7.358747       0.414313       9.266768       2.662013      -2.750149       9.675493      28.373377      94.865227      -1.033170     -82.537827      15.992210       9.681999      83.519577      -0.086181      62.062622       0.054310     -12.647264       0.060864      -2.303608      -0.889195     -12.708261      -4.009578     -90.003342     -32.603897      89.994209    -108.498314      -1.633436     -88.659149       0.309927     -26.368965      82.876289       0.066459     -55.510952       0.029991      17.282362      -0.307044      -2.296070      -0.661807      -7.468183      12.600838     -90.004715     -32.609196      89.992821      44.101513      85.405838    -133.271255      88.748451      51.259739      89.563812     -10.807540      -9.745004      14.671320    -167.364120      84.282990     -19.716076      -0.047421      -2.524955     -21.928843      52.676800      77.810715    -151.554504     -91.077782     -29.384010      90.252525       5.124581      -1.391031       3.374017     -41.699497     -88.501175     125.345306      -4.904903       4.283151     -23.105074
      40.069538       6.098521      -9.223659     -19.716005      28.382944     -72.745926     255.974319     -85.310249     325.589508      -3.668595       5.494550      -6.736097      -4.477751       8.257791      -7.720640       0.417871      10.518573       3.263269      -2.946510      10.353789      28.644091      94.863533      -1.116795     -82.549141      16.053213       9.673853      84.062714      -0.086274      62.101475       0.054002     -12.633630       0.059556      -2.303280      -0.968282     -12.843846      -4.692400     -90.003349     -32.604385      89.994247    -108.440376      -1.774502     -88.633080       0.330358     -25.719633      82.931328       0.065783     -55.653042       0.028975      17.236103      -0.308286      -2.296298      -0.689506      -7.326683      12.519682     -90.004715     -32.609638      89.992821      49.083237      86.552872    -137.738373      88.891220      51.005451      89.615715     -10.502666      -8.928637      15.066608    -167.875885      84.113167     -19.127602      -0.067923      -2.628861     -21.894196      53.784382      78.059402    -152.108459     -91.075096     -29.237967      90.252998       5.154239      -1.134958       3.354857     -34.735344     -88.312683     132.114700      -4.905315       4.304145     -23.106535
      40.081081       6.058122      -9.235268     -19.873817      28.856380     -72.738693     251.865036     -85.053543     322.158875      -4.188840       5.290283      -7.094214      -4.949081       8.455693      -8.181909       0.401673      11.861194       3.954916      -3.162101      11.083385      28.942114      94.856796      -1.238279     -82.567085      16.155178       9.707821      84.707382      -0.086445      62.144680       0.054193     -12.622280       0.058567      -2.302895      -1.028555     -13.015095      -5.158335     -90.003372     -32.604889      89.994247    -108.386711      -1.879547     -88.599251       0.265103     -25.012768      82.884087       0.065517     -55.788921       0.028480      17.187405      -0.307987      -2.296484      -0.714332      -7.192051      12.546531     -90.004715     -32.610065      89.992821      55.473625      87.429405    -143.600281      88.974228      50.758507      89.646461     -10.241547      -8.212150      15.434323    -168.241440      83.961777     -18.684698      -0.080154      -2.721212     -21.860357      55.458904      78.357758    -153.229904     -91.074226     -29.090343      90.253212       5.193333      -0.829538       3.296412     -26.032095     -87.949135     140.585846      -4.907541       4.324135     -23.117262
      40.096317       6.029488      -9.235716     -19.916641      29.305773     -72.742317     248.134766     -84.732330     319.179596      -4.736333       5.120210      -7.392651      -5.444682       8.684971      -8.681020       0.362922      13.284793       4.733849      -3.394088      11.853474      29.264496      94.825333      -1.380644     -82.593666      16.299583       9.724586      85.397209      -0.086372      62.163307       0.053826     -12.609210       0.057519      -2.302770      -1.079808     -13.192014      -5.630539     -90.003380     -32.605370      89.994255    -108.335663      -1.956617     -88.558083       0.137459     -24.280712      82.763618       0.065544     -55.918415       0.028438      17.139654      -0.306803      -2.296630      -0.731174      -7.071200      12.630002     -90.004692     -32.610477      89.992851      64.046227      88.134201    -151.655853      89.018875      50.500641      89.664055     -10.002248      -7.571603      15.763721    -168.546509      83.826469     -18.303967      -0.090673      -2.800980     -21.827320      57.554371      78.713615    -154.798843     -91.074211     -28.942049      90.253456       5.249592      -0.473667       3.205166     -18.244930     -87.387810     148.241928      -4.910310       4.334182     -23.140541
      40.108467       6.008815      -9.228330     -19.894342      29.769957     -72.700493     245.835175     -84.332176     317.669800      -5.234802       4.996706      -7.759525      -5.858335       8.781157      -9.398994       0.712289      13.817207       4.798394      -3.138206      11.918261      29.517178      94.499878      -1.543711     -82.699608      16.409248       9.761077      86.074059      -0.086771      62.226177       0.054446     -12.596026       0.056769      -2.302583      -1.131847     -13.265385      -6.121343     -90.003395     -32.605843      89.994270    -108.281891      -2.067146     -88.540436       0.137581     -23.666172      82.675072       0.065605     -56.058033       0.028492      17.084429      -0.304706      -2.296780      -0.757018      -6.958175      12.758393     -90.004715     -32.610905      89.992851      77.716003      88.651772    -164.798065      89.040253      50.267342      89.673584      -9.777398      -6.973282      16.082232    -168.833282      83.699646     -17.951708      -0.101667      -2.874539     -21.799253      60.213795      79.063766    -156.935272     -91.074409     -28.816216      90.253792       5.313964      -0.096014       3.071199     -11.921730     -86.568108     154.548172      -4.914818       4.334032     -23.168514
      40.119690       5.994189      -9.217873     -19.848846      30.186380     -72.637642     244.222214     -83.884384     316.899353      -5.729403       4.903486      -8.090742      -6.269431       8.882216     -10.164644       0.807416      14.023593       4.804139      -3.042349      11.867708      29.442514      94.288002      -1.720586     -82.788475      16.577579       9.760653      86.748817      -0.087269      62.293053       0.055177     -12.592752       0.056565      -2.302370      -1.189936     -13.319114      -6.432249     -90.003433     -32.606323      89.994278    -108.205444      -2.174927     -88.523521       0.132226     -23.033098      82.563606       0.065909     -56.189091       0.028751      17.034237      -0.302537      -2.296923      -0.769867      -6.851393      12.894709     -90.004715     -32.611317      89.992867      98.674629      88.968658    -185.271927      89.049149      50.037872      89.679047      -9.533776      -6.374934      16.414579    -169.114761      83.572098     -17.605844      -0.113287      -2.948552     -21.772085      63.132927      79.376740    -159.393860     -91.074387     -28.716236      90.253899       5.474466       0.349576       2.763580      -9.345775     -85.951759     157.879486      -4.927906       4.246264     -23.282547
      40.129082       5.983933      -9.207606     -19.805376      30.558212     -72.576744     243.045883     -83.408379     316.575073      -6.195049       4.805910      -8.382736      -6.644823       8.976002     -10.971433       0.932629      14.176392       4.713356      -2.949504      11.872125      29.476048      94.098167      -1.914911     -82.880669      16.768171       9.776368      87.450951      -0.087775      62.374054       0.056040     -12.592458       0.056566      -2.302107      -1.230322     -13.363767      -6.561916     -90.003418     -32.606800      89.994278    -107.926727      -2.288894     -88.474907       0.220910     -22.586044      82.418205       0.066360     -56.283962       0.029742      16.985659      -0.300064      -2.296986      -0.780110      -6.679397      13.068383     -90.004692     -32.611725      89.992882     125.094643      89.076553    -211.248001      89.051521      49.808346      89.682373      -9.269265      -5.777154      16.758747    -169.382278      83.444397     -17.271101      -0.124706      -3.022442     -21.742826      66.128792      79.656982    -161.985443     -91.074478     -28.638885      90.253937       5.598873       0.750723       2.454656      -7.542130     -85.245651     160.755569      -4.937121       4.181672     -23.346025
      40.136620       5.976472      -9.195593     -19.740238      30.864683     -72.528038     242.030212     -82.876801     316.426697      -6.642784       4.675313      -8.589978      -6.996624       9.059648     -11.772963       1.079395      14.286006       4.474620      -2.871971      11.940028      29.586624      93.958107      -2.129001     -82.965584      16.998741       9.784534      88.158096      -0.088151      62.451752       0.056685     -12.592741       0.056561      -2.301903      -1.255386     -13.426653      -6.582232     -90.003448     -32.607254      89.994293    -107.297569      -2.393373     -88.368080       0.470733     -22.406986      82.263580       0.066754     -56.343006       0.031028      16.935074      -0.297386      -2.297072      -0.800861      -6.395089      13.284440     -90.004684     -32.612129      89.992897     148.561829      89.003433    -234.333740      89.051392      49.579498      89.684807      -8.988743      -5.191095      17.108000    -169.627930      83.320251     -16.958050      -0.135406      -3.093345     -21.713329      69.134010      79.900520    -164.664749     -91.074646     -28.582327      90.253860       5.715604       1.141952       2.155904      -6.572311     -84.578308     163.031143      -4.948037       4.107389     -23.390333
      40.142090       5.971571      -9.186383     -19.714338      31.156380     -72.458351     241.915497     -82.174400     317.194061      -7.111396       4.548566      -8.738955      -7.345751       8.845544     -12.765430       1.234068      14.507911       4.298495      -2.814167      12.077656      29.784374      94.029572      -2.507320     -82.991989      16.922106       9.980287      88.135460      -0.089340      62.509270       0.059002     -12.642562       0.059026      -2.301237      -1.417981     -13.690066      -6.355220     -90.003563     -32.607727      89.994255    -106.536186      -2.552363     -88.053650       0.813517     -22.258251      82.044540       0.067151     -56.425575       0.031737      16.888962      -0.295048      -2.297268      -0.813204      -6.177253      13.434820     -90.004654     -32.612522      89.992928     168.156067      88.745560    -253.580276      89.050682      49.392715      89.686134      -8.718844      -4.645754      17.412230    -169.703857      83.259689     -16.803329      -0.142453      -3.154829     -21.686102      71.197235      80.142723    -166.431992     -91.391220     -28.516899      90.323036       5.784472       1.480576       1.878034      -6.251663     -84.035919     164.726257      -4.955973       4.046593     -23.409925
      40.149284       5.966761      -9.173818     -19.641262      31.455839     -72.416496     241.522049     -81.490776     317.735535      -7.583341       4.416329      -8.938972      -7.696842       8.739485     -13.724775       1.375504      14.637066       4.041193      -2.772132      12.224732      29.979185      94.145973      -2.792387     -83.000893      16.924398      10.073683      88.092369      -0.089351      62.550785       0.059050     -12.657661       0.059726      -2.301032      -1.472672     -14.003855      -6.070301     -90.003586     -32.608200      89.994186    -105.791618      -2.692936     -87.830986       1.163239     -22.127876      81.893150       0.067456     -56.511787       0.032227      16.842155      -0.292590      -2.297427      -0.826768      -6.013525      13.539489     -90.004662     -32.612904      89.992912     178.265274      88.511597    -263.305206      89.048622      49.148182      89.688354      -8.426883      -4.047490      17.774208    -169.703400      83.253647     -16.709064      -0.156051      -3.229737     -21.655436      75.091431      80.338539    -170.016434     -91.252396     -28.493050      90.292999       5.906689       1.892849       1.600633      -6.243255     -83.587921     166.197449      -4.973232       3.949950     -23.426077
      40.155277       5.963825      -9.160071     -19.566280      31.741457     -72.362778     241.202560     -80.802246     318.361847      -8.044959       4.305747      -9.136238      -8.043348       8.660622     -14.679408       1.509670      14.727853       3.748531      -2.739102      12.372339      30.176405      94.245041      -3.056964     -83.013245      16.948786      10.131946      88.054794      -0.089239      62.584805       0.058818     -12.665203       0.060032      -2.300961      -1.495191     -14.354643      -5.798651     -90.003494     -32.608669      89.994263    -105.044418      -2.826673     -87.644211       1.522061     -22.010374      81.780823       0.067707     -56.599804       0.032577      16.794870      -0.290104      -2.297569      -0.840711      -5.875609      13.635528     -90.004677     -32.613277      89.992912     184.264969      88.294724    -268.933746      89.046463      48.913525      89.690071      -8.121835      -3.470446      18.134819    -169.686066      83.242638     -16.632093      -0.165614      -3.296320     -21.624063      78.693932      80.472130    -173.324432     -91.168831     -28.467796      90.274452       6.015579       2.277809       1.324298      -6.491609     -83.259796     167.356277      -4.987168       3.863648     -23.426168
      40.159443       5.961530      -9.146407     -19.502110      32.016705     -72.291245     240.979782     -80.100914     319.078583      -8.497993       4.218941      -9.325834      -8.385784       8.587498     -15.630925       1.641706      14.803186       3.441251      -2.707754      12.514621      30.367199      94.327538      -3.319173     -83.030563      16.992470      10.170929      88.019760      -0.089145      62.611477       0.058572     -12.669950       0.060179      -2.300940      -1.501206     -14.648623      -5.538097     -90.003464     -32.609123      89.994263    -104.292686      -2.957093     -87.480499       1.891399     -21.902573      81.706703       0.067964     -56.689560       0.032882      16.748041      -0.287599      -2.297750      -0.853336      -5.756224      13.721833     -90.004684     -32.613655      89.992897     188.269165      88.074463    -272.580231      89.044594      48.695446      89.691605      -7.773221      -2.934189      18.461040    -169.689743      83.225006     -16.514580      -0.174600      -3.360246     -21.600506      82.104347      80.556831    -176.455978     -91.122833     -28.450100      90.264145       6.115319       2.645312       1.062922      -6.850454     -83.036896     168.277496      -5.000853       3.781815     -23.414986
      40.162701       5.959681      -9.133494     -19.450476      32.286320     -72.211021     240.799637     -79.391045     319.831085      -8.946165       4.153251      -9.512407      -8.727517       8.520942     -16.577801       1.773961      14.871046       3.124162      -2.675013      12.649139      30.547977      94.391930      -3.580891     -83.053452      17.050838      10.194757      87.985764      -0.089069      62.637623       0.058360     -12.673060       0.060297      -2.300941      -1.500672     -14.912822      -5.287802     -90.003410     -32.609585      89.994293    -103.533501      -3.085616     -87.334869       2.269242     -21.799667      81.666664       0.068229     -56.780945       0.033155      16.701895      -0.285101      -2.297899      -0.864287      -5.648330      13.803001     -90.004684     -32.614017      89.992882     191.090820      87.854790    -275.058014      89.043068      48.505024      89.692833      -7.463826      -2.484345      18.753901    -169.630936      83.204300     -16.460011      -0.183080      -3.434593     -21.552279      85.371941      80.607605    -179.452026     -91.098839     -28.436344      90.258659       6.208660       3.001245       0.813519      -7.234972     -82.897110     168.997208      -5.014500       3.703413     -23.395565
      40.166130       5.958291      -9.122235     -19.414618      32.554802     -72.132713     240.613556     -78.679909     320.570831      -9.391150       4.105149      -9.699389      -9.069489       8.465055     -17.520651       1.906219      14.936259       2.798348      -2.641626      12.778272      30.718752      94.439896      -3.841324     -83.081306      17.120863      10.205044      87.951767      -0.089034      62.662956       0.058201     -12.675091       0.060381      -2.300959      -1.496198     -15.166254      -5.046681     -90.003372     -32.610016      89.994331    -102.766342      -3.212726     -87.200768       2.653473     -21.699745      81.650322       0.068493     -56.874058       0.033386      16.656719      -0.282641      -2.298044      -0.873292      -5.548045      13.881738     -90.004684     -32.614372      89.992882     193.111160      87.649956    -276.751465      89.042099      48.365639      89.693611      -7.246708      -2.226488      18.950438    -169.522964      83.185944     -16.477501      -0.190828      -3.517126     -21.491282      88.451813      80.636696    -182.257629     -91.086845     -28.417322      90.255753       6.296513       3.352729       0.570126      -7.586841     -82.817551     169.542892      -5.028311       3.626550     -23.370514
      40.169453       5.957393      -9.114577     -19.411991      32.812008     -72.058517     240.423828     -77.971626     321.302032      -9.830252       4.069517      -9.882155      -9.408158       8.415751     -18.459650       2.037963      15.005685       2.465661      -2.608833      12.906139      30.878111      94.472275      -4.099902     -83.114082      17.202530      10.201045      87.916252      -0.089038      62.687641       0.058085     -12.676023       0.060422      -2.300986      -1.487884     -15.413342      -4.814946     -90.003365     -32.610462      89.994324    -101.991760      -3.338064     -87.068260       3.042126     -21.602551      81.646873       0.068739     -56.969063       0.033581      16.612511      -0.280213      -2.298176      -0.879504      -5.455991      13.957567     -90.004684     -32.614723      89.992882     195.011230      87.479485    -278.348572      89.009003      48.264866      89.683403      -7.092650      -2.100904      19.077679    -169.406982      83.172234     -16.530689      -0.198225      -3.590978     -21.436512      91.465080      80.660744    -185.000565     -91.081200     -28.391323      90.254204       6.329659       3.674409       0.374322      -7.761693     -82.782837     169.999817      -5.040451       3.546332     -23.349163
      40.173725       5.957006      -9.108957     -19.423079      33.072624     -71.994675     240.212265     -77.258766     322.012268     -10.273353       4.049505     -10.067628      -9.751680       8.371217     -19.410229       2.168619      15.083500       2.135853      -2.576274      13.033035      31.024895      94.478027      -4.327551     -83.150772      17.315126      10.179670      87.871750      -0.089013      62.707489       0.057983     -12.675661       0.060376      -2.300993      -1.473092     -15.663443      -4.580312     -90.003349     -32.610889      89.994339    -101.201508      -3.464873     -86.930603       3.438652     -21.506077      81.650665       0.068993     -57.067230       0.033729      16.568878      -0.277797      -2.298295      -0.885197      -5.365483      14.037252     -90.004684     -32.615070      89.992882     196.371307      87.272064    -279.411285      89.027588      48.187901      89.689987      -6.986365      -2.062823      19.137564    -169.299469      83.161598     -16.592598      -0.205544      -3.657281     -21.388323      94.222763      80.674751    -187.475296     -91.078552     -28.347637      90.253235       6.296512       3.938136       0.247267      -7.773484     -82.770599     170.421082      -5.053742       3.467064     -23.334902
      40.178139       5.957031      -9.107376     -19.470255      33.325790     -71.936546     239.997528     -76.542107     322.721954     -10.716412       4.041609     -10.249239     -10.095162       8.329958     -20.377508       2.297921      15.173793       1.816687      -2.542319      13.155780      31.154091      94.459091      -4.503870     -83.187889      17.476370      10.124296      87.811089      -0.088869      62.706203       0.057715     -12.674994       0.060194      -2.301000      -1.438866     -15.671990      -4.323880     -90.003365     -32.611305      89.994278    -100.394104      -3.593853     -86.787560       3.845196     -21.410938      81.662247       0.069238     -57.168873       0.033860      16.526045      -0.275439      -2.298429      -0.890001      -5.278837      14.115981     -90.004684     -32.615406      89.992882     197.755539      87.067245    -280.511566      89.035332      48.127186      89.692856      -6.906426      -2.085392      19.160543    -169.195435      83.152916     -16.662901      -0.212783      -3.718347     -21.345049      96.876434      80.690613    -189.846603     -91.077538     -28.298502      90.252647       6.251702       4.177043       0.145055      -7.709854     -82.767830     170.779831      -5.066594       3.393514     -23.319824
      40.182556       5.957510      -9.110342     -19.558586      33.571136     -71.882912     239.772369     -75.822746     323.419525     -11.160659       4.046134     -10.426798     -10.441579       8.290935     -21.344120       2.427152      15.276102       1.493041      -2.507910      13.278368      31.263609      94.404160      -4.653353     -83.234879      17.655804      10.045827      87.744385      -0.088805      62.711853       0.057544     -12.672633       0.060045      -2.301021      -1.402530     -15.679630      -4.073492     -90.003342     -32.611713      89.994308     -99.568909      -3.720903     -86.634598       4.254383     -21.313986      81.678848       0.069505     -57.274048       0.033991      16.483973      -0.273100      -2.298538      -0.894108      -5.195048      14.196507     -90.004684     -32.615734      89.992882     199.147476      86.852966    -281.631958      89.038414      48.077343      89.694130      -6.840931      -2.145328      19.156916    -169.097015      83.145462     -16.734890      -0.219936      -3.775531     -21.305418      99.460556      80.711258    -192.147949     -91.077377     -28.241577      90.252274       6.194588       4.399787       0.061475      -7.568209     -82.770531     171.090012      -5.079221       3.322216     -23.306093
      40.186893       5.958479      -9.118126     -19.690926      33.808369     -71.832886     239.533401     -75.100479     324.101135     -11.607614       4.063979     -10.598166     -10.792580       8.253767     -22.307470       2.555487      15.389902       1.162419      -2.473866      13.402154      31.351326      94.317635      -4.780190     -83.291374      17.852762       9.945086      87.671783      -0.088736      62.718273       0.057377     -12.669387       0.059875      -2.301048      -1.364239     -15.686762      -3.831822     -90.003334     -32.612122      89.994316     -98.723038      -3.844697     -86.469055       4.664343     -21.214092      81.698730       0.069771     -57.383194       0.034100      16.442528      -0.270798      -2.298628      -0.897974      -5.112698      14.281391     -90.004684     -32.616066      89.992882     200.535614      86.621956    -282.760010      89.039429      48.034149      89.694695      -6.781172      -2.226411      19.134815    -169.005386      83.138779     -16.804281      -0.227022      -3.829793     -21.268518     102.000191      80.738510    -194.404129     -91.077431     -28.176249      90.251923       6.126024       4.609134      -0.006238      -7.356462     -82.776367     171.362305      -5.091641       3.252278     -23.294630
      40.191071       5.959911      -9.130918     -19.869398      34.037514     -71.785767     239.281464     -74.373909     324.767212     -12.058706       4.096083     -10.762448     -11.149693       8.215641     -23.267317       2.682258      15.515556       0.824054      -2.441061      13.528540      31.416565      94.203011      -4.888153     -83.357452      18.068213       9.820776      87.592758      -0.088709      62.725082       0.057239     -12.665159       0.059651      -2.301087      -1.323992     -15.693425      -3.600415     -90.003326     -32.612526      89.994316     -97.853561      -3.964470     -86.287094       5.074636     -21.110626      81.720306       0.070048     -57.496975       0.034220      16.401648      -0.268521      -2.298724      -0.901835      -5.030947      14.372513     -90.004669     -32.616390      89.992889     201.904388      86.369354    -283.879333      89.039680      47.994576      89.694962      -6.720863      -2.317056      19.100126    -168.921509      83.132591     -16.868011      -0.234040      -3.881845     -21.233667     104.516655      80.773376    -196.636124     -91.077667     -28.102219      90.251572       6.047328       4.806948      -0.060480      -7.087124     -82.784225     171.606201      -5.103858       3.183531     -23.285851
      40.193607       5.961759      -9.151002     -20.127510      34.277088     -71.713669     239.096268     -73.633049     325.451233     -12.509071       4.146903     -10.918214     -11.512138       8.153801     -24.194775       2.807534      15.655343       0.467019      -2.410744      13.660715      31.454245      94.062050      -4.983387     -83.434311      18.308098       9.669638      87.505150      -0.088661      62.731155       0.057074     -12.659983       0.059381      -2.301125      -1.281302     -15.699759      -3.377258     -90.003311     -32.612919      89.994331     -96.989449      -4.003650     -86.088036       5.541287     -21.016788      81.743652       0.070327     -57.618416       0.034209      16.363197      -0.266398      -2.298880      -0.902897      -4.963692      14.434379     -90.004677     -32.616699      89.992889     203.246170      86.019936    -284.979889      89.040092      47.993828      89.694832      -6.668232      -2.463002      19.009251    -168.839661      83.126762     -16.931820      -0.240096      -3.930743     -21.200056     106.769142      80.872765    -198.588333     -91.260063     -28.009224      90.291229       5.941992       4.991818      -0.101765      -6.778947     -82.794571     171.798615      -5.114472       3.125731     -23.277458
      40.197960       5.964247      -9.174924     -20.410105      34.501247     -71.672279     238.833786     -72.910332     326.085938     -12.973725       4.215939     -11.083119     -11.892304       8.104901     -25.115738       2.929896      15.801906       0.095216      -2.384922      13.799583      31.474800      93.901810      -5.065638     -83.519699      18.568298       9.492892      87.410263      -0.088621      62.735477       0.056914     -12.654178       0.059074      -2.301167      -1.237613     -15.705643      -3.163815     -90.003319     -32.613297      89.994324     -96.093193      -4.018593     -85.868935       6.028914     -20.919205      81.761734       0.070596     -57.749947       0.034163      16.323343      -0.264167      -2.298981      -0.908180      -4.877109      14.526617     -90.004669     -32.617012      89.992882     204.991440      85.779945    -286.474243      88.969727      47.939018      89.672607      -6.585821      -2.554198      18.985659    -168.781204      83.121521     -16.971981      -0.246895      -3.974300     -21.166386     109.830620      80.890549    -201.347061     -91.172150     -27.923199      90.271721       5.851675       5.184757      -0.135100      -6.418639     -82.805679     172.035553      -5.127585       3.050646     -23.277187
      40.202236       5.966867      -9.204068     -20.741570      34.728676     -71.627777     238.555344     -72.178749     326.689240     -13.449037       4.306062     -11.240520     -12.276016       8.054189     -26.025497       3.048335      15.958457      -0.288561      -2.363261      13.944045      31.472111      93.718636      -5.138588     -83.616898      18.850033       9.290427      87.307533      -0.088566      62.739193       0.056731     -12.647477       0.058722      -2.301201      -1.191740     -15.711192      -2.958466     -90.003319     -32.613678      89.994324     -95.170853      -4.007443     -85.629517       6.533385     -20.822908      81.778458       0.070853     -57.890518       0.034086      16.284395      -0.261983      -2.299054      -0.913581      -4.788682      14.628101     -90.004669     -32.617317      89.992882     205.974182      85.430527    -287.212311      89.007820      47.893883      89.685181      -6.498893      -2.613476      18.928963    -168.727112      83.115738     -17.003786      -0.249259      -3.992706     -21.136175     112.517685      80.929146    -203.721130     -91.124298     -27.821981      90.260597       5.615534       5.358821      -0.210538      -5.962697     -82.827026     172.176346      -5.142201       2.976970     -23.271103
      40.207130       5.969302      -9.242720     -21.157696      34.955090     -71.593658     238.454422     -71.394379     327.426697     -13.963095       4.192508     -11.484079     -12.639234       8.146733     -26.835331       3.159822      16.079296      -0.661223      -2.346482      14.081656      31.493006      93.536354      -5.204370     -83.713058      19.141531       9.073194      87.202187      -0.088528      62.733444       0.056559     -12.644030       0.058511      -2.301233      -1.156404     -15.715994      -2.754756     -90.003326     -32.614044      89.994324     -94.527786      -4.012647     -85.470787       6.883764     -20.483109      81.789406       0.071011     -58.095478       0.033322      16.247328      -0.260011      -2.299149      -0.912207      -4.794653      14.694396     -90.004684     -32.617626      89.992867     207.216156      85.030014    -288.212860      89.025673      47.843735      89.691345      -6.388123      -2.667125      18.866611    -168.691147      83.109734     -17.012648      -0.251520      -4.008201     -21.106731     115.288071      81.004234    -206.168365     -91.100349     -27.710484      90.254745       5.365188       5.521752      -0.284411      -5.500768     -82.854019     172.279434      -5.154173       2.909112     -23.268019
      40.215752       5.972803      -9.292706     -21.635069      35.125385     -71.638939     238.051163     -70.645798     327.820831     -14.520200       3.880136     -11.765889     -12.934956       8.471182     -27.366808       3.284179      16.130100      -1.226843      -2.367338      14.276325      31.639954      93.407295      -5.288997     -83.788666      19.493202       8.830207      87.076347      -0.088281      62.698616       0.056207     -12.644351       0.058375      -2.301204      -1.128400     -15.720966      -2.530657     -90.003342     -32.614410      89.994316     -93.594551      -3.930965     -85.187866       7.286291     -20.326141      81.657608       0.071420     -58.242382       0.033783      16.205439      -0.257583      -2.299120      -0.921338      -4.675942      14.906705     -90.004684     -32.617924      89.992874     209.064178      84.536774    -289.867249      89.032722      47.744144      89.694366      -6.229989      -2.721359      18.770004    -168.691223      83.103203     -16.974623      -0.254303      -4.021523     -21.073709     118.359886      81.157204    -208.956390     -91.089600     -27.571926      90.251701       5.108277       5.679815      -0.350690      -5.036481     -82.885506     172.380707      -5.165706       2.843778     -23.267807
      40.224167       5.978135      -9.350938     -22.185331      35.284431     -71.684273     237.288864     -70.135719     327.703918     -15.055875       3.814415     -11.908573     -13.174371       8.798310     -27.740829       3.398435      16.083841      -1.893665      -2.420074      14.493393      31.884979      93.253082      -5.391128     -83.880722      19.892073       8.580194      86.933655      -0.087806      62.641571       0.055723     -12.646443       0.058299      -2.301108      -1.093274     -15.727496      -2.238422     -90.003365     -32.614765      89.994308     -92.917610      -3.835017     -84.971466       7.459297     -19.947460      81.477364       0.071742     -58.437542       0.033769      16.163641      -0.255353      -2.299166      -0.922838      -4.669366      15.105742     -90.004692     -32.618214      89.992867     210.745178      83.987854    -291.361115      89.034996      47.627716      89.696022      -6.044986      -2.764349      18.665380    -168.714386      83.098175     -16.909946      -0.258069      -4.033516     -21.039906     121.660149      81.318161    -211.966812     -91.085304     -27.413986      90.250038       4.847322       5.835612      -0.410952      -4.576975     -82.920013     172.493500      -5.177006       2.780154     -23.270393
      40.232738       5.984116      -9.407066     -22.690304      35.391060     -71.760262     236.539337     -69.905571     327.403076     -15.389244       3.862236     -12.029327     -13.180056       9.062643     -28.013752       3.334948      15.784632      -2.323224      -2.565418      14.661148      32.183208      93.824837      -5.131782     -84.561401      19.772062       8.762423      86.927727      -0.085423      61.900864       0.055598     -12.752681       0.061682      -2.300762      -1.402365     -15.725183      -1.898454     -90.003677     -32.615128      89.994102     -92.508644      -3.719365     -84.858849       7.631646     -19.760115      81.284363       0.071827     -58.594238       0.034449      16.105000      -0.252163      -2.299231      -0.958749      -4.622736      15.358458     -90.004745     -32.618515      89.992874     212.236557      83.456802    -292.710114      89.035408      47.487289      89.697304      -5.853436      -2.800772      18.573126    -168.739914      83.094917     -16.844185      -0.261869      -4.043971     -21.007481     124.744156      81.479439    -214.817139     -91.083900     -27.251551      90.249001       4.595022       5.983898      -0.470273      -4.139250     -82.956558     172.603897      -5.187612       2.721112     -23.272890
      40.239792       5.989058      -9.452230     -23.088709      35.469921     -71.834892     236.038391     -69.812813     327.261597     -15.505388       3.999965     -12.430689     -13.222960       9.080882     -27.955517       3.261241      15.502714      -2.667264      -2.708205      14.770800      32.492855      94.008896      -4.907690     -84.997261      19.695879       8.683210      87.047562      -0.083805      61.661549       0.052798     -12.752247       0.061810      -2.301337      -1.423166     -15.723937      -1.872383     -90.003601     -32.615471      89.994095     -92.188370      -3.566569     -84.735687       7.795894     -19.784046      81.141747       0.072331     -58.676849       0.036550      16.054272      -0.249287      -2.299195      -0.978062      -4.536880      15.636312     -90.004753     -32.618801      89.992882     213.354279      83.008064    -293.710724      89.034996      47.350796      89.698326      -5.687913      -2.842835      18.507296    -168.745972      83.091949     -16.806124      -0.265334      -4.052783     -20.977646     127.336609      81.601372    -217.226089     -91.083717     -27.110775      90.248383       4.361252       6.119768      -0.530211      -3.724215     -82.996376     172.693253      -5.197186       2.668856     -23.273441
      40.246449       5.993009      -9.484689     -23.361916      35.529751     -71.914391     235.677856     -69.798203     327.157990     -15.563759       4.147261     -12.776589     -13.206523       9.074340     -27.926653       3.205513      15.250172      -2.877417      -2.812641      14.834944      32.789516      93.965958      -4.777577     -85.244324      19.558128       8.668825      87.081642      -0.083728      61.575291       0.052181     -12.756210       0.062674      -2.301595      -1.469784     -15.719677      -1.932680     -90.003548     -32.615814      89.994133     -92.147713      -3.475022     -84.709808       7.865807     -19.679359      81.059814       0.072788     -58.787991       0.037768      16.003727      -0.246535      -2.299260      -0.994170      -4.456568      15.892574     -90.004753     -32.619080      89.992874     214.246857      82.642502    -294.506317      89.034058      47.225170      89.699097      -5.557236      -2.906390      18.455105    -168.724442      83.089188     -16.802801      -0.267974      -4.060890     -20.949806     129.514893      81.683540    -219.268509     -91.083900     -26.999775      90.248070       4.144655       6.245053      -0.590695      -3.321000     -83.041588     172.754959      -5.205870       2.622462     -23.272461
      40.253716       5.996084      -9.504646     -23.508160      35.574696     -72.008217     235.334167     -69.818504     327.034424     -15.593221       4.296338     -13.076438     -13.174788       9.057437     -27.914122       3.187940      15.087008      -3.028278      -2.875504      14.877033      33.036564      93.857330      -4.691023     -85.407990      19.440218       8.656672      87.113647      -0.083889      61.539463       0.052010     -12.758938       0.063431      -2.301745      -1.513832     -15.715569      -1.999876     -90.003479     -32.616135      89.994225     -92.112259      -3.398426     -84.686501       7.951634     -19.628674      80.990921       0.073309     -58.867413       0.039014      15.959023      -0.244017      -2.299307      -1.001395      -4.325490      16.155529     -90.004753     -32.619366      89.992874     215.035782      82.348030    -295.213715      89.033325      47.105980      89.699867      -5.460750      -3.002337      18.403635    -168.678711      83.087265     -16.828770      -0.270228      -4.068848     -20.922455     131.376724      81.732330    -221.037643     -91.084015     -26.916071      90.247879       3.942428       6.364985      -0.652411      -2.922436     -83.094193     172.793030      -5.214069       2.579438     -23.271137
      40.260250       5.998698      -9.516201     -23.577633      35.607395     -72.095322     235.027023     -69.836975     326.919067     -15.609516       4.420587     -13.322511     -13.150347       9.045273     -27.905954       3.206977      15.001725      -3.166555      -2.904408      14.918383      33.230011      93.768456      -4.630925     -85.519669      19.357534       8.644718      87.135239      -0.084062      61.519554       0.052025     -12.762219       0.064050      -2.301804      -1.557209     -15.712142      -2.054588     -90.003448     -32.616463      89.994270     -92.077209      -3.332182     -84.664543       8.038980     -19.586414      80.939171       0.073786     -58.931747       0.039985      15.917515      -0.241717      -2.299403      -1.006238      -4.175190      16.387524     -90.004738     -32.619648      89.992882     215.863678      82.089012    -295.984741      88.991501      47.023060      89.686981      -5.401712      -3.168515      18.324640    -168.587311      83.089340     -16.903511      -0.270982      -4.077846     -20.894245     132.959839      81.819565    -222.564713     -91.265572     -26.848330      90.286781       3.730392       6.470551      -0.720145      -2.575577     -83.185608     172.747238      -5.219130       2.554398     -23.269022
      40.271873       5.999966      -9.514753     -23.500172      35.681358     -72.222359     234.625244     -69.859756     326.706879     -15.653906       4.582727     -13.564452     -13.145159       9.040376     -27.898798       3.248164      14.966164      -3.301983      -2.912398      14.962861      33.382034      93.709404      -4.590095     -85.593857      19.305838       8.630648      87.147507      -0.084147      61.500648       0.052059     -12.764811       0.064472      -2.301826      -1.593532     -15.709727      -2.087600     -90.003426     -32.616776      89.994301     -92.039780      -3.276844     -84.642227       8.122452     -19.525839      80.898399       0.074193     -58.994080       0.040635      15.876310      -0.239404      -2.299484      -1.015019      -4.005593      16.607794     -90.004723     -32.619926      89.992882     216.577408      81.888222    -296.583649      89.014778      46.896324      89.695625      -5.362535      -3.345155      18.242865    -168.523285      83.089706     -16.952442      -0.275174      -4.086932     -20.863411     134.766281      81.754364    -224.291550     -91.176659     -26.796091      90.267860       3.565212       6.579068      -0.763638      -2.133758     -83.195244     172.843140      -5.228977       2.500480     -23.271759
      40.284470       6.000919      -9.504877     -23.339727      35.749393     -72.362328     234.205307     -69.880714     326.489868     -15.703815       4.741037     -13.789474     -13.159540       9.045446     -27.889929       3.299677      14.962202      -3.430868      -2.908057      15.008309      33.499207      93.664536      -4.568735     -85.634132      19.279493       8.613637      87.142555      -0.084167      61.481335       0.052101     -12.766733       0.064743      -2.301808      -1.621282     -15.708404      -2.093995     -90.003403     -32.617096      89.994316     -91.999947      -3.230396     -84.618568       8.201427     -19.443531      80.867378       0.074539     -59.055763       0.041059      15.835929      -0.237162      -2.299601      -1.025359      -3.833323      16.816204     -90.004700     -32.620182      89.992897     217.349289      81.746964    -297.243530      89.024101      46.768707      89.699692      -5.344711      -3.544404      18.163847    -168.435257      83.091629     -17.027548      -0.277973      -4.095152     -20.833912     136.144638      81.702148    -225.619705     -91.127937     -26.773396      90.257477       3.422335       6.639297      -0.781468      -1.818305     -83.259995     172.841751      -5.238695       2.440412     -23.276285
      40.297405       6.001322      -9.489598     -23.127729      35.817024     -72.504890     233.791412     -69.895874     326.274811     -15.754492       4.891322     -13.998096     -13.185410       9.056170     -27.880280       3.356367      14.979710      -3.546292      -2.894730      15.051309      33.588428      93.626030      -4.563221     -85.641640      19.270088       8.592385      87.115547      -0.084147      61.461281       0.052143     -12.768111       0.064921      -2.301772      -1.641297     -15.708062      -2.075293     -90.003387     -32.617397      89.994331     -91.959099      -3.189973     -84.594208       8.278573     -19.353127      80.843277       0.074853     -59.115398       0.041368      15.796728      -0.235004      -2.299724      -1.035254      -3.672442      16.999577     -90.004700     -32.620449      89.992897     218.119644      81.634377    -297.903564      89.027298      46.648151      89.701691      -5.344738      -3.767537      18.077442    -168.336029      83.094330     -17.115667      -0.280845      -4.103419     -20.804028     137.282516      81.651268    -226.725281     -91.103874     -26.773167      90.252502       3.300541       6.646930      -0.768820      -1.568646     -83.321533     172.795105      -5.247636       2.386958     -23.278225
      40.310852       6.001350      -9.470519     -22.878256      35.888462     -72.650192     233.380981     -69.905457     326.059296     -15.806164       5.038404     -14.199684     -13.218081       9.069818     -27.870388       3.416667      15.013299      -3.648442      -2.874151      15.090953      33.655952      93.593056      -4.568021     -85.623657      19.273485       8.566663      87.071068      -0.084108      61.440155       0.052177     -12.768990       0.065024      -2.301734      -1.655773     -15.708462      -2.037578     -90.003372     -32.617710      89.994347     -91.917107      -3.154339     -84.569603       8.354893     -19.258657      80.823952       0.075125     -59.173523       0.041617      15.758509      -0.232911      -2.299845      -1.044714      -3.524137      17.159996     -90.004700     -32.620708      89.992897     218.894455      81.540215    -298.564636      89.027870      46.530991      89.702827      -5.357358      -4.009706      17.983599    -168.229813      83.097710     -17.211725      -0.283895      -4.111714     -20.773680     138.288620      81.597549    -227.707108     -91.092628     -26.787655      90.250328       3.196980       6.614317      -0.729792      -1.375405     -83.379791     172.714417      -5.256484       2.335075     -23.280172
      40.324768       6.001113      -9.448820     -22.602083      35.964088     -72.798264     232.972702     -69.910576     325.842163     -15.858825       5.183941     -14.396994     -13.255414       9.085177     -27.860434       3.479722      15.058927      -3.739796      -2.847892      15.127662      33.706871      93.565010      -4.579421     -85.586845      19.286591       8.537240      87.013512      -0.084064      61.417854       0.052198     -12.769501       0.065071      -2.301699      -1.666277     -15.709371      -1.986237     -90.003372     -32.618008      89.994331     -91.874138      -3.122420     -84.544823       8.430332     -19.161825      80.807838       0.075373     -59.230614       0.041822      15.721101      -0.230864      -2.299963      -1.054156      -3.387292      17.301416     -90.004700     -32.620964      89.992889     219.674606      81.457359    -299.226990      89.027519      46.415310      89.703644      -5.378719      -4.266536      17.882860    -168.119522      83.101707     -17.312305      -0.287141      -4.119984     -20.742937     139.221268      81.539467    -228.619522     -91.087494     -26.813063      90.249504       3.109631       6.549685      -0.669447      -1.236301     -83.433632     172.607269      -5.265351       2.284019     -23.282789
      40.339062       6.000681      -9.425329     -22.307209      36.043015     -72.948692     232.566513     -69.912132     325.623871     -15.912164       5.328459     -14.591456     -13.296111       9.101608     -27.850475       3.544752      15.113482      -3.822510      -2.817272      15.161919      33.744995      93.540833      -4.594827     -85.536621      19.307062       8.504964      86.946457      -0.083979      61.394604       0.052177     -12.769736       0.065094      -2.301668      -1.673882     -15.710665      -1.925124     -90.003380     -32.618298      89.994316     -91.830307      -3.093390     -84.519875       8.504819     -19.063456      80.793922       0.075588     -59.286976       0.041994      15.684344      -0.228847      -2.300080      -1.063557      -3.259830      17.428530     -90.004684     -32.621201      89.992897     220.458557      81.381271    -299.889648      89.026779      46.300297      89.704330      -5.406127      -4.534394      17.776205    -168.006882      83.106247     -17.415409      -0.290535      -4.128193     -20.711948     140.100388      81.477898    -229.480972     -91.085098     -26.847239      90.249268       3.037359       6.459849      -0.592700      -1.148914     -83.481468     172.481689      -5.274251       2.233535     -23.286152
      40.353615       6.000104      -9.400659     -21.999756      36.124226     -73.100868     232.163315     -69.910606     325.405579     -15.965797       5.471757     -14.783617     -13.339039       9.118718     -27.840498       3.611129      15.174309      -3.898751      -2.783474      15.194208      33.773586      93.519379      -4.612466     -85.476959      19.333128       8.470419      86.872612      -0.083896      61.370636       0.052158     -12.769764       0.065099      -2.301643      -1.679400     -15.712240      -1.856956     -90.003372     -32.618599      89.994316     -91.785881      -3.066666     -84.494843       8.578322     -18.964293      80.781586       0.075809     -59.342712       0.042174      15.648136      -0.226861      -2.300193      -1.073003      -3.139768      17.544987     -90.004684     -32.621441      89.992897     221.241760      81.308701    -300.549255      89.026039      46.185726      89.705002      -5.437644      -4.810241      17.664618    -167.893051      83.111214     -17.519770      -0.294040      -4.136324     -20.680840     140.936584      81.413879    -230.301331     -91.083755     -26.888546      90.249260       2.978959       6.350090      -0.503623      -1.109799     -83.521843     172.344803      -5.283161       2.183613     -23.289999
      40.367180       5.999151      -9.375979     -21.698917      36.205978     -73.240837     231.839294     -69.906799     325.164154     -16.017788       5.559667     -14.859748     -13.409441       9.145693     -27.829206       3.682283      15.242203      -4.007729      -2.752470      15.235555      33.802898      93.506744      -4.634445     -85.422050      19.379236       8.426824      86.802048      -0.083797      61.345200       0.052114     -12.769319       0.065066      -2.301627      -1.682127     -15.714054      -1.783054     -90.003380     -32.618881      89.994308     -91.750244      -3.033251     -84.461807       8.636400     -18.857981      80.768463       0.076006     -59.396317       0.042347      15.612892      -0.224933      -2.300308      -1.081328      -3.030152      17.648697     -90.004684     -32.621685      89.992889     221.953979      81.235817    -301.140106      89.025383      46.081333      89.705612      -5.473714      -5.088041      17.552357    -167.778946      83.116013     -17.625422      -0.297801      -4.144353     -20.649874     141.732101      81.340317    -231.082016     -91.083122     -26.937925      90.249428       2.934172       6.226365      -0.405956      -1.112759     -83.553635     172.204880      -5.292212       2.133418     -23.294180
      40.378754       5.998300      -9.351978     -21.416319      36.280807     -73.359703     231.634171     -69.894943     324.951782     -16.063717       5.580746     -14.831986     -13.513702       9.182000     -27.813520       3.755157      15.310700      -4.150786      -2.727498      15.291612      33.835300      93.495338      -4.658380     -85.380119      19.443304       8.377825      86.738457      -0.083707      61.318516       0.052072     -12.768509       0.065005      -2.301602      -1.681477     -15.716206      -1.700073     -90.003372     -32.619164      89.994316     -91.724892      -2.992234     -84.418518       8.676099     -18.745031      80.751694       0.076185     -59.447384       0.042508      15.577914      -0.223020      -2.300383      -1.089614      -2.930893      17.744579     -90.004692     -32.621914      89.992882     222.548004      81.166634    -301.624634      89.024757      45.994308      89.706123      -5.514457      -5.357339      17.449532    -167.662109      83.119553     -17.736532      -0.301622      -4.152076     -20.619900     142.454285      81.256981    -231.795746     -91.082489     -26.995382      90.249611       2.901768       6.094202      -0.304123      -1.150024     -83.576851     172.067596      -5.301457       2.082886     -23.298090
      40.387482       5.998007      -9.330841     -21.172995      36.338966     -73.453751     231.493118     -69.866905     324.814423     -16.096310       5.579504     -14.818428     -13.609841       9.216186     -27.796768       3.826657      15.378881      -4.282072      -2.701311      15.344618      33.864445      93.483353      -4.677588     -85.340179      19.503668       8.330588      86.675934      -0.083595      61.292614       0.052006     -12.767765       0.064961      -2.301589      -1.680384     -15.718465      -1.613404     -90.003372     -32.619438      89.994316     -91.699921      -2.952808     -84.376610       8.716361     -18.642275      80.734856       0.076330     -59.494896       0.042681      15.543777      -0.221154      -2.300504      -1.096540      -2.843787      17.826216     -90.004684     -32.622143      89.992882     223.038239      81.056160    -302.041626      89.009903      45.951992      89.701653      -5.566549      -5.653109      17.321287    -167.521500      83.125046     -17.870754      -0.303638      -4.160570     -20.590530     143.090469      81.250229    -232.442078     -91.266502     -27.053070      90.289268       2.866750       5.928847      -0.200693      -1.259861     -83.598511     171.861694      -5.307602       2.049772     -23.296236
      40.398811       5.997921      -9.308097     -20.906563      36.427689     -73.562370     231.338120     -69.835403     324.641663     -16.140144       5.589157     -14.806949     -13.710887       9.249485     -27.780680       3.899409      15.446463      -4.420764      -2.676318      15.399563      33.897976      93.477310      -4.693781     -85.304413      19.566011       8.282282      86.616920      -0.083509      61.266251       0.051952     -12.767231       0.064925      -2.301579      -1.678368     -15.720751      -1.526847     -90.003357     -32.619713      89.994324     -91.675507      -2.914601     -84.332588       8.751444     -18.537905      80.715019       0.076480     -59.541920       0.042823      15.509237      -0.219241      -2.300557      -1.104338      -2.753657      17.911921     -90.004684     -32.622375      89.992882     223.559525      80.974205    -302.440277      89.018196      45.868011      89.705040      -5.607102      -5.922804      17.213203    -167.419342      83.127281     -17.967609      -0.309101      -4.168839     -20.559477     143.949295      81.110573    -233.283554     -91.176094     -27.134962      90.270454       2.857199       5.788829      -0.072008      -1.307829     -83.602913     171.791916      -5.319829       1.982437     -23.306767
      40.409405       5.998267      -9.286278     -20.652462      36.502151     -73.668755     231.192947     -69.806274     324.493011     -16.178402       5.592680     -14.800289     -13.813245       9.282879     -27.763636       3.971606      15.511812      -4.560330      -2.652421      15.455613      33.933723      93.470718      -4.707706     -85.271545      19.627981       8.235061      86.559128      -0.083419      61.240185       0.051885     -12.766672       0.064883      -2.301567      -1.673613     -15.723114      -1.438766     -90.003357     -32.619976      89.994316     -91.650345      -2.876494     -84.287079       8.785848     -18.431408      80.693298       0.076626     -59.589870       0.042967      15.475112      -0.217355      -2.300646      -1.114048      -2.661376      18.000547     -90.004684     -32.622597      89.992882     224.076981      80.907990    -302.848267      89.020897      45.784546      89.706604      -5.644353      -6.170470      17.123764    -167.308487      83.129082     -18.073395      -0.312800      -4.175625     -20.531206     144.621429      81.009193    -233.944229     -91.126335     -27.204178      90.259995       2.847549       5.646320       0.032417      -1.407543     -83.604431     171.680283      -5.329311       1.932014     -23.308439
      40.418850       5.998698      -9.266388     -20.422560      36.569962     -73.764412     231.066772     -69.774429     324.364807     -16.210350       5.590819     -14.797211     -13.909900       9.314551     -27.746729       4.043908      15.576691      -4.695371      -2.627897      15.510265      33.970051      93.467522      -4.717810     -85.241768      19.686731       8.189499      86.504265      -0.083335      61.214375       0.051817     -12.766111       0.064849      -2.301565      -1.668369     -15.725438      -1.352082     -90.003372     -32.620235      89.994301     -91.625717      -2.837303     -84.241745       8.821478     -18.331110      80.669724       0.076756     -59.635906       0.043079      15.441581      -0.215502      -2.300725      -1.122302      -2.576163      18.080475     -90.004684     -32.622814      89.992889     224.535965      80.834976    -303.208954      89.021698      45.712254      89.707458      -5.680626      -6.408904      17.037512    -167.196548      83.130478     -18.180607      -0.316082      -4.182059     -20.503986     145.250565      80.921005    -234.565689     -91.101479     -27.272125      90.254829       2.838299       5.505576       0.133148      -1.516245     -83.604340     171.565552      -5.338217       1.884163     -23.309231
      40.427471       5.999179      -9.248195     -20.213234      36.633904     -73.852081     230.952133     -69.741623     324.247528     -16.238352       5.586861     -14.796032     -14.001146       9.344641     -27.730188       4.116513      15.640898      -4.827499      -2.602857      15.563951      34.007290      93.469261      -4.724307     -85.215912      19.742153       8.146192      86.453644      -0.083251      61.188572       0.051739     -12.765589       0.064824      -2.301561      -1.663085     -15.727704      -1.267970     -90.003372     -32.620499      89.994301     -91.601830      -2.796845     -84.196785       8.857844     -18.236910      80.644356       0.076883     -59.680279       0.043209      15.408441      -0.213668      -2.300802      -1.129601      -2.495744      18.154564     -90.004684     -32.623024      89.992889     224.946030      80.752655    -303.528076      89.021790      45.647915      89.707985      -5.715433      -6.641565      16.952156    -167.085510      83.131584     -18.287052      -0.319262      -4.188399     -20.477262     145.866058      80.839104    -235.175217     -91.089745     -27.340204      90.252495       2.830405       5.366675       0.232402      -1.627924     -83.603104     171.452057      -5.347062       1.836504     -23.309860
      40.435265       5.999759      -9.231869     -20.026089      36.690510     -73.933105     230.842957     -69.711319     324.138062     -16.261599       5.581934     -14.795911     -14.086567       9.373051     -27.714197       4.189197      15.703779      -4.956940      -2.577503      15.616722      34.045818      93.475685      -4.727682     -85.193558      19.793905       8.105620      86.407036      -0.083154      61.162849       0.051651     -12.765141       0.064797      -2.301558      -1.657825     -15.729897      -1.186273     -90.003365     -32.620754      89.994308     -91.578461      -2.755362     -84.152405       8.894960     -18.148741      80.617393       0.077006     -59.723183       0.043346      15.375616      -0.211860      -2.300873      -1.137107      -2.417694      18.225437     -90.004692     -32.623238      89.992874     225.437286      80.677834    -303.935577      88.988968      45.587868      89.698448      -5.745645      -6.874717      16.876209    -166.973297      83.132729     -18.395319      -0.322550      -4.194473     -20.450783     146.510895      80.756439    -235.820892     -91.084282     -27.412861      90.251556       2.823013       5.228583       0.331092      -1.738503     -83.601929     171.339371      -5.355820       1.789095     -23.310366
      40.442898       6.000242      -9.216404     -19.847637      36.750214     -74.011436     230.733627     -69.680801     324.023132     -16.284864       5.580017     -14.795362     -14.168331       9.400338     -27.698692       4.261837      15.765059      -5.085631      -2.552297      15.669059      34.086029      93.486115      -4.728766     -85.174637      19.842733       8.067643      86.364296      -0.083072      61.137295       0.051575     -12.764743       0.064773      -2.301561      -1.652483     -15.732035      -1.106529     -90.003357     -32.620998      89.994316     -91.555618      -2.712857     -84.108376       8.932219     -18.065197      80.589111       0.077126     -59.765057       0.043487      15.342953      -0.210036      -2.300938      -1.145322      -2.339490      18.296272     -90.004684     -32.623440      89.992882     225.703979      80.570229    -304.122009      89.007950      45.534199      89.704620      -5.778188      -7.093085      16.786657    -166.865707      83.133347     -18.497984      -0.325487      -4.200778     -20.424770     147.101654      80.682449    -236.405365     -91.081856     -27.478704      90.251160       2.814909       5.096931       0.425800      -1.845792     -83.600250     171.232147      -5.364645       1.741907     -23.310793
      40.450115       6.000810      -9.201877     -19.680195      36.807125     -74.086174     230.628555     -69.650955     323.912750     -16.306309       5.577838     -14.795196     -14.246848       9.426775     -27.683468       4.334026      15.824632      -5.213008      -2.527347      15.720882      34.127159      93.498642      -4.728354     -85.158287      19.889042       8.031898      86.324356      -0.082982      61.112141       0.051501     -12.764393       0.064753      -2.301562      -1.646882     -15.734138      -1.027798     -90.003349     -32.621250      89.994324     -91.532997      -2.669808     -84.064835       8.969730     -17.985512      80.560196       0.077241     -59.806183       0.043613      15.310454      -0.208236      -2.300990      -1.154262      -2.260188      18.368500     -90.004684     -32.623638      89.992882     225.984955      80.462524    -304.325775      89.015625      45.482639      89.707359      -5.808362      -7.310914      16.702023    -166.760574      83.133926     -18.598278      -0.328550      -4.206858     -20.399185     147.686264      80.609169    -236.985596     -91.080536     -27.545649      90.251045       2.806163       4.967550       0.518645      -1.949525     -83.599266     171.125885      -5.373289       1.695384     -23.311117
      40.456963       6.001384      -9.188353     -19.523989      36.860809     -74.158043     230.523209     -69.623329     323.802399     -16.325579       5.576682     -14.794887     -14.321609       9.452136     -27.668699       4.405883      15.882695      -5.338743      -2.502524      15.772038      34.169289      93.513313      -4.726602     -85.143753      19.932791       7.998083      86.286690      -0.082899      61.087334       0.051426     -12.764085       0.064734      -2.301562      -1.641068     -15.736197      -0.950109     -90.003365     -32.621483      89.994316     -91.510452      -2.626384     -84.021896       9.007692     -17.909885      80.530746       0.077354     -59.846382       0.043744      15.278195      -0.206442      -2.301048      -1.163610      -2.180703      18.441050     -90.004684     -32.623840      89.992882     226.259064      80.351715    -304.526947      89.018471      45.433674      89.708603      -5.836607      -7.525997      16.618404    -166.656143      83.134483     -18.697880      -0.331565      -4.212921     -20.373840     148.272949      80.535820    -237.570038     -91.079872     -27.613260      90.251060       2.796247       4.841147       0.609605      -2.047735     -83.599236     171.021439      -5.381853       1.649381     -23.311405
      40.463501       6.001958      -9.175730     -19.377718      36.911808     -74.227554     230.416382     -69.598045     323.690643     -16.343010       5.577018     -14.794207     -14.392790       9.476472     -27.654406       4.477500      15.939357      -5.463096      -2.477809      15.822601      34.212379      93.530098      -4.723770     -85.130585      19.974167       7.966033      86.250969      -0.082823      61.062805       0.051362     -12.763808       0.064718      -2.301564      -1.635074     -15.738238      -0.873550     -90.003349     -32.621727      89.994324     -91.487961      -2.582661     -83.979614       9.046041     -17.838095      80.500854       0.077464     -59.885738       0.043870      15.246169      -0.204667      -2.301108      -1.173332      -2.101093      18.513695     -90.004684     -32.624035      89.992889     226.518402      80.236877    -304.717133      89.019325      45.386944      89.709190      -5.863191      -7.738103      16.535330    -166.553009      83.134987     -18.796137      -0.334573      -4.218935     -20.348757     148.858444      80.462585    -238.154846     -91.079247     -27.680923      90.251106       2.785024       4.718110       0.698517      -2.139525     -83.600212     170.919739      -5.390323       1.603832     -23.311768
      40.469761       6.002531      -9.163906     -19.240202      36.960438     -74.295036     230.307663     -69.575058     323.576935     -16.358849       5.579013     -14.793059     -14.460641       9.499858     -27.640585       4.548881      15.994665      -5.586215      -2.453206      15.872644      34.256378      93.548706      -4.720140     -85.118477      20.013351       7.935627      86.216911      -0.082747      61.038540       0.051293     -12.763555       0.064702      -2.301564      -1.628890     -15.740229      -0.798055     -90.003357     -32.621956      89.994331     -91.465485      -2.538732     -83.937981       9.084738     -17.769897      80.470657       0.077580     -59.924301       0.043990      15.214376      -0.202909      -2.301147      -1.183406      -2.021348      18.586451     -90.004684     -32.624233      89.992889     226.759720      80.117767    -304.892853      89.019592      45.342319      89.709587      -5.888386      -7.947287      16.452480    -166.451187      83.135475     -18.893026      -0.337547      -4.224893     -20.323954     149.440277      80.389709    -238.737183     -91.078812     -27.748306      90.251205       2.772422       4.598456       0.785298      -2.224746     -83.602127     170.821091      -5.398694       1.558800     -23.312195
      40.472290       6.003529      -9.162103     -19.204878      36.975273     -74.337929     230.210464     -69.577492     323.474213     -16.351398       5.581697     -14.790893     -14.494851       9.509929     -27.632626       4.621286      16.045479      -5.688854      -2.424751      15.916385      34.306885      93.581558      -4.708906     -85.100052      20.035707       7.912418      86.183304      -0.082660      61.013206       0.051205     -12.763682       0.064707      -2.301575      -1.624599     -15.742041      -0.729262     -90.003372     -32.622192      89.994308     -91.436531      -2.499641     -83.902710       9.131822     -17.716036      80.436852       0.077698     -59.960346       0.044135      15.183516      -0.201209      -2.301212      -1.191491      -1.950010      18.645542     -90.004684     -32.624428      89.992882     226.850906      80.004494    -304.949036      89.019150      45.294426      89.710083      -5.885579      -8.071567      16.434700    -166.380768      83.129539     -18.962599      -0.342295      -4.228941     -20.301130     149.743332      80.371666    -239.059128     -91.083397     -27.792011      90.250443       2.766004       4.564266       0.822053      -2.231628     -83.598419     170.829987      -5.409864       1.502595     -23.314510
      40.471729       6.003234      -9.169106     -19.264160      36.976681     -74.353264     230.093063     -69.608879     323.333221     -16.332087       5.611077     -14.779718     -14.489856       9.507878     -27.631035       4.696349      16.091219      -5.773662      -2.391656      15.952690      34.367783      93.638252      -4.688527     -85.079163      20.036703       7.901806      86.156334      -0.082589      60.986153       0.051121     -12.764141       0.064724      -2.301587      -1.623230     -15.743520      -0.672845     -90.003365     -32.622410      89.994316     -91.398293      -2.467000     -83.876091       9.187670     -17.674021      80.399178       0.077835     -59.998348       0.044306      15.153062      -0.199509      -2.301290      -1.199692      -1.878203      18.695845     -90.004684     -32.624615      89.992882     226.903870      79.884972    -304.993927      88.989418      45.274204      89.701279      -5.868908      -8.154134      16.446224    -166.296219      83.122116     -19.046671      -0.344539      -4.231438     -20.281818     150.197083      80.342865    -239.536148     -91.081322     -27.833923      90.249252       2.749097       4.539014       0.844427      -2.226497     -83.596779     170.843719      -5.419259       1.452207     -23.314989
      40.471794       6.004626      -9.176151     -19.328705      36.981598     -74.370682     229.970718     -69.638611     323.188232     -16.314592       5.643992     -14.768147     -14.483462       9.506599     -27.630493       4.772388      16.132795      -5.870080      -2.360455      15.991362      34.435802      93.705795      -4.667672     -85.066818      20.033968       7.898811      86.139725      -0.082496      60.959137       0.051040     -12.764566       0.064735      -2.301594      -1.622061     -15.744875      -0.620805     -90.003365     -32.622639      89.994316     -91.362076      -2.430851     -83.849854       9.240273     -17.636045      80.359863       0.077984     -60.038136       0.044493      15.122622      -0.197813      -2.301339      -1.209004      -1.803725      18.747822     -90.004684     -32.624794      89.992882     226.796219      79.730835    -304.877289      89.006805      45.252888      89.706703      -5.852008      -8.224086      16.446655    -166.219330      83.114944     -19.120985      -0.346290      -4.233618     -20.263674     150.647003      80.336205    -239.987213     -91.080643     -27.854948      90.249062       2.728539       4.509074       0.866501      -2.219856     -83.598511     170.844971      -5.427834       1.406188     -23.314014
      40.471600       6.005097      -9.184164     -19.399420      36.986561     -74.387161     229.821884     -69.676369     323.014374     -16.298578       5.690767     -14.751767     -14.471021       9.504297     -27.630524       4.846752      16.169617      -5.964802      -2.330315      16.029285      34.506634      93.775772      -4.646668     -85.057304      20.025202       7.902197      86.127167      -0.082420      60.933353       0.050977     -12.765122       0.064759      -2.301596      -1.620569     -15.746250      -0.568222     -90.003357     -32.622845      89.994316     -91.325417      -2.394467     -83.825508       9.293358     -17.603397      80.320282       0.078113     -60.078159       0.044654      15.092145      -0.196118      -2.301378      -1.219336      -1.727160      18.806381     -90.004677     -32.624981      89.992889     226.715240      79.577423    -304.789520      89.013985      45.234898      89.708992      -5.833436      -8.294063      16.447790    -166.141708      83.107903     -19.195765      -0.347894      -4.235919     -20.245556     151.112915      80.322762    -240.459351     -91.080353     -27.880703      90.248871       2.700933       4.486751       0.881697      -2.191818     -83.605850     170.846039      -5.435770       1.363652     -23.312895
      40.471249       6.005752      -9.192688     -19.475473      36.987568     -74.403183     229.667618     -69.717484     322.838135     -16.281755       5.739966     -14.734508     -14.456131       9.501538     -27.630980       4.919740      16.203064      -6.059941      -2.301419      16.067122      34.579449      93.845955      -4.626606     -85.049370      20.013363       7.908973      86.116768      -0.082349      60.908649       0.050922     -12.765765       0.064804      -2.301596      -1.618415     -15.747661      -0.514082     -90.003365     -32.623062      89.994316     -91.288887      -2.357651     -83.802132       9.346256     -17.574028      80.280998       0.078249     -60.117981       0.044816      15.061698      -0.194419      -2.301410      -1.230528      -1.647972      18.871204     -90.004684     -32.625149      89.992882     226.640396      79.418945    -304.712494      89.016731      45.218338      89.709930      -5.813598      -8.365130      16.447001    -166.064453      83.101173     -19.269901      -0.349511      -4.238365     -20.227371     151.572067      80.325684    -240.925415     -91.109306     -27.899738      90.254913       2.669161       4.468606       0.892036      -2.153646     -83.617111     170.842010      -5.443297       1.323925     -23.311577
      40.471230       6.006079      -9.201285     -19.549580      36.993023     -74.422264     229.489655     -69.762886     322.633667     -16.267061       5.799583     -14.713916     -14.437323       9.498161     -27.632282       4.992312      16.234280      -6.155351      -2.273103      16.104223      34.654755      93.918030      -4.607363     -85.041222      19.998573       7.918052      86.107513      -0.082288      60.884579       0.050874     -12.766451       0.064849      -2.301596      -1.615893     -15.749079      -0.459976     -90.003357     -32.623272      89.994331     -91.251755      -2.321122     -83.780037       9.399267     -17.546741      80.241730       0.078382     -60.157341       0.044961      15.031452      -0.192729      -2.301433      -1.242100      -1.567240      18.940292     -90.004684     -32.625324      89.992882     226.589203      79.260361    -304.654266      89.017677      45.198891      89.710350      -5.792017      -8.436773      16.445681    -165.987671      83.094704     -19.343384      -0.351176      -4.240902     -20.209097     152.099945      80.297737    -241.458771     -91.091896     -27.926792      90.251282       2.639218       4.453097       0.906826      -2.096641     -83.629509     170.853348      -5.451402       1.279552     -23.312634
      40.471676       6.006523      -9.208768     -19.609863      36.997269     -74.447479     229.300049     -69.808769     322.423492     -16.254459       5.860456     -14.692753     -14.422764       9.496534     -27.632795       5.063760      16.263638      -6.254921      -2.246493      16.142920      34.730415      93.986656      -4.590747     -85.033669      19.984980       7.927604      86.098244      -0.082206      60.861324       0.050808     -12.767118       0.064890      -2.301594      -1.612333     -15.750525      -0.403823     -90.003357     -32.623470      89.994316     -91.216286      -2.283149     -83.757385       9.450541     -17.520643      80.203308       0.078502     -60.196186       0.045097      15.001281      -0.191042      -2.301471      -1.254344      -1.484716      19.013287     -90.004684     -32.625496      89.992882     226.564362      79.104599    -304.621979      89.018005      45.175423      89.710617      -5.771613      -8.513591      16.440670    -165.910599      83.088844     -19.416702      -0.352816      -4.243508     -20.190723     152.612686      80.274986    -241.979233     -91.084457     -27.952133      90.249672       2.604973       4.436237       0.918625      -2.035634     -83.644753     170.858047      -5.458853       1.239763     -23.312733
      40.471992       6.007085      -9.216555     -19.673103      37.001442     -74.471619     229.109406     -69.854973     322.210663     -16.241402       5.922332     -14.671190     -14.405026       9.494138     -27.633863       5.134778      16.292011      -6.352811      -2.219983      16.180691      34.806610      94.054619      -4.575222     -85.024055      19.969748       7.937654      86.087761      -0.082122      60.838566       0.050738     -12.767799       0.064928      -2.301588      -1.608325     -15.751984      -0.347460     -90.003357     -32.623676      89.994331     -91.180000      -2.246025     -83.735832       9.502411     -17.495827      80.165413       0.078611     -60.234299       0.045207      14.971409      -0.189393      -2.301497      -1.267378      -1.401350      19.088829     -90.004684     -32.625664      89.992882     226.533997      78.943916    -304.585297      89.018158      45.153679      89.710800      -5.751122      -8.592683      16.432835    -165.834015      83.083191     -19.489540      -0.354553      -4.246287     -20.172234     153.142014      80.251236    -242.515533     -91.081650     -27.976418      90.249077       2.571036       4.421096       0.931248      -1.968045     -83.660019     170.870071      -5.466409       1.198979     -23.313711
      40.472130       6.007170      -9.224755     -19.737514      37.005527     -74.495506     228.910934     -69.904068     321.987793     -16.228786       5.988380     -14.647874     -14.384454       9.490796     -27.635260       5.205224      16.319288      -6.448164      -2.193477      16.217854      34.882835      94.121346      -4.560571     -85.012177      19.952795       7.948443      86.075722      -0.082041      60.816128       0.050672     -12.768495       0.064971      -2.301591      -1.603950     -15.753448      -0.291178     -90.003365     -32.623875      89.994324     -91.142723      -2.210003     -83.715347       9.555230     -17.472540      80.128189       0.078732     -60.272350       0.045329      14.941710      -0.187739      -2.301540      -1.281615      -1.316162      19.165703     -90.004684     -32.625824      89.992882     226.499573      78.782127    -304.546509      89.018211      45.134285      89.710945      -5.730810      -8.671808      16.424095    -165.758102      83.077599     -19.561531      -0.356294      -4.249121     -20.153805     153.668777      80.224228    -243.054031     -91.080475     -28.004618      90.248695       2.535714       4.409560       0.940932      -1.892067     -83.675301     170.891541      -5.473833       1.159173     -23.314964
      40.471691       6.007543      -9.234720     -19.820589      37.001724     -74.516548     228.708893     -69.959869     321.762909     -16.212261       6.055719     -14.624003     -14.356563       9.484995     -27.638081       5.275958      16.345465      -6.540292      -2.166355      16.253725      34.960861      94.190727      -4.545607     -84.997589      19.932428       7.960594      86.062836      -0.081960      60.793602       0.050600     -12.769230       0.065010      -2.301592      -1.599703     -15.754837      -0.236846     -90.003365     -32.624065      89.994316     -91.103287      -2.175915     -83.696602       9.609626     -17.450281      80.090767       0.078859     -60.310429       0.045446      14.912271      -0.186111      -2.301571      -1.295835      -1.230408      19.242378     -90.004700     -32.625988      89.992874     226.577332      78.632568    -304.625549      88.978668      45.115528      89.699112      -5.704796      -8.754095      16.423706    -165.676453      83.072311     -19.640057      -0.358045      -4.251922     -20.135069     154.291672      80.184738    -243.695023     -91.079895     -28.034771      90.248543       2.500943       4.396894       0.952474      -1.813897     -83.689445     170.920181      -5.481312       1.118987     -23.316666
      40.471939       6.007939      -9.243208     -19.886675      37.008347     -74.541191     228.504410     -70.009018     321.530182     -16.200516       6.124745     -14.599529     -14.332141       9.480810     -27.640377       5.346534      16.371288      -6.636001      -2.140053      16.290537      35.038830      94.258949      -4.532445     -84.983566      19.913219       7.973012      86.050240      -0.081887      60.771381       0.050539     -12.769874       0.065049      -2.301587      -1.594933     -15.756237      -0.182750     -90.003372     -32.624252      89.994316     -91.064964      -2.140895     -83.677498       9.662544     -17.428102      80.053963       0.078970     -60.348164       0.045552      14.883051      -0.184494      -2.301599      -1.310054      -1.145036      19.319471     -90.004684     -32.626148      89.992882     226.471863      78.452362    -304.516663      89.001518      45.098331      89.706100      -5.685891      -8.831616      16.406090    -165.605148      83.067001     -19.706594      -0.359834      -4.254775     -20.116905     154.820145      80.160461    -244.229691     -91.079681     -28.058706      90.248474       2.467509       4.386580       0.962034      -1.733705     -83.701546     170.959229      -5.488755       1.078958     -23.318338
      40.471802       6.008726      -9.252201     -19.959534      37.009415     -74.563225     228.310425     -70.057899     321.311432     -16.186495       6.188903     -14.576511     -14.306126       9.476149     -27.642830       5.416525      16.396566      -6.729868      -2.113805      16.326891      35.116043      94.325638      -4.520134     -84.968185      19.893297       7.985733      86.036537      -0.081813      60.749573       0.050477     -12.770510       0.065088      -2.301590      -1.589824     -15.757624      -0.128466     -90.003365     -32.624447      89.994324     -91.026237      -2.106471     -83.659088       9.715862     -17.406965      80.017868       0.079098     -60.385612       0.045668      14.854037      -0.182874      -2.301629      -1.324338      -1.059775      19.397160     -90.004692     -32.626297      89.992874     226.394852      78.274323    -304.440887      89.011147      45.082226      89.709122      -5.665450      -8.911457      16.390306    -165.532974      83.061699     -19.774227      -0.361656      -4.257798     -20.098654     155.339828      80.152901    -244.757263     -91.109642     -28.076239      90.254845       2.433673       4.376761       0.968822      -1.657094     -83.712715     170.998306      -5.495870       1.041243     -23.319202
      40.472038       6.009128      -9.260888     -20.026686      37.013046     -74.589279     228.099228     -70.109436     321.073700     -16.174421       6.258567     -14.551497     -14.279881       9.471615     -27.645433       5.486498      16.421497      -6.824109      -2.087764      16.363195      35.193630      94.392387      -4.508523     -84.951927      19.873119       7.998467      86.022285      -0.081739      60.727909       0.050415     -12.771126       0.065118      -2.301586      -1.584542     -15.758983      -0.074772     -90.003365     -32.624638      89.994308     -90.987259      -2.072352     -83.640915       9.769146     -17.386196      79.982094       0.079221     -60.423206       0.045774      14.825258      -0.181270      -2.301663      -1.338645      -0.974334      19.474737     -90.004684     -32.626461      89.992882     226.357117      78.104507    -304.399994      89.014992      45.061539      89.710426      -5.643605      -8.990880      16.376984    -165.460648      83.056519     -19.841953      -0.363468      -4.260767     -20.080442     155.888885      80.115616    -245.316086     -91.091713     -28.102945      90.251144       2.404639       4.366938       0.980070      -1.572929     -83.721642     171.053894      -5.503507       0.999470     -23.321657
      40.472385       6.009716      -9.269226     -20.089741      37.015972     -74.617004     227.887344     -70.159760     320.837280     -16.162752       6.326717     -14.526863     -14.255014       9.467678     -27.647770       5.556165      16.446152      -6.919306      -2.062154      16.399864      35.270817      94.457787      -4.497960     -84.935333      19.853519       8.011064      86.007477      -0.081666      60.706501       0.050350     -12.771705       0.065151      -2.301584      -1.578916     -15.760341      -0.021074     -90.003372     -32.624832      89.994308     -90.948692      -2.038034     -83.622612       9.821781     -17.365656      79.946739       0.079339     -60.460266       0.045878      14.796706      -0.179691      -2.301694      -1.352870      -0.889808      19.552631     -90.004684     -32.626610      89.992889     226.333115      77.935249    -304.373077      89.016563      45.040123      89.711060      -5.622398      -9.073968      16.360926    -165.387589      83.051773     -19.910236      -0.365248      -4.263788     -20.062220     156.440872      80.081154    -245.878235     -91.084106     -28.128105      90.249542       2.373119       4.353998       0.990228      -1.492066     -83.730812     171.105316      -5.510625       0.961260     -23.322874
      40.472694       6.010401      -9.277563     -20.152771      37.017857     -74.644867     227.676529     -70.209702     320.602783     -16.150896       6.393587     -14.502510     -14.230038       9.463775     -27.650101       5.625554      16.470560      -7.014052      -2.036703      16.436440      35.347607      94.522209      -4.488002     -84.918022      19.833874       8.023561      85.991913      -0.081607      60.685337       0.050296     -12.772249       0.065179      -2.301580      -1.573089     -15.761683       0.032444     -90.003372     -32.625008      89.994316     -90.910004      -2.003997     -83.604515       9.874391     -17.345547      79.911804       0.079457     -60.497143       0.045984      14.768375      -0.178125      -2.301720      -1.367097      -0.805613      19.630533     -90.004692     -32.626755      89.992882     226.312347      77.765839    -304.350433      89.016998      45.018688      89.711334      -5.601203      -9.157895      16.344099    -165.315033      83.047119     -19.978016      -0.367097      -4.266837     -20.044004     156.988556      80.048622    -246.436615     -91.081139     -28.152065      90.248947       2.342731       4.341602       1.000355      -1.410907     -83.738853     171.161270      -5.517748       0.922947     -23.324274
      40.472492       6.011201      -9.287314     -20.230986      37.011360     -74.670631     227.461990     -70.265846     320.367889     -16.135479       6.460658     -14.477883     -14.200295       9.458196     -27.653255       5.694995      16.494244      -7.106025      -2.010854      16.472178      35.425266      94.588135      -4.477453     -84.899193      19.811987       8.036867      85.975746      -0.081519      60.664116       0.050218     -12.772831       0.065218      -2.301581      -1.567471     -15.762996       0.084583     -90.003380     -32.625179      89.994301     -90.869789      -1.971355     -83.587440       9.928148     -17.326128      79.876678       0.079566     -60.534237       0.046073      14.740316      -0.176562      -2.301758      -1.381265      -0.721683      19.707697     -90.004684     -32.626900      89.992889     226.401642      77.613609    -304.442780      88.976089      44.996811      89.699142      -5.574623      -9.244475      16.337631    -165.236298      83.042709     -20.052927      -0.368939      -4.269776     -20.025539     157.604401      80.004974    -247.071335     -91.079689     -28.178734      90.248718       2.313076       4.328073       1.011638      -1.330153     -83.745941     171.220367      -5.524881       0.884612     -23.325821
      40.472946       6.011854      -9.295490     -20.291910      37.016167     -74.698967     227.247757     -70.314339     320.127197     -16.124947       6.528770     -14.452800     -14.174759       9.454491     -27.655615       5.764179      16.517994      -7.200933      -1.985728      16.508734      35.502213      94.652504      -4.468153     -84.881615      19.791666       8.050035      85.960083      -0.081441      60.643223       0.050157     -12.773327       0.065247      -2.301586      -1.561511     -15.764292       0.136598     -90.003372     -32.625355      89.994316     -90.830803      -1.937736     -83.569717       9.980395     -17.306568      79.842072       0.079685     -60.570950       0.046178      14.712475      -0.175025      -2.301791      -1.395350      -0.638897      19.784948     -90.004692     -32.627045      89.992882     226.314651      77.432007    -304.354187      88.999802      44.977489      89.706429      -5.555953      -9.324510      16.314646    -165.168106      83.038124     -20.115725      -0.370791      -4.272702     -20.007776     158.118805      79.978294    -247.592560     -91.079384     -28.199800      90.248688       2.284597       4.317436       1.020558      -1.248633     -83.751396     171.286362      -5.531983       0.846419     -23.327257
      40.473358       6.012565      -9.303514     -20.351522      37.019066     -74.727425     227.035965     -70.362000     319.891174     -16.114258       6.594532     -14.428358     -14.150022       9.451208     -27.657694       5.832815      16.541637      -7.295221      -1.960840      16.545210      35.578060      94.715012      -4.459495     -84.863800      19.771746       8.062901      85.943764      -0.081374      60.622715       0.050106     -12.773803       0.065273      -2.301582      -1.555339     -15.765583       0.188859     -90.003357     -32.625534      89.994316     -90.792061      -1.904150     -83.552002      10.032458     -17.287544      79.808006       0.079807     -60.607307       0.046285      14.684834      -0.173501      -2.301813      -1.409508      -0.556545      19.862556     -90.004692     -32.627193      89.992882     226.268890      77.258690    -304.306610      89.010056      44.956436      89.709656      -5.536201      -9.407392      16.294523    -165.098297      83.033615     -20.180447      -0.372641      -4.275740     -19.989956     158.632584      79.949181    -248.115341     -91.079185     -28.221487      90.248695       2.256588       4.305953       1.029670      -1.167747     -83.756439     171.353226      -5.538967       0.808861     -23.328506
      40.473328       6.013558      -9.312321     -20.421005      37.017544     -74.752228     226.834824     -70.409889     319.667206     -16.101048       6.656337     -14.405159     -14.122756       9.447007     -27.660126       5.901190      16.565042      -7.386982      -1.935688      16.580956      35.653419      94.777267      -4.450682     -84.845001      19.750790       8.075967      85.926727      -0.081311      60.602364       0.050054     -12.774286       0.065299      -2.301584      -1.549216     -15.766848       0.240496     -90.003372     -32.625702      89.994316     -90.752487      -1.871430     -83.534958      10.085235     -17.269264      79.774254       0.079923     -60.643543       0.046389      14.657427      -0.171978      -2.301845      -1.423636      -0.474585      19.939951     -90.004692     -32.627327      89.992882     226.224167      77.083374    -304.265106      89.014114      44.938305      89.711006      -5.515424      -9.489758      16.275023    -165.028427      83.029091     -20.245344      -0.374513      -4.278828     -19.972172     159.144089      79.936943    -248.636536     -91.108955     -28.237177      90.255081       2.228018       4.296001       1.035840      -1.090177     -83.761070     171.418152      -5.545717       0.773081     -23.329113
      40.473587       6.014045      -9.320894     -20.486635      37.020500     -74.779030     226.619690     -70.458679     319.424988     -16.090284       6.721826     -14.380657     -14.090199       9.443868     -27.662569       5.967958      16.588327      -7.476195      -1.910513      16.615080      35.724922      94.835869      -4.442357     -84.824913      19.729136       8.089569      85.910820      -0.081232      60.582485       0.049983     -12.774645       0.065318      -2.301585      -1.542944     -15.768070       0.290872     -90.003365     -32.625866      89.994316     -90.724030      -1.850701     -83.532875      10.125867     -17.240829      79.751358       0.080052     -60.681530       0.046487      14.630318      -0.170477      -2.301862      -1.437167      -0.396448      20.015850     -90.004684     -32.627476      89.992882     226.201279      76.915131    -304.239807      89.015572      44.917202      89.711601      -5.493862      -9.570406      16.258135    -164.958694      83.024574     -20.310139      -0.376364      -4.281802     -19.954529     159.665771      79.894493    -249.168167     -91.090919     -28.262402      90.251389       2.203713       4.286351       1.046297      -1.005484     -83.764069     171.496399      -5.552991       0.733316     -23.331327
      40.473721       6.014618      -9.329238     -20.551600      37.024658     -74.803696     226.414413     -70.502678     319.192474     -16.080591       6.780827     -14.358552     -14.053150       9.442361     -27.664476       6.033815      16.615786      -7.560765      -1.883941      16.647163      35.786652      94.890656      -4.434802     -84.804665      19.708540       8.102504      85.897408      -0.081169      60.563377       0.049921     -12.774907       0.065332      -2.301584      -1.536495     -15.769245       0.340093     -90.003365     -32.626026      89.994316     -90.709152      -1.841307     -83.543900      10.152000     -17.202114      79.738350       0.080168     -60.719276       0.046589      14.603467      -0.168993      -2.301897      -1.448431      -0.324565      20.089844     -90.004692     -32.627617      89.992882     226.177689      76.747887    -304.213074      89.016083      44.898071      89.711891      -5.473719      -9.653009      16.239885    -164.887833      83.020271     -20.376202      -0.378181      -4.284791     -19.936993     160.183884      79.853348    -249.694611     -91.083572     -28.286604      90.249878       2.176390       4.273933       1.055482      -0.924118     -83.768044     171.567642      -5.559736       0.697134     -23.332283
      40.473713       6.015233      -9.337618     -20.618042      37.028782     -74.826546     226.216309     -70.544266     318.967102     -16.071095       6.836504     -14.337541     -14.015431       9.441248     -27.666079       6.100018      16.645569      -7.643313      -1.856355      16.678890      35.844490      94.946449      -4.427361     -84.784622      19.688612       8.115124      85.884941      -0.081122      60.544136       0.049876     -12.775203       0.065349      -2.301581      -1.530275     -15.770392       0.388437     -90.003372     -32.626190      89.994308     -90.694901      -1.832170     -83.553787      10.176851     -17.163757      79.724930       0.080293     -60.756123       0.046694      14.576790      -0.167511      -2.301912      -1.460048      -0.251388      20.163628     -90.004684     -32.627739      89.992889     226.150833      76.581123    -304.183533      89.016243      44.880470      89.712067      -5.454117      -9.735257      16.221851    -164.817230      83.015938     -20.442190      -0.380026      -4.287782     -19.919544     160.694031      79.813156    -250.212616     -91.080551     -28.310026      90.249290       2.149737       4.262210       1.064631      -0.842476     -83.771568     171.640762      -5.566487       0.660875     -23.333435
      40.473099       6.015948      -9.347510     -20.701712      37.025909     -74.845467     226.020294     -70.590454     318.745636     -16.058113       6.890821     -14.316885     -13.972383       9.438530     -27.668358       6.166478      16.676121      -7.721601      -1.827629      16.709387      35.900867      95.005257      -4.418888     -84.763763      19.666693       8.128798      85.873131      -0.081048      60.524586       0.049811     -12.775550       0.065370      -2.301582      -1.524492     -15.771523       0.435197     -90.003365     -32.626350      89.994316     -90.679375      -1.824648     -83.563606      10.201974     -17.124889      79.710358       0.080397     -60.792152       0.046775      14.550322      -0.166047      -2.301927      -1.471984      -0.177524      20.238520     -90.004684     -32.627880      89.992882     226.225388      76.432648    -304.258820      88.973358      44.863400      89.699303      -5.429160      -9.820020      16.215120    -164.739471      83.011787     -20.516424      -0.381852      -4.290652     -19.901859     161.267242      79.759827    -250.800400     -91.079201     -28.336525      90.249107       2.123255       4.249278       1.075063      -0.761272     -83.774773     171.714478      -5.573225       0.624664     -23.334782
      40.473118       6.016495      -9.355837     -20.769182      37.036953     -74.865242     225.831543     -70.627007     318.522583     -16.050440       6.944931     -14.296245     -13.932919       9.437778     -27.669760       6.232658      16.707714      -7.801343      -1.799105      16.740191      35.954666      95.063416      -4.411346     -84.744629      19.646376       8.142697      85.862747      -0.080990      60.505291       0.049764     -12.775818       0.065388      -2.301584      -1.518506     -15.772630       0.481875     -90.003365     -32.626507      89.994316     -90.665413      -1.817041     -83.572411      10.224647     -17.083174      79.695763       0.080490     -60.826603       0.046841      14.524001      -0.164588      -2.301952      -1.484259      -0.103672      20.315672     -90.004692     -32.628014      89.992882     226.131638      76.254387    -304.159485      88.998131      44.850067      89.706810      -5.412859      -9.896860      16.191690    -164.673080      83.007309     -20.577730      -0.383669      -4.293495     -19.884960     161.744537      79.724083    -251.277420     -91.078728     -28.357533      90.249054       2.097484       4.239324       1.083258      -0.679241     -83.776810     171.793396      -5.579938       0.588577     -23.336079
      40.473042       6.017096      -9.364010     -20.835789      37.046452     -74.884369     225.649063     -70.661751     318.307922     -16.042725       6.995442     -14.276807     -13.894246       9.437662     -27.670704       6.298260      16.740026      -7.879460      -1.770436      16.770542      36.005772      95.120461      -4.404245     -84.725830      19.626673       8.156513      85.852600      -0.080931      60.486298       0.049717     -12.776069       0.065401      -2.301580      -1.512382     -15.773746       0.529025     -90.003357     -32.626671      89.994316     -90.652100      -1.809799     -83.580742      10.246381     -17.040873      79.681435       0.080589     -60.860558       0.046925      14.497869      -0.163137      -2.301986      -1.496877      -0.029039      20.392729     -90.004684     -32.628139      89.992882     226.075714      76.085052    -304.097443      89.008812      44.835587      89.710121      -5.395652      -9.976482      16.171600    -164.604630      83.002876     -20.641438      -0.385486      -4.296447     -19.868006     162.219131      79.685234    -251.753647     -91.078239     -28.379377      90.249008       2.071802       4.228432       1.091780      -0.597962     -83.778854     171.871384      -5.586523       0.553151     -23.337204
      40.472412       6.017876      -9.373263     -20.915773      37.051682     -74.898491     225.479004     -70.697227     318.105896     -16.032314       7.042233     -14.258647     -13.851719       9.436310     -27.672129       6.363663      16.772676      -7.953475      -1.740988      16.799614      36.055496      95.178711      -4.396430     -84.706360      19.605444       8.170977      85.842506      -0.080861      60.467323       0.049655     -12.776368       0.065423      -2.301579      -1.506493     -15.774836       0.575408     -90.003357     -32.626808      89.994324     -90.637787      -1.803752     -83.589424      10.268827     -16.998817      79.666794       0.080699     -60.894360       0.047014      14.471967      -0.161699      -2.302009      -1.509613       0.045801      20.468946     -90.004692     -32.628273      89.992882     226.017502      75.913956    -304.038055      89.013161      44.824635      89.711510      -5.376832     -10.053244      16.154009    -164.536774      82.998207     -20.704859      -0.387354      -4.299421     -19.851131     162.695343      79.658684    -252.232117     -91.098534     -28.396719      90.253479       2.047832       4.221407       1.098528      -0.517479     -83.779869     171.952164      -5.593205       0.517046     -23.338667
      40.472279       6.018334      -9.381662     -20.984890      37.061317     -74.916992     225.295578     -70.731636     317.889252     -16.024860       7.092121     -14.239279     -13.811684       9.436234     -27.673048       6.428834      16.806782      -8.028183      -1.711297      16.827499      36.103298      95.236847      -4.389069     -84.688164      19.585251       8.185452      85.833420      -0.080801      60.448505       0.049608     -12.776610       0.065432      -2.301585      -1.500536     -15.775902       0.621453     -90.003357     -32.626961      89.994324     -90.624763      -1.797399     -83.597534      10.289680     -16.956047      79.652245       0.080824     -60.927910       0.047118      14.446289      -0.160274      -2.302029      -1.522418       0.120139      20.544481     -90.004692     -32.628395      89.992882     225.987350      75.750259    -304.001068      89.014877      44.810116      89.712120      -5.358688     -10.132629      16.135847    -164.466904      82.993927     -20.770081      -0.389065      -4.302322     -19.834364     163.176392      79.607841    -252.715912     -91.086113     -28.421711      90.250923       2.022342       4.209208       1.107581      -0.435453     -83.781715     172.031677      -5.599697       0.482231     -23.339659
      40.472099       6.018900      -9.389944     -21.053192      37.070362     -74.935196     225.117065     -70.764389     317.678619     -16.017530       7.139429     -14.220778     -13.772401       9.436590     -27.673672       6.493604      16.841118      -8.102353      -1.681713      16.855234      36.149822      95.294403      -4.381934     -84.670486      19.565453       8.199925      85.824654      -0.080750      60.429913       0.049567     -12.776833       0.065447      -2.301578      -1.494532     -15.776967       0.667497     -90.003365     -32.627110      89.994316     -90.612450      -1.791054     -83.605347      10.309772     -16.913254      79.637794       0.080925     -60.961227       0.047203      14.420804      -0.158864      -2.302051      -1.535359       0.194131      20.619759     -90.004684     -32.628513      89.992882     225.960297      75.586845    -303.967651      89.015266      44.796021      89.712334      -5.341036     -10.213593      16.116640    -164.397354      82.989777     -20.835060      -0.390856      -4.305260     -19.817562     163.653183      79.559555    -253.195633     -91.080948     -28.445581      90.249870       1.996586       4.197260       1.116663      -0.354017     -83.783737     172.109756      -5.606070       0.448055     -23.340641
      40.471836       6.019500      -9.398289     -21.122572      37.079048     -74.952629     224.942123     -70.796227     317.471710     -16.010134       7.185170     -14.202776     -13.732963       9.437053     -27.674192       6.558088      16.875589      -8.175580      -1.652113      16.882710      36.195419      95.351830      -4.374733     -84.653122      19.545620       8.214520      85.816177      -0.080685      60.411488       0.049517     -12.777053       0.065460      -2.301580      -1.488573     -15.778019       0.713234     -90.003357     -32.627251      89.994316     -90.600449      -1.784861     -83.613052      10.329476     -16.870550      79.623268       0.081033     -60.994362       0.047296      14.395520      -0.157457      -2.302076      -1.548394       0.267786      20.694780     -90.004684     -32.628632      89.992889     225.932266      75.423477    -303.933868      89.015366      44.782654      89.712456      -5.323571     -10.294319      16.097406    -164.328201      82.985634     -20.899698      -0.392669      -4.308194     -19.800846     164.124664      79.512360    -253.669998     -91.078873     -28.468805      90.249489       1.971354       4.185871       1.125755      -0.272407     -83.785431     172.189178      -5.612445       0.413758     -23.341795
      40.471516       6.020102      -9.406713     -21.193153      37.087624     -74.969353     224.769470     -70.827423     317.266876     -16.002750       7.229951     -14.185054     -13.693248       9.437585     -27.674648       6.622361      16.910122      -8.247980      -1.622490      16.909945      36.240307      95.409401      -4.367406     -84.636169      19.525585       8.229326      85.808075      -0.080627      60.393181       0.049466     -12.777269       0.065471      -2.301578      -1.482694     -15.779056       0.758449     -90.003357     -32.627392      89.994324     -90.588669      -1.778834     -83.620705      10.348854     -16.827946      79.608665       0.081147     -61.027351       0.047393      14.370443      -0.156066      -2.302094      -1.561496       0.341024      20.769505     -90.004684     -32.628746      89.992889     225.903198      75.260162    -303.899475      89.015419      44.769962      89.712578      -5.306219     -10.374441      16.078218    -164.259201      82.981529     -20.964205      -0.394480      -4.311103     -19.784245     164.591187      79.465347    -254.139206     -91.078102     -28.491665      90.249390       1.946467       4.174797       1.134754      -0.191154     -83.786797     172.269394      -5.618804       0.379590     -23.343000
      40.471165       6.020696      -9.415186     -21.264442      37.096287     -74.985611     224.598114     -70.858025     317.063110     -15.995504       7.274128     -14.167480     -13.653372       9.438201     -27.675026       6.686427      16.944649      -8.319773      -1.592903      16.937014      36.284645      95.467102      -4.359968     -84.619713      19.505367       8.244411      85.800423      -0.080568      60.375019       0.049417     -12.777475       0.065476      -2.301585      -1.476893     -15.780061       0.803117     -90.003365     -32.627537      89.994316     -90.577118      -1.772915     -83.628273      10.367867     -16.785469      79.593964       0.081260     -61.060158       0.047484      14.345568      -0.154688      -2.302109      -1.574660       0.413811      20.843985     -90.004692     -32.628860      89.992882     225.873825      75.097008    -303.864899      89.015526      44.757774      89.712692      -5.289008     -10.454087      16.058935    -164.190491      82.977448     -21.028419      -0.396282      -4.313989     -19.767752     165.052826      79.417900    -254.603333     -91.077553     -28.514408      90.249344       1.921786       4.163869       1.143677      -0.110133     -83.787918     172.350159      -5.625121       0.345677     -23.344204
