HIERARCHY
ROOT root
{
   OFFSET       0.000000        0.000000        0.000000
   CHANNELS 6 Xposition Yposition Zposition Xrotation Yrotation Zrotation
   JOINT LowerSpineJoint
   {
      OFFSET       0.000000        3.328345        0.000000
      CHANNELS 3 Xrotation  Yrotation Zrotation
      JOINT MiddleSpineJoint
      {
         OFFSET       4.330709        0.000000        0.000000
         CHANNELS 3 Xrotation  Yrotation Zrotation
         JOINT UpperSpineJoint
         {
            OFFSET       6.102361        0.000000        0.000000
            CHANNELS 3 Xrotation  Yrotation Zrotation
            JOINT LowerNeckJoint
            {
               OFFSET      10.236220        1.809055        0.000000
               CHANNELS 3 Xrotation  Yrotation Zrotation
               JOINT UpperNeckJoint
               {
                  OFFSET       3.543308        0.000000        0.000000
                  CHANNELS 3 Xrotation  Yrotation Zrotation
                  End Site
                  {
                     OFFSET       7.874016        0.000000        0.000000
                  }
               }
            }
            JOINT RightClavicleJoint
            {
               OFFSET       9.448819        2.047244        1.259843
               CHANNELS 3 Xrotation  Yrotation Zrotation
               JOINT RightShoulderJoint
               {
                  OFFSET      -6.220472       -1.574802        0.393701
                  CHANNELS 3 Xrotation  Yrotation Zrotation
                  JOINT RightElbowJoint
                  {
                     OFFSET     -12.500000        0.000000        0.078740
                     CHANNELS 3 Xrotation  Yrotation Zrotation
                     JOINT RightForearmTwistJoint
                     {
                        OFFSET      -5.216535        0.000000        0.000000
                        CHANNELS 3 Xrotation  Yrotation Zrotation
                        JOINT RightWristJoint
                        {
                           OFFSET      -5.314960        0.000000        0.000000
                           CHANNELS 3 Xrotation  Yrotation Zrotation
                           JOINT RightFingersJoint
                           {
                              OFFSET      -3.149608       -0.393700        0.000000
                              CHANNELS 3 Xrotation  Yrotation Zrotation
                              End Site
                              {
                                 OFFSET       0.000000        3.149606        0.000000
                              }
                           }
                        }
                     }
                  }
               }
            }
            JOINT LeftClavicleJoint
            {
               OFFSET       9.448819        2.047244       -1.259843
               CHANNELS 3 Xrotation  Yrotation Zrotation
               JOINT LeftShoulderJoint
               {
                  OFFSET      -6.220472       -1.574802       -0.393701
                  CHANNELS 3 Xrotation  Yrotation Zrotation
                  JOINT LeftElbowJoint
                  {
                     OFFSET     -12.500000        0.000000       -0.078740
                     CHANNELS 3 Xrotation  Yrotation Zrotation
                     JOINT LeftForearmTwistJoint
                     {
                        OFFSET      -5.216535        0.000000        0.000000
                        CHANNELS 3 Xrotation  Yrotation Zrotation
                        JOINT LeftWristJoint
                        {
                           OFFSET      -5.314960        0.000000        0.000000
                           CHANNELS 3 Xrotation  Yrotation Zrotation
                           JOINT LeftFingersJoint
                           {
                              OFFSET      -3.149608       -0.393700        0.000000
                              CHANNELS 3 Xrotation  Yrotation Zrotation
                              End Site
                              {
                                 OFFSET       0.000000        3.149606        0.000000
                              }
                           }
                        }
                     }
                  }
               }
            }
         }
      }
   }
   JOINT RightHipJoint
   {
      OFFSET      -3.543307        0.178739        0.000000
      CHANNELS 3 Xrotation  Yrotation Zrotation
      JOINT RightKneeJoint
      {
         OFFSET      17.204723        0.000000       -0.196850
         CHANNELS 3 Xrotation  Yrotation Zrotation
         JOINT RightAnkleJoint
         {
            OFFSET       0.000000      -17.840551       -0.161417
            CHANNELS 3 Xrotation  Yrotation Zrotation
            JOINT RightMidFootJoint
            {
               OFFSET       0.000000       -1.568898        2.523622
               CHANNELS 3 Xrotation  Yrotation Zrotation
               JOINT RightToesJoint
               {
                  OFFSET       2.677163       -0.000000        0.000000
                  CHANNELS 3 Xrotation  Yrotation Zrotation
                  End Site
                  {
                     OFFSET       2.362204        0.000000        0.000000
                  }
               }
            }
         }
      }
   }
   JOINT LeftHipJoint
   {
      OFFSET       3.543307        0.178739        0.000000
      CHANNELS 3 Xrotation  Yrotation Zrotation
      JOINT LeftKneeJoint
      {
         OFFSET      17.204723        0.000000        0.196850
         CHANNELS 3 Xrotation  Yrotation Zrotation
         JOINT LeftAnkleJoint
         {
            OFFSET       0.000000      -17.840551        0.161417
            CHANNELS 3 Xrotation  Yrotation Zrotation
            JOINT LeftMidFootJoint
            {
               OFFSET       0.000000       -1.568898       -2.523622
               CHANNELS 3 Xrotation  Yrotation Zrotation
               JOINT LeftToesJoint
               {
                  OFFSET       2.677164       -0.000000        0.000000
                  CHANNELS 3 Xrotation  Yrotation Zrotation
                  End Site
                  {
                     OFFSET       2.362205        0.000000        0.000000
                  }
               }
            }
         }
      }
   }
}
MOTION
Frames:	247
Frame Time: 0.0166667
      -0.463866      34.872833       0.504298     -12.481940      10.435562      10.805516     -70.330688     -68.572029       4.257385     -10.748276     -16.706963      -0.599989       2.441391       6.524463      -9.785110      -3.115994      -9.585485     -23.697453      -1.444044       4.641591      27.225275      96.570877      -1.272569     -90.630089       5.858077     -52.183506      81.624687      -0.043506      43.444855       0.017405      -8.736884      -0.156384      -2.290702       3.070041      10.276159     -20.521070     -90.003143     -30.592529      89.994499    -101.850227      -1.817511    -100.010147     -19.107899     -43.127083      49.386086       0.124012     -69.795952       0.086496      35.767906      -1.313020      -2.067620      -0.732107      -7.548869      10.648220     -90.005043     -34.884544      89.992645      68.584885      72.730293    -158.184448      90.151764      51.878277      90.066154     -11.721730     -11.544188      13.771694    -167.409805      84.034492     -20.080349      -0.045197      -2.749379     -21.996016      38.642979      78.135002    -144.246567     -90.865036     -31.621929      90.210175       2.753448      -2.694561       3.065779     -89.067520     -89.054657      77.562988      -4.668213       4.789808     -25.653292
      -0.464293      34.812580       0.501695     -12.496149      10.446033      10.827471     -70.333496     -68.563004       4.247141     -10.752132     -16.704334      -0.606257       2.438804       6.528609      -9.787894      -3.117924      -9.583570     -23.720041      -1.444981       4.644457      27.228342      96.578140      -1.271059     -90.603226       5.831275     -52.188393      81.595222      -0.043941      43.445812       0.017705      -8.736887      -0.156838      -2.291041       3.069869      10.272848     -20.521349     -90.003159     -30.592585      89.994446    -101.862091      -1.816937     -99.983864     -19.122334     -43.111427      49.363621       0.121820     -69.790146       0.084710      35.767860      -1.313668      -2.067577      -0.732149      -7.547683      10.648024     -90.005051     -34.884541      89.992622      68.589539      72.721298    -158.179581      90.151070      51.949539      90.059525     -11.968608     -11.567987      13.750159    -167.426712      84.024155     -20.197212      -0.040604      -2.728317     -21.959692      38.670906      78.114349    -144.341949     -90.870003     -31.742226      90.212555       2.735508      -2.699441       3.064440     -89.347015     -89.054131      77.238937      -4.684947       4.755825     -25.445440
      -0.466198      34.725441       0.493117     -12.560849      10.457852      10.904570     -70.318459     -68.533401       4.228126     -10.757758     -16.689035      -0.628877       2.438426       6.541218      -9.801285      -3.126635      -9.572233     -23.834204      -1.448006       4.658272      27.219896      96.621597      -1.264024     -90.462898       5.725542     -52.190487      81.498711      -0.043655      43.441891       0.017330      -8.737270      -0.156749      -2.291147       3.070569      10.271925     -20.528149     -90.003136     -30.592564      89.994492    -101.906593      -1.813954     -99.843765     -19.171501     -43.057449      49.294750       0.121704     -69.763489       0.084514      35.765602      -1.313309      -2.067827      -0.734657      -7.536115      10.636006     -90.005058     -34.884537      89.992653      68.648308      72.681107    -158.181519      90.112541      52.105915      90.047394     -12.549404     -11.631142      13.697016    -167.497604      84.011139     -20.468367      -0.032147      -2.680125     -21.954725      38.738403      78.065308    -144.570496     -90.902588     -32.075760      90.221199       2.750914      -2.720233       3.085219     -90.015900     -89.051056      76.474571      -4.714270       4.694903     -25.082150
      -0.470706      34.625679       0.476747     -12.651785      10.463324      11.011818     -70.292557     -68.494766       4.206510     -10.764030     -16.669733      -0.661193       2.439789       6.558100      -9.822670      -3.140234      -9.549287     -24.025782      -1.452068       4.681756      27.183641      96.701393      -1.247526     -90.222328       5.589570     -52.166145      81.404930      -0.043471      43.435467       0.017142      -8.737607      -0.156725      -2.291204       3.071055      10.269936     -20.533445     -90.003136     -30.592558      89.994499    -101.960541      -1.805518     -99.595406     -19.224354     -42.995293      49.240635       0.121459     -69.725517       0.084199      35.762547      -1.312837      -2.068143      -0.738782      -7.518257      10.617426     -90.005066     -34.884529      89.992683      68.721405      72.631760    -158.186218      90.051636      52.287323      90.025986     -13.235393     -11.712627      13.625456    -167.576523      84.002663     -20.795752      -0.023109      -2.622606     -21.961088      38.823170      78.002846    -144.855118     -90.962250     -32.494740      90.236687       2.788317      -2.753976       3.112664     -90.975517     -89.042763      75.395462      -4.739098       4.642537     -24.771229
      -0.478975      34.525787       0.451776     -12.760947      10.466478      11.139800     -70.257072     -68.452454       4.184513     -10.770540     -16.649164      -0.701377       2.442849       6.576620      -9.850936      -3.157552      -9.519377     -24.271395      -1.456071       4.710218      27.119661      96.811501      -1.222722     -89.899963       5.463564     -52.110207      81.357964      -0.043363      43.426823       0.017157      -8.737917      -0.156755      -2.291184       3.070824      10.266307     -20.534498     -90.003136     -30.592554      89.994507    -102.018951      -1.790920     -99.261185     -19.262402     -42.947128      49.232407       0.121195     -69.684502       0.083936      35.759506      -1.312370      -2.068415      -0.743322      -7.497542      10.597707     -90.005066     -34.884521      89.992706      68.797554      72.578125    -158.194382      89.981636      52.474091      90.000397     -13.953407     -11.805675      13.540410    -167.645889      84.006523     -21.147991      -0.014975      -2.557118     -21.967663      38.917595      77.933289    -145.164886     -91.037956     -32.944111      90.256378       2.836152      -2.797795       3.145221     -92.113739     -89.031670      74.128334      -4.760030       4.597819     -24.506573
      -0.492329      34.433151       0.418248     -12.880519      10.487058      11.275137     -70.217155     -68.413506       4.161393     -10.778304     -16.631798      -0.747634       2.446219       6.593286      -9.884329      -3.179117      -9.492244     -24.546331      -1.458905       4.736882      27.033901      96.937820      -1.192627     -89.515663       5.374104     -52.026768      81.378654      -0.043302      43.415890       0.017344      -8.738332      -0.156821      -2.291092       3.069564      10.260462     -20.530230     -90.003120     -30.592546      89.994514    -102.085625      -1.770898     -98.869392     -19.275864     -42.926613      49.280312       0.120956     -69.645744       0.083801      35.756889      -1.311971      -2.068586      -0.747482      -7.476007      10.580483     -90.005074     -34.884510      89.992729      68.864960      72.528282    -158.196121      89.920868      52.651608      89.977661     -14.649031     -11.902320      13.452085    -167.684891      84.020432     -21.519894      -0.008312      -2.497752     -21.980888      39.073082      77.852547    -145.536407     -91.068695     -33.384106      90.265968       2.882249      -2.823509       3.180749     -92.759148     -89.022888      73.357101      -4.777904       4.559379     -24.281527
      -0.513448      34.351673       0.376607     -13.005494      10.533791      11.411995     -70.173927     -68.377716       4.138361     -10.786507     -16.617287      -0.797769       2.449973       6.607280      -9.921450      -3.204058      -9.475121     -24.829456      -1.459164       4.756093      26.934187      97.073441      -1.159482     -89.088814       5.336638     -51.923111      81.473305      -0.043275      43.402645       0.017645      -8.738666      -0.156933      -2.290936       3.067033      10.252315     -20.521732     -90.003128     -30.592541      89.994507    -102.157188      -1.747247     -98.447884     -19.262472     -42.937252      49.379532       0.120770     -69.612724       0.083794      35.754864      -1.311656      -2.068655      -0.750826      -7.455805      10.567675     -90.005058     -34.884510      89.992752      68.920418      72.493935    -158.191971      89.871552      52.814705      89.958984     -15.305701     -11.976869      13.374323    -167.539276      84.092888     -22.016640      -0.004379      -2.459965     -21.997272      39.252079      77.765388    -145.922012     -91.056755     -33.786369      90.265289       2.916259      -2.838287       3.215484     -93.007240     -89.019394      72.995071      -4.792789       4.526927     -24.090044
      -0.541785      34.282494       0.327801     -13.134195      10.592649      11.553801     -70.128677     -68.343826       4.116029     -10.794328     -16.603672      -0.849759       2.454432       6.620080      -9.960980      -3.228526      -9.459746     -25.104660      -1.458391       4.772413      26.828144      97.214622      -1.124730     -88.644447       5.349185     -51.804760      81.632988      -0.043240      43.388023       0.018005      -8.738762      -0.157071      -2.290754       3.063968      10.242343     -20.509380     -90.003143     -30.592546      89.994484    -102.224464      -1.721134     -98.016716     -19.227171     -42.972267      49.521164       0.120669     -69.586319       0.083931      35.753567      -1.311450      -2.068639      -0.753138      -7.438287      10.559438     -90.005043     -34.884506      89.992767      68.965523      72.471565    -158.187271      89.823067      52.962627      89.940414     -15.908904     -12.033464      13.308165    -167.230942      84.208771     -22.614681      -0.002217      -2.438278     -22.011505      39.404675      77.685188    -146.262222     -91.050728     -34.134743      90.265640       2.933562      -2.870389       3.255922     -93.560867     -89.017143      72.345360      -4.805328       4.499325     -23.927193
      -0.576705      34.224655       0.272648     -13.264608      10.657479      11.696934     -70.082886     -68.313469       4.095079     -10.801532     -16.591990      -0.901932       2.459418       6.631069     -10.001548      -3.250983      -9.445045     -25.360102      -1.457054       4.786790      26.722355      97.354523      -1.089969     -88.203735       5.402130     -51.679005      81.839523      -0.043213      43.372639       0.018379      -8.738659      -0.157221      -2.290559       3.060559      10.230999     -20.494068     -90.003143     -30.592554      89.994469    -102.284637      -1.693707     -97.594727     -19.174862     -43.025871      49.694019       0.120638     -69.566536       0.084168      35.752972      -1.311334      -2.068553      -0.754201      -7.423649      10.555180     -90.005035     -34.884502      89.992767      69.002434      72.455711    -158.182327      89.781021      53.092754      89.924171     -16.450474     -12.080532      13.247890    -166.939682      84.313934     -23.161867      -0.009168      -2.460195     -22.013233      39.533810      77.613892    -146.556931     -91.047623     -34.424816      90.266365       2.930819      -2.914185       3.300897     -94.299309     -89.016792      71.529648      -4.815940       4.475807     -23.788723
      -0.617851      34.176582       0.211905     -13.396859      10.722651      11.838609     -70.037636     -68.287201       4.075507     -10.808146     -16.582592      -0.953416       2.464676       6.640038     -10.042228      -3.271045      -9.431967     -25.589367      -1.455297       4.798880      26.621710      97.488045      -1.056554     -87.782867       5.483596     -51.552750      82.073235      -0.043184      43.357086       0.018733      -8.738403      -0.157369      -2.290374       3.056993      10.218843     -20.477083     -90.003151     -30.592564      89.994453    -102.336662      -1.666164     -97.196854     -19.111750     -43.091030      49.884399       0.120626     -69.552589       0.084421      35.752941      -1.311279      -2.068448      -0.754262      -7.411811      10.554290     -90.005035     -34.884506      89.992767      69.031273      72.444260    -158.177658      89.749382      53.206615      89.911713     -16.934444     -12.120809      13.195782    -166.653442      84.408646     -23.672750      -0.015403      -2.481261     -22.014099      39.639336      77.552925    -146.804398     -91.045670     -34.658001      90.267052       2.907208      -2.964586       3.348175     -95.123108     -89.018265      70.646828      -4.824968       4.455715     -23.670921
      -0.664886      34.136421       0.146381     -13.531892      10.783788      11.977371     -69.994209     -68.264854       4.056813     -10.814324     -16.575415      -1.003541       2.469901       6.647085     -10.082312      -3.288861      -9.421663     -25.790144      -1.453203       4.808245      26.529234      97.610893      -1.025720     -87.393661       5.582099     -51.431931      82.316017      -0.043169      43.341965       0.019062      -8.738030      -0.157504      -2.290205       3.053451      10.206499     -20.459595     -90.003151     -30.592581      89.994438    -102.380569      -1.639553     -96.833672     -19.043907     -43.161118      50.079071       0.120631     -69.543404       0.084662      35.753361      -1.311280      -2.068314      -0.753779      -7.402482      10.556122     -90.005035     -34.884510      89.992744      69.052803      72.436623    -158.173157      89.727417      53.307899      89.902924     -17.369562     -12.153379      13.151238    -166.379425      84.493248     -24.142405      -0.020856      -2.502341     -22.014174      39.721363      77.502884    -147.004700     -91.044235     -34.839333      90.267609       2.863780      -3.017886       3.396044     -95.968025     -89.021912      69.759346      -4.832616       4.438612     -23.570675
      -0.716864      34.102386       0.076900     -13.671761      10.828496      12.113659     -69.952522     -68.245628       4.039327     -10.819830     -16.569752      -1.051811       2.475232       6.652882     -10.121416      -3.303859      -9.411943     -25.962906      -1.451209       4.816431      26.446388      97.722145      -0.997854     -87.045921       5.685693     -51.320297      82.551765      -0.043128      43.327839       0.019306      -8.737548      -0.157640      -2.290058       3.050119      10.194564     -20.442549     -90.003151     -30.592581      89.994431    -102.413803      -1.614348     -96.510612     -18.977133     -43.229259      50.267876       0.120695     -69.537720       0.084940      35.754082      -1.311319      -2.068186      -0.752948      -7.395374      10.559684     -90.005020     -34.884510      89.992752      69.068863      72.427032    -158.172012      89.716629      53.400387      89.898323     -17.762875     -12.187869      13.109921    -166.108414      84.571426     -24.589470      -0.025376      -2.530243     -22.008274      39.764473      77.468445    -147.141556     -91.060730     -34.976078      90.272301       2.802283      -3.078816       3.445612     -96.959061     -89.026703      68.740364      -4.839121       4.424016     -23.485399
      -0.774231      34.072842       0.004067     -13.816689      10.873419      12.243093     -69.915749     -68.231064       4.021013     -10.825775     -16.567268      -1.098046       2.479519       6.656203     -10.158848      -3.318648      -9.410788     -26.108854      -1.448393       4.818916      26.374039      97.813797      -0.975092     -86.740936       5.789902     -51.223560      82.770058      -0.043091      43.314724       0.019486      -8.737164      -0.157750      -2.289953       3.046997      10.183293     -20.426863     -90.003151     -30.592588      89.994408    -102.444801      -1.591985     -96.233238     -18.913662     -43.294758      50.440823       0.120743     -69.534599       0.085154      35.754871      -1.311359      -2.068074      -0.752125      -7.389446      10.564482     -90.005005     -34.884514      89.992752      69.077156      72.424095    -158.166199      89.718918      53.487350      89.898857     -18.124256     -12.213389      13.074080    -165.860413      84.641167     -24.990835      -0.029394      -2.558264     -22.002386      39.814419      77.438263    -147.265060     -91.049736     -35.075645      90.270111       2.723026      -3.124320       3.492656     -97.557304     -89.036690      68.125938      -4.844628       4.411617     -23.412817
      -0.836335      34.046341      -0.071741     -13.967517      10.907591      12.370228     -69.883209     -68.218498       4.002337     -10.831562     -16.565754      -1.141687       2.483246       6.658681     -10.194388      -3.331893      -9.413240     -26.229567      -1.445448       4.818618      26.312593      97.888512      -0.957113     -86.482635       5.888393     -51.142506      82.963715      -0.043058      43.303055       0.019599      -8.736752      -0.157836      -2.289882       3.044267      10.173124     -20.413092     -90.003151     -30.592588      89.994392    -102.469147      -1.572709     -96.000969     -18.857145     -43.352722      50.592407       0.120775     -69.533249       0.085303      35.755711      -1.311412      -2.067969      -0.751327      -7.384959      10.569711     -90.005005     -34.884521      89.992760      69.081909      72.424423    -158.159912      89.723999      53.571117      89.900551     -18.465485     -12.229871      13.044076    -165.627884      84.704239     -25.359421      -0.033033      -2.586853     -21.996485      39.838352      77.419083    -147.343918     -91.045189     -35.144272      90.269264       2.628799      -3.171853       3.540655     -98.175407     -89.048943      67.501961      -4.849269       4.401114     -23.351000
      -0.902496      34.021709      -0.150286     -14.124829      10.931974      12.495742     -69.855225     -68.208122       3.983143     -10.837347     -16.565397      -1.182645       2.486248       6.660357     -10.227846      -3.343678      -9.418597     -26.327314      -1.442542       4.816236      26.261776      97.945320      -0.944117     -86.271362       5.976563     -51.078320      83.127052      -0.043018      43.292927       0.019649      -8.736411      -0.157891      -2.289841       3.041934      10.164204     -20.401545     -90.003136     -30.592588      89.994408    -102.488686      -1.556694     -95.812332     -18.809145     -43.401772      50.719627       0.120837     -69.532936       0.085443      35.756496      -1.311475      -2.067897      -0.750506      -7.381701      10.574792     -90.004997     -34.884514      89.992752      69.084038      72.427475    -158.152710      89.730949      53.653297      89.902969     -18.794117     -12.238773      13.018760    -165.406952      84.762184     -25.703199      -0.036392      -2.616188     -21.990877      39.845181      77.408562    -147.389603     -91.043549     -35.188107      90.269035       2.521354      -3.219126       3.589606     -98.766525     -89.063515      66.913422      -4.853214       4.392175     -23.298367
      -0.970540      33.977474      -0.241817     -14.369826      11.027128      12.808262     -69.927193     -67.962303       3.704892     -10.875535     -16.680971      -1.242104       2.461868       6.679564     -10.210871      -3.370381      -9.452505     -26.474155      -1.443306       4.815011      26.277231      98.000473      -0.930116     -85.978271       5.902272     -51.049755      83.098618      -0.043005      43.277878       0.019125      -8.737560      -0.157621      -2.290082       3.038293      10.141750     -20.394421     -90.003143     -30.592598      89.994423    -102.544968      -1.545779     -95.565315     -18.831163     -43.385063      50.718365       0.120650     -69.514557       0.084961      35.755009      -1.311675      -2.067901      -0.756655      -7.362979      10.570231     -90.005020     -34.884518      89.992737      69.141174      72.238174    -158.174454      89.755417      53.884308      89.912125     -19.486683     -12.257676      12.983523    -165.066071      84.835754     -26.197065      -0.043383      -2.666976     -21.934834      40.221546      77.233742    -147.944000     -91.040901     -35.535263      90.269569       2.516045      -3.282914       3.669590     -98.816521     -89.081192      66.773987      -4.856403       4.386172     -23.224222
      -1.038284      33.870266      -0.353845     -14.795708      11.231586      13.428464     -70.042397     -67.451950       3.167534     -10.967493     -16.800459      -1.420395       2.398153       6.684807     -10.151215      -3.413728      -9.528481     -26.638653      -1.441663       4.792898      26.316393      98.061501      -0.896506     -85.534737       5.644574     -51.022629      82.907784      -0.043025      43.264641       0.018390      -8.741502      -0.157063      -2.290455       3.030758      10.101281     -20.399652     -90.003143     -30.592588      89.994453    -102.669495      -1.556183     -95.220558     -18.900024     -43.311272      50.590660       0.120257     -69.467285       0.084031      35.750755      -1.311823      -2.068050      -0.777334      -7.292879      10.500941     -90.005035     -34.884525      89.992699      69.333656      71.775940    -158.271759      89.813347      54.423092      89.933640     -20.878433     -12.440276      12.646173    -165.224640      84.938736     -26.196911      -0.048467      -2.733248     -21.934786      41.194550      76.797600    -149.312561     -91.035561     -36.415447      90.271889       2.664150      -3.374124       3.789217     -98.499489     -89.099327      66.830017      -4.860044       4.381930     -23.153019
      -1.097436      33.711277      -0.477032     -15.165696      11.524250      13.892624     -70.098900     -67.581375       3.068409     -11.103936     -16.407711      -1.861705       2.322790       6.788375     -10.141343      -3.468078      -9.648437     -26.802273      -1.432372       4.740800      26.359720      98.163826      -0.837940     -84.982788       5.349516     -50.968132      82.727631      -0.043060      43.253269       0.017941      -8.747585      -0.156493      -2.290720       3.019712      10.068248     -20.421459     -90.003159     -30.592581      89.994461    -102.830620      -1.581750     -94.901367     -18.984049     -43.219479      50.395325       0.119887     -69.413376       0.083254      35.747105      -1.311863      -2.068195      -0.802144      -7.203925      10.386265     -90.005043     -34.884521      89.992691      69.262840      71.468826    -158.225357      89.914703      55.117382      89.973145     -22.514830     -12.768031      11.986478    -165.984589      85.054489     -25.573742      -0.038433      -2.729019     -21.863708      41.496349      76.412239    -150.293167     -91.015823     -37.656078      90.272537       2.916632      -3.471685       3.895473     -98.432549     -89.112717      66.568703      -4.863440       4.377505     -23.089668
      -1.150152      33.508629      -0.605491     -15.706833      11.847617      14.378607     -70.070786     -67.753105       2.933400     -11.245520     -16.118336      -2.356502       2.247285       7.011467     -10.190604      -3.520469      -9.746463     -26.988785      -1.426221       4.697005      26.395058      98.301079      -0.766987     -84.405312       5.053689     -50.886456      82.576942      -0.043068      43.242355       0.017666      -8.753518      -0.156020      -2.290884       3.009524      10.038646     -20.446894     -90.003166     -30.592588      89.994461    -103.026062      -1.617691     -94.542892     -19.075729     -43.117413      50.158978       0.119467     -69.350677       0.082522      35.742825      -1.311767      -2.068359      -0.830678      -7.102244      10.235868     -90.005051     -34.884518      89.992676      69.244560      71.189323    -158.124390      90.020729      55.975582      90.016800     -24.426262     -13.184530      11.123507    -166.977875      85.192085     -24.738897      -0.030279      -2.718748     -21.772545      41.788261      76.003685    -151.299500     -90.990509     -39.217201      90.273643       3.341681      -3.584753       4.004859     -99.269447     -89.118454      65.772766      -4.863729       4.376356     -23.074284
      -1.197159      33.261089      -0.738676     -16.384798      12.195986      14.884620     -69.985664     -67.951370       2.782808     -11.394960     -15.896708      -2.918145       2.175207       7.281335     -10.290130      -3.568248      -9.816570     -27.203316      -1.423907       4.671185      26.417982      98.461647      -0.687279     -83.820999       4.742559     -50.786007      82.429329      -0.043064      43.230743       0.017516      -8.759040      -0.155628      -2.290977       2.999648      10.005164     -20.464617     -90.003159     -30.592581      89.994476    -103.254387      -1.662051     -94.132645     -19.160048     -43.020184      49.914227       0.119025     -69.281242       0.081848      35.737839      -1.311574      -2.068555      -0.863133      -6.986742      10.050271     -90.005074     -34.884521      89.992653      69.254562      70.923553    -157.986832      90.124397      57.023281      90.063080     -26.678806     -13.642465      10.126162    -168.079361      85.347275     -23.816580      -0.024419      -2.709275     -21.674906      42.066025      75.571999    -152.350586     -90.957680     -41.072124      90.274727       3.861880      -3.707913       4.111530    -100.641792     -89.117401      64.428566      -4.866770       4.372036     -23.017355
      -1.101967      34.259666      -0.753856     -12.328734      11.310532      12.891328     -61.653255     -81.166283      17.231653     -10.146187       5.689483      -2.377260       0.652218      -7.920886     -39.236889      -9.015370      10.123756      68.447517      -4.845787     -16.676022     -58.284851      80.649910       0.630827     -70.814018     -23.922945     -25.878471      68.096268      -0.046782      44.658024       0.054967      -8.676701      -0.160668      -2.287220       4.982541      10.222301     -21.221807     -90.068779     -29.053585      89.924271     -81.265137      -1.977018     -69.683228     -32.007526     -60.075798       7.180948       0.110786     -69.022415       0.060809      35.738438      -1.313008      -2.079884      -0.708433      -5.259963       9.896461     -89.989990     -33.202415      89.928886      68.064453      72.548195    -159.568314      89.801003      53.836044      89.927597     -24.738438     -13.834014       9.929316    -168.368469      85.323051     -22.966213      -0.040244      -2.728102     -21.727861      39.445713      76.875854    -151.266129     -90.714989     -37.817261      90.176163       2.900553      -2.878343       3.573635     -87.593971     -89.135208      78.217438      -4.885873       4.348835     -22.909845
      -1.070344      36.331738      -0.703684      -7.513471      10.402748      11.162301     -51.134441     -83.532944      24.144426      -9.377581       3.238765      -5.926297       1.372042      -5.343771     -34.718307      -7.875403      11.310542      52.377598       3.599203     -11.007126      -7.465406      86.091064       1.846036     -73.740990     -20.994402     -28.563461      69.153893      -0.045481      44.360004       0.050879      -8.675797      -0.169160      -2.287389       4.861299       9.808656     -21.069654     -90.158646     -26.026108      89.825882     -85.746696      -2.379012     -73.652405     -27.058323     -58.755016      17.269711       0.305602     -65.979088       0.179289      35.292274      -1.283090      -2.097978      -0.716722      -5.151742       9.982866     -89.930466     -29.896816      89.826263      65.779846      73.876976    -161.309952      89.359375      51.881279      89.771347     -22.558046     -13.803116      10.136847    -167.682327      85.361031     -22.391523      -0.034493      -2.714171     -21.465006      35.539829      77.945313    -149.886856     -90.547928     -35.545559      90.118912       2.177881      -2.268201       3.131863     -75.200500     -89.100700      91.557137      -4.901222       4.289705     -22.674158
      -1.042275      38.626656      -0.152602      -3.060256       9.632414      10.784716     -45.858082     -84.569252      26.790590      -9.104930       2.810313      -6.193393       1.510889      -4.125634     -31.647675      -6.670623      11.048434      41.414719       3.928416      -9.600164      -2.707104      87.642647       2.298979     -77.097900     -19.041962     -25.244667      70.608299      -0.063790      40.587826       0.150431      -9.345708      -0.127749      -2.276284       4.562940       9.648485     -20.882454     -90.156372     -23.891569      89.824661     -87.773537      -2.461699     -76.930885     -18.549200     -57.963329      28.342527       0.344803     -59.990284       0.138910      34.100849      -1.231750      -2.148634      -0.575127      -4.941433      11.012393     -89.904831     -27.564890      89.840996      64.582870      74.003532    -162.941040      89.145119      50.968147      89.703072     -21.518326     -13.651700      10.406590    -167.264496      85.329041     -22.131130      -0.027831      -2.706588     -21.308088      34.454319      78.017082    -150.313492     -90.513260     -34.562752      90.112221       1.979139      -2.174059       3.053712     -71.042694     -89.086327      96.063148      -4.908200       4.249719     -22.585346
      -1.017850      40.827904       0.574887       0.102025       8.776003      10.735419     -45.013462     -85.048775      25.597895      -8.908991       2.628227      -8.161266       1.324281      -4.021008     -31.003912      -5.794485      10.995955      34.091202       3.883239      -8.736243      -1.277047      89.751953       2.519193     -79.881477     -18.683548     -20.891150      70.532776      -0.029537      44.562092      -0.032452     -10.139975      -0.082875      -2.287692       2.759789       1.437488     -21.094036     -90.143959     -22.560631      89.846893     -89.400253      -2.668584     -78.934669     -11.511103     -55.403782      35.823757       0.235990     -60.646751       0.100249      32.631836      -1.144119      -2.189302      -0.765042      -1.289901       8.596460     -89.905785     -26.110010      89.873230      64.109566      73.995316    -163.739777      89.034668      50.724277      89.666214     -21.042177     -13.544620      10.574541    -167.251083      85.263680     -21.906361      -0.026284      -2.714205     -21.265335      34.468418      77.946999    -150.404617     -90.509132     -34.159332      90.116623       2.019086      -2.173881       3.040537     -71.240311     -89.084038      95.906464      -4.908163       4.245959     -22.577065
      -0.975887      42.939022       1.362220       3.116269       7.567478      10.427408     -47.732815     -85.377266      20.822977      -8.882872       2.431258     -10.852955       0.946238      -4.184869     -30.570082      -5.152140      10.974957      29.248659       3.735175      -8.137981      -1.215109      91.727478       2.602418     -82.041473     -21.273010     -15.381081      68.150665      -0.000312      48.593979      -0.150496     -10.862288      -0.039424      -2.299154       0.555400      -8.743849     -21.139908     -90.135910     -21.274809      89.864540     -90.649124      -2.747236     -80.426003      -6.193572     -52.458794      42.068806       0.182337     -60.568729       0.076828      31.297417      -1.068885      -2.225001      -0.730569      -1.498470       6.757050     -89.918396     -24.704271      89.895218      63.755341      74.218124    -164.372284      89.049812      50.617332      89.675003     -20.662973     -13.441489      10.716611    -167.379257      85.180893     -21.634148      -0.027709      -2.734055     -21.251549      34.091682      78.146736    -149.761246     -90.500809     -33.859989      90.117859       2.049373      -2.150595       3.017059     -70.113251     -89.077789      97.041718      -4.908454       4.236929     -22.582912
      -0.900581      44.960491       2.219483       6.646792       6.322333       9.915722     -50.585487     -85.772415      15.911667      -8.897106       2.260970     -12.862022       0.580488      -4.165759     -30.279175      -4.667327      10.816985      25.981524       3.548113      -7.720246      -1.670696      93.528442       2.712228     -84.286102     -24.021711      -9.997169      65.380013       0.030455      52.472679      -0.232293     -11.520830       0.000400      -2.307463      -1.218191     -16.606800     -20.771084     -90.116173     -20.032118      89.878342     -91.506271      -2.774666     -81.670555      -1.427211     -50.242939      47.263569       0.172677     -59.797482       0.070143      30.100439      -1.011881      -2.245906       2.026257      -6.777173       5.313560     -89.958389     -23.346750      89.897942      62.840813      74.497704    -164.713287      89.145424      50.494263      89.713928     -20.316219     -13.330560      10.871358    -167.477463      85.103867     -21.407791      -0.028201      -2.747480     -21.243742      33.113342      78.438477    -148.696564     -90.489799     -33.443932      90.116440       2.115174      -2.139535       2.997255     -69.985611     -89.073700      97.198341      -4.908025       4.232470     -22.578756
      -0.813166      46.878513       3.224753      10.620382       5.041154       9.455057     -53.412907     -86.165039      11.260169      -8.890864       2.220176     -14.227702       0.261439      -3.727323     -30.055527      -4.241454      10.447267      23.296158       3.389939      -7.395199      -1.899612      95.114571       2.783789     -86.472031     -26.048750      -5.144513      63.347538       0.070669      56.014690      -0.284369     -12.118516       0.036422      -2.310465      -1.182725     -16.258045     -21.522558     -90.066170     -18.832130      89.894791     -91.956635      -2.726994     -82.789848       3.143586     -48.790642      51.617573       0.186157     -58.261009       0.074855      29.021709      -0.960244      -2.258969       3.038049     -10.399829       4.030202     -89.969963     -22.034618      89.912033      61.896957      74.726997    -165.035736      89.267899      50.332325      89.762299     -20.009083     -13.228992      11.016370    -167.533783      85.037041     -21.232788      -0.027986      -2.755850     -21.240570      32.244152      78.695412    -147.759949     -90.490204     -33.014996      90.117310       2.191542      -2.133610       2.982293     -70.071892     -89.071320      97.147552      -4.907648       4.228759     -22.576347
      -0.737237      48.659790       4.401303      14.954387       3.748022       9.098649     -57.086605     -86.472092       6.069365      -8.879462       2.321589     -15.122866      -0.023235      -2.966484     -29.427488      -3.829166       9.968142      20.615400       3.242667      -7.142512      -2.126045      96.577538       2.842362     -88.486443     -27.537708      -0.803404      61.978661       0.107173      59.120811      -0.307379     -12.653121       0.071987      -2.311083      -1.407795     -15.869962     -23.633989     -90.035805     -17.672091      89.911537     -92.068771      -2.624739     -83.834244       7.415740     -47.741505      55.293518       0.199398     -56.011837       0.077687      28.032961      -0.911588      -2.267711       3.160998     -12.477541       3.093725     -89.968323     -20.766726      89.929253      61.019245      74.933098    -165.296860      89.391235      50.165672      89.809532     -19.718479     -13.138825      11.149281    -167.554520      84.980896     -21.097952      -0.027399      -2.760355     -21.239641      31.557377      78.904266    -146.924561     -90.497192     -32.608856      90.119514       2.252373      -2.133960       2.972450     -70.340652     -89.070518      96.925163      -4.907568       4.225642     -22.572512
      -0.684440      50.264397       5.755315      19.804087       2.481651       8.826390     -61.634754     -86.686745       0.953960      -8.837538       2.625162     -15.956206      -0.283681      -2.010739     -28.520920      -3.454588       9.469339      18.058640       3.104588      -6.903299      -2.309438      97.973953       2.874400     -90.219414     -28.518679       2.945660      61.219387       0.124982      61.640594      -0.296644     -13.138357       0.102921      -2.309465      -1.571727     -15.079150     -26.181215     -90.017776     -16.550928      89.926430     -91.914108      -2.485368     -84.816566      11.236750     -46.841545      58.335709       0.206212     -53.142227       0.076321      27.130621      -0.865929      -2.273994       3.132197     -13.601615       2.640030     -89.962570     -19.541548      89.943718      60.103241      75.150581    -165.505371      89.527618      49.997475      89.860916     -19.431332     -13.051015      11.278089    -167.562119      84.928703     -20.974009      -0.026671      -2.763517     -21.238113      30.851723      79.086159    -146.144592     -90.499115     -32.241318      90.120224       2.281742      -2.137687       2.963658     -70.769760     -89.070297      96.555916      -4.907468       4.223528     -22.565405
      -0.658801      51.647148       7.272048      25.195536       1.296301       8.628323     -66.571182     -86.833580      -3.901769      -8.804751       2.922545     -15.786130      -0.536095      -0.834618     -28.013811      -3.118612       9.000018      15.626505       2.974654      -6.653007      -2.448309      99.320641       2.874413     -91.616585     -29.029102       6.064367      60.959446       0.116876      63.482941      -0.255100     -13.579012       0.129413      -2.306375      -1.550502     -13.835311     -28.379858     -90.008163     -15.467383      89.939270     -91.557396      -2.318567     -85.731964      14.479318     -45.950985      60.714939       0.203180     -49.780190       0.069109      26.308512      -0.823693      -2.278718       3.086020     -14.088700       2.693067     -89.955818     -18.357653      89.955147      59.156624      75.389374    -165.667328      89.694496      49.834812      89.922928     -19.137243     -12.961773      11.407495    -167.558273      84.878761     -20.856190      -0.025728      -2.765864     -21.235107      30.084196      79.248505    -145.426758     -90.484184     -31.915506      90.116592       2.266865      -2.144557       2.955572     -71.347244     -89.070686      96.055077      -4.907400       4.222623     -22.554148
      -0.669709      52.788738       8.924551      30.294037       0.070617       8.571251     -71.134499     -86.784279      -8.372344      -8.729663       3.288140     -15.622589      -0.751222       0.331452     -27.099058      -2.823899       8.558775      13.403771       2.855037      -6.386509      -2.510023     100.577377       2.838962     -92.650360     -29.084219       8.533748      61.082703       0.081772      64.587822      -0.188754     -13.980052       0.151927      -2.302382      -1.307135     -12.273833     -29.626625     -90.004837     -14.420300      89.949852     -91.031403      -2.131981     -86.606628      16.941742     -44.909500      62.338673       0.189600     -46.089813       0.057318      25.560928      -0.785724      -2.282189       3.101061     -14.260313       3.279748     -89.949974     -17.213627      89.963997      58.691372      75.594215    -165.543152      89.824112      49.702171      89.968697     -18.788059     -12.876536      11.533887    -167.518112      84.836594     -20.749695      -0.024624      -2.767918     -21.226088      29.993670      79.355606    -144.746063     -90.502632     -31.642197      90.122200       2.164052      -2.157256       2.950211     -71.954193     -89.071800      95.566376      -4.907941       4.221111     -22.533613
      -0.722021      53.678677      10.668572      35.262619      -1.180987       8.619063     -74.571877     -86.566360     -11.613705      -8.616958       3.699371     -15.286762      -0.938142       1.458341     -25.978559      -2.572805       8.141316      11.470105       2.748110      -6.110462      -2.442969     101.745407       2.782093     -93.325401     -28.714010      10.379526      61.461128       0.029820      64.920860      -0.111809     -14.345535       0.171216      -2.297903      -0.900830     -10.481899     -30.031736     -90.005989     -13.408483      89.958038     -90.538223      -1.968840     -87.555290      18.212858     -43.441776      62.941868       0.169020     -42.232670       0.045407      24.879791      -0.750542      -2.285707       3.095586     -13.947742       4.163379     -89.942825     -16.108131      89.971710      58.521820      75.775543    -165.201263      89.923729      49.598949      90.002144     -18.372822     -12.796212      11.656856    -167.431473      84.805527     -20.658192      -0.023251      -2.768307     -21.207382      30.353121      79.413849    -144.142929     -90.532768     -31.440771      90.130600       1.959550      -2.167333       2.943459     -72.136391     -89.072639      95.544891      -4.909752       4.216362     -22.502207
      -0.814986      54.306393      12.467540      40.297142      -2.444074       8.746700     -76.947655     -86.225479     -13.431382      -8.478137       4.155982     -14.747540      -1.104716       2.542845     -24.857180      -2.367352       7.753715       9.897795       2.654096      -5.821006      -2.204736     102.741798       2.711750     -93.690598     -27.945036      11.647791      61.998741      -0.024469      64.471313      -0.039683     -14.678865       0.187838      -2.293205      -0.365950      -8.430995     -29.650723     -90.009926     -12.430781      89.963936     -90.211578      -1.837105     -88.554703      17.786753     -41.143341      62.267960       0.144756     -38.383869       0.034468      24.257069      -0.717340      -2.289750       3.023579     -13.008216       5.590090     -89.933273     -15.039929      89.978050      58.505871      75.940842    -164.743317      90.009544      49.511433      90.030411     -17.905283     -12.716242      11.779661    -167.311798      84.781631     -20.572153      -0.021595      -2.767560     -21.179535      30.927996      79.433792    -143.655960     -90.566086     -31.311026      90.139595       1.670560      -2.174893       2.934235     -72.021606     -89.072868      95.851524      -4.912316       4.209477     -22.461544
      -0.943028      54.670662      14.284251      45.405327      -3.644311       8.938051     -78.173019     -85.825958     -13.751999      -8.298540       4.598943     -13.992694      -1.223585       3.506310     -23.738335      -2.198596       7.405648       8.589401       2.566611      -5.512823      -1.844045     103.405533       2.618930     -93.842010     -26.752781      12.342259      62.578697      -0.067458      63.247505       0.015054     -14.983031       0.202158      -2.288779       0.226915      -6.187882     -28.618576     -90.015495     -11.486002      89.967667     -90.544350      -1.794209     -89.597229      15.465467     -37.623325      60.274357       0.119444     -34.738247       0.026161      23.690737      -0.687920      -2.293792       2.981563     -12.042188       7.436283     -89.924957     -14.007663      89.982452      58.577671      76.063438    -164.151733      90.106529      49.434784      90.063560     -17.390285     -12.636230      11.903835    -167.152695      84.766060     -20.500740      -0.019414      -2.764529     -21.143677      31.680681      79.393181    -143.300262     -90.587807     -31.211674      90.145119       1.330417      -2.184858       2.924761     -72.018150     -89.073395      96.070366      -4.915203       4.202976     -22.411930
      -1.100686      54.776836      16.085783      50.584332      -4.735961       9.177504     -78.701248     -85.410889     -13.062633      -8.091883       4.996742     -13.025221      -1.305413       4.342511     -22.588896      -2.054299       7.078254       7.477966       2.485430      -5.199735      -1.402422     103.717468       2.507872     -93.844307     -25.146517      12.499236      63.096600      -0.090595      61.286011       0.046322     -15.260320       0.214650      -2.284943       0.789711      -3.936172     -27.084484     -90.022049     -10.573049      89.969666     -91.954834      -1.862462     -90.677887      11.291167     -32.398827      57.216190       0.095075     -31.456255       0.021907      23.176037      -0.661664      -2.297616       2.950587     -11.148702       9.492783     -89.917923     -13.010112      89.985413      58.735466      76.142883    -163.461655      90.218201      49.366547      90.102562     -16.831974     -12.556959      12.028696    -166.951202      84.759621     -20.448769      -0.016606      -2.758561     -21.100288      32.600277      79.294174    -143.102905     -90.596169     -31.132524      90.146950       0.959856      -2.197706       2.915452     -72.206474     -89.074409      96.111771      -4.918132       4.197662     -22.356327
      -1.284438      54.638279      17.840658      55.804405      -5.718131       9.454063     -79.027710     -85.000443     -11.900076      -7.879354       5.368256     -11.916951      -1.366256       5.157592     -21.537958      -1.953522       6.630199       6.776187       2.415747      -4.955246      -0.766557     103.690903       2.391888     -93.767059     -23.181952      12.187635      63.474415      -0.093288      58.657295       0.056712     -15.513238       0.226028      -2.281670       1.298337      -1.574151     -25.161009     -90.028679      -9.690811      89.970154     -93.451019      -1.896796     -91.734688       6.627789     -26.151005      53.927528       0.068334     -28.648590       0.016968      22.705687      -0.636434      -2.300079       2.823368      -9.968765      11.871320     -89.912865     -12.046064      89.986824      59.004009      76.192833    -162.721283      90.329124      49.309689      90.140762     -16.235542     -12.480077      12.151558    -166.711975      84.761848     -20.414648      -0.013327      -2.750084     -21.049809      33.669186      79.154930    -143.056198     -90.606415     -31.071177      90.149467       0.569079      -2.214175       2.907763     -72.554764     -89.075935      96.001762      -4.921146       4.193161     -22.296600
      -1.492747      54.277149      19.518919      61.052166      -6.602709       9.766301     -79.340210     -84.604126     -10.542830      -7.669542       5.737470     -10.738178      -1.417105       6.007666     -20.573870      -1.903602       6.008514       6.527854       2.356912      -4.820074       0.112789     103.334152       2.263398     -93.653229     -20.875095      11.430733      63.648872      -0.078397      55.451653       0.051733     -15.743279       0.236195      -2.279076       1.756798       0.958044     -22.785389     -90.034996      -8.838276      89.969582     -93.493797      -1.803222     -92.744102       2.816664     -20.163801      50.824375       0.039444     -26.431938       0.007071      22.275146      -0.612975      -2.300348       2.502258      -8.386555      14.905372     -89.912231     -11.114280      89.985779      59.374935      76.224129    -161.971344      90.424202      49.267078      90.172241     -15.611395     -12.407313      12.269433    -166.444229      84.771561     -20.394693      -0.009783      -2.739702     -20.993172      34.831211      78.990486    -143.134705     -90.631546     -31.026609      90.155991       0.165773      -2.234614       2.902907     -73.003571     -89.077957      95.795105      -4.924388       4.188848     -22.233940
      -1.719683      53.716290      21.102125      66.331596      -7.303569      10.111607     -79.041473     -84.225807      -8.444261      -7.402988       6.052061      -9.474616      -1.385343       6.711334     -19.672024      -1.888076       5.336587       6.491017       2.295419      -4.723913       1.096925     102.572479       2.106941     -93.563499     -18.223726      10.205370      63.539303      -0.053460      51.787590       0.039499     -15.952450       0.245287      -2.277622       2.067471       3.228689     -20.076908     -90.041595      -8.014423      89.968552     -92.633591      -1.672466     -93.820259      -0.242161     -14.468735      47.701298       0.017220     -24.890779      -0.000825      21.883713      -0.591354      -2.299431       2.064560      -6.614010      18.115017     -89.915710     -10.213729      89.983025      59.759026      76.211952    -161.155746      90.530281      49.230507      90.208443     -14.970612     -12.337266      12.384346    -166.148544      84.788094     -20.392975      -0.005855      -2.726903     -20.932142      36.011101      78.772217    -143.312973     -90.645088     -30.995781      90.159149      -0.244882      -2.259379       2.899677     -73.697578     -89.080528      95.344124      -4.927493       4.186148     -22.169193
      -1.953074      52.982674      22.582193      71.607559      -7.665819      10.469415     -77.846817     -83.875076      -5.335409      -7.036379       6.248785      -8.159210      -1.217922       7.137427     -18.929327      -1.881533       4.717156       6.548479       2.232553      -4.606997       2.105964     101.427078       1.920919     -93.553093     -15.284862       8.532631      63.122314      -0.027948      47.814350       0.029454     -16.142702       0.253490      -2.277245       2.203903       4.875908     -17.473045     -90.048401      -7.218336      89.967392     -91.631958      -1.572007     -95.030624      -2.591046      -9.126784      44.451313       0.007046     -24.075800      -0.002264      21.528368      -0.570763      -2.297835       1.561664      -4.830895      20.792212     -89.922531      -9.343461      89.980522      60.107815      76.140930    -160.213440      90.688744      49.196972      90.265648     -14.311339     -12.268920      12.499757    -165.808823      84.813889     -20.425482      -0.001124      -2.709712     -20.867447      37.191364      78.471336    -143.596664     -90.611511     -30.976793      90.149811      -0.663987      -2.290663       2.896970     -74.939445     -89.083794      94.346931      -4.929940       4.187753     -22.101879
      -2.181229      52.104836      23.955910      76.864426      -7.631124      10.811345     -76.199974     -83.543289      -1.721707      -6.604158       6.322942      -6.826087      -0.958711       7.285707     -18.288433      -1.869434       4.207445       6.654445       2.170264      -4.437671       3.107913     100.000053       1.714434     -93.626877     -12.156787       6.473121      62.432930      -0.004282      43.704205       0.023104     -16.315556       0.260885      -2.277587       2.240286       5.882996     -15.097448     -90.054283      -6.449006      89.966599     -90.594887      -1.522107     -96.372147      -4.202258      -4.295935      41.037704       0.011113     -24.026073       0.003019      21.205706      -0.551637      -2.295656       1.034420      -3.026863      22.517532     -89.931419      -8.502558      89.978951      60.430454      76.051300    -159.180023      90.897896      49.171040      90.341835     -13.636472     -12.200891      12.616047    -165.432770      84.846886     -20.486250       0.004274      -2.688794     -20.799080      38.334240      78.115715    -143.971008     -90.538460     -30.966516      90.130699      -1.080953      -2.326223       2.894250     -76.602280     -89.087051      92.925117      -4.931833       4.192973     -22.033234
      -2.393971      51.109722      25.225121      82.087555      -7.238746      11.124834     -74.367683     -83.194145       2.069398      -6.128881       6.298654      -5.495238      -0.640138       7.172709     -17.698755      -1.846662       3.833204       6.780690       2.107544      -4.201626       4.085284      98.391243       1.498785     -93.807556      -8.931500       4.076993      61.497711       0.016707      39.638130       0.020146     -16.472525       0.267605      -2.278435       2.223316       6.294870     -12.965562     -90.058540      -5.705523      89.966362     -89.574173      -1.531380     -97.847649      -5.092431      -0.085941      37.433033       0.028616     -24.750021       0.013550      20.914223      -0.533977      -2.293378       0.496453      -0.992310      23.363396     -89.940582      -7.690051      89.978683      60.554634      76.014763    -157.929047      90.995239      49.158894      90.369835     -12.952295     -12.128225      12.745068    -164.988983      84.891769     -20.613607       0.011402      -2.659052     -20.729397      39.455910      77.744461    -144.452957     -90.458275     -30.959682      90.110703      -1.483023      -2.360652       2.890757     -78.289177     -89.089569      91.469437      -4.933639       4.198977     -21.965448
      -2.579373      50.021767      26.396147      87.252113      -6.523847      11.397541     -72.712921     -82.822021       5.654198      -5.645643       6.205563      -4.186968      -0.298477       6.843678     -17.168398      -1.812596       3.597555       6.905709       2.042536      -3.897611       5.027470      96.776985       1.293752     -94.157883      -5.689905       1.384775      60.334114       0.034094      35.790268       0.020705     -16.615187       0.273707      -2.279705       2.168360       6.137222     -11.061863     -90.060890      -4.986972      89.966621     -88.614326      -1.603263     -99.460426      -5.313202       3.424073      33.645241       0.058650     -26.229616       0.027414      20.650661      -0.517618      -2.291158      -0.082484       1.496844      23.601385     -89.948807      -6.904962      89.979942      60.663528      76.065376    -156.658524      90.967232      49.158417      90.350372     -12.277424     -12.051887      12.867274    -164.594193      84.926575     -20.694323       0.017405      -2.634455     -20.657471      40.514568      77.356506    -144.994629     -90.380089     -30.959427      90.091835      -1.865861      -2.390388       2.885496     -79.748398     -89.091187      90.227768      -4.935579       4.204004     -21.900078
      -2.727770      48.863777      27.479401      92.339806      -5.483335      11.591239     -71.326767     -82.449738       8.920752      -5.169598       6.042430      -2.921052       0.048716       6.321301     -16.694370      -1.768658       3.496775       6.992341       1.972247      -3.529389       5.914503      95.190514       1.108979     -94.657784      -2.526105      -1.549923      58.935619       0.047185      32.319221       0.022947     -16.744524       0.279274      -2.281374       2.106871       5.453073      -9.338354     -90.061165      -4.292502      89.967384     -87.839508      -1.725081    -101.139610      -4.933903       6.176365      29.692602       0.098535     -28.420385       0.041853      20.411987      -0.502389      -2.289215      -0.748974       4.649632      23.355398     -89.955574      -6.146349      89.982475      60.801968      76.179039    -155.425018      90.954712      49.171631      90.341232     -11.618601     -11.970919      12.986090    -164.250046      84.952148     -20.732018       0.022276      -2.614615     -20.585089      41.459373      76.974609    -145.544632     -90.295456     -30.964689      90.071663      -2.225279      -2.417587       2.879328     -81.122017     -89.092155      89.055954      -4.937447       4.209115     -21.837559
      -2.833099      47.653336      28.488184      97.355293      -4.220637      11.687400     -70.414665     -82.099052      11.627423      -4.740374       5.830893      -1.707052       0.348052       5.675309     -16.198011      -1.711461       3.498545       7.038502       1.900651      -3.119813       6.744622      93.686676       0.958042     -95.275650       0.442890      -4.635951      57.299572       0.055645      29.362474       0.023887     -16.861250       0.284470      -2.283199       2.070617       4.349242      -7.748373     -90.059456      -3.621356      89.968758     -86.996819      -1.886981    -102.813416      -4.025079       8.072419      25.654018       0.144624     -31.254774       0.055316      20.195343      -0.488415      -2.287568      -1.493046       8.420313      22.765715     -89.961227      -5.413270      89.985847      60.956837      76.365440    -154.256531      90.949219      49.200897      90.337250     -10.983247     -11.884750      13.101919    -163.960419      84.967842     -20.726934       0.026185      -2.599446     -20.513098      42.300529      76.635681    -146.104721     -90.229630     -30.970430      90.056740      -2.552646      -2.437840       2.871703     -82.091537     -89.092766      88.268829      -4.939628       4.212008     -21.779259
      -2.892205      46.401302      29.436434     102.310623      -2.854209      11.678436     -69.968864     -81.793892      13.761313      -4.372984       5.588354      -0.544851       0.582828       4.963225     -15.635040      -1.647277       3.560803       7.043824       1.826747      -2.693656       7.521924      92.273628       0.846898     -95.993408       3.120542      -7.797999      55.407146       0.058199      27.027607       0.022573     -16.966824       0.289419      -2.285124       2.053663       2.948351      -6.310919     -90.055939      -2.972724      89.970848     -85.899727      -2.088571    -104.439476      -2.708891       9.090219      21.640366       0.192048     -34.629860       0.066232      19.998985      -0.475585      -2.286344      -2.245754      12.600460      21.947554     -89.966293      -4.704847      89.989693      61.142509      76.609596    -153.199524      90.946747      49.243912      90.335793     -10.380897     -11.794637      13.212823    -163.735245      84.972504     -20.673687       0.028986      -2.589768     -20.442665      43.041271      76.355034    -146.666733     -90.198860     -30.974092      90.050903      -2.843519      -2.448575       2.862481     -82.452682     -89.093414      88.068771      -4.942368       4.211017     -21.726252
      -2.904115      45.114262      30.338589     107.209648      -1.486948      11.561008     -69.874344     -81.552650      15.433591      -4.064882       5.319594       0.559739       0.757283       4.219543     -15.014347      -1.579813       3.651547       7.024785       1.751297      -2.269662       8.257450      90.949539       0.778367     -96.804726       5.418941     -10.959456      53.230656       0.053422      25.393211       0.019707     -17.062687       0.294166      -2.287080       2.042260       1.328010      -5.092050     -90.051010      -2.345897      89.973419     -84.420563      -2.333672    -105.977676      -1.130107       9.255843      17.787294       0.235858     -38.406269       0.073140      19.818687      -0.463007      -2.285588      -2.720078      16.213388      20.837790     -89.973198      -4.020250      89.994316      61.374722      76.882019    -152.283325      90.945412      49.297466      90.335403      -9.816064     -11.703181      13.317212    -163.569397      84.967674     -20.579836       0.030789      -2.585100     -20.374704      43.688538      76.133545    -147.219452     -90.206169     -30.975035      90.054497      -3.099511      -2.450048       2.851929     -82.200882     -89.094238      88.461624      -4.945664       4.205915     -21.678537
      -2.870116      43.796288      31.209116     112.054291      -0.207052      11.335883     -70.010818     -81.394104      16.758520      -3.809566       5.024847       1.592659       0.879317       3.475909     -14.351683      -1.512612       3.737605       7.007850       1.675837      -1.866838       8.972217      89.714149       0.752604     -97.702934       7.260637     -14.037794      50.743332       0.040637      24.510723       0.016356     -17.149988       0.298696      -2.289022       2.027639      -0.470617      -4.137074     -90.045097      -1.740168      89.976151     -82.342285      -2.636198    -107.377525       0.576827       8.621954      14.238949       0.270147     -42.424530       0.074446      19.654123      -0.451038      -2.285471      -2.152291      16.080265      18.948210     -89.988075      -3.358908      90.000641      61.679123      77.149651    -151.541260      90.944778      49.359104      90.335579      -9.290401     -11.613834      13.413262    -163.450867      84.956108     -20.458443       0.031786      -2.584430     -20.309750      44.247097      75.967888    -147.752228     -90.249542     -30.973433      90.066696      -3.324407      -2.443969       2.840686     -81.426918     -89.095078      89.358902      -4.949435       4.197129     -21.635561
      -2.792422      42.447365      32.061913     116.845329       0.926691      11.003564     -70.238564     -81.319489      17.887451      -3.591283       4.689506       2.579049       0.966587       2.704119     -13.614241      -1.442458       3.838437       6.872224       1.597675      -1.475855       9.598500      88.564064       0.770089     -98.702705       8.579247     -16.950138      47.908714       0.019923      24.407064       0.013173     -17.229563       0.303034      -2.290998       2.003411      -2.584890      -3.509882     -90.038750      -1.154833      89.978882     -79.911766      -3.002869    -108.651443       2.322963       7.240745      11.080831       0.294184     -46.529186       0.071473      19.506420      -0.441779      -2.285995      -1.674884      16.029615      16.754482     -89.998306      -2.719705      90.006187      62.059460      77.382454    -150.976944      90.943932      49.424656      90.335716      -8.803288     -11.528955      13.500807    -163.363602      84.940842     -20.325335       0.032287      -2.586274     -20.248133      44.710594      75.851196    -148.245636     -90.319115     -30.969414      90.084755      -3.522050      -2.432070       2.828949     -80.262451     -89.095551      90.631332      -4.953514       4.185534     -21.596632
      -2.670538      41.070068      32.916325     121.525803       2.149142      10.571436     -69.519882     -81.182144      19.884184      -3.210817       4.267087       3.555605       1.246459       1.683526     -12.860291      -1.378229       4.079379       6.327073       1.492254      -1.008876       9.973146      86.864807       0.812062     -99.798035       9.368310     -19.656124      44.718582      -0.007613      25.081043       0.010736     -17.302113       0.306942      -2.293178       1.951508      -5.408035      -3.313442     -90.032707      -0.589207      89.981369     -80.314453      -3.222541    -109.944206       3.232702       7.608678       8.394465       0.300085     -50.525784       0.062654      19.371418      -0.433148      -2.287206      -1.231262      16.038708      13.968169     -90.004745      -2.101921      90.010597      62.216690      77.542679    -150.224243      91.000137      49.487072      90.358932      -8.347139     -11.449407      13.586178    -163.252090      84.931404     -20.233143       0.033545      -2.584424     -20.190794      44.977089      75.697052    -148.597000     -90.332893     -30.975000      90.087593      -3.718610      -2.429710       2.819367     -79.760132     -89.095749      91.237076      -4.956611       4.178660     -21.558233
      -2.508383      39.664482      33.788799     126.097656       3.293993      10.052908     -68.911613     -81.161118      21.690931      -2.881251       3.782624       4.452005       1.463046       0.679861     -12.123581      -1.290743       4.336405       5.806011       1.402317      -0.557413      10.318998      85.360283       0.918770    -100.996292       9.526701     -21.972433      41.150936      -0.040333      26.522989       0.009179     -17.368504       0.310928      -2.295133       1.847061      -8.863747      -3.461017     -90.026909      -0.042614      89.983406     -80.654900      -3.403666    -111.046379       4.183980       7.250300       6.249680       0.290104     -54.241158       0.053721      19.247461      -0.424520      -2.288195      -0.753115      16.089491      10.272627     -90.010170      -1.504879      90.013702      62.353180      77.693802    -149.517776      90.967789      49.564362      90.345818      -7.918095     -11.372758      13.673068    -163.114212      84.927826     -20.185745       0.035773      -2.578212     -20.137415      45.267223      75.581894    -148.995682     -90.363747     -30.975355      90.094963      -3.893855      -2.426711       2.810717     -79.232666     -89.095863      91.858261      -4.959681       4.171644     -21.521540
      -2.310701      38.225674      34.691074     130.577515       4.372728       9.467922     -68.206543     -81.249565      23.497059      -2.572853       3.249475       5.283282       1.665609      -0.321181     -11.346079      -1.204630       4.604696       5.254751       1.310615      -0.112097      10.628695      83.909134       1.087539    -102.305145       9.069847     -23.810375      37.232830      -0.076012      28.686207       0.008846     -17.428806       0.314774      -2.296867       1.682096     -12.907162      -3.890875     -90.021271       0.485572      89.985138     -80.929077      -3.544039    -111.917061       5.227132       5.896144       4.682263       0.268840     -57.532768       0.046569      19.133396      -0.416694      -2.289068      -0.258191      16.129910       5.619740     -90.015350      -0.927861      90.014999      62.647255      77.798904    -149.041351      90.952179      49.645885      90.340309      -7.529650     -11.306432      13.744137    -163.021225      84.919838     -20.114027       0.036912      -2.576068     -20.087629      45.501820      75.476387    -149.382294     -90.406616     -30.975307      90.105278      -4.047873      -2.425615       2.804420     -78.744148     -89.096031      92.428314      -4.962672       4.164601     -21.487755
      -2.084168      36.746189      35.632965     134.969650       5.383721       8.830765     -67.284798     -81.430138      25.422325      -2.271171       2.668685       6.062146       1.868558      -1.316008     -10.515603      -1.117909       4.869912       4.657145       1.219336       0.319615      10.892064      82.467445       1.323185    -103.734138       8.047842     -25.084078      33.027374      -0.112290      31.493401       0.010214     -17.483696       0.317945      -2.298347       1.437620     -17.016762      -4.585739     -90.015076       0.996025      89.986496     -81.136162      -3.644415    -112.542587       6.384018       3.388894       3.757841       0.239273     -60.275513       0.041457      19.028851      -0.409635      -2.289822       0.241710      16.113258      -0.035488     -90.020432      -0.370232      90.014511      63.015167      77.846207    -148.713638      90.945404      49.729671      90.338570      -7.179258     -11.249923      13.805880    -162.933990      84.913742     -20.057642       0.037964      -2.573553     -20.042622      45.687923      75.380821    -149.760498     -90.457787     -30.973415      90.117538      -4.180246      -2.428559       2.801300     -78.425873     -89.096451      92.816284      -4.965445       4.158433     -21.456808
      -1.836858      35.217228      36.621853     139.278137       6.337572       8.164199     -66.074188     -81.695145      27.536322      -1.973479       2.056769       6.786151       2.072519      -2.255350      -9.639146      -1.031569       5.088331       4.057209       1.133496       0.711517      11.134796      80.853348       1.617889    -105.177055       6.559971     -25.738070      28.647032      -0.146021      34.828259       0.013512     -17.534731       0.319420      -2.299611       1.231868     -16.627504      -5.647164     -90.000656       1.489027      89.987213     -81.295723      -3.721564    -113.006874       7.672508      -0.275635       3.543063       0.205783     -62.374577       0.038213      18.933313      -0.403476      -2.290427       0.726112      15.998298      -6.586939     -90.025200       0.168674      90.012161      63.433655      77.836258    -148.510162      90.942307      49.814625      90.338264      -6.865716     -11.204512      13.858345    -162.843536      84.911293     -20.025194       0.039112      -2.569669     -20.002609      45.835232      75.290573    -150.137527     -90.516457     -30.968805      90.131538      -4.291904      -2.437473       2.802213     -78.378174     -89.097351      92.922745      -4.967932       4.153762     -21.428528
      -1.578527      33.627754      37.660988     143.482193       7.059165       7.495373     -65.121399     -82.193390      29.364958      -1.821463       1.427808       7.477339       2.111135      -2.977074      -8.761817      -0.929418       5.153835       3.333477       1.073448       0.986330      11.306742      80.331001       1.913172    -106.668587       4.808859     -25.921637      24.190119      -0.175084      38.583450       0.015372     -17.581205       0.322788      -2.301004       0.940493     -16.375706      -7.182961     -89.989822       1.965494      89.988136     -81.462227      -3.805004    -113.519241       8.893595      -4.135762       4.036017       0.174717     -63.769619       0.038648      18.845886      -0.398788      -2.290816       1.139348      15.806129     -13.434906     -90.028656       0.689549      90.008057      64.197479      77.768814    -148.722412      90.916397      49.906448      90.328781      -6.588693     -11.173256      13.894561    -162.778580      84.908333     -19.987768       0.039502      -2.568221     -19.966656      46.058544      75.251900    -150.577621     -90.632622     -30.955526      90.159920      -4.373623      -2.443859       2.805686     -78.009155     -89.098343      93.336731      -4.970890       4.146322     -21.404242
      -1.321301      31.968704      38.752899     147.558929       7.416338       6.856594     -64.067322     -82.882080      31.249105      -1.758411       0.795964       8.091818       2.061847      -3.512168      -7.950962      -0.853483       5.064241       2.623284       1.016439       1.159180      11.454466      80.543602       2.181653    -108.147804       2.707155     -25.156300      19.785259      -0.196013      42.589317       0.016984     -17.622536       0.325862      -2.302202       0.645441     -16.218016      -9.212217     -89.981300       2.425992      89.988708     -81.791412      -3.902867    -114.193527      10.056790      -7.898660       5.206051       0.148047     -64.410873       0.040397      18.766739      -0.395089      -2.291298       1.545779      15.580560     -20.300610     -90.030266       1.193014      90.002922      65.209274      77.604294    -149.261383      90.800377      50.002930      90.284218      -6.351027     -11.159246      13.914737    -162.720459      84.908691     -19.965967       0.039523      -2.567184     -19.935471      46.309563      75.265831    -151.009201     -90.818474     -30.941311      90.205139      -4.431014      -2.447808       2.812559     -77.185669     -89.099182      94.192024      -4.974541       4.134626     -21.384386
      -1.093992      30.247469      39.900078     151.420059       7.831715       6.430501     -60.239544     -83.625877      35.901318      -1.465289       0.155195       8.540634       2.204230      -3.414701      -7.945713      -0.833738       5.193678       2.519040       0.913663       1.432069      11.903133      80.657364       2.438596    -109.439148       0.858274     -24.382551      15.771286      -0.203974      46.687572       0.004589     -17.663284       0.329891      -2.302762       0.233083     -16.094631     -11.489244     -89.975525       2.871109      89.988304     -81.152031      -3.567184    -113.118507       8.830400      -7.091029       9.037178       0.077250     -65.083076       0.032912      18.703394      -0.389623      -2.276483      -1.452183      13.358360     -16.133478     -90.042633       7.851604      90.145500      66.026352      77.230423    -149.552368      90.724060      50.111263      90.257332      -6.182036     -11.180241      13.914834    -162.584702      84.931076     -20.062881       0.040916      -2.555969     -19.915749      46.537563      75.116043    -151.383820     -90.977448     -30.955231      90.242638      -4.494204      -2.497568       2.840319     -78.522491     -89.103325      92.883247      -4.976251       4.135088     -21.364370
      -0.949246      28.474159      41.094543     155.152054       8.767390       6.372625     -54.253967     -84.191574      42.676945      -1.029714      -0.148075       8.975443       2.456122      -2.473838      -7.895806      -0.796752       4.923099       1.850057       0.853302       1.510155      12.065601      80.804123       2.643584    -110.559265      -0.753894     -23.459530      12.214824      -0.211403      50.654171       0.007247     -17.695028       0.331119      -2.302838       0.068031     -16.033907     -13.606383     -89.970665       3.301327      89.988403     -80.560921      -2.801492    -109.651360       8.024276      -5.288144      11.318316       0.117531     -64.180878       0.071654      18.626484      -0.389929      -2.278135      -2.508520       8.361214     -13.972621     -90.018959      10.708494      90.092125      66.523315      76.768356    -149.454285      90.790871      50.239159      90.287071      -6.083046     -11.245221      13.893867    -162.311066      84.988678     -20.349070       0.044728      -2.526545     -19.913628      46.857277      74.748634    -151.925369     -91.089020     -30.982544      90.268196      -4.538478      -2.620595       2.901928     -83.725792     -89.109459      87.696640      -4.974751       4.159241     -21.343164
      -0.800956      26.898035      41.960636     159.905029      10.573811       6.742199     -49.834103     -84.242287      48.191250      -0.508842       0.071786      11.522973       2.900846      -0.806598      -4.749174      -0.815768       7.122373       8.596468       0.561492       3.565705      18.364305      82.674919       3.090348    -114.503822      -2.207465     -21.867001       9.216923      -0.324633      54.314320       0.161250     -17.709183       0.328132      -2.299837       0.794272     -16.142950     -12.570895     -89.963936       3.716771      89.995430     -83.147141      -2.290469    -108.955757       6.923666      -3.547324      14.623744       0.104744     -62.498669       0.051002      18.552784      -0.387525      -2.275098      -3.466781       2.809453      -7.402318     -90.014404      11.105186      90.052269      66.462456      75.925072    -148.985825      90.961830      50.409695      90.358589      -6.484723     -11.239198      13.932015    -162.422424      84.967834     -20.493855       0.048298      -2.507136     -19.977671      47.373074      73.756599    -153.442001     -91.054596     -31.112858      90.256691      -4.006919      -2.720181       2.959558     -89.484703     -89.102814      81.619522      -4.967318       4.197824     -21.392012
      -0.734679      25.327595      42.662766     164.519348      12.925627       7.217400     -48.809048     -83.565659      50.850388       0.162566       1.019415      14.063367       3.466130       1.204445      -1.553191      -1.098353       8.888544      13.907311       0.183718       4.969263      22.116196      84.819427       2.757625    -114.445030       3.377451     -31.690327      14.097623      -0.201657      57.531292       0.163933     -17.721479       0.317047      -2.287658       3.897074     -16.022793       2.814503     -90.139923      16.081011      89.910942     -83.645973      -1.991442    -107.980812       7.728840      -6.612117      17.875731       0.082404     -60.113888      -0.004578      18.488153      -0.386526      -2.276731      -3.666490      -0.640296      -0.959915     -90.009163      11.411139      90.024506      66.210289      75.671135    -147.709579      90.946709      50.470337      90.350182      -6.548639     -11.294456      13.930364    -162.176300      85.019424     -20.852747       0.052936      -2.470435     -20.027742      48.044163      72.870308    -154.672577     -91.070053     -31.138098      90.260056      -3.641544      -2.897304       3.062408     -97.953423     -89.082718      72.918388      -4.959033       4.251003     -21.448301
      -0.687281      23.822123      43.270756     167.408554      15.228190       7.759091     -48.024910     -83.020493      51.671783       0.579035       2.368695      16.186892       3.691982       2.940007       4.431113      -1.055821      11.386534      16.780005       0.308532       5.863983      21.648779      86.859505       2.373434    -113.375359       6.343832     -38.315178      14.820100      -0.194508      60.238285       0.217966     -17.733088       0.317575      -2.285705       4.957721     -15.356738      10.967830     -90.086906      15.586104      89.930878     -85.271133      -1.625323    -107.063423       8.338631      -8.843178      21.434988       0.021583     -57.074955      -0.106912      18.425638      -0.382343      -2.277236      -3.660655      -0.896929       9.580520     -89.961044      15.748838      89.898941      66.929771      76.026688    -145.635071      90.936775      50.624123      90.349480      -6.436203     -11.280316      13.959420    -162.130753      85.027107     -20.897041       0.052863      -2.458244     -20.036417      49.557610      72.306320    -155.033112     -91.065926     -31.268023      90.257111      -3.370264      -2.984989       3.122490    -101.648232     -89.070129      69.039543      -4.956052       4.276375     -21.488865
      -0.635412      22.390673      43.880100     169.064026      16.996943       8.413396     -46.609127     -82.930237      53.196510       0.768990       3.385747      16.042109       3.361468       4.830768      11.378252      -1.058521      13.146192      18.526686       0.318917       6.623507      21.883621      88.703896       1.983946    -111.546539       7.769800     -43.016312      14.017513      -0.187556      62.305130       0.232587     -17.746693       0.319041      -2.285530       5.493608     -14.725833      16.434048     -90.055237      15.588542      89.952606     -85.287491      -1.391305    -105.979424       8.998642     -10.768415      25.168854      -0.015035     -53.532127      -0.185854      18.375057      -0.379412      -2.279218      -3.697853      -0.024365      17.456135     -89.990860      14.714649      89.966347      68.464256      76.651756    -143.471268      90.928802      50.919258      90.353188      -6.210715     -11.238443      13.991905    -162.237961      85.005737     -20.745691       0.048935      -2.468377     -20.025623      51.539837      72.049751    -154.873688     -91.064041     -31.458673      90.255394      -3.216437      -3.008187       3.153701    -101.381348     -89.076431      69.168739      -4.957437       4.272937     -21.522427
      -0.548861      21.018322      44.438431     168.991974      18.126137       9.469333     -44.371677     -82.872871      55.628872       0.956568       4.405264      16.020790       3.301354       5.664292      14.404860      -1.302803      15.114548      21.661242       0.290621       7.392004      22.791607      88.549095       1.885299    -109.914825       8.094743     -44.745083      13.359945      -0.163754      63.701855       0.202031     -17.774353       0.325533      -2.286528       5.741901     -14.108217      21.722538     -90.034996      15.591175      89.967430     -85.305603      -1.230934    -104.814919       9.550619     -12.045513      28.826807       0.009278     -49.639206      -0.189381      18.344217      -0.378986      -2.283502      -3.529011       0.548639      21.921593     -89.993286      14.729697      89.975822      70.925713      77.244942    -140.708755      90.913078      51.163174      90.349701      -5.996493     -11.178620      14.033420    -162.392960      84.968918     -20.523878       0.044393      -2.486935     -20.007484      54.192059      71.908379    -153.866974     -91.155434     -31.667343      90.278297      -3.040158      -2.989312       3.156234     -99.515961     -89.087318      70.900665      -4.958915       4.261256     -21.553143
      -0.367258      19.791187      44.811092     166.314407      18.651548      11.272930     -41.658005     -82.576653      58.534401       1.312610       5.226650      16.015362       3.711125       5.803916      13.978926      -0.882511      16.414749      20.516987      -0.110999       9.090764      26.828789      86.940628       1.823036    -108.638565       7.453315     -43.882034      12.612878      -0.136446      64.326012       0.158880     -17.787151       0.328171      -2.287778       6.193800     -13.346307      27.390097     -90.021599      15.593767      89.976555     -87.007790      -1.009186    -103.861305       9.654263     -12.424305      32.352886       0.045351     -45.497139      -0.163752      18.305323      -0.374137      -2.286610      -3.494407       0.641779      22.724442     -89.994896      14.761847      89.981743      74.579597      77.663925    -136.439972      90.923958      51.405655      90.356796      -5.837356     -11.105834      14.088295    -162.546432      84.925339     -20.310038       0.040611      -2.507988     -19.994297      58.298466      71.632561    -151.902115     -91.102997     -32.055515      90.264809      -2.786101      -2.960289       3.159464     -96.474174     -89.100456      73.727722      -4.959655       4.243208     -21.611719
      -0.140585      18.702763      45.191868     163.534149      18.563700      12.898131     -38.078896     -82.465317      62.266239       1.635330       5.427445      16.010160       3.998444       5.807925      13.639964      -0.481981      17.308386      19.641012      -0.315933      10.058093      29.141600      84.814301       1.896365    -108.125587       6.227383     -40.532394      12.350244      -0.118874      64.195717       0.124737     -17.802208       0.332689      -2.286731       6.645175     -12.451322      32.920700     -90.013107      15.596240      89.983086     -88.286537      -0.829094    -102.855179       9.493207     -12.323412      35.763157       0.069271     -41.348892      -0.143245      18.270393      -0.370779      -2.288684      -3.476016       0.841193      22.396299     -89.995895      14.792900      89.985428      78.459129      78.063553    -132.482208      90.905106      51.761742      90.352699      -5.638562     -11.046705      14.133126    -162.663086      84.893578     -20.148680       0.037042      -2.527186     -19.982376      62.087429      71.523796    -149.851181     -91.076416     -32.491924      90.259750      -2.652025      -2.943688       3.159261     -94.105827     -89.107323      75.915443      -4.959134       4.231414     -21.663507
       0.101843      17.701561      45.638477     161.011856      17.980747      14.234411     -32.508389     -82.605370      68.000954       1.910030       5.232675      16.047104       4.180592       5.845162      13.381258      -0.100618      17.822643      19.035313      -0.430091      10.640482      30.960892      83.775826       1.902874    -107.821365       5.314648     -37.057396      12.759510      -0.107845      63.291718       0.092656     -17.816341       0.336394      -2.285451       6.931153     -11.788755      36.912090     -90.007751      15.598608      89.987389     -89.183830      -0.694960    -101.903511       8.975108     -11.677378      38.903755       0.085358     -37.365509      -0.120771      18.241297      -0.368374      -2.290503      -3.417732       1.199830      21.085066     -89.996147      14.840096      89.987610      82.514900      78.304832    -129.187119      90.815590      52.140774      90.317810      -5.419821     -11.013717      14.161969    -162.691254      84.882935     -20.083126       0.034776      -2.539144     -19.969959      65.478668      71.501015    -148.017456     -91.063454     -32.895027      90.259338      -2.611818      -2.943554       3.166044     -92.295013     -89.111328      77.596451      -4.959041       4.220718     -21.700264
       0.245990      16.762117      46.274891     160.245041      16.814566      13.327408     -14.032936     -83.037231      87.150131       2.286781       4.408612      16.492020       4.366302       6.158403      13.362177       0.302779      18.116951      18.671846      -0.634655      11.297763      33.560070      82.093719       1.942024    -107.499710       3.973742     -32.013371      13.512427      -0.107606      61.629280       0.066517     -17.831207       0.339356      -2.285977       6.963702     -11.212219      38.881477     -90.004456      15.600960      89.990204     -89.791931      -0.605274    -100.984589       8.142053     -10.621184      41.718716       0.096199     -33.722542      -0.092487      18.220915      -0.367554      -2.291811      -3.212641       1.547398      19.300367     -89.996559      14.868646      89.989433      85.060555      80.128632    -127.664543      90.063240      53.506332      90.033318      -4.606609     -11.228663      14.074874    -161.578186      85.101067     -21.176399       0.046426      -2.486337     -20.001104      66.396851      72.991554    -145.791534     -91.056015     -33.328030      90.261124      -2.523024      -2.929456       3.181268     -88.959091     -89.119133      80.753937      -4.961926       4.199715     -21.739290
       0.249367      15.927875      47.114162     160.404587      14.887033      11.065864       7.938416     -82.716606     109.694542       2.634038       2.658840      17.155769       4.461485       5.753248      13.669366       0.804726      18.156971      18.498833      -1.103623      12.230954      37.911400      80.546730       1.995367    -107.371315       2.210784     -25.697390      14.544813      -0.117322      59.257122       0.045778     -17.845417       0.341768      -2.288768       6.802932     -10.662467      39.524464     -90.002342      15.603316      89.992035     -90.044411      -0.488926     -99.948845       6.864205      -9.052651      44.273190       0.101051     -30.526005      -0.056848      18.203636      -0.364901      -2.292099      -3.117694       2.649149      17.745689     -89.996620      14.895852      89.990547      86.924706      82.967590    -128.823242      88.598640      55.724190      89.427826      -3.122970     -11.586162      13.892494    -159.697571      85.470009     -22.929672       0.059139      -2.392709     -19.994219      65.536682      75.142761    -143.078262     -91.052277     -33.637486      90.263237      -2.334129      -2.851221       3.168535     -82.442459     -89.123901      87.041817      -4.966262       4.161887     -21.798031
       0.282252      15.282168      47.974903     160.067001      13.097669      10.300732      20.844738     -82.324936     122.785202       2.670630       1.285269      17.506483       4.375237       4.881863      13.952913       1.177309      17.600901      18.531759      -1.517779      12.680446      41.589691      80.628044       1.980704    -107.333771       0.688335     -19.861263      16.142006      -0.130478      56.251175       0.026367     -17.860310       0.343172      -2.292733       6.535422     -10.312372      39.345856     -90.000984      15.605596      89.993248     -90.203590      -0.411053     -99.108635       5.313042      -7.203452      46.376656       0.094908     -27.915981      -0.026622      18.186865      -0.362608      -2.291592      -3.412169       6.151500      17.105986     -89.996750      14.922009      89.991104      95.606689      84.229538    -137.245209      88.842918      57.576527      89.471321      -1.862316     -11.991919      13.595785    -158.328583      85.753067     -24.194469       0.056339      -2.359097     -19.975552      65.874207      75.598854    -141.467361     -91.044243     -33.899342      90.264008      -2.114668      -2.816709       3.151811     -80.337860     -89.116356      88.917770      -4.962941       4.155145     -21.857162
       0.323109      14.787443      48.773556     159.327866      10.997394      10.490148      29.703854     -81.951912     131.594437       2.660900       0.231145      17.623631       4.246553       4.157077      14.108758       1.458002      16.771236      18.709776      -0.981723      11.480366      42.196007      81.613708       1.919508    -107.236786      -0.695451     -14.426306      18.290539      -0.139271      52.746349       0.004564     -17.876850       0.345078      -2.296067       6.190012     -10.141857      38.696720     -90.000137      15.607819      89.994034     -90.261436      -0.393037     -98.515327       3.611045      -5.186176      47.956863       0.081520     -26.010115      -0.008517      18.171282      -0.362486      -2.290784      -3.944517      10.764105      17.163637     -89.996925      14.947252      89.991844     102.637573      84.063118    -144.321686      89.009544      58.967518      89.497993      -0.772116     -12.353814      13.392509    -156.406296      86.059669     -26.023140       0.063927      -2.281590     -19.962517      68.282867      75.102127    -141.612701     -91.114319     -34.085079      90.283882      -1.858078      -2.854678       3.187437     -80.975761     -89.112473      88.055931      -4.958594       4.157080     -21.919704
       0.340149      14.408734      49.517700     158.387177       8.822045      11.341976      34.328266     -81.594322     136.012253       2.835471      -0.354562      17.517200       4.319371       4.189066      13.966581       1.623277      15.618556      18.916990      -0.692133      10.675141      42.482029      82.398003       1.828549    -106.865105      -1.827134      -9.814543      20.964081      -0.146569      48.873726      -0.009233     -17.895330       0.346435      -2.298449       5.725786     -10.035730      37.460331     -89.999680      15.609946      89.994644     -90.098320      -0.387553     -98.099785       2.563943      -4.023159      49.038151       0.065571     -24.833231       0.000068      18.151560      -0.361169      -2.289946      -4.812752      15.920619      17.521389     -89.997231      14.971669      89.992416     104.986038      83.233734    -146.922638      89.107918      59.819111      89.520020      -0.003085     -12.668756      13.229343    -154.458679      86.324715     -27.917906       0.072925      -2.197580     -19.952133      71.357079      73.881836    -142.368439     -91.075569     -34.273285      90.276817      -1.626480      -2.968274       3.262448     -85.261711     -89.108833      83.563683      -4.952127       4.177257     -21.976620
       0.310648      14.174049      50.183365     157.551468       6.759430      12.741538      35.802464     -81.349831     137.222031       3.088866      -0.352789      17.298782       4.411440       4.963285      13.622761       1.775406      14.469001      19.096590      -0.505007      10.036726      42.557484      83.099556       1.724100    -106.351288      -2.741042      -6.071972      23.948904      -0.147656      44.796787      -0.014086     -17.913078       0.347181      -2.300156       5.228315     -10.370417      35.595512     -89.999435      15.612006      89.995140     -89.855904      -0.416056     -97.893829       1.350962      -2.526146      49.558083       0.050722     -24.444902       0.003698      18.136353      -0.360546      -2.289347      -4.525290      15.519027      17.058424     -89.998024      14.995226      89.993668     104.234787      82.222023    -146.536270      89.155968      60.177525      89.542313       0.389714     -12.894576      13.119208    -152.922775      86.507744     -29.475430       0.081042      -2.125827     -19.958015      74.328171      72.240845    -143.191055     -91.056679     -34.448078      90.274261      -1.363178      -3.141582       3.368992     -92.857018     -89.092903      75.748291      -4.942642       4.219184     -22.036255
       0.228759      14.039483      50.764488     156.896271       4.634247      14.460620      37.106773     -81.269440     138.246902       3.188415      -0.110979      17.061666       4.371668       5.968494      13.210475       1.890331      13.318321      19.287146      -0.282511       9.322655      42.253574      84.941315       1.571899    -105.797012      -3.428219      -3.188138      27.068245      -0.146365      40.701271      -0.011335     -17.928394       0.347876      -2.301383       4.750191     -11.188021      33.014915     -89.999313      15.613988      89.995361     -89.384041      -0.459866     -97.858215      -0.388389      -0.192419      49.548477       0.037737     -24.860910       0.005651      18.126602      -0.362838      -2.289035      -4.393657      14.925089      17.084785     -89.998413      15.018013      89.993591     102.979691      81.163841    -145.686447      89.170433      60.153709      89.561386       0.497564     -13.051962      13.034594    -151.968369      86.615013     -30.499882       0.086359      -2.075931     -19.973843      77.117592      70.427582    -143.994751     -91.048058     -34.575985      90.273460      -1.127609      -3.339052       3.493551    -100.912750     -89.058960      67.498299      -4.933307       4.264151     -22.092194
       0.084920      13.965334      51.264133     156.464920       2.493136      16.358490      36.674362     -81.358353     137.582352       3.277531       0.390306      16.824720       4.383731       6.968294      12.773038       1.907234      12.353685      19.462734      -0.165211       8.849432      41.792583      86.962234       1.445002    -105.244606      -3.951292      -0.919123      30.246826      -0.141927      36.791195      -0.004662     -17.943876       0.350056      -2.301469       3.969172     -11.877775      29.335344     -89.999207      15.615904      89.995361     -88.893448      -0.515906     -98.013847      -2.477579       2.799468      49.070168       0.029282     -26.053093       0.007938      18.119707      -0.364819      -2.288922      -4.253415      13.707900      17.812365     -89.998749      15.039991      89.993584     101.378296      80.140770    -144.495453      89.166901      59.838257      89.578514       0.397006     -13.140815      12.978448    -151.617538      86.657852     -30.947878       0.089019      -2.045431     -19.994312      79.446159      68.630432    -144.536346     -91.043846     -34.666271      90.273109      -0.947644      -3.550574       3.625212    -108.857750     -89.004211      59.398598      -4.924186       4.312616     -22.139265
      -0.126004      13.920894      51.694908     156.365067       0.368828      18.246906      33.772949     -81.564819     134.548767       3.444207       1.115880      16.613802       4.530825       7.813698      12.376884       1.862177      11.451110      19.655178      -0.175626       8.615163      41.553207      88.722801       1.352254    -104.671608      -4.236840       0.689696      33.391781      -0.134055      33.217316       0.003233     -17.958675       0.352515      -2.300917       2.923411     -12.190105      24.498295     -89.999146      15.617750      89.995415     -88.420982      -0.564698     -98.313332      -4.521388       5.972267      48.212402       0.027860     -27.969599       0.012904      18.113474      -0.365256      -2.288829      -4.172634      12.735538      18.816147     -89.998932      15.061234      89.993530      99.697540      79.293427    -143.396622      89.157143      59.391945      89.592567       0.199261     -13.174005      12.949968    -151.711319      86.654739     -30.959520       0.089923      -2.030882     -20.017944      81.233177      67.083534    -144.839142     -91.042137     -34.727108      90.272781      -0.817575      -3.756608       3.752528    -115.741997     -88.934776      52.394684      -4.915832       4.360571     -22.177277
      -0.402033      13.895083      52.064949     156.573120      -1.755544      19.842442      29.330517     -81.718422     130.050919       3.712936       1.904209      16.435949       4.815428       8.427521      12.077582       1.793698      10.539855      19.862902      -0.277724       8.520866      41.657749      90.123619       1.286158    -104.087486      -4.210625       1.606712      36.394127      -0.122285      30.112265       0.009197     -17.971386       0.354631      -2.300148       1.810732     -12.196324      19.052401     -89.999107      15.619546      89.995468     -87.999481      -0.613681     -98.717278      -6.370970       9.176151      46.987202       0.035595     -30.552748       0.021359      18.107918      -0.364775      -2.288714      -4.163633      12.280256      19.957306     -89.999023      15.081742      89.993546      98.175995      78.613220    -142.687531      89.278336      58.896946      89.669014      -0.026603     -13.117158      12.951474    -152.665543      86.576927     -30.095860       0.083238      -2.051136     -20.034515      82.674553      66.214966    -145.053253     -91.039970     -34.792526      90.274071      -0.712783      -4.041483       3.926840    -123.390793     -88.820473      44.645638      -4.904526       4.419632     -22.209585
      -0.729419      13.885365      52.369930     156.999252      -3.903977      21.145069      23.400356     -81.777557     124.112320       4.085027       2.654898      16.275663       5.223958       8.760910      11.902170       1.725478       9.623481      20.065975      -0.422913       8.477051      42.022369      91.135300       1.237479    -103.488235      -3.833565       1.870174      39.179562      -0.107001      27.593256       0.011929     -17.980942       0.356450      -2.298975       0.875002     -11.808865      13.999064     -89.999100      15.621377      89.995415     -87.589226      -0.668819     -99.201958      -7.900839      12.290261      45.368584       0.054171     -33.716015       0.034469      18.102814      -0.363917      -2.288620      -4.234057      12.320618      21.176428     -89.999077      15.101562      89.993629      96.494202      77.806564    -141.928543      89.543983      58.391239      89.808754      -0.268857     -12.989317      13.008759    -153.843338      86.456215     -29.000980       0.077053      -2.086320     -20.051542      83.667381      66.054016    -144.994156     -91.256569     -34.853554      90.329216      -0.648783      -4.319450       4.101414    -129.639343     -88.695045      38.319069      -4.895501       4.480833     -22.236706
      -1.080251      13.887152      52.609947     157.545502      -5.987936      22.256266      16.288250     -81.717857     117.012794       4.522306       3.367148      16.123629       5.710758       8.846683      11.843863       1.666769       8.721364      20.252575      -0.584130       8.438837      42.564919      91.755829       1.198539    -102.878639      -3.096642       1.538555      41.680691      -0.089343      25.747671       0.011689     -17.987356       0.358067      -2.297716       0.348876     -10.735232      10.877099     -89.999069      15.623192      89.995354     -87.162041      -0.734471     -99.765488      -9.022083      15.226076      43.336163       0.083956     -37.339817       0.052679      18.098459      -0.362982      -2.288600      -4.356060      12.704929      22.403078     -89.999123      15.120715      89.993729      94.795883      77.059624    -141.164169      89.909348      57.924232      89.985474      -0.494531     -12.855512      13.082951    -154.813049      86.341766     -28.108969       0.073287      -2.115582     -20.069584      84.416328      66.222588    -144.773422     -91.153198     -34.893707      90.301620      -0.620250      -4.501405       4.219107    -132.902039     -88.612640      34.996689      -4.889965       4.517661     -22.261599
      -1.436918      13.895888      52.782291     158.185684      -8.084925      23.219124       8.814972     -81.454613     109.546440       5.043359       3.991661      15.980093       6.281045       8.747309      11.873806       1.620384       7.883753      20.411774      -0.748402       8.400362      43.228077      92.008881       1.168729    -102.295761      -2.019804       0.672749      43.817928      -0.070988      24.631016       0.009700     -17.992720       0.359192      -2.296384       0.109570      -9.495996       9.543951     -89.999039      15.624920      89.995293     -86.713959      -0.812557    -100.420479      -9.672272      17.903008      40.879234       0.123808     -41.273949       0.075443      18.094704      -0.361914      -2.288712      -4.477150      13.216513      23.546869     -89.999153      15.139222      89.993881      93.275780      76.485367    -140.553436      90.233025      57.516983      90.134361      -0.700021     -12.746337      13.152783    -155.482468      86.251823     -27.517488       0.072263      -2.133326     -20.089586      84.789497      66.543816    -144.235001     -91.094223     -34.913986      90.284782      -0.623781      -4.583563       4.267715    -134.318939     -88.571136      33.538696      -4.885847       4.540861     -22.282515
      -1.776515      13.908596      52.876816     158.835785     -10.181458      24.077188       1.993988     -80.973335     102.718094       5.638288       4.520836      15.853705       6.919637       8.542012      11.961078       1.572291       7.192716      20.541286      -0.752009       8.121392      43.268536      91.946663       1.143328    -101.774010      -0.638308      -0.664389      45.548332      -0.054056      24.278234       0.007781     -17.997271       0.359766      -2.294928       0.046877      -8.382275       9.250314     -89.999001      15.626553      89.995270     -86.279068      -0.910317    -101.197540      -9.798674      20.223412      37.991875       0.171820     -45.351326       0.102893      18.091448      -0.360985      -2.288971      -4.539863      13.631537      24.516987     -89.999207      15.157112      89.994026      91.959625      76.142044    -140.021881      90.473610      57.158699      90.240273      -0.888359     -12.661708      13.212301    -155.949341      86.182274     -27.126465       0.072803      -2.142884     -20.110107      84.962158      66.878983    -143.448425     -91.064491     -34.922806      90.275276      -0.645500      -4.581460       4.259267    -134.339432     -88.568726      33.487701      -4.883083       4.550160     -22.301516
      -2.076195      13.923431      52.897827     159.479904     -12.196136      24.849632      -3.359227     -80.328590      97.336945       6.285507       4.959800      15.734548       7.595070       8.358857      12.030806       1.561290       6.597267      20.631802      -0.734180       7.849757      43.318588      91.558128       1.119939    -101.325386       0.987295      -2.403497      46.848969      -0.041023      24.703581       0.007559     -18.001431       0.359999      -2.293576       0.059947      -7.435143       9.567745     -89.998947      15.628096      89.995216     -85.875107      -1.035296    -102.108299      -9.375334      22.086111      34.695007       0.222907     -49.398109       0.131899      18.089031      -0.360439      -2.289376      -4.547677      14.009665      25.257608     -89.999268      15.174399      89.994133      90.778679      75.941994    -139.499725      90.710915      56.844929      90.341454      -1.073890     -12.571067      13.272905    -156.462357      86.106400     -26.689819       0.072440      -2.156355     -20.130165      85.020836      67.242363    -142.521286     -91.051445     -34.949535      90.270775      -0.680862      -4.553267       4.229689    -133.960251     -88.575966      33.838936      -4.880030       4.556792     -22.319387
      -2.317169      13.930925      52.858276     160.074509     -14.093826      25.511196      -7.340831     -79.601166      93.313248       6.955625       5.310776      15.624451       8.288234       8.089156      12.119813       1.565095       6.148259      20.685474      -0.710448       7.615256      43.365845      90.982903       1.096539    -101.043823       2.817241      -4.527562      47.704041      -0.033991      25.890823       0.010166     -18.004992       0.359591      -2.292588       0.123904      -6.862088      10.204071     -89.998932      15.629579      89.995171     -85.528389      -1.180588    -103.113518      -8.451777      23.406712      31.089094       0.271660     -53.236088       0.161744      18.086142      -0.359726      -2.289746      -4.466846      14.189668      25.760508     -89.999336      15.191113      89.994301      89.688019      75.834648    -138.948441      90.975830      56.582844      90.452248      -1.250370     -12.469637      13.340211    -157.012283      86.022964     -26.217133       0.071485      -2.173876     -20.150211      85.034431      67.653847    -141.529602     -91.035789     -34.998405      90.266235      -0.729032      -4.510720       4.189582    -133.327530     -88.589684      34.444130      -4.877091       4.561306     -22.336699
      -2.492629      13.911998      52.784187     160.625763     -15.964361      26.048157      -9.723188     -78.825188      90.885506       7.669078       5.513179      15.538621       9.005670       7.782026      12.207825       1.603136       6.015410      20.688578      -0.648329       7.411896      43.415775      90.338005       1.077724    -100.909782       4.742398      -6.937574      48.114704      -0.034450      27.808407       0.016709     -18.008099       0.358850      -2.291898       0.218731      -6.749263      10.955949     -89.998932      15.630999      89.995094     -85.321068      -1.338280    -104.187416      -7.096838      24.144945      27.247557       0.312280     -56.706470       0.188928      18.083597      -0.359189      -2.290285      -4.315136      14.205997      25.998695     -89.999405      15.207266      89.994354      88.214432      75.778732    -137.990463      90.920471      56.385731      90.423965      -1.400946     -12.337471      13.445783    -157.487549      85.939606     -25.818413       0.072592      -2.184920     -20.171104      85.102455      68.083183    -140.630371     -91.043671     -35.059296      90.268143      -0.797175      -4.464525       4.148351    -132.519577     -88.608246      35.231030      -4.874752       4.562475     -22.352119
      -2.592168      13.849286      52.693821     161.091583     -17.654579      26.580961     -10.807578     -78.100372      89.764992       8.359357       5.642319      15.467975       9.679478       7.582343      12.250802       1.648872       6.029130      20.670923      -0.583044       7.249934      43.457367      89.679558       1.066669    -100.884102       6.648765      -9.530792      48.090408      -0.043841      30.398478       0.028083     -18.011106       0.358046      -2.291314       0.329647      -7.039307      11.808527     -89.998924      15.632370      89.994995     -85.341911      -1.500112    -105.328949      -5.390558      24.258427      23.250246       0.336875     -59.673397       0.207508      18.080481      -0.358660      -2.291077      -4.153232      14.265689      25.902422     -89.999474      15.222900      89.994431      86.931915      75.746979    -137.192657      90.892853      56.220291      90.407829      -1.551216     -12.215860      13.535516    -158.001999      85.852455     -25.382032       0.072150      -2.202007     -20.190624      85.061516      68.448853    -139.734619     -91.010262     -35.136669      90.259827      -0.883475      -4.421503       4.107039    -131.776337     -88.624062      35.957569      -4.872403       4.565066     -22.364935
      -2.616688      13.731713      52.597034     161.489044     -19.138914      27.186054     -10.908439     -77.469070      89.643555       8.993443       5.738512      15.404771      10.272295       7.569592      12.230206       1.704792       6.050670      20.659752      -0.503838       7.069074      43.510292      89.039360       1.066100    -100.940430       8.425195     -12.212983      47.630604      -0.063504      33.572323       0.044957     -18.014236       0.357333      -2.290780       0.449369      -7.634128      12.775511     -89.998940      15.633687      89.994911     -85.619820      -1.568715    -106.132561      -4.390075      25.441629      19.655437       0.322291     -61.962238       0.205351      18.064970      -0.350813      -2.289812      -6.086648      13.241398      27.133152     -89.998901      15.238217      89.993103      85.766945      75.681519    -136.534454      90.881584      56.079258      90.399025      -1.703287     -12.103971      13.619883    -158.461807      85.771545     -25.005405       0.071893      -2.217001     -20.211460      84.932602      68.747520    -138.919815     -90.949417     -35.214218      90.244774      -0.975563      -4.388378       4.069985    -131.273361     -88.632751      36.446449      -4.869708       4.571302     -22.375689
      -2.576571      13.559126      52.494987     161.812912     -20.361361      27.986065     -10.472545     -76.861038      90.072273       9.627506       5.901452      15.322639      10.846412       7.905017      12.097888       1.716231       6.063425      20.645182      -0.479151       6.962069      43.534210      88.335381       1.068179    -101.077194      10.020912     -14.958982      46.748291      -0.093937      37.203632       0.066332     -18.017797       0.356474      -2.290373       0.572369      -8.577553      13.840544     -89.999001      15.634971      89.994843     -85.427719      -1.547996    -106.305908      -3.407762      26.448092      16.315229       0.279577     -63.597649       0.184505      18.033764      -0.347864      -2.287314      -6.898126      13.137673      30.009092     -89.999725      15.252961      89.993393      84.622154      75.546997    -135.919205      90.878204      55.947159      90.393837      -1.867926     -12.004728      13.699369    -158.840851      85.701256     -24.717546       0.072379      -2.226663     -20.235268      84.683548      68.963676    -138.177856     -90.862595     -35.283356      90.223366      -1.060551      -4.372937       4.042316    -131.209290     -88.629845      36.495708      -4.866444       4.583503     -22.385099
      -2.480053      13.340442      52.383095     162.045074     -21.319864      29.032921      -9.986755     -76.288483      90.554611      10.226030       6.172841      15.206417      11.364102       8.438882      11.887884       1.722688       6.091126      20.614647      -0.481019       6.915508      43.533901      87.661797       1.088839    -101.343857      11.288858     -17.644392      45.382938      -0.134276      41.147972       0.092074     -18.021318       0.355796      -2.290175       0.715963      -9.813666      14.909288     -89.999039      15.636189      89.994759     -84.901680      -1.520801    -106.170021      -2.168598      26.492985      13.248620       0.229329     -64.486786       0.158860      18.011452      -0.344338      -2.285192      -7.099159      12.348648      33.340752     -89.999695      15.267179      89.993797      83.592468      75.371040    -135.411621      90.878220      55.827202      90.390274      -2.048827     -11.920034      13.770600    -159.159988      85.640297     -24.500055       0.073304      -2.232299     -20.262785      84.364960      69.124496    -137.535751     -90.764153     -35.342068      90.199120      -1.126430      -4.372149       4.023402    -131.516617     -88.617172      36.166950      -4.862596       4.600937     -22.395227
      -2.333275      13.081335      52.264408     162.183914     -22.029263      30.335480      -9.650392     -75.771233      90.884300      10.762330       6.549408      15.050686      11.807844       9.111965      11.604158       1.718300       6.092175      20.583616      -0.494048       6.878743      43.459091      87.057762       1.135455    -101.746880      12.123029     -20.163774      43.513763      -0.182072      45.239769       0.121777     -18.024946       0.355464      -2.290155       0.856306     -11.139961      15.911445     -89.999077      15.637387      89.994698     -83.120941      -1.459652    -105.542694      -0.354448      24.339540      10.467272       0.176985     -64.604469       0.130857      17.989775      -0.341149      -2.282050      -7.276477      11.625298      36.826473     -89.999893      15.280714      89.994179      82.727974      75.180534    -135.070648      90.879448      55.723896      90.387543      -2.241936     -11.852348      13.829763    -159.434982      85.588242     -24.336309       0.074317      -2.235181     -20.293360      83.986053      69.262573    -137.007050     -90.674248     -35.390949      90.177078      -1.173433      -4.382221       4.012360    -132.055908     -88.598267      35.599155      -4.858482       4.621425     -22.406490
      -2.141718      12.787166      52.143238     162.203857     -22.467072      31.903574      -9.570919     -75.313538      90.950272      11.227558       7.039061      14.849944      12.187126       9.950156      11.225889       1.692239       6.037708      20.559059      -0.506990       6.815766      43.208080      86.518410       1.206251    -102.279350      12.461468     -22.431690      41.143761      -0.233500      49.300491       0.153993     -18.028606       0.355369      -2.290277       0.981311     -12.444499      16.808516     -89.999100      15.638520      89.994675     -80.977280      -1.274919    -104.302429       1.519292      20.989346       8.175415       0.131821     -63.921677       0.102249      17.967968      -0.337249      -2.281208      -7.312995      11.292759      38.483524     -89.999748      15.293726      89.994957      82.137871      74.991928    -134.994492      90.979500      55.629566      90.425674      -2.448009     -11.809165      13.864646    -159.701355      85.542503     -24.188652       0.074431      -2.239197     -20.325706      83.502937      69.402626    -136.552017     -90.583687     -35.432552      90.154892      -1.205227      -4.400977       4.007944    -132.762421     -88.574585      34.858143      -4.854226       4.644255     -22.418804
      -1.916705      12.460764      52.017509     162.113235     -22.688599      33.702049      -9.881860     -74.817009      90.613808      11.709418       7.619632      14.606446      12.593279      10.945648      10.744443       1.626638       6.042569      20.343534      -0.573105       6.830821      42.934429      85.946495       1.299565    -102.966301      12.296763     -24.414999      38.285519      -0.282926      53.151363       0.185728     -18.032017       0.355277      -2.290665       1.093791     -13.739352      17.522842     -89.999130      15.639641      89.994659     -80.090561      -1.098297    -103.297798       2.821668      18.583582       6.455101       0.099390     -62.554348       0.076143      17.960981      -0.341860      -2.281402      -7.283807      10.758283      39.544445     -89.999535      15.306635      89.994057      81.344894      74.813118    -134.735138      90.929985      55.542473      90.402878      -2.646867     -11.762450      13.916348    -159.858810      85.510834     -24.150589       0.076549      -2.232311     -20.360870      82.965462      69.590752    -136.207458     -90.518608     -35.451965      90.139053      -1.228052      -4.426109       4.009199    -133.548798     -88.548317      34.038826      -4.850086       4.667742     -22.430868
      -1.663213      12.102803      51.889698     161.857895     -22.672958      35.737869     -10.540066     -74.367165      89.915047      12.123081       8.300614      14.304215      12.941002      12.003618      10.157919       1.616848       6.062727      19.917555      -0.594044       6.798236      42.664181      85.554619       1.427189    -103.825478      11.545376     -25.921421      34.947403      -0.324255      56.638165       0.213757     -18.034622       0.355281      -2.291066       1.161215     -14.853784      18.007431     -89.999115      15.640704      89.994629     -80.348114      -0.991123    -102.761383       3.524986      17.386648       5.323031       0.074780     -60.504391       0.054993      17.962839      -0.348160      -2.279980      -7.101376      10.063898      41.280647     -89.999664      15.319006      89.992836      80.734901      74.694183    -134.641907      90.905342      55.462002      90.390320      -2.846373     -11.730840      13.949044    -160.039566      85.479523     -24.087219       0.077535      -2.229114     -20.394487      82.328911      69.818321    -135.923645     -90.456406     -35.461082      90.123886      -1.248677      -4.453106       4.012704    -134.334259     -88.521523      33.223389      -4.846178       4.691161     -22.441517
      -1.373625      11.721543      51.763832     161.446518     -22.492336      37.935623     -11.468462     -74.004456      88.929703      12.437873       9.023139      13.958509      13.222430      12.990348       9.528853       1.627624       6.071980      19.314104      -0.590960       6.735912      42.317501      85.322212       1.592957    -104.887703      10.233375     -26.861876      31.191633      -0.351894      59.630249       0.234739     -18.037104       0.355825      -2.291532       1.133709     -15.405300      18.250914     -89.999092      15.641751      89.994667     -80.503563      -0.959727    -102.572258       4.070024      16.012411       4.782566       0.054910     -57.801567       0.035725      17.969326      -0.352830      -2.278326      -6.862810       9.499883      43.264904     -89.999878      15.330770      89.992065      80.310791      74.622314    -134.734222      90.894661      55.398445      90.384033      -3.052554     -11.709891      13.969620    -160.235718      85.449112     -24.014357       0.077756      -2.227981     -20.429323      81.635483      70.097778    -135.738510     -90.425766     -35.462688      90.116440      -1.253064      -4.475649       4.016921    -134.959763     -88.499054      32.562073      -4.842634       4.711761     -22.453314
      -1.057004      11.313186      51.646400     160.831802     -22.111391      40.262882     -12.831667     -73.594688      87.481911      12.767426       9.834257      13.543062      13.161788      13.948965       8.847563       1.645726       6.056603      18.685051      -0.577251       6.656537      41.938763      85.290909       1.772732    -106.071915       8.485790     -27.219004      27.155548      -0.357928      62.010830       0.241346     -18.038914       0.356218      -2.292125       1.032967     -15.624259      18.219744     -89.999062      15.642776      89.994720     -80.570145      -1.001705    -102.746429       4.467972      14.481398       4.843378       0.040489     -54.539986       0.019291      17.975628      -0.355937      -2.276799      -6.654572       9.047363      44.879154     -90.000053      15.342080      89.991455      79.818977      74.606056    -134.771088      90.890701      55.335720      90.380608      -3.246610     -11.694381      13.987038    -160.404327      85.424034     -23.963326       0.078022      -2.225112     -20.463360      80.778236      70.449768    -135.560516     -90.394531     -35.453518      90.108910      -1.261181      -4.498889       4.022709    -135.549316     -88.477661      31.941530      -4.839407       4.731317     -22.463898
      -0.716119      10.873925      51.544296     160.034470     -21.589426      42.678459     -14.355856     -73.251160      85.852737      13.010472      10.642272      13.095603      13.085912      14.892471       8.095303       1.662497       6.086871      18.052353      -0.566257       6.599333      41.555202      85.522797       1.947368    -107.326424       6.415748     -26.952337      22.968935      -0.337899      63.699532       0.229068     -18.040108       0.356696      -2.292907       0.924958     -15.656433      17.866167     -89.999046      15.643773      89.994835     -80.587875      -1.086181    -103.108978       4.774804      12.825749       5.408386       0.032582     -50.841774       0.004700      17.981899      -0.357890      -2.276767      -6.431709       8.689112      45.940483     -90.000153      15.353021      89.991089      79.355812      74.659340    -134.888672      90.889717      55.277706      90.378700      -3.427829     -11.682229      13.999795    -160.573151      85.399719     -23.904951       0.077950      -2.223362     -20.495043      79.809204      70.873741    -135.463013     -90.383804     -35.426632      90.106415      -1.276732      -4.516178       4.026263    -135.981339     -88.461365      31.488033      -4.836730       4.747678     -22.471798
      -0.351955      10.400387      51.464405     159.052628     -20.954275      45.139515     -15.988608     -72.964073      84.094215      13.181886      11.419717      12.627937      13.015512      15.769917       7.304029       1.679537       6.242268      17.381161      -0.563089       6.604664      41.148384      86.040833       2.102943    -108.630783       4.151576     -26.017756      18.791765      -0.292494      64.642174       0.197826     -18.039837       0.357039      -2.293739       0.830403     -15.684880      17.211390     -89.998955      15.644747      89.994919     -80.589050      -1.177872    -103.476044       5.026658      11.079604       6.408373       0.031301     -46.863029      -0.008565      17.988306      -0.359254      -2.278332      -6.165936       8.394144      46.430962     -90.000183      15.363605      89.990860      78.887062      74.769684    -135.077881      90.890053      55.221321      90.377480      -3.597631     -11.671615      14.009386    -160.746597      85.374947     -23.834930       0.077561      -2.223091     -20.524382      78.708847      71.351891    -135.443298     -90.397034     -35.383671      90.109734      -1.299635      -4.526137       4.026962    -136.228058     -88.451416      31.229120      -4.834637       4.760070     -22.476929
       0.048717       9.884890      51.420563     158.007950     -20.247248      47.551785     -17.634420     -72.889214      82.309883      13.141964      12.016150      12.234501      12.929926      16.275070       6.753574       1.736451       6.727941      16.775690      -0.531713       6.704713      40.693066      86.409378       2.114167    -109.320061       3.214424     -26.863842      15.631622      -0.217626      64.699501       0.155964     -18.017035       0.345570      -2.289140       4.066830     -14.388245      24.096087     -89.998764      15.645793      89.994843     -80.593796      -1.239844    -103.696617       5.027182       9.839863       7.925453       0.033488     -42.746433      -0.020302      17.988441      -0.357663      -2.281775      -6.152570       8.520804      45.767048     -89.999840      15.373943      89.991631      78.561592      74.942871    -135.614273      90.916847      55.174599      90.387421      -3.760621     -11.659358      14.013078    -160.975967      85.341446     -23.705124       0.076039      -2.229296     -20.550827      77.518272      71.888985    -135.630310     -90.461143     -35.322269      90.125038      -1.319594      -4.514199       4.018079    -136.024170     -88.456917      31.424324      -4.833481       4.764121     -22.480745
       0.487375       9.340844      51.401150     156.685120     -19.348377      50.013721     -19.043787     -72.630005      80.752892      13.307146      12.640940      11.780051      12.920091      17.084517       5.846094       1.723810       7.299177      15.667191      -0.615178       7.009986      40.123611      85.584122       2.117117    -109.298080       1.597115     -25.702139      12.590935      -0.150486      64.004707       0.114339     -17.992043       0.339314      -2.285037       5.719945     -13.041059      31.719456     -89.998207      15.646495      89.994003     -80.200119      -1.322303    -103.970367       5.409335       7.243530       9.844922       0.037248     -38.682835      -0.032193      17.985222      -0.354729      -2.286047      -6.278366       8.829173      44.720352     -89.999527      15.384019      89.992317      77.805641      75.047180    -135.780548      90.902069      55.110233      90.380226      -3.940512     -11.640156      14.029790    -161.165512      85.311279     -23.618870       0.075710      -2.230175     -20.579931      76.031631      72.352310    -135.742706     -90.482086     -35.253269      90.130508      -1.331522      -4.511366       4.014038    -135.982925     -88.456398      31.456272      -4.832006       4.770406     -22.483791
       0.958528       8.771456      51.410976     155.108688     -18.258661      52.482693     -20.895981     -72.329948      78.701630      13.460141      13.295838      11.276223      12.922314      17.686083       5.078497       1.755241       8.011389      14.323703      -0.679886       7.376769      39.404423      83.694908       2.167755    -108.985779      -0.352058     -22.930025       9.859190      -0.098435      62.586704       0.076020     -17.974821       0.338618      -2.282410       6.430494     -12.140917      36.154659     -89.998230      15.647285      89.994232     -80.335114      -1.393621    -104.218712       5.656114       5.117432      12.109305       0.041373     -34.889397      -0.042114      17.985987      -0.354043      -2.290059      -6.150139       8.888453      43.559299     -89.999405      15.393735      89.992752      76.894402      75.224648    -135.903625      90.896393      55.044178      90.376617      -4.111818     -11.618655      14.048592    -161.351074      85.280930     -23.533033       0.075380      -2.230983     -20.609049      74.359505      72.832497    -135.923340     -90.477928     -35.162766      90.130180      -1.343458      -4.508262       4.008701    -135.997055     -88.453712      31.439074      -4.830397       4.778155     -22.484745
       1.465467       8.191040      51.431026     153.278717     -17.127806      55.011581     -22.420435     -72.225708      77.011452      13.469772      14.088354      10.656006      12.893183      18.089878       4.305542       1.850028       8.550126      12.913894      -0.671980       7.598706      38.630028      82.018745       2.267737    -108.918610      -2.165338     -19.638083       7.629048      -0.061278      60.519207       0.043883     -17.973192       0.344253      -2.280419       6.790922     -11.414727      39.483730     -89.998245      15.648124      89.995491     -80.419571      -1.473836    -104.475731       5.779423       3.435710      14.638268       0.045620     -31.499531      -0.046550      17.989857      -0.353625      -2.294127      -5.899039       8.893322      42.311924     -89.999268      15.403137      89.992973      76.173431      75.396843    -136.211716      90.894829      54.979370      90.374496      -4.305662     -11.608192      14.055471    -161.546341      85.250786     -23.445793       0.074685      -2.233516     -20.639759      72.747917      73.243057    -136.297485     -90.527229     -35.046867      90.142441      -1.343074      -4.513046       4.009467    -136.114685     -88.447060      31.322596      -4.828624       4.786290     -22.484247
       2.004401       7.610381      51.460239     151.170013     -16.085808      57.547993     -23.828741     -72.262619      75.461685      13.366897      14.858498      10.019714      12.777096      18.259871       3.265130       1.963043       8.984132      11.603847      -0.638268       7.740221      37.912872      80.619392       2.426098    -109.207649      -3.790275     -15.954965       5.960535      -0.036372      57.814369       0.020212     -17.978481       0.349729      -2.278930       6.733514     -10.655187      42.079086     -89.998154      15.648798      89.996254     -80.469261      -1.562962    -104.775795       5.687618       2.343052      17.441212       0.048690     -28.644003      -0.044313      17.995739      -0.353313      -2.297749      -5.578024       8.881040      41.028980     -89.999146      15.412230      89.993080      75.668549      75.577332    -136.654205      90.894691      54.926102      90.373360      -4.501348     -11.611739      14.048375    -161.735153      85.225128     -23.368982       0.073439      -2.236802     -20.672071      71.262329      73.600563    -136.838211     -90.653061     -34.925034      90.172218      -1.340171      -4.524498       4.017015    -136.278931     -88.439423      31.162813      -4.827130       4.793333     -22.482948
       2.569455       7.028723      51.503857     148.894592     -15.188077      60.076458     -24.775993     -72.571205      74.448944      13.067826      15.488458       9.483292      12.437330      18.488813       2.090842       2.120521       9.151131      10.266257      -0.538617       7.703470      37.229313      80.703659       2.527346    -109.700272      -5.064574     -12.805330       4.717919      -0.020966      54.542229       0.000156     -17.986151       0.353700      -2.279954       6.450790      -9.949969      43.520599     -89.998123      15.649450      89.996895     -80.491203      -1.704045    -105.383186       5.130605       2.326413      20.455593       0.048083     -26.427862      -0.038505      18.002007      -0.353149      -2.300265      -5.259666       8.950630      39.697193     -89.999069      15.420980      89.993156      75.450485      75.743103    -137.375656      90.894379      54.877621      90.372223      -4.684433     -11.628390      14.026965    -161.914963      85.203293     -23.295387       0.071641      -2.241875     -20.702381      69.951637      73.892990    -137.633911     -90.874756     -34.789558      90.224060      -1.353421      -4.536994       4.027414    -136.360550     -88.435310      31.099836      -4.826241       4.796562     -22.478651
       3.141193       6.450158      51.572540     146.512787     -14.435622      62.585148     -25.446058     -73.041878      73.759567      12.669094      16.057014       8.980477      12.014664      18.911798       0.754179       2.260703       9.192357       9.077370      -0.432386       7.589648      36.603104      80.782257       2.633999    -110.142319      -6.339935      -9.028720       3.964161      -0.015158      50.826923      -0.015058     -17.993259       0.356085      -2.282911       6.109735      -9.408323      43.930107     -89.998184      15.650165      89.997238     -80.511772      -1.899759    -106.322021       4.217961       2.957543      23.617451       0.044606     -24.922810      -0.031334      18.007811      -0.352987      -2.301967      -4.969443       9.171704      38.235786     -89.999008      15.429439      89.993248      75.306717      75.888374    -138.247574      90.854843      54.822777      90.355667      -4.841477     -11.657573      13.996788    -162.040955      85.192108     -23.261950       0.070116      -2.244137     -20.729012      68.726051      74.124191    -138.653885     -91.180893     -34.638195      90.295357      -1.401489      -4.555324       4.042106    -136.442245     -88.432213      31.061880      -4.826111       4.796926     -22.468027
       3.705449       5.874152      51.674129     143.985184     -13.813352      65.011383     -25.927418     -73.657951      73.295082      12.174650      16.569452       8.515096      11.513873      19.511196      -0.627017       2.384048       9.178357       7.915995      -0.340036       7.469595      36.015575      80.860588       2.757033    -110.582573      -7.602706      -4.812741       3.715316      -0.015707      46.832150      -0.028584     -18.000980       0.357926      -2.287214       5.655911      -8.948436      43.611256     -89.998253      15.650921      89.997421     -80.561951      -2.126671    -107.495766       2.957920       4.113564      26.852955       0.038873     -24.175360      -0.025351      18.012352      -0.352711      -2.303126      -4.725189       9.640270      36.609360     -89.998985      15.437592      89.993340      75.058113      76.048630    -139.105103      90.797966      54.748375      90.331726      -4.963115     -11.688959      13.965898    -162.125214      85.186745     -23.247494       0.068927      -2.244730     -20.749567      67.844994      74.275513    -140.148331     -91.111412     -34.460320      90.283333      -1.482829      -4.568974       4.070202    -136.013321     -88.452103      31.559189      -4.829350       4.779026     -22.452499
       4.178192       5.521605      51.796402     141.142090     -13.211204      66.716888     -28.469030     -74.910622      70.137917      11.585128      16.793484       8.331684      11.037726      20.017387      -1.296319       2.512604       9.484559       6.982637      -0.242293       7.398996      35.541649      81.242119       2.964926    -111.016136      -8.534510      -2.160645       3.614611      -0.023871      44.436234      -0.025042     -18.072546       0.361609      -2.290233       5.071150      -8.805835      42.907719     -89.998558      15.581251      89.996895     -80.619347      -2.264408    -108.183304       1.866012       5.292760      29.048391       0.032799     -23.974571      -0.017279      18.043488      -0.354893      -2.301538      -4.479090      10.019092      35.544277     -89.998940      15.443536      89.993507      71.793556      77.382629    -137.323639      90.544144      54.957100      90.245766      -5.115001     -12.073394      13.727091    -161.576279      85.310898     -23.884588       0.080382      -2.158045     -20.797056      64.720100      75.368462    -139.817596     -91.071915     -34.670204      90.272446      -1.498483      -4.837711       4.291824    -147.741074     -87.866959      19.774786      -4.832892       4.733269     -22.422861
       4.507174       5.402979      51.850254     138.542587     -13.802941      67.719955     -31.190403     -75.896492      65.564598      11.070906      16.877344       7.633832      10.730663      20.177202      -1.145396       2.572565      10.224002       6.529872      -0.296297       7.615435      35.541748      81.569359       3.275280    -111.416962      -9.010336      -1.750405       3.106029      -0.031976      44.116463      -0.010454     -18.205194       0.368654      -2.291042       4.406994      -8.837120      42.256767     -89.999046      15.331493      89.995872     -80.676659      -2.225110    -107.927605       1.483799       5.840015      29.639418       0.028241     -23.800615      -0.009213      18.061817      -0.357214      -2.298326      -4.434933       9.805584      35.763748     -89.998886      15.447385      89.993515      67.491386      80.191612    -134.117355      89.935059      55.292992      90.023407      -5.088842     -12.524642      13.407975    -160.936401      85.466408     -24.574659       0.085233      -2.047456     -20.837479      61.784115      77.699768    -138.818192     -91.059189     -34.447815      90.272232      -1.657496      -5.113190       4.542503    -159.045746     -86.493988       8.996645      -4.842794       4.716845     -22.471388
       4.755844       5.326046      51.809803     136.635727     -15.323673      68.378868     -34.334423     -75.871323      60.526814      10.733571      15.961952       6.720182      10.520432      20.180555      -1.164605       2.599571      11.012233       6.320542      -0.404856       7.955011      35.602570      81.736275       3.560786    -111.985825      -9.320848      -1.649214       2.559235      -0.037074      43.883247      -0.000274     -18.320473       0.375241      -2.290838       3.834001      -8.775477      41.986290     -89.998970      15.254155      89.995941     -80.888443      -2.121423    -107.582573       1.157918       6.216079      30.171619       0.025067     -23.625288      -0.003907      18.054962      -0.357653      -2.296328      -4.497711       9.776092      35.878235     -89.998940      15.451152      89.993469      60.652382      83.367737    -128.067322      88.916245      55.381207      89.624695      -4.847651     -12.831316      13.185130    -160.449326      85.565414     -25.018948       0.088215      -1.993913     -20.817186      58.185658      80.184555    -136.512161     -91.059998     -33.751846      90.274437      -1.830172      -5.304423       4.737679    -163.173569     -85.574936       6.766429      -4.849193       4.703304     -22.536207
       4.956501       5.270037      51.722446     134.917740     -17.204205      68.841347     -37.652035     -75.605438      55.288151      10.490293      14.857098       5.753652      10.395517      19.926821      -1.215986       2.628518      11.756375       6.412998      -0.472183       8.244340      35.636944      81.913551       3.811509    -112.673698      -9.541700      -1.652252       2.009361      -0.039963      43.636547       0.006477     -18.414021       0.380513      -2.290411       3.372231      -8.744130      41.873714     -89.998825      15.187793      89.996017     -81.188507      -1.989390    -107.284592       0.784843       6.574662      30.759388       0.022830     -23.448206      -0.000355      18.032133      -0.356859      -2.295093      -4.638075       9.855509      36.006622     -89.998978      15.454855      89.993477      50.664627      86.697227    -118.732468      89.004128      55.236912      89.632141      -4.529699     -13.137949      12.846655    -160.376099      85.600708     -24.990215       0.075397      -2.038656     -20.745863      50.453186      82.376999    -129.995377     -91.062660     -33.049488      90.272491      -2.089534      -5.421324       4.839359    -165.716125     -85.078537       7.420119      -4.850527       4.706706     -22.589685
       5.122104       5.235154      51.609570     133.408539     -19.409040      69.116661     -40.492416     -75.174561      50.401508      10.325472      13.672523       4.819243      10.344755      19.498240      -1.272357       2.663751      12.464176       6.676496      -0.514887       8.474518      35.771294      82.115036       4.043361    -113.419952      -9.723948      -1.697261       1.451403      -0.041516      43.363998       0.010859     -18.492666       0.384804      -2.290008       2.984575      -8.743569      41.807972     -89.998680      15.079124      89.996056     -81.519440      -1.842794    -107.008476       0.383839       6.922877      31.375471       0.021259     -23.271034       0.002034      17.999763      -0.355342      -2.294323      -4.798801       9.986080      36.207012     -89.999023      15.458506      89.993507     -19.617844      88.654533     -49.149929      89.054840      54.997520      89.637291      -4.111023     -13.339032      12.656481    -160.167389      85.643242     -25.067215       0.069740      -2.051081     -20.666960      35.745316      84.254677    -116.447105     -91.066483     -32.337589      90.268806      -2.448319      -5.484151       4.870786    -167.846329     -84.911491       9.739552      -4.848443       4.721022     -22.621424
       5.277604       5.230338      51.504303     132.065674     -21.899837      69.250938     -42.495846     -74.681473      45.987370      10.200460      12.508153       4.018872      10.330280      19.032860      -1.250650       2.702782      13.161003       7.054484      -0.542392       8.667768      35.991604      82.338951       4.265274    -114.205299      -9.887437      -1.764520       0.885685      -0.042235      43.068985       0.013645     -18.561928       0.388489      -2.289673       2.642298      -8.761676      41.754124     -89.998520      14.929094      89.996094     -81.865784      -1.687509    -106.732742      -0.032782       7.261263      32.009872       0.020173     -23.092548       0.003657      17.963594      -0.353486      -2.293857      -4.971770      10.154341      36.458679     -89.999062      15.462082      89.993523     -78.323914      86.659424       8.736600      89.080246      54.764732      89.640839      -3.617288     -13.464149      12.552312    -159.930099      85.679054     -25.151758       0.067915      -2.056093     -20.579779      10.017035      85.432472     -91.882729     -91.064995     -31.644522      90.263565      -2.916858      -5.503066       4.840488    -169.820114     -85.001122      13.414352      -4.843467       4.741448     -22.624744
       5.444913       5.251291      51.422886     130.858475     -24.589777      69.262100     -43.611767     -74.219643      42.126564      10.103666      11.369304       3.337857      10.346231      18.610741      -1.152864       2.741794      13.874790       7.511123      -0.562908       8.848464      36.265182      82.597076       4.485874    -115.059212     -10.040010      -1.846159       0.312047      -0.042443      42.745659       0.015419     -18.624367       0.391725      -2.289410       2.332498      -8.794013      41.694847     -89.998314      14.729718      89.996140     -82.217377      -1.523777    -106.435921      -0.466473       7.590068      32.677361       0.019387     -22.912613       0.004781      17.924824      -0.351406      -2.293587      -5.152141      10.358777      36.741604     -89.999077      15.465612      89.993546     -87.693985      84.048592      17.125263      89.091026      54.512997      89.643394      -3.051781     -13.525685      12.517305    -159.677383      85.708405     -25.231684       0.068727      -2.056774     -20.483990     -22.433228      85.338203     -60.669735     -90.962234     -30.950121      90.237373      -3.504381      -5.498523       4.776563    -171.483063     -85.335823      18.475220      -4.838180       4.759607     -22.596159
       5.544144       5.321409      51.355389     130.351074     -25.802465      69.799362     -47.210411     -73.115593      37.551178       9.963227      10.349835       2.837809      10.420362      17.790928      -1.207963       2.783559      14.488873       7.960330      -0.567699       8.970971      36.600658      82.831818       4.660219    -115.743896     -10.175838      -1.935092      -0.251033      -0.042316      42.425930       0.016311     -18.677444       0.394527      -2.289178       2.057345      -8.818880      41.649662     -89.998199      14.546507      89.996147     -82.612534      -1.357059    -106.244247      -0.909007       7.911499      33.302608       0.018759     -22.731297       0.005509      17.878841      -0.348869      -2.293453      -5.334319      10.548425      37.018261     -89.999107      15.469081      89.993584     -92.018730      81.688164      18.700922      89.090912      53.961864      89.644623      -2.268858     -13.618416      12.493528    -159.201324      85.765533     -25.488024       0.074049      -2.033717     -20.370123      -8.428096      83.258705     -72.639587     -87.157433     -20.924164      89.126671      -5.008040      -3.482024       3.398998     -27.175226     -86.275742     170.590347      -4.916354       4.966142     -22.417208
       5.682286       5.406298      51.338921     130.620972     -26.829487      70.578873     -48.874882     -72.125565      35.060055      10.063104      10.005156       2.420132      10.491439      16.801422      -1.007207       2.808407      15.115023       8.331938      -0.594021       9.114561      36.884079      83.028816       4.826862    -116.525856     -10.261529      -2.053423      -0.748109      -0.041938      42.098255       0.016858     -18.722782       0.396866      -2.288860       1.823132      -8.847600      41.640121     -89.998131      14.382155      89.996124     -83.073555      -1.173555    -106.046616      -1.367100       8.194250      33.970272       0.018223     -22.547829       0.006007      17.826107      -0.345907      -2.293402      -5.507936      10.710530      37.252968     -89.999130      15.472496      89.993591     -97.194344      80.552132      20.598490      90.148277      53.136635      90.026466      -1.572297     -13.115154      12.591949    -160.886520      85.529381     -23.542488       0.016422      -2.264528     -20.181301      -3.899595      78.578194     -74.459625     -87.819252      -8.832769      89.210312     -14.274849       2.181487      -0.506076     -22.713182     -85.565834     172.831146      -4.987117       4.473976     -21.710320
       5.903446       5.424740      51.432831     131.924301     -27.610952      71.747826     -48.395210     -71.643959      35.077213      10.386742       9.891654       2.311146      10.793786      16.471457      -1.001812       2.876229      15.755420       8.506670      -0.604399       9.248343      37.172150      83.353378       4.953247    -117.261688     -10.345429      -2.151270      -1.254570      -0.041443      41.781750       0.016903     -18.765368       0.399133      -2.288554       1.669697      -8.862900      41.663940     -89.998146      14.225807      89.996101     -83.504234      -0.978164    -105.826607      -1.842075       8.502715      34.609982       0.017779     -22.348253       0.006262      17.769705      -0.342685      -2.293487      -5.671576      10.929949      37.370815     -89.999161      15.475834      89.993614    -100.803749      80.820869      20.324087      91.499924      52.409145      90.498901      -0.857793     -12.390160      13.067961    -161.914841      85.284431     -22.261206      -0.006056      -2.477780     -20.043058       2.196868      76.192116     -79.340157     -88.240944      -4.232886      89.387550     -27.917707      -7.422465       4.286506     -10.548028     -80.209633     176.062088      -5.169682       3.445188     -21.504236
       6.119344       5.438394      51.555065     134.220642     -28.658337      73.811157     -48.088810     -70.648590      34.862961      10.939561       9.838307       2.367413      11.305327      16.268797      -0.890960       2.970937      16.344280       8.595338      -0.587051       9.340764      37.433891      83.773537       5.056964    -117.906631     -10.447565      -2.195049      -1.716602      -0.040966      41.455196       0.016654     -18.806709       0.401331      -2.288366       1.544867      -8.875538      41.649704     -89.998177      14.066781      89.996063     -83.883987      -0.797246    -105.642990      -2.330724       8.850486      35.234123       0.017434     -22.135853       0.006348      17.712009      -0.339335      -2.293702      -5.749434      11.053055      37.395229     -89.999168      15.479119      89.993637    -100.946068      81.287628      16.582943      91.241386      51.745068      90.442986       0.086537     -11.952068      13.489966    -161.824905      85.230751     -22.083452       0.005517      -2.492017     -19.924740       9.650683      75.386551     -86.109619     -88.493591      -2.910454      89.529289     -30.168297      -6.939417       4.142533     -11.047273     -81.400276     175.363846      -5.407965       2.126120     -21.604296
       6.328086       5.433852      51.683769     136.621399     -29.505814      76.021996     -47.842957     -69.704948      34.794189      11.487082       9.914082       2.405076      11.821671      16.118118      -0.846891       3.061056      16.879700       8.670197      -0.563602       9.405481      37.663662      84.228104       5.142621    -118.489906     -10.549113      -2.211772      -2.122063      -0.040511      41.114586       0.016357     -18.847637       0.403466      -2.288220       1.442911      -8.891740      41.604706     -89.998215      13.909957      89.996033     -84.233788      -0.630266    -105.498436      -2.815958       9.207799      35.840633       0.017182     -21.934450       0.006295      17.660250      -0.336441      -2.293906      -5.810051      11.129672      37.425346     -89.999161      15.482368      89.993622     -99.462601      82.179298      11.299151      91.095261      50.681408      90.417648       1.235286     -10.245252      14.712502    -162.853149      85.086281     -20.742865      -0.048635      -2.509020     -19.787369      15.724593      74.823395     -91.265266     -88.863853      -1.412996      89.661896     -30.420385      -6.417145       4.042501     -12.285678     -82.359879     174.787125      -5.467181       1.716985     -21.507027
       6.539907       5.430271      51.830173     139.271759     -30.121111      78.311523     -47.443531     -68.833824      34.986931      12.039696      10.032228       2.603297      12.348114      16.141373      -0.829967       3.149731      17.292101       8.714790      -0.529235       9.420188      37.876789      84.757385       5.193327    -118.992455     -10.632585      -2.217290      -2.442227      -0.040005      40.737274       0.016009     -18.882284       0.405121      -2.288172       1.378221      -8.924666      41.520527     -89.998222      13.756320      89.995956     -84.205292      -0.504399    -105.404266      -3.130252       9.260938      36.392941       0.016915     -21.777580       0.006077      17.604462      -0.333501      -2.293967      -5.884882      11.088935      37.590572     -89.999168      15.485567      89.993675     -95.390106      84.002274       3.366276      91.010590      49.459881      90.400185       2.626764      -5.951884      17.838083    -163.956650      84.780563     -19.235260      -0.083730      -2.595480     -19.610104      20.259029      74.301674     -94.371040     -88.769562       1.391133      89.670761     -29.907486      -6.502550       4.113693     -14.930431     -83.812958     173.888885      -5.551551       1.525945     -21.364906
       6.758035       5.534490      52.013775     141.136597     -30.523785      80.380653     -48.169353     -67.765472      33.398872      12.289936      10.040826       2.777758      12.506633      16.211227      -0.322467       3.160812      17.635675       8.918217      -0.532625       9.459573      38.005962      85.199036       5.268024    -119.490837     -10.711042      -2.241671      -2.708457      -0.039599      40.342579       0.015819     -18.919027       0.406888      -2.288106       1.324798      -8.957453      41.427135     -89.998222      13.608883      89.995911     -84.138664      -0.410988    -105.284225      -3.354220       9.245708      36.885895       0.016828     -21.666046       0.005791      17.562927      -0.331514      -2.293995      -5.909346      10.924269      37.816494     -89.999176      15.488706      89.993675     -89.193710      86.021858      -6.705233      89.788383      49.045719      90.024040       6.166067      -5.882339      18.986338    -174.820526      74.733444      -8.087141       0.098419      -2.333557     -19.558880      23.607891      73.051987     -97.903801     -88.787918       1.327816      89.707039     -28.045294      -6.648953       4.053677     -26.034254     -86.591751     164.691650      -5.664738       1.275412     -21.061939
       6.911811       5.636180      52.127613     142.453888     -31.310867      81.778557     -48.539417     -66.960617      32.178112      12.510595       9.905468       2.540473      12.609634      16.069536       0.111148       3.147827      17.974936       9.246240      -0.547208       9.504601      38.185650      85.640755       5.340757    -119.974350     -10.785052      -2.311026      -2.998200      -0.039194      39.942593       0.015699     -18.955515       0.408711      -2.288028       1.282049      -8.980536      41.356155     -89.998199      13.469547      89.995903     -84.075203      -0.331220    -105.149261      -3.561641       9.232093      37.374069       0.016823     -21.561399       0.005606      17.529781      -0.329924      -2.294045      -5.895191      10.733335      38.021542     -89.999168      15.491782      89.993652    -101.932465      87.191292       3.253550      88.613731      48.565907      89.636017       7.060760      -4.336877      19.215452    -173.300705      77.545799      -8.874362      -0.281948      -5.135918     -19.187780      26.273380      71.937431    -100.262238     -88.798897       1.265690      89.737091     -27.711733      -6.282632       3.708390     -38.384895     -87.686165     152.359985      -5.651024       1.479612     -20.894533
       7.005403       5.675772      52.192284     143.150177     -32.168995      82.624306     -48.655579     -66.511978      31.404629      12.656662       9.687047       2.209760      12.708506      15.987864       0.188939       3.126091      18.232737       9.581051      -0.562135       9.520410      38.394817      86.025101       5.375921    -120.304741     -10.832550      -2.390297      -3.254281      -0.038782      39.577503       0.015540     -18.986641       0.410441      -2.287806       1.260680      -8.981089      41.348396     -89.998283      13.415146      89.995880     -84.090103      -0.227988    -105.078659      -3.776050       9.262678      37.774113       0.016753     -21.456091       0.005442      17.494059      -0.328115      -2.294149      -5.874942      10.522868      38.231701     -89.999168      15.494814      89.993622    -124.213341      88.140686      23.260094      88.803413      47.708374      89.671753       7.717922      -4.314317      19.085081    -171.934006      79.379311      -9.877332      -0.277713      -5.172935     -18.968561      28.502054      71.122383    -101.889351     -88.803665       1.223821      89.757118     -27.636057      -5.951147       3.480850     -46.063057     -88.054611     143.844391      -5.628243       1.545468     -20.831223
       7.046657       5.637884      52.202705     143.151230     -32.884449      82.920067     -48.714680     -66.412643      31.041597      12.699545       9.410723       1.871558      12.785347      15.957377      -0.085576       3.092757      18.383022       9.818192      -0.582755       9.527165      38.509506      86.344223       5.365660    -120.520561     -10.830431      -2.464926      -3.425487      -0.038293      39.263542       0.015375     -19.009502       0.411879      -2.287424       1.261542      -8.960657      41.409637     -89.998421      13.450081      89.995811     -84.174232      -0.106414    -105.075348      -4.002281       9.340094      38.098915       0.016667     -21.340000       0.005237      17.461927      -0.326487      -2.294360      -5.757861      10.108985      38.275780     -89.999207      15.497783      89.993683    -163.710083      88.868683      61.053188      88.916466      48.022053      89.683456       9.525634      -6.200533      17.789198    -170.998672      80.556190     -10.600067      -0.326099      -5.774630     -18.739710      30.240669      70.481567    -102.907394     -88.805214       1.197183      89.769241     -27.598869      -5.591453       3.273870     -51.651150     -88.262451     136.970398      -5.613861       1.566077     -20.797131
       7.027619       5.554759      52.157887     142.460693     -33.247547      82.560852     -48.882576     -66.575897      30.949137      12.612391       9.057311       1.691411      12.795079      15.938066      -0.566959       3.043378      18.381975       9.887891      -0.615310       9.528340      38.465618      86.559860       5.307652    -120.572456     -10.778764      -2.523684      -3.512059      -0.037713      39.027767       0.015110     -19.019249       0.412849      -2.286968       1.288281      -8.906648      41.482677     -89.998512      13.487174      89.995789     -84.331566       0.017408    -105.163689      -4.197834       9.433385      38.297756       0.016552     -21.216486       0.004894      17.432640      -0.324970      -2.294576      -5.610598       9.659637      38.278988     -89.999229      15.500713      89.993683    -202.500458      88.831093      98.650902      88.980934      48.687866      89.691414      11.324346      -5.728390      17.542192    -170.690781      81.298637     -10.353921      -0.373711      -5.875031     -17.974527      30.876755      70.083878    -102.912743     -88.805389       1.180372      89.777443     -27.595684      -5.298815       3.104913     -52.092236     -88.302498     134.951950      -5.598467       1.617336     -20.774271
       6.957274       5.461457      52.068825     141.059845     -33.263496      81.673058     -49.435013     -66.793823      30.608776      12.372817       8.656329       1.668521      12.668438      15.879939      -1.044198       2.971894      18.250568       9.815621      -0.664553       9.519385      38.283161      86.625786       5.230867    -120.458679     -10.696533      -2.576663      -3.534823      -0.037212      38.880920       0.014885     -19.021854       0.413658      -2.286479       1.320734      -8.812018      41.560730     -89.998581      13.523681      89.995827     -84.560699       0.138270    -105.348022      -4.335135       9.499444      38.360123       0.016317     -21.098715       0.004404      17.392609      -0.322807      -2.294826      -5.584297       9.497540      38.448917     -89.999245      15.503597      89.993622    -211.588104      88.644836     107.001160      89.015869      49.681232      89.697075      13.101498      -4.281877      17.733435    -170.583649      81.783043      -9.810824      -0.406031      -5.999532     -17.063036      30.435575      69.908134    -101.979256     -88.805382       1.110377      89.783417     -27.418594      -5.131312       2.993456     -48.919510     -88.237679     136.293457      -5.584916       1.665644     -20.734749
       6.851844       5.403466      51.968407     139.360260     -32.955330      80.426414     -50.119480     -66.999786      30.075991      12.055982       8.286277       1.836530      12.425679      15.806352      -1.305854       2.879485      18.005011       9.661618      -0.725284       9.508723      37.984528      86.527367       5.155695    -120.171371     -10.604105      -2.647398      -3.539140      -0.036911      38.824078       0.014769     -19.023378       0.414589      -2.285996       1.340613      -8.678967      41.639248     -89.998650      13.559616      89.995934     -84.871544       0.249952    -105.605614      -4.412800       9.531647      38.323811       0.016114     -20.991718       0.003930      17.351585      -0.320607      -2.295058      -5.570844       9.408902      38.568001     -89.999252      15.506432      89.993629    -213.379150      88.663681     108.697945      89.446854      49.832199      89.839264      14.162207      -2.884675      18.104145    -170.345459      82.111954      -9.522349      -0.420989      -6.079563     -16.413006      28.632542      70.082336    -100.024544     -88.805702       0.867167      89.787430     -27.234503      -5.094975       2.976552     -49.571827     -88.299858     133.453445      -5.578734       1.688102     -20.710899
       6.751594       5.366109      51.867489     137.697403     -32.510155      79.276321     -50.943153     -67.055344      29.296436      11.737905       7.999246       2.044322      12.129784      15.687276      -1.356801       2.796796      17.757364       9.441712      -0.784346       9.473855      37.692314      86.358437       5.099746    -119.850761     -10.516491      -2.742316      -3.548238      -0.036814      38.818130       0.014785     -19.029806       0.415738      -2.285585       1.340746      -8.541102      41.716160     -89.998695      13.594975      89.996078     -85.194038       0.338133    -105.864288      -4.434352       9.520487      38.251038       0.016003     -20.883520       0.003548      17.317144      -0.318708      -2.295230      -5.562540       9.391020      38.701263     -89.999245      15.509208      89.993614    -210.446823      88.730560     105.963570      89.870911      49.518700      89.979912      14.529740      -2.265303      18.308910    -170.071762      82.331390      -9.528188      -0.425187      -6.113182     -16.102591      26.656075      70.399406     -98.080444     -88.806419       0.654546      89.788719     -27.071405      -4.945504       2.906042     -49.345909     -88.351273     131.286194      -5.576285       1.737389     -20.694172
       6.661848       5.329664      51.776058     136.224945     -32.045868      78.303169     -51.706711     -67.034279      28.521374      11.462283       7.765664       2.265994      11.855472      15.572267      -1.333126       2.737225      17.534014       9.170548      -0.834770       9.411592      37.465290      86.174820       5.059711    -119.519325     -10.448435      -2.846953      -3.593033      -0.036844      38.832878       0.014798     -19.042227       0.417045      -2.285272       1.322549      -8.421888      41.784611     -89.998734      13.629730      89.996193     -85.502426       0.409791    -106.100395      -4.424937       9.485531      38.175526       0.015944     -20.779797       0.003249      17.288698      -0.317153      -2.295393      -5.546624       9.389997      38.787952     -89.999229      15.511946      89.993607    -209.595093      88.875626     105.382217      90.291885      49.109516      90.118721      14.587522      -2.029710      18.374977    -169.925415      82.475815      -9.543233      -0.435665      -6.123188     -15.963011      24.904455      70.739655     -96.427567     -88.806892       0.519940      89.789932     -26.875631      -4.721988       2.813851     -35.597317     -87.944077     142.564392      -5.574629       1.789421     -20.686802
       6.581039       5.294921      51.696846     134.944168     -31.582966      77.449501     -52.332317     -67.002518      27.846350      11.228559       7.563321       2.505953      11.612638      15.497865      -1.272783       2.695648      17.322357       8.872881      -0.875357       9.329330      37.285175      85.987694       5.030056    -119.169388     -10.399754      -2.954485      -3.670587      -0.036957      38.860806       0.014790     -19.059849       0.418484      -2.285033       1.290794      -8.322807      41.842682     -89.998756      13.663920      89.996292     -85.800568       0.472220    -106.320930      -4.399544       9.441325      38.098984       0.015925     -20.679514       0.003019      17.264198      -0.315826      -2.295541      -5.526357       9.394862      38.841228     -89.999207      15.514633      89.993599    -210.163681      89.094208     106.202248      90.718781      48.702656      90.257957      14.584875      -2.021623      18.360865    -169.840790      82.570824      -9.544983      -0.447324      -6.117654     -15.890206      23.277212      71.075417     -94.942017     -88.745049       0.434712      89.780548     -26.778772      -4.637964       2.813962     -28.129051     -87.605515     148.671539      -5.629639       1.825094     -20.664186
       6.508713       5.262228      51.628536     133.834427     -31.135246      76.702400     -52.843739     -66.964890      27.260149      11.030697       7.379981       2.757061      11.399329      15.462158      -1.193606       2.667041      17.120865       8.565652      -0.906933       9.233128      37.136196      85.805458       5.007421    -118.811958     -10.366127      -3.061299      -3.771163      -0.037098      38.895977       0.014787     -19.081608       0.420037      -2.284840       1.251156      -8.243614      41.892044     -89.998772      13.697535      89.996384     -86.088547       0.530207    -106.528305      -4.368126       9.394713      38.026035       0.015900     -20.581139       0.002852      17.242016      -0.314616      -2.295682      -5.503996       9.397079      38.873608     -89.999199      15.517276      89.993591    -212.443405      89.331253     108.703011      91.163765      48.325905      90.401192      14.559100      -2.157923      18.295061    -169.788910      82.635109      -9.542952      -0.454527      -6.080720     -15.852637      21.756910      71.354408     -93.587395     -88.781746       0.354976      89.787979     -26.677311      -4.557727       2.796557     -33.114613     -87.932655     143.945755      -5.647054       1.849406     -20.644497
       6.452185       5.237383      51.579731     133.068512     -30.655840      76.207565     -53.277317     -66.852936      26.784161      10.889834       7.263074       3.062617      11.235915      15.455956      -1.084483       2.649615      16.931282       8.256211      -0.929996       9.126042      37.012981      85.641884       4.988717    -118.460243     -10.343801      -3.164665      -3.886727      -0.037236      38.931511       0.014774     -19.106447       0.421640      -2.284681       1.208847      -8.184872      41.933979     -89.998787      13.730583      89.996445     -86.362213       0.586381    -106.723267      -4.338862       9.352142      37.962200       0.015872     -20.483908       0.002731      17.221191      -0.313475      -2.295793      -5.481538       9.392115      38.896870     -89.999184      15.519884      89.993591    -262.348816      89.816772     158.656586      91.069817      47.971081      90.364586      14.541977      -2.017880      18.378578    -169.779434      82.675674      -9.481327      -0.467263      -6.049649     -15.805558      20.434719      71.623032     -92.606979     -88.856819       0.189525      89.802414     -26.568928      -4.566245       2.808681     -45.582966     -88.399727     131.750427      -5.654346       1.833883     -20.631224
       6.403399       5.208880      51.542793     132.479706     -30.187910      75.812485     -53.578014     -66.773178      26.467409      10.785573       7.179028       3.388961      11.115225      15.506386      -0.998772       2.636833      16.736132       7.949356      -0.946531       9.013915      36.890621      85.493484       4.968656    -118.100456     -10.328509      -3.261780      -4.009462      -0.037358      38.967033       0.014754     -19.132778       0.423242      -2.284542       1.168647      -8.142363      41.968803     -89.998802      13.763075      89.996483     -86.632866       0.644998    -106.916313      -4.318299       9.323853      37.900681       0.015823     -20.386986       0.002652      17.200731      -0.312350      -2.295896      -5.460062       9.373730      38.922611     -89.999168      15.522438      89.993584    -352.709900      89.571175     249.003754      91.015221      47.640636      90.342232      14.531968      -1.874436      18.440180    -169.784134      82.703026      -9.403259      -0.481814      -6.074101     -15.751183      19.466698      71.834908     -91.932076     -88.733170       0.143308      89.780220     -26.557005      -4.389309       2.754508     -54.154301     -88.612038     123.395027      -5.653198       1.885269     -20.628016
       6.364018       5.193691      51.509144     131.947678     -29.840981      75.454094     -53.820393     -66.667465      26.085508      10.694417       7.070634       3.679802      10.992689      15.548126      -0.860805       2.629694      16.579721       7.666345      -0.959646       8.901362      36.798492      85.370087       4.957793    -117.781982     -10.323805      -3.354154      -4.143963      -0.037476      38.993374       0.014734     -19.162310       0.424934      -2.284407       1.127768      -8.116343      42.000584     -89.998810      13.795014      89.996513     -86.876923       0.699593    -107.081902      -4.298243       9.290924      37.859661       0.015778     -20.290398       0.002615      17.181623      -0.311294      -2.295986      -5.438793       9.352803      38.945278     -89.999176      15.524950      89.993591    -365.517548      89.185303     261.849548      90.987701      47.368423      90.330154      14.518250      -1.811635      18.468937    -169.794037      82.721725      -9.335139      -0.493869      -6.096744     -15.712748      18.531395      71.971756     -91.199249     -88.776672       0.085948      89.788307     -26.544624      -4.285972       2.737791     -69.648918     -88.818260     107.962959      -5.647620       1.940866     -20.633169
       6.330322       5.180051      51.479893     131.482346     -29.558491      75.132088     -53.995712     -66.573318      25.763718      10.624717       6.959021       3.932024      10.878347      15.586519      -0.740063       2.626300      16.449450       7.410670      -0.970213       8.793530      36.731873      85.270470       4.951015    -117.488106     -10.328596      -3.441058      -4.294042      -0.037577      39.009594       0.014687     -19.194050       0.426676      -2.284278       1.088635      -8.104677      42.029881     -89.998810      13.826407      89.996536     -87.099915       0.754657    -107.227493      -4.282850       9.257531      37.834526       0.015716     -20.194632       0.002603      17.162922      -0.310262      -2.296070      -5.419461       9.329019      38.967487     -89.999161      15.527426      89.993576    -370.019562      88.818642     266.411407      90.975372      47.128120      90.323715      14.500942      -1.796164      18.478668    -169.808807      82.734734      -9.272267      -0.504552      -6.116968     -15.685422      17.697847      72.082298     -90.518509     -88.795654       0.029115      89.791992     -26.507757      -4.190024       2.718808     -89.420082     -88.906281      88.265785      -5.645295       1.985746     -20.634359
       6.300815       5.167476      51.454372     131.074615     -29.312836      74.843765     -54.136032     -66.494011      25.480171      10.563132       6.855014       4.165478      10.783155      15.626360      -0.632482       2.624101      16.332050       7.174162      -0.979627       8.690366      36.678783      85.190590       4.944241    -117.209709     -10.337804      -3.522907      -4.451662      -0.037629      39.017761       0.014629     -19.226757       0.428431      -2.284141       1.054896      -8.105159      42.057758     -89.998802      13.857269      89.996536     -87.309753       0.812883    -107.363983      -4.275455       9.227070      37.820534       0.015649     -20.098997       0.002613      17.143452      -0.309182      -2.296139      -5.404124       9.300701      38.994461     -89.999161      15.529852      89.993576    -372.362091      88.468079     268.816589      90.970886      46.913803      90.320259      14.479938      -1.822053      18.472748    -169.824905      82.743919      -9.217123      -0.513747      -6.133396     -15.668130      16.939178      72.167488     -89.888420     -88.803528      -0.023945      89.793571     -26.461794      -4.098074       2.696826    -109.611778     -88.852882      68.153908      -5.644185       2.021950     -20.634651
       6.274632       5.155796      51.431839     130.713242     -29.094160      74.583221     -54.247311     -66.425987      25.227766      10.508607       6.760156       4.386459      10.701426      15.667593      -0.533679       2.621289      16.223259       6.953404      -0.989011       8.592300      36.631649      85.126152       4.937150    -116.944221     -10.349270      -3.600713      -4.612231      -0.037663      39.019081       0.014587     -19.260075       0.430215      -2.283995       1.027536      -8.113504      42.084930     -89.998802      13.887608      89.996529     -87.510559       0.873933    -107.494392      -4.275151       9.199974      37.814739       0.015560     -20.003334       0.002615      17.123171      -0.308052      -2.296194      -5.392017       9.267739      39.026814     -89.999161      15.532245      89.993584    -373.830750      88.128410     270.347626      90.969696      46.722176      90.318176      14.453662      -1.878260      18.455723    -169.840256      82.751602      -9.171195      -0.519447      -6.132298     -15.657771      16.242144      72.232399     -89.303108     -88.806847      -0.072885      89.794319     -26.408859      -4.009981       2.672510    -125.786896     -88.683067      52.062920      -5.643995       2.051744     -20.633999
       6.251170       5.144887      51.411663     130.388657     -28.898066      74.344757     -54.334080     -66.366890      24.999891      10.459977       6.672572       4.597661      10.630249      15.710591      -0.441079       2.617273      16.121208       6.746070      -0.998861       8.499356      36.587662      85.074463       4.929919    -116.689468     -10.362411      -3.675723      -4.774584      -0.037686      39.014462       0.014552     -19.293886       0.431997      -2.283835       1.006217      -8.126918      42.111954     -89.998802      13.917441      89.996498     -87.704147       0.937072    -107.619926      -4.280421       9.175735      37.815315       0.015470     -19.907715       0.002626      17.102303      -0.306881      -2.296256      -5.381830       9.230727      39.063210     -89.999161      15.534593      89.993576    -374.863800      87.796547     271.443176      90.970001      46.549122      90.316765      14.423507      -1.959617      18.429840    -169.845032      82.764824      -9.142814      -0.524400      -6.130702     -15.655146      15.598335      72.280624     -88.756844     -88.807838      -0.118874      89.794586     -26.349754      -3.925691       2.646472    -137.071167     -88.448807      40.864468      -5.644551       2.077178     -20.632139
       6.228438       5.133926      51.392319     130.070877     -28.715204      74.106598     -54.409069     -66.324051      24.788052      10.411456       6.590622       4.794319      10.564804      15.751864      -0.354134       2.611296      16.022749       6.549677      -1.009693       8.411553      36.543880      85.031189       4.922228    -116.441185     -10.376415      -3.749161      -4.938164      -0.037696      39.005047       0.014530     -19.327925       0.433814      -2.283666       0.989028      -8.142330      42.138710     -89.998795      13.946757      89.996483     -87.893547       1.002135    -107.742462      -4.289850       9.153605      37.819889       0.015380     -19.812216       0.002644      17.080927      -0.305696      -2.296320      -5.372799       9.190641      39.102180     -89.999161      15.536900      89.993584    -375.583618      87.527260     272.232941      91.059364      46.393250      90.343361      14.381979      -2.111592      18.368456    -169.824387      82.793022      -9.151118      -0.527166      -6.128643     -15.661695      14.959916      72.311356     -88.202309     -88.808411      -0.162880      89.794739     -26.287769      -3.846803       2.619803    -145.074646     -88.174889      32.949543      -5.645303       2.099235     -20.630180
       6.207564       5.124020      51.376099     129.815018     -28.501648      73.925056     -54.509384     -66.253952      24.594721      10.371663       6.526561       5.000865      10.503142      15.785088      -0.275773       2.603095      15.925477       6.361542      -1.021724       8.328458      36.498070      84.992683       4.914223    -116.196205     -10.390751      -3.822642      -5.102446      -0.037698      38.992432       0.014507     -19.362143       0.435628      -2.283497       0.975012      -8.157475      42.165432     -89.998787      13.975592      89.996468     -88.081146       1.068658    -107.863403      -4.301750       9.132512      37.826389       0.015287     -19.716940       0.002642      17.059155      -0.304484      -2.296382      -5.364418       9.148835      39.142220     -89.999168      15.539176      89.993584    -376.012238      87.160904     272.676758      91.014137      46.242611      90.328049      14.346358      -2.218296      18.343624    -169.801224      82.824280      -9.162239      -0.532714      -6.124781     -15.675384      14.265933      72.348801     -87.704468     -88.815399      -0.308508      89.796799     -26.204458      -3.858756       2.631852    -152.568481     -87.738640      25.555365      -5.649925       2.089302     -20.627138
       6.186194       5.105166      51.363232     129.611649     -28.246113      73.773651     -54.540695     -66.226105      24.546440      10.351940       6.548914       5.194738      10.443245      15.802597      -0.207973       2.590765      15.817225       6.164581      -1.036911       8.248792      36.441803      84.946861       4.902164    -115.945259     -10.400747      -3.896965      -5.262739      -0.037685      38.980335       0.014498     -19.395311       0.437417      -2.283303       0.966041      -8.170378      42.193481     -89.998779      14.003932      89.996460     -88.280472       1.140717    -107.989952      -4.317819       9.114067      37.829174       0.015193     -19.621691       0.002632      17.036139      -0.303201      -2.296437      -5.358174       9.104727      39.185368     -89.999168      15.541409      89.993591    -375.958862      86.825104     272.594147      90.991844      46.083618      90.319809      14.312449      -2.311494      18.315216    -169.797501      82.842323      -9.151019      -0.536890      -6.122648     -15.682193      13.865782      72.408806     -87.454147     -88.670143      -0.297188      89.769806     -26.282055      -3.667247       2.576933    -156.197830     -87.511650      21.936584      -5.643027       2.121742     -20.663984
       6.164953       5.094046      51.350231     129.412186     -27.960287      73.643013     -54.648117     -66.141846      24.409115      10.325475       6.539704       5.420460      10.374403      15.824252      -0.129803       2.575608      15.707381       5.972581      -1.053746       8.172379      36.381905      84.896095       4.892710    -115.688675     -10.412719      -3.976809      -5.426493      -0.037686      38.969837       0.014502     -19.429268       0.439271      -2.283105       0.956501      -8.178699      42.222031     -89.998779      14.031803      89.996445     -88.481987       1.210157    -108.115593      -4.328434       9.091698      37.828312       0.015095     -19.526730       0.002599      17.013687      -0.301949      -2.296498      -5.350337       9.063817      39.223461     -89.999176      15.543602      89.993576    -375.898132      86.499184     272.460846      90.982178      45.941017      90.315628      14.274601      -2.439048      18.274155    -169.773956      82.870552      -9.166789      -0.539918      -6.119839     -15.696147      13.255992      72.424004     -87.105522     -88.747177      -0.395606      89.783310     -26.288418      -3.620211       2.572997    -160.342697     -87.068970      17.860359      -5.641809       2.129008     -20.681763
       6.143674       5.083399      51.336506     129.202255     -27.683273      73.504669     -54.742184     -66.060890      24.267656      10.299287       6.527895       5.645514      10.303938      15.851657      -0.050518       2.559475      15.595058       5.784225      -1.070536       8.096577      36.320938      84.842674       4.885014    -115.428696     -10.426259      -4.060927      -5.592878      -0.037688      38.959858       0.014501     -19.463987       0.441176      -2.282909       0.946382      -8.184439      42.250240     -89.998772      14.059201      89.996429     -88.684296       1.277725    -108.242630      -4.336373       9.066421      37.827454       0.015001     -19.432636       0.002567      16.991701      -0.300730      -2.296574      -5.341268       9.025382      39.256844     -89.999176      15.545760      89.993584    -375.912445      86.167908     272.415833      90.978462      45.799149      90.313286      14.233933      -2.577591      18.229900    -169.741180      82.903870      -9.194172      -0.542893      -6.116613     -15.713301      12.674474      72.438156     -86.774223     -88.806526      -0.498651      89.794594     -26.288036      -3.589317       2.588770    -162.644852     -86.767471      15.612523      -5.637812       2.144638     -20.701414
       6.122074       5.070155      51.322674     128.993851     -27.405510      73.364952     -54.818295     -65.994499      24.161079      10.275659       6.530739       5.855315      10.235861      15.873505       0.022877       2.544199      15.484520       5.597342      -1.086468       8.022521      36.260185      84.788666       4.878084    -115.166809     -10.441713      -4.147730      -5.764361      -0.037680      38.950798       0.014483     -19.499372       0.443123      -2.282700       0.935947      -8.188433      42.278549     -89.998756      14.086145      89.996422     -88.884621       1.345237    -108.365753      -4.340773       9.037205      37.824368       0.014916     -19.339390       0.002542      16.970043      -0.299532      -2.296650      -5.331976       8.991611      39.284504     -89.999168      15.547882      89.993591    -375.922852      85.837234     272.371704      90.977501      45.652782      90.311897      14.192775      -2.711881      18.187458    -169.709625      82.937996      -9.220170      -0.546550      -6.113116     -15.731155      12.264428      72.474136     -86.534279     -88.808716      -0.473602      89.794014     -26.363081      -3.429314       2.548663    -164.318024     -86.573051      13.960427      -5.629407       2.192759     -20.733891
       6.099172       5.060934      51.306942     128.758636     -27.115129      73.216797     -54.957672     -65.901253      23.984274      10.240375       6.500987       6.072403      10.163152      15.893950       0.096080       2.528779      15.375142       5.416963      -1.101704       7.949699      36.200066      84.733383       4.873346    -114.901947     -10.460328      -4.237363      -5.941430      -0.037701      38.942356       0.014483     -19.535728       0.445126      -2.282494       0.924721      -8.191364      42.306381     -89.998756      14.112632      89.996422     -89.082756       1.410668    -108.486832      -4.341269       9.004033      37.820496       0.014837     -19.246906       0.002510      16.948895      -0.298363      -2.296731      -5.322400       8.962129      39.307137     -89.999168      15.549979      89.993584    -375.978577      85.492989     272.370453      90.977882      45.503914      90.310867      14.150015      -2.855312      18.142790    -169.667908      82.976700      -9.257564      -0.550050      -6.109402     -15.750848      11.646945      72.513168     -86.179344     -88.653175      -0.586405      89.766853     -26.395353      -3.403365       2.580070    -165.986908     -86.294830      12.309711      -5.629505       2.200949     -20.759962
       6.078393       5.052361      51.291889     128.531403     -26.856762      73.066917     -55.053028     -65.818260      23.815861      10.208913       6.467999       6.290322      10.096316      15.925632       0.172767       2.514791      15.269269       5.240585      -1.115523       7.877123      36.143227      84.681374       4.870525    -114.639496     -10.481441      -4.328993      -6.122510      -0.037717      38.933109       0.014473     -19.572899       0.447175      -2.282275       0.913450      -8.194739      42.333523     -89.998756      14.138669      89.996407     -89.276489       1.474559    -108.604889      -4.339875       8.968054      37.818390       0.014768     -19.155230       0.002485      16.928110      -0.297202      -2.296811      -5.313031       8.935960      39.326225     -89.999176      15.552029      89.993599    -376.111725      85.162529     272.466370      90.978668      45.363934      90.310020      14.108828      -2.994151      18.098991    -169.628983      83.013420      -9.291643      -0.553421      -6.105890     -15.769424      11.158028      72.509537     -85.850891     -88.737511      -0.573850      89.781693     -26.426575      -3.309509       2.549681    -167.069534     -86.109871      11.274613      -5.619041       2.245517     -20.782360
       6.057184       5.044156      51.277107     128.311295     -26.586370      72.928375     -55.188095     -65.723068      23.637104      10.174365       6.426063       6.496507      10.034129      15.949603       0.241334       2.502162      15.167958       5.072597      -1.127654       7.806480      36.089310      84.633972       4.869232    -114.377701     -10.506348      -4.421334      -6.310454      -0.037733      38.922337       0.014453     -19.611029       0.449268      -2.282057       0.901820      -8.199099      42.359360     -89.998749      14.164267      89.996407     -89.464912       1.537676    -108.717827      -4.336884       8.930342      37.817322       0.014689     -19.064447       0.002459      16.907818      -0.296080      -2.296881      -5.303667       8.912757      39.341877     -89.999168      15.554053      89.993576    -376.187927      84.837708     272.491272      90.979523      45.224373      90.309219      14.068503      -3.131077      18.055466    -169.591187      83.050209      -9.324719      -0.557010      -6.102282     -15.788258      10.549569      72.523201     -85.483803     -88.780151      -0.674644      89.789169     -26.423336      -3.289497       2.553607    -168.558334     -85.709702       9.851782      -5.618637       2.258349     -20.795301
       6.035151       5.034908      51.260403     128.054565     -26.334314      72.757576     -55.301987     -65.651260      23.453075      10.133924       6.380168       6.697187       9.970968      15.975949       0.308717       2.488888      15.065464       4.906042      -1.139837       7.736537      36.034561      84.585823       4.868198    -114.115128     -10.531970      -4.514984      -6.500205      -0.037738      38.911350       0.014439     -19.649414       0.451373      -2.281835       0.891694      -8.203843      42.385189     -89.998749      14.189451      89.996384     -89.653603       1.601113    -108.831627      -4.333769       8.890752      37.816750       0.014606     -18.974089       0.002437      16.887289      -0.294939      -2.296946      -5.296133       8.892070      39.357021     -89.999168      15.556038      89.993576    -376.334747      84.536110     272.624756      91.047470      45.085613      90.328827      14.017635      -3.316609      17.991831    -169.526886      83.102844      -9.390673      -0.558782      -6.087116     -15.812062      10.033033      72.541306     -85.115021     -88.798561      -0.672586      89.792542     -26.444300      -3.204880       2.541366    -169.379242     -85.541359       9.079353      -5.611323       2.302063     -20.814837
       6.015848       5.028553      51.244438     127.814110     -26.118935      72.596222     -55.406254     -65.569206      23.248779      10.095204       6.308173       6.894152       9.918788      16.012331       0.377508       2.478493      14.973931       4.750631      -1.149727       7.668407      35.987579      84.548141       4.870695    -113.859810     -10.562562      -4.609636      -6.697177      -0.037764      38.897266       0.014425     -19.689110       0.453547      -2.281609       0.880629      -8.210037      42.409531     -89.998749      14.214195      89.996376     -89.831078       1.661690    -108.937057      -4.328048       8.848332      37.820026       0.014535     -18.885492       0.002413      16.867693      -0.293857      -2.297011      -5.288324       8.877634      39.367500     -89.999168      15.557995      89.993568    -376.551758      84.176895     272.846161      91.012466      44.947025      90.317154      13.979435      -3.434024      17.959301    -169.487793      83.138115      -9.423039      -0.562122      -6.079386     -15.829583       9.504002      72.560722     -84.720741     -88.805992      -0.695122      89.794106     -26.424028      -3.165934       2.538675    -170.084961     -85.357994       8.437247      -5.608707       2.336268     -20.821218
       5.997453       5.021721      51.229160     127.580597     -25.921049      72.435364     -55.501427     -65.497520      23.053652      10.057096       6.233284       7.079351       9.875398      16.048740       0.440783       2.469563      14.888011       4.603016      -1.158193       7.602076      35.944759      84.518478       4.874265    -113.608917     -10.596102      -4.703224      -6.898823      -0.037779      38.879818       0.014413     -19.729445       0.455749      -2.281388       0.870435      -8.218413      42.432358     -89.998749      14.238517      89.996376     -90.001884       1.722413    -109.038368      -4.323472       8.805683      37.826923       0.014467     -18.798525       0.002393      16.848333      -0.292789      -2.297065      -5.281839       8.867055      39.376671     -89.999168      15.559909      89.993576    -376.749969      83.848328     273.058655      90.995872      44.813183      90.311134      13.943725      -3.549501      17.923923    -169.457458      83.168999      -9.445177      -0.566058      -6.079020     -15.844379       8.984908      72.571899     -84.321045     -88.808907      -0.720386      89.794754     -26.395359      -3.129330       2.532189    -170.761978     -85.149040       7.830586      -5.607004       2.366021     -20.825260
       5.979650       5.014601      51.214302     127.351952     -25.733355      72.275963     -55.585091     -65.436974      22.875351      10.020646       6.164572       7.253045       9.834709      16.081692       0.494854       2.460830      14.806226       4.465806      -1.165810       7.538115      35.903484      84.495102       4.879445    -113.360275     -10.632763      -4.796731      -7.104753      -0.037775      38.859570       0.014380     -19.770452       0.457976      -2.281161       0.860919      -8.227730      42.453941     -89.998749      14.262432      89.996368     -90.167130       1.782362    -109.136917      -4.319155       8.762561      37.836468       0.014400     -18.712807       0.002383      16.829201      -0.291731      -2.297121      -5.276498       8.859385      39.384819     -89.999176      15.561801      89.993591    -376.931854      83.533051     273.260895      90.989151      44.683079      90.308159      13.908116      -3.667883      17.886425    -169.426590      83.200272      -9.468221      -0.569956      -6.079377     -15.859127       8.473020      72.577423     -83.919983     -88.810036      -0.747511      89.795013     -26.361332      -3.095620       2.523434    -171.395523     -84.923531       7.271657      -5.606008       2.392530     -20.827490
       5.962092       5.007227      51.199245     127.120201     -25.556471      72.114464     -55.647205     -65.404945      22.741604       9.986618       6.123762       7.396095       9.789418      16.098324       0.522231       2.452022      14.730592       4.355844      -1.170796       7.478192      35.859234      84.481323       4.888510    -113.112511     -10.675566      -4.890987      -7.317944      -0.037782      38.835804       0.014335     -19.812937       0.460289      -2.280926       0.849882      -8.237079      42.472954     -89.998749      14.285943      89.996361     -90.323006       1.838843    -109.230865      -4.313805       8.720164      37.849495       0.014338     -18.628550       0.002375      16.811108      -0.290739      -2.297178      -5.270025       8.853127      39.390167     -89.999161      15.563651      89.993576    -377.097900      83.219269     273.459106      90.986641      44.554100      90.306480      13.871641      -3.789695      17.847679    -169.392380      83.233139      -9.495405      -0.573638      -6.078502     -15.874596       7.967914      72.594574     -83.515602     -88.714462      -0.779453      89.778305     -26.329292      -3.066719       2.525365    -171.953064     -84.726479       6.778983      -5.606923       2.412452     -20.831432
       5.945953       5.000399      51.185490     126.908333     -25.388746      71.966972     -55.692883     -65.390991      22.647762       9.955889       6.110142       7.518996       9.744367      16.101383       0.527710       2.443210      14.660234       4.274226      -1.172400       7.422087      35.806828      84.479660       4.899338    -112.869537     -10.721924      -4.984248      -7.534815      -0.037772      38.807320       0.014285     -19.856230       0.462632      -2.280694       0.839351      -8.247891      42.489574     -89.998741      14.309065      89.996361     -90.470276       1.894815    -109.321625      -4.311964       8.681562      37.868149       0.014278     -18.546112       0.002376      16.793522      -0.289781      -2.297227      -5.263847       8.847220      39.396206     -89.999153      15.565480      89.993584    -377.238678      82.921005     273.626648      90.986069      44.434822      90.305435      13.835623      -3.914948      17.806795    -169.356842      83.266655      -9.525236      -0.577164      -6.078403     -15.891098       7.487111      72.580460     -83.131622     -88.769012      -0.806293      89.787811     -26.286343      -3.038439       2.502378    -172.505920     -84.453911       6.312233      -5.605662       2.435506     -20.829508
       5.930048       4.993550      51.172024     126.700340     -25.225033      71.821358     -55.710476     -65.394821      22.594990       9.933064       6.126970       7.615905       9.713371      16.133982       0.524505       2.408633      14.505390       4.233654      -1.180326       7.363372      35.706367      84.459435       4.908187    -112.600296     -10.760860      -5.088038      -7.727381      -0.037707      38.759651       0.014196     -19.897469       0.464799      -2.280507       0.833151      -8.266477      42.486893     -89.998734      14.331779      89.996338     -90.703941       1.951348    -109.469696      -4.363213       8.712424      37.917000       0.014234     -18.480478       0.002416      16.777042      -0.288973      -2.297203      -5.255367       8.823217      39.437149     -89.999168      15.567275      89.993591    -377.372040      82.621643     273.788788      90.986259      44.317730      90.304649      13.798862      -4.044762      17.764273    -169.317383      83.301949      -9.560285      -0.580435      -6.077334     -15.908837       7.014732      72.577744     -82.753929     -88.794228      -0.835673      89.792282     -26.239870      -3.013278       2.490416    -172.997330     -84.206680       5.905456      -5.606233       2.457665     -20.826504
       5.912926       4.985847      51.157223     126.468178     -25.062578      71.658539     -55.731014     -65.422531      22.556486       9.903691       6.158869       7.689862       9.674156      16.152269       0.504308       2.372192      14.349083       4.230262      -1.181014       7.299127      35.570271      84.457794       4.916955    -112.339325     -10.795273      -5.204825      -7.914692      -0.037645      38.705231       0.014141     -19.937853       0.466915      -2.280295       0.829417      -8.285184      42.484726     -89.998734      14.354135      89.996315     -90.946152       1.999398    -109.618294      -4.432577       8.765331      37.969860       0.014185     -18.420456       0.002482      16.760555      -0.288160      -2.297133      -5.250436       8.803086      39.501480     -89.999161      15.569038      89.993584    -377.508270      82.349243     273.971130      91.052879      44.202419      90.323624      13.751225      -4.225439      17.700407    -169.248825      83.354416      -9.631629      -0.582159      -6.064844     -15.932966       6.512085      72.569824     -82.336906     -88.804504      -0.867276      89.794144     -26.191046      -3.018055       2.486344    -173.404022     -83.997627       5.582699      -5.605918       2.484313     -20.823214
       5.898204       4.977682      51.145851     126.295433     -24.895466      71.539200     -55.735970     -65.450348      22.572731       9.885906       6.224731       7.758251       9.634929      16.155695       0.468309       2.338171      14.206241       4.252440      -1.176631       7.238125      35.419556      84.471802       4.925389    -112.089020     -10.829997      -5.322089      -8.105137      -0.037566      38.647312       0.014081     -19.977640       0.469013      -2.280077       0.827321      -8.301751      42.486210     -89.998741      14.376083      89.996307     -91.174271       2.044010    -109.757851      -4.505553       8.820736      38.024651       0.014144     -18.364420       0.002544      16.744156      -0.287332      -2.297080      -5.246141       8.786682      39.566639     -89.999168      15.570770      89.993584    -377.579407      82.033096     274.053314      91.017967      44.089291      90.312477      13.717034      -4.339139      17.666636    -169.209457      83.388329      -9.666368      -0.585321      -6.061129     -15.951383       6.115551      72.589920     -82.040855     -88.808792      -0.884152      89.794815     -26.166620      -3.007017       2.481962    -173.791077     -83.825592       5.269598      -5.603623       2.513635     -20.827810
       5.883961       4.972061      51.133862     126.112312     -24.740862      71.413483     -55.754955     -65.476845      22.560966       9.862174       6.276149       7.824766       9.591967      16.154762       0.429354       2.305199      14.076447       4.294584      -1.170178       7.182754      35.260345      84.495445       4.933805    -111.847664     -10.865649      -5.437080      -8.298414      -0.037482      38.587124       0.014032     -20.016956       0.471115      -2.279860       0.825278      -8.315827      42.490265     -89.998741      14.397689      89.996262     -91.387657       2.084424    -109.889008      -4.579141       8.874454      38.080334       0.014098     -18.311573       0.002591      16.727692      -0.286484      -2.297041      -5.242409       8.771704      39.626034     -89.999161      15.572483      89.993599    -377.674377      81.732231     274.168915      91.001633      43.982407      90.306831      13.681575      -4.467552      17.625002    -169.165634      83.423798      -9.707339      -0.588135      -6.060797     -15.970411       5.682694      72.589439     -81.704453     -88.810440      -0.911787      89.795258     -26.130768      -3.020166       2.487583    -174.122864     -83.664459       5.011516      -5.603573       2.538916     -20.826941
       5.870176       4.964587      51.123089     125.947449     -24.585758      71.299934     -55.765217     -65.514404      22.586443       9.842815       6.346388       7.875375       9.548450      16.141991       0.379923       2.272591      13.956956       4.351618      -1.163002       7.133695      35.094650      84.526833       4.941998    -111.612167     -10.902672      -5.549044      -8.494947      -0.037404      38.525063       0.013985     -20.055988       0.473205      -2.279639       0.824369      -8.328496      42.495979     -89.998726      14.418938      89.996231     -91.589005       2.121689    -110.011856      -4.653037       8.927615      38.135426       0.014053     -18.262197       0.002622      16.711285      -0.285637      -2.297023      -5.239002       8.759029      39.677898     -89.999161      15.574153      89.993591    -377.733459      81.449287     274.240936      90.994705      43.879108      90.304077      13.646067      -4.597055      17.581842    -169.122772      83.459679      -9.748116      -0.591110      -6.060369     -15.990027       5.302079      72.599144     -81.417152     -88.811012      -0.929140      89.795258     -26.106071      -3.015738       2.484437    -174.457672     -83.503242       4.748413      -5.601702       2.566451     -20.830467
       5.856182       4.958970      51.111027     125.763550     -24.438322      71.174805     -55.791573     -65.549461      22.580589       9.816726       6.400563       7.926419       9.500957      16.126413       0.329402       2.239502      13.845757       4.421387      -1.156028       7.090193      34.923603      84.563225       4.950427    -111.381454     -10.940742      -5.659543      -8.693796      -0.037332      38.461807       0.013937     -20.094780       0.475304      -2.279402       0.823912      -8.339647      42.503162     -89.998734      14.439804      89.996223     -91.781082       2.154567    -110.128960      -4.726207       8.978848      38.190117       0.014000     -18.215111       0.002645      16.694963      -0.284781      -2.297023      -5.235763       8.747375      39.722565     -89.999161      15.575808      89.993591    -377.815765      81.156311     274.350555      90.992149      43.776081      90.302589      13.607821      -4.737920      17.535189    -169.068680      83.500168      -9.802155      -0.593345      -6.056554     -16.011593       4.874640      72.609505     -81.080795     -88.714119      -0.959766      89.778397     -26.076216      -3.031419       2.500746    -174.748474     -83.376038       4.517907      -5.603333       2.585482     -20.831888
       5.843265       4.952120      51.100941     125.610703     -24.287998      71.070854     -55.803173     -65.588036      22.613503       9.798146       6.474926       7.970262       9.454067      16.103960       0.272894       2.206491      13.741469       4.500298      -1.149144       7.051654      34.749062      84.605278       4.959046    -111.153786     -10.980226      -5.768702      -8.895691      -0.037243      38.397160       0.013869     -20.133390       0.477390      -2.279168       0.823625      -8.349748      42.510895     -89.998734      14.460335      89.996208     -91.965103       2.184172    -110.239845      -4.798775       9.029582      38.243622       0.013959     -18.170549       0.002656      16.678852      -0.283931      -2.297024      -5.232680       8.737823      39.760246     -89.999153      15.577436      89.993591    -377.865173      80.883553     274.408600      90.991417      43.680523      90.301720      13.570702      -4.876774      17.488224    -169.016937      83.540009      -9.854434      -0.595758      -6.053447     -16.033585       4.509400      72.598221     -80.808136     -88.768913      -0.974295      89.787819     -26.049351      -3.031459       2.485826    -175.048370     -83.188454       4.295817      -5.600261       2.613561     -20.832998
       5.830504       4.945786      51.091042     125.461311     -24.135303      70.971146     -55.820492     -65.624870      22.644417       9.779291       6.551406       8.014436       9.405217      16.077053       0.213350       2.172865      13.642094       4.587544      -1.142748       7.017308      34.570465      84.650490       4.968155    -110.927902     -11.020913      -5.877423      -9.100014      -0.037168      38.331570       0.013821     -20.171850       0.479478      -2.278930       0.823478      -8.358619      42.519238     -89.998726      14.480510      89.996208     -92.143562       2.210714    -110.346542      -4.870568       9.079370      38.296082       0.013930     -18.127972       0.002669      16.662943      -0.283089      -2.297034      -5.229791       8.730133      39.791889     -89.999161      15.579022      89.993591    -377.908264      80.608261     274.455597      90.991570      43.587505      90.301102      13.532367      -5.022834      17.438681    -168.958450      83.582344      -9.915177      -0.597706      -6.049170     -16.057093       4.149681      72.602684     -80.547485     -88.794502      -0.991617      89.792336     -26.027140      -3.035120       2.487055    -175.330246     -83.040672       4.084503      -5.598599       2.642076     -20.834963
       5.817843       4.939646      51.081154     125.313072     -23.982769      70.873428     -55.840145     -65.660835      22.675045       9.760405       6.628064       8.056510       9.354889      16.047499       0.152141       2.138881      13.546775       4.681209      -1.136759       6.986392      34.388939      84.698441       4.977825    -110.703163     -11.062799      -5.986363      -9.306953      -0.037086      38.265179       0.013765     -20.210209       0.481570      -2.278702       0.823766      -8.366379      42.528362     -89.998718      14.500361      89.996201     -92.317444       2.234523    -110.449593      -4.941314       9.128041      38.347374       0.013892     -18.086952       0.002671      16.647217      -0.282247      -2.297052      -5.227168       8.724037      39.818062     -89.999176      15.580594      89.993591    -377.948639      80.331169     274.499298      90.991890      43.495781      90.300568      13.493043      -5.172381      17.388105    -168.894623      83.626740      -9.982369      -0.599362      -6.042966     -16.081732       3.789486      72.610519     -80.288208     -88.804977      -1.010284      89.794212     -26.007299      -3.043801       2.490844    -175.594940     -82.901245       3.886546      -5.597205       2.669851     -20.836859
       5.805363       4.933693      51.071381     125.167313     -23.831001      70.778160     -55.860489     -65.695564      22.705824       9.741945       6.704525       8.097178       9.303641      16.016510       0.090299       2.104801      13.454800       4.779714      -1.131025       6.958168      34.205379      84.748985       4.988027    -110.479134     -11.105806      -6.095802      -9.516476      -0.037000      38.198063       0.013709     -20.248409       0.483661      -2.278466       0.824175      -8.373296      42.537903     -89.998718      14.519865      89.996193     -92.487564       2.255882    -110.549500      -5.011066       9.175716      38.397598       0.013855     -18.047190       0.002665      16.631660      -0.281409      -2.297073      -5.224811       8.719260      39.839462     -89.999161      15.582132      89.993584    -377.987000      80.054482     274.539978      90.992371      43.405594      90.300095      13.453237      -5.323705      17.336958    -168.827072      83.672409     -10.054005      -0.600818      -6.035515     -16.107046       3.431178      72.617760     -80.031830     -88.809334      -1.029676      89.794998     -25.988029      -3.054672       2.494750    -175.846878     -82.762665       3.699997      -5.595960       2.696975     -20.838333
       5.791891       4.927093      51.060532     125.002022     -23.677608      70.669724     -55.884743     -65.737846      22.732857       9.719671       6.779891       8.131008       9.249429      15.981773       0.025604       2.069873      13.364218       4.882868      -1.125979       6.932392      34.018856      84.799034       4.998824    -110.253914     -11.149863      -6.206528      -9.728647      -0.036914      38.130856       0.013646     -20.286486       0.485746      -2.278226       0.824521      -8.379094      42.547958     -89.998703      14.539059      89.996178     -92.656456       2.275154    -110.647675      -5.079350       9.221867      38.446255       0.013820     -18.008339       0.002664      16.616230      -0.280570      -2.297102      -5.222736       8.715692      39.856522     -89.999168      15.583653      89.993591    -378.030579      79.806877     274.597260      91.058289      43.317616      90.318657      13.403109      -5.523237      17.264837    -168.728546      83.734283     -10.163151      -0.600850      -6.017433     -16.137980       3.054275      72.614517     -79.752098     -88.811012      -1.049098      89.795395     -25.969196      -3.154529       2.525927    -176.003510     -82.784805       3.603193      -5.590288       2.745993     -20.841648
       5.780527       4.921955      51.052052     124.879425     -23.523500      70.592789     -55.898975     -65.764580      22.773533       9.706410       6.864092       8.176402       9.197056      15.949389      -0.037180       2.036073      13.277139       4.989007      -1.120279       6.907717      33.832443      84.853996       5.010491    -110.029778     -11.195372      -6.318237      -9.943599      -0.036835      38.062603       0.013585     -20.324505       0.487820      -2.277992       0.824774      -8.384651      42.557953     -89.998703      14.557913      89.996170     -92.821007       2.292261    -110.742737      -5.146720       9.267480      38.494446       0.013786     -17.970236       0.002656      16.601067      -0.279738      -2.297134      -5.220725       8.712899      39.869923     -89.999161      15.585146      89.993576    -378.057922      79.508141     274.611267      91.023361      43.231976      90.307907      13.365448      -5.663020      17.220938    -168.655807      83.779671     -10.240390      -0.601893      -6.007381     -16.164408       2.731862      72.628250     -79.544991     -88.811546      -1.069182      89.795647     -25.963184      -3.232991       2.557957    -176.175735     -82.799622       3.479707      -5.586064       2.788371     -20.846666
       5.769547       4.917009      51.043758     124.758171     -23.377151      70.515694     -55.910534     -65.791992      22.813461       9.693940       6.943062       8.215989       9.145332      15.919535      -0.097018       2.003233      13.193149       5.097033      -1.114152       6.884112      33.646706      84.913544       5.022782    -109.806389     -11.242359      -6.429904     -10.161194      -0.036752      37.993080       0.013518     -20.362423       0.489888      -2.277749       0.824895      -8.390512      42.567245     -89.998711      14.576459      89.996178     -92.981819       2.307834    -110.834885      -5.213690       9.313008      38.542225       0.013757     -17.932766       0.002650      16.586063      -0.278915      -2.297166      -5.218904       8.710697      39.880566     -89.999168      15.586617      89.993584    -378.087860      79.232635     274.631348      91.007065      43.150318      90.302612      13.327721      -5.808289      17.172136    -168.585388      83.824303     -10.315687      -0.603173      -6.001104     -16.190241       2.410804      72.633675     -79.330803     -88.811890      -1.086663      89.795784     -25.950621      -3.318169       2.588757    -176.343887     -82.809097       3.366249      -5.582232       2.829570     -20.849819
       5.758317       4.910836      51.035797     124.641579     -23.224895      70.442352     -55.920647     -65.823524      22.869905       9.683247       7.031854       8.249776       9.093181      15.884739      -0.161213       1.970157      13.109883       5.206914      -1.108400       6.861887      33.459801      84.974434       5.035495    -109.581940     -11.290490      -6.541973     -10.381004      -0.036668      37.922695       0.013448     -20.400169       0.491951      -2.277506       0.825050      -8.396218      42.575993     -89.998703      14.594684      89.996162     -93.142067       2.322437    -110.925598      -5.280486       9.358665      38.589104       0.013718     -17.895830       0.002648      16.571138      -0.278096      -2.297206      -5.217406       8.708964      39.889194     -89.999161      15.588056      89.993584    -378.103821      78.965790     274.632233      91.000336      43.067883      90.300117      13.289500      -5.954678      17.122341    -168.513138      83.869781     -10.393038      -0.604441      -5.993786     -16.216078       2.112139      72.653519     -79.143433     -88.735085      -1.103045      89.782112     -25.958315      -3.375132       2.612086    -176.531677     -82.815834       3.214954      -5.577517       2.865718     -20.860323
       5.747671       4.906319      51.027927     124.527695     -23.076515      70.371689     -55.932861     -65.847420      22.911247       9.672214       7.112863       8.290484       9.040326      15.853720      -0.221644       1.937379      13.028437       5.318674      -1.102651       6.840425      33.272995      85.037811       5.049076    -109.357697     -11.339705      -6.655317     -10.602919      -0.036574      37.851471       0.013381     -20.437807       0.494011      -2.277267       0.825189      -8.401633      42.584686     -89.998703      14.612606      89.996155     -93.300308       2.335703    -111.015022      -5.346451       9.403313      38.635681       0.013690     -17.859091       0.002643      16.556326      -0.277280      -2.297245      -5.216192       8.707915      39.895782     -89.999176      15.589475      89.993591    -378.131714      78.702446     274.642822      90.997520      42.991230      90.298759      13.249848      -6.111099      17.068502    -168.431305      83.918579     -10.482021      -0.605150      -5.985000     -16.243649       1.801848      72.646004     -78.944016     -88.779358      -1.117552      89.790016     -25.947552      -3.461458       2.642354    -176.699280     -82.819939       3.105123      -5.573118       2.909099     -20.862499
       5.737056       4.900795      51.020557     124.421432     -22.925344      70.306602     -55.942665     -65.873009      22.967793       9.663880       7.200129       8.324522       8.987983      15.820437      -0.283965       1.904938      12.947954       5.431142      -1.096951       6.819779      33.086514      85.103569       5.063194    -109.132668     -11.390142      -6.769453     -10.827341      -0.036479      37.779194       0.013301     -20.475258       0.496054      -2.277022       0.825394      -8.406968      42.592915     -89.998703      14.630229      89.996155     -93.457588       2.348216    -111.102890      -5.412052       9.447937      38.681545       0.013661     -17.822618       0.002629      16.541595      -0.276469      -2.297275      -5.215178       8.707211      39.900684     -89.999161      15.590866      89.993584    -378.148865      78.442322     274.638123      90.996727      42.914959      90.298035      13.209784      -6.267858      17.014484    -168.346451      83.968513     -10.574578      -0.605826      -5.974579     -16.271828       1.517169      72.655205     -78.772469     -88.799072      -1.130928      89.793427     -25.945702      -3.529528       2.667923    -176.882263     -82.823021       2.972451      -5.568410       2.952245     -20.867605
       5.726233       4.895441      51.013321     124.318497     -22.764832      70.246368     -55.961033     -65.894028      23.023266       9.655459       7.290570       8.361422       8.934250      15.784147      -0.348589       1.872113      12.867323       5.545027      -1.091662       6.799898      32.899117      85.169426       5.077969    -108.906021     -11.441592      -6.885093     -11.053974      -0.036392      37.706436       0.013234     -20.512537       0.498080      -2.276779       0.825630      -8.412037      42.600998     -89.998695      14.647557      89.996147     -93.615417       2.360051    -111.190483      -5.476944       9.491848      38.726624       0.013621     -17.786196       0.002618      16.526897      -0.275650      -2.297314      -5.214144       8.706897      39.904167     -89.999168      15.592233      89.993591    -378.161407      78.180466     274.618988      90.996780      42.838760      90.297554      13.169051      -6.427478      16.959522    -168.255569      84.020119     -10.673862      -0.606194      -5.962547     -16.300568       1.234359      72.667366     -78.615303     -88.807236      -1.148212      89.794891     -25.913969      -3.585456       2.680705    -177.035156     -82.824715       2.925322      -5.568845       2.995061     -20.857861
       5.714840       4.890343      51.006329     124.223366     -22.581839      70.197350     -56.002842     -65.902748      23.075649       9.646478       7.385854       8.403679       8.878143      15.741486      -0.417803       1.838476      12.785421       5.660744      -1.086991       6.780829      32.709873      85.233414       5.093440    -108.676514     -11.493998      -7.003071     -11.283171      -0.036295      37.633583       0.013166     -20.549656       0.500116      -2.276539       0.825905      -8.416399      42.609295     -89.998695      14.664598      89.996140     -93.775284       2.371330    -111.278450      -5.540639       9.534533      38.770416       0.013582     -17.749668       0.002613      16.512249      -0.274831      -2.297358      -5.212985       8.707060      39.906231     -89.999168      15.593579      89.993576    -378.164368      77.918129     274.566711      90.997017      42.761902      90.297112      13.127946      -6.588957      16.904001    -168.159409      84.073242     -10.779074      -0.606326      -5.948680     -16.329857       0.948082      72.675140     -78.479088     -88.810349      -1.165694      89.795509     -25.826038      -3.640606       2.677606    -177.156006     -82.825645       3.011256      -5.571899       3.040015     -20.824211
       5.701528       4.884483      50.997730     124.104454     -22.379715      70.136566     -56.067158     -65.911423      23.116814       9.631481       7.481358       8.444382       8.817054      15.690794      -0.493410       1.803424      12.701312       5.778338      -1.083340       6.762646      32.517769      85.292213       5.109571    -108.442711     -11.547152      -7.124762     -11.515485      -0.036210      37.561726       0.013105     -20.586611       0.502141      -2.276299       0.826276      -8.419494      42.618752     -89.998695      14.681348      89.996132     -93.937828       2.382056    -111.367485      -5.601179       9.572999      38.811634       0.013546     -17.712421       0.002598      16.497416      -0.274006      -2.297402      -5.210962       8.708142      39.906536     -89.999161      15.594913      89.993576    -378.168182      77.679260     274.515533      91.064247      42.682045      90.315819      13.075885      -6.797814      16.827782    -168.025925      84.143059     -10.927456      -0.604855      -5.921541     -16.363922       0.618533      72.668739     -78.309845     -88.811806      -1.183470      89.795837     -25.735914      -3.716217       2.679614    -177.270981     -82.827515       3.105334      -5.573377       3.091205     -20.787920
       5.690099       4.879873      50.991215     124.023369     -22.176895      70.103653     -56.116276     -65.903549      23.173199       9.626765       7.583124       8.495547       8.756908      15.643250      -0.563384       1.770908      12.624895       5.889291      -1.079527       6.745085      32.332592      85.352821       5.126471    -108.210175     -11.601660      -7.249512     -11.753779      -0.036106      37.491291       0.013037     -20.623505       0.504171      -2.276050       0.826808      -8.421718      42.631073     -89.998695      14.697826      89.996147     -94.081871       2.389843    -111.448891      -5.646080       9.589396      38.844028       0.013506     -17.672522       0.002583      16.482155      -0.273145      -2.297461      -5.209319       8.713030      39.900963     -89.999161      15.596216      89.993584    -378.166351      77.388580     274.434174      91.028618      42.602959      90.305115      13.037302      -6.943256      16.781898    -167.923416      84.195793     -11.038309      -0.604690      -5.903250     -16.393419       0.333670      72.677681     -78.200562     -88.812088      -1.200783      89.795914     -25.650497      -3.786758       2.681520    -177.383118     -82.830513       3.190567      -5.575615       3.139766     -20.751280
       5.678841       4.875381      50.984711     123.940941     -21.978941      70.069077     -56.155136     -65.895546      23.232088       9.625299       7.680948       8.542758       8.695946      15.599612      -0.627593       1.739976      12.553080       5.993969      -1.076217       6.728428      32.154854      85.411301       5.144449    -107.976166     -11.658484      -7.375378     -11.997933      -0.036014      37.422287       0.012965     -20.660488       0.506209      -2.275793       0.827176      -8.423361      42.645077     -89.998680      14.714015      89.996109     -94.211868       2.394423    -111.524811      -5.676931       9.588309      38.869015       0.013465     -17.631824       0.002552      16.466980      -0.272276      -2.297528      -5.208237       8.719432      39.887161     -89.999161      15.597491      89.993584    -378.168213      77.119522     274.359131      91.011894      42.526081      90.299812      12.998958      -7.092535      16.731693    -167.824066      84.247040     -11.145708      -0.604790      -5.889150     -16.421568       0.052165      72.677849     -78.089005     -88.812271      -1.217891      89.795975     -25.567337      -3.858500       2.683677    -177.486969     -82.834351       3.269614      -5.577813       3.188393     -20.714115
       5.667179       4.870555      50.977612     123.847519     -21.782879      70.027092     -56.189167     -65.889900      23.290123       9.624534       7.774614       8.584103       8.632797      15.557440      -0.688807       1.710298      12.484814       6.094212      -1.073283       6.712333      31.983723      85.466934       5.163691    -107.739609     -11.717882      -7.502836     -12.248112      -0.035933      37.354805       0.012899     -20.697721       0.508267      -2.275536       0.827308      -8.424567      42.660366     -89.998688      14.729939      89.996124     -94.331718       2.396450    -111.596565      -5.696160       9.573332      38.888016       0.013424     -17.589821       0.002519      16.451933      -0.271415      -2.297602      -5.206392       8.726015      39.866810     -89.999168      15.598748      89.993599    -378.172455      76.851318     274.295258      91.004654      42.446445      90.297256      12.959689      -7.243896      16.680550    -167.719559      84.299866     -11.258329      -0.604802      -5.873188     -16.449652      -0.243329      72.698898     -77.961601     -88.699738      -1.242270      89.776199     -25.487509      -3.911969       2.690844    -177.600418     -82.839020       3.322465      -5.583457       3.225239     -20.678497
       5.655849       4.866249      50.970875     123.763260     -21.584755      69.991898     -56.218513     -65.876907      23.352322       9.627712       7.867463       8.626999       8.568312      15.516967      -0.747222       1.682120      12.419746       6.191513      -1.070238       6.696344      31.818733      85.520988       5.184376    -107.500595     -11.779941      -7.632288     -12.504268      -0.035858      37.288506       0.012841     -20.735254       0.510344      -2.275284       0.827084      -8.425572      42.676540     -89.998680      14.745587      89.996117     -94.443359       2.396470    -111.664864      -5.705790       9.547231      38.902409       0.013390     -17.546202       0.002478      16.437147      -0.270567      -2.297686      -5.203342       8.732358      39.841988     -89.999168      15.599981      89.993591    -378.182800      76.593910     274.228851      91.001869      42.370426      90.295959      12.920325      -7.397656      16.627930    -167.609940      84.353828     -11.376575      -0.604627      -5.856361     -16.477974      -0.527132      72.666656     -77.843826     -88.762314      -1.253367      89.787148     -25.409985      -4.009271       2.688519    -177.675339     -82.843964       3.417051      -5.581563       3.288938     -20.638374
       5.644647       4.861828      50.964203     123.678169     -21.390064      69.955627     -56.239716     -65.865082      23.418652       9.633316       7.959279       8.665627       8.502799      15.478616      -0.803078       1.655523      12.357546       6.286766      -1.066758       6.680092      31.659227      85.574806       5.206387    -107.259399     -11.844622      -7.763437     -12.766027      -0.035794      37.222836       0.012788     -20.773035       0.512435      -2.275027       0.826602      -8.426835      42.693096     -89.998680      14.760980      89.996117     -94.548065       2.395084    -111.730263      -5.707654       9.512205      38.913208       0.013351     -17.500957       0.002437      16.422554      -0.269727      -2.297772      -5.200199       8.738687      39.814732     -89.999161      15.601200      89.993584    -378.194855      76.335556     274.167664      91.000916      42.294685      90.295204      12.880561      -7.553130      16.574673    -167.494904      84.409088     -11.500678      -0.604307      -5.838301     -16.506687      -0.805409      72.653915     -77.730347     -88.791969      -1.269049      89.792389     -25.333426      -4.089821       2.694262    -177.767517     -82.849854       3.484889      -5.583589       3.341786     -20.599237
       5.633378       4.857317      50.957367     123.590294     -21.196817      69.917427     -56.257401     -65.853409      23.486214       9.640149       8.049112       8.700571       8.435915      15.441176      -0.857500       1.630235      12.297692       6.380755      -1.062844       6.663572      31.504200      85.628578       5.229620    -107.016129     -11.911731      -7.896186     -13.032925      -0.035724      37.157562       0.012719     -20.811037       0.514531      -2.274760       0.825947      -8.428537      42.709789     -89.998680      14.776119      89.996109     -94.647301       2.392844    -111.793457      -5.703232       9.469756      38.921162       0.013314     -17.453930       0.002399      16.408043      -0.268890      -2.297853      -5.196835       8.744812      39.786434     -89.999168      15.602396      89.993568    -378.209473      76.075089     274.112335      91.000999      42.218002      90.294746      12.840490      -7.708734      16.521584    -167.374557      84.465393     -11.630177      -0.603855      -5.818686     -16.535469      -1.086405      72.646278     -77.612968     -88.804634      -1.286488      89.794647     -25.260626      -4.168836       2.700348    -177.856705     -82.856255       3.548128      -5.586043       3.392193     -20.560238
       5.622096       4.852783      50.950474     123.501404     -21.004452      69.878548     -56.272198     -65.841209      23.555235       9.648266       8.137471       8.732674       8.367806      15.404498      -0.910816       1.606120      12.239832       6.474059      -1.058465       6.646760      31.352915      85.682861       5.254037    -106.770988     -11.981123      -8.030525     -13.304571      -0.035651      37.092358       0.012659     -20.849207       0.516643      -2.274500       0.825139      -8.430707      42.726383     -89.998672      14.790997      89.996117     -94.742096       2.390080    -111.854889      -5.693599       9.421139      38.926846       0.013279     -17.405212       0.002363      16.393593      -0.268061      -2.297930      -5.193940       8.750985      39.758022     -89.999161      15.603574      89.993568    -378.226624      75.813828     274.061066      91.001244      42.140739      90.294319      12.800498      -7.863178      16.469095    -167.250198      84.522232     -11.763551      -0.603321      -5.797990     -16.564096      -1.368304      72.639236     -77.493782     -88.809540      -1.304259      89.795517     -25.190884      -4.248374       2.706733    -177.942902     -82.863136       3.609100      -5.588580       3.442282     -20.520964
       5.609509       4.847340      50.942238     123.386917     -20.811893      69.820496     -56.289047     -65.840240      23.619486       9.652411       8.221744       8.755070       8.296661      15.365653      -0.965100       1.582457      12.182921       6.567448      -1.053995       6.629967      31.203739      85.736092       5.279427    -106.523102     -12.052617      -8.166509     -13.580759      -0.035596      37.027344       0.012606     -20.887493       0.518753      -2.274231       0.824254      -8.433214      42.742924     -89.998680      14.805625      89.996109     -94.834473       2.387218    -111.915352      -5.679486       9.367091      38.930271       0.013236     -17.354748       0.002329      16.379105      -0.267223      -2.298007      -5.191333       8.757084      39.730068     -89.999153      15.604732      89.993584    -378.237885      75.609161     274.020538      91.100716      42.061840      90.321701      12.749887      -8.066942      16.385740    -167.097458      84.588654     -11.928484      -0.601548      -5.775674     -16.593544      -1.682747      72.618233     -77.332130     -88.811600      -1.321973      89.795883     -25.122765      -4.335422       2.714903    -178.024307     -82.870438       3.670475      -5.590634       3.494719     -20.480871
       5.598272       4.842906      50.935242     123.301323     -20.615482      69.786819     -56.305016     -65.820251      23.689682       9.662891       8.308941       8.786011       8.225670      15.328409      -1.018676       1.560143      12.127788       6.660794      -1.048795       6.612677      31.057676      85.791489       5.306117    -106.274208     -12.126173      -8.304697     -13.861131      -0.035517      36.961903       0.012529     -20.925879       0.520859      -2.273960       0.823319      -8.436182      42.759232     -89.998665      14.820009      89.996101     -94.923485       2.384061    -111.974617      -5.661847       9.308703      38.932701       0.013183     -17.302370       0.002291      16.364538      -0.266378      -2.298082      -5.187105       8.762443      39.702538     -89.999168      15.605872      89.993584    -378.269257      75.299263     273.980530      91.049973      41.981785      90.307144      12.711368      -8.206251      16.350368    -166.950851      84.652000     -12.085357      -0.600293      -5.738518     -16.624893      -1.961768      72.619080     -77.222282     -88.812325      -1.340537      89.796013     -25.058920      -4.419362       2.723566    -178.107895     -82.878304       3.726996      -5.593310       3.546053     -20.440769
       5.587729       4.838765      50.929096     123.224739     -20.427113      69.755989     -56.308331     -65.802795      23.767941       9.677143       8.396598       8.813821       8.155863      15.295230      -1.068354       1.539388      12.074515       6.754039      -1.042545       6.594516      30.914747      85.851120       5.333938    -106.024879     -12.201879      -8.443606     -14.145121      -0.035447      36.895058       0.012468     -20.964310       0.522958      -2.273690       0.822325      -8.440243      42.774330     -89.998672      14.834141      89.996094     -95.008598       2.380867    -112.032394      -5.641826       9.247817      38.934570       0.013146     -17.248703       0.002258      16.350147      -0.265550      -2.298153      -5.183426       8.767413      39.676579     -89.999161      15.606989      89.993576    -378.292480      75.026649     273.930878      91.024162      41.905289      90.299362      12.675574      -8.342056      16.306427    -166.825226      84.705070     -12.218024      -0.599876      -5.718736     -16.651690      -2.225669      72.616486     -77.121841     -88.812691      -1.357047      89.796082     -24.997332      -4.496159       2.730296    -178.190292     -82.886688       3.781768      -5.596427       3.594029     -20.400719
       5.576866       4.834229      50.922443     123.137749     -20.242897      69.717300     -56.310600     -65.790291      23.843840       9.690371       8.480219       8.834933       8.085003      15.262824      -1.116904       1.519339      12.022290       6.846863      -1.035961       6.576044      30.773808      85.913162       5.362615    -105.774788     -12.279246      -8.583259     -14.432101      -0.035377      36.827053       0.012401     -21.002670       0.525056      -2.273415       0.821343      -8.445206      42.788395     -89.998672      14.848049      89.996101     -95.091179       2.376743    -112.088898      -5.619477       9.187944      38.936520       0.013123     -17.194399       0.002233      16.339060      -0.264924      -2.298201      -5.171776       8.759609      39.649582     -89.999168      15.608090      89.993591    -378.315857      74.761093     273.891510      91.012611      41.826622      90.295601      12.639156      -8.480289      16.260580    -166.696457      84.758858     -12.353699      -0.599551      -5.698761     -16.677944      -2.501335      72.633690     -77.004997     -88.700119      -1.379392      89.776276     -24.937090      -4.551157       2.740598    -178.285843     -82.895378       3.814260      -5.602998       3.629136     -20.362709
       5.566365       4.830163      50.916168     123.059708     -20.057903      69.684845     -56.312622     -65.771439      23.920757       9.705665       8.562325       8.858891       8.013299      15.230779      -1.164488       1.500296      11.972361       6.938666      -1.029035       6.557169      30.636120      85.973579       5.367772    -105.525558     -12.364535      -8.727942     -14.726036      -0.035324      36.756126       0.012343     -21.043299       0.527270      -2.273155       0.818186      -8.450966      42.801327     -89.998672      14.861718      89.996086     -95.171425       2.370676    -112.143661      -5.593370       9.129689      38.938656       0.013112     -17.140980       0.002207      16.330729      -0.264464      -2.298248      -5.157168       8.753033      39.620598     -89.999161      15.609171      89.993584    -378.343903      74.508499     273.849396      91.007629      41.751858      90.293739      12.602435      -8.621903      16.212690    -166.561356      84.813850     -12.496274      -0.599064      -5.678050     -16.704453      -2.761334      72.597137     -76.899956     -88.762642      -1.387902      89.787193     -24.880136      -4.648325       2.740981    -178.343353     -82.904213       3.889523      -5.602203       3.690267     -20.319557
       5.556079       4.825968      50.909973     122.981010     -19.878134      69.651199     -56.310482     -65.754692      23.998241       9.721469       8.642577       8.880754       7.942790      15.199409      -1.213323       1.482207      11.925250       7.031984      -1.021752       6.538637      30.502401      86.034210       5.366567    -105.278091     -12.449788      -8.874538     -15.024528      -0.035242      36.684048       0.012275     -21.083475       0.529461      -2.272874       0.817396      -8.458177      42.816204     -89.998665      14.875154      89.996094     -95.247871       2.364896    -112.197357      -5.564251       9.067176      38.940441       0.013089     -17.085844       0.002186      16.322285      -0.263978      -2.298303      -5.145786       8.749977      39.593811     -89.999176      15.610231      89.993584    -378.371887      74.256042     273.811951      91.005684      41.677891      90.292732      12.565051      -8.766452      16.163599    -166.418442      84.870468     -12.647305      -0.598390      -5.656083     -16.731537      -3.014426      72.580414     -76.798698     -88.792442      -1.400775      89.792450     -24.822859      -4.726706       2.748564    -178.419846     -82.913567       3.939064      -5.605296       3.740098     -20.277929
       5.545802       4.821682      50.903656     122.899963     -19.701252      69.615524     -56.306202     -65.739128      24.075571       9.737571       8.720915       8.899699       7.871860      15.169217      -1.261076       1.464635      11.878394       7.124890      -1.014294       6.519969      30.370621      86.095863       5.360321    -105.031349     -12.535418      -9.023400     -15.325401      -0.035168      36.610443       0.012213     -21.123169       0.531616      -2.272587       0.817618      -8.465974      42.831524     -89.998665      14.888365      89.996078     -95.323074       2.358577    -112.250374      -5.533699       9.006969      38.942875       0.013081     -17.030224       0.002177      16.317266      -0.263701      -2.298338      -5.125355       8.734961      39.566025     -89.999168      15.611280      89.993584    -378.401245      74.001862     273.780273      91.005287      41.603386      90.292160      12.527169      -8.912087      16.114271    -166.267929      84.928391     -12.806219      -0.597555      -5.632457     -16.758871      -3.268945      72.569267     -76.693390     -88.805092      -1.415280      89.794708     -24.768518      -4.801945       2.755872    -178.494125     -82.922974       3.984511      -5.608825       3.787009     -20.236685
       5.535581       4.817379      50.897324     122.818344     -19.526522      69.579132     -56.299839     -65.723946      24.153334       9.754225       8.797943       8.916615       7.800695      15.140041      -1.308010       1.447518      11.831947       7.217776      -1.006627       6.501089      30.240076      86.158836       5.350079    -104.785042     -12.621949      -9.174530     -15.628520      -0.035085      36.535183       0.012155     -21.162630       0.533752      -2.272299       0.818059      -8.473945      42.846642     -89.998657      14.901343      89.996078     -95.397224       2.353755    -112.303619      -5.501317       8.942133      38.944050       0.013042     -16.973513       0.002152      16.309692      -0.263267      -2.298382      -5.115409       8.734281      39.542126     -89.999168      15.612311      89.993576    -378.432159      73.747192     273.752411      91.005394      41.528790      90.291733      12.489101      -9.057434      16.065186    -166.111465      84.987000     -12.971146      -0.596515      -5.607223     -16.786156      -3.522926      72.559029     -76.586525     -88.810112      -1.430006      89.795601     -24.716621      -4.876377       2.762958    -178.565964     -82.932487       4.027943      -5.612449       3.833215     -20.195381
       5.523868       4.812078      50.889282     122.709236     -19.347534      69.524925     -56.303593     -65.716682      24.221081       9.765092       8.870108       8.926385       7.726432      15.106702      -1.358317       1.429979      11.785156       7.311425      -0.999333       6.482557      30.109369      86.220070       5.336449    -104.537735     -12.709499      -9.328542     -15.934266      -0.034996      36.458977       0.012098     -21.201992       0.535894      -2.272015       0.818960      -8.481541      42.862000     -89.998657      14.914114      89.996071     -95.472542       2.349234    -112.357147      -5.466561       8.875817      38.944202       0.012998     -16.916534       0.002115      16.302628      -0.262853      -2.298419      -5.106249       8.736399      39.519592     -89.999153      15.613317      89.993568    -378.463287      73.518150     273.740936      91.077629      41.450741      90.311401      12.439291      -9.249521      15.994599    -165.903000      85.061913     -13.193105      -0.593480      -5.565687     -16.816681      -3.810571      72.537918     -76.440254     -88.812035      -1.446095      89.795944     -24.666351      -4.960561       2.772634    -178.633408     -82.942017       4.071640      -5.615523       3.882805     -20.153202
       5.514239       4.808171      50.883636     122.640350     -19.172667      69.497726     -56.292664     -65.695213      24.304348       9.785497       8.948908       8.944639       7.654827      15.079596      -1.403330       1.413984      11.738876       7.404020      -0.990968       6.462855      29.981047      86.286636       5.320120    -104.291534     -12.798250      -9.484807     -16.241962      -0.034900      36.380337       0.012038     -21.241148       0.538023      -2.271738       0.820301      -8.489789      42.876331     -89.998665      14.926661      89.996078     -95.545731       2.344397    -112.409874      -5.431751       8.812575      38.945789       0.012981     -16.858795       0.002097      16.298649      -0.262629      -2.298448      -5.089330       8.725445      39.496246     -89.999176      15.614318      89.993584    -378.498383      73.236671     273.710236      91.039352      41.375980      90.300293      12.404614      -9.376259      15.956456    -165.739563      85.118690     -13.364034      -0.592016      -5.536361     -16.843637      -4.051136      72.537209     -76.352356     -88.812744      -1.460523      89.796066     -24.619682      -5.032883       2.780048    -178.705276     -82.952126       4.111609      -5.619587       3.927665     -20.111746
       5.504499       4.803964      50.877716     122.563675     -19.004040      69.463768     -56.278107     -65.679634      24.386625       9.805450       9.024230       8.956419       7.583235      15.054488      -1.446303       1.398580      11.693015       7.496186      -0.982172       6.442510      29.853760      86.356140       5.301418    -104.045898     -12.888103      -9.642531     -16.551273      -0.034816      36.299526       0.011979     -21.280081       0.540134      -2.271458       0.821472      -8.498410      42.889530     -89.998650      14.938994      89.996056     -95.617798       2.340688    -112.462593      -5.395418       8.746179      38.946266       0.012925     -16.800989       0.002069      16.292231      -0.262253      -2.298490      -5.082317       8.730488      39.477627     -89.999168      15.615293      89.993568    -378.531097      72.972954     273.686371      91.021294      41.300842      90.294815      12.369972      -9.506034      15.914319    -165.579788      85.173874     -13.530602      -0.591152      -5.512355     -16.869205      -4.299104      72.554535     -76.250916     -88.701279      -1.479919      89.776421     -24.572966      -5.081272       2.790115    -178.791229     -82.962341       4.130545      -5.627077       3.958699     -20.072794
       5.495107       4.800217      50.872150     122.495087     -18.835836      69.434891     -56.262691     -65.659355      24.470308       9.827239       9.098464       8.969574       7.511760      15.030871      -1.487697       1.383695      11.647352       7.588006      -0.973093       6.421796      29.727470      86.428421       5.280702    -103.800804     -12.978904      -9.802140     -16.862106      -0.034709      36.216583       0.011906     -21.318699       0.542220      -2.271179       0.822048      -8.506957      42.901810     -89.998650      14.951125      89.996048     -95.689117       2.337122    -112.515083      -5.359442       8.682034      38.948139       0.012892     -16.742176       0.002061      16.288593      -0.262045      -2.298516      -5.067565       8.718397      39.456280     -89.999161      15.616249      89.993568    -378.568390      72.725441     273.660858      91.013367      41.229824      90.292183      12.334749      -9.640449      15.869253    -165.412323      85.230331     -13.705512      -0.590109      -5.487677     -16.894928      -4.529786      72.516647     -76.161171     -88.763405      -1.485757      89.787300     -24.530176      -5.170855       2.790075    -178.837799     -82.972435       4.191577      -5.627344       4.015171     -20.028332
       5.485882       4.796313      50.866627     122.425079     -18.672852      69.404007     -56.241280     -65.642067      24.556171       9.850011       9.171541       8.979091       7.440310      15.009467      -1.527053       1.369336      11.601915       7.679073      -0.963744       6.400626      29.602419      86.503784       5.258349    -103.556305     -13.070683      -9.963464     -17.174294      -0.034609      36.131432       0.011841     -21.357050       0.544291      -2.270900       0.822841      -8.515627      42.913185     -89.998650      14.963051      89.996033     -95.759819       2.333372    -112.567184      -5.322276       8.618792      38.950081       0.012862     -16.683849       0.002046      16.285690      -0.261884      -2.298537      -5.053058       8.706949      39.434540     -89.999161      15.617199      89.993584    -378.605255      72.478752     273.640320      91.010284      41.159470      90.290894      12.298557      -9.778588      15.822582    -165.234360      85.288597     -13.891611      -0.588768      -5.460894     -16.921162      -4.756032      72.497803     -76.072304     -88.792847      -1.495875      89.792503     -24.486164      -5.241500       2.796872    -178.903732     -82.982750       4.227334      -5.631385       4.060593     -19.985739
       5.476708       4.792303      50.860973     122.352074     -18.514627      69.370155     -56.217033     -65.627632      24.642147       9.872617       9.242410       8.984659       7.368401      14.986446      -1.565620       1.356784      11.563215       7.770556      -0.953270       6.379818      29.478642      86.583603       5.234901    -103.313316     -13.164445     -10.126391     -17.490829      -0.034503      36.045284       0.011776     -21.395330       0.546368      -2.270626       0.823660      -8.523435      42.925320     -89.998642      14.974776      89.996033     -95.826424       2.331774    -112.615303      -5.283092       8.548197      38.948856       0.012792     -16.623014       0.002019      16.279039      -0.261482      -2.298570      -5.049261       8.711493      39.418747     -89.999161      15.618129      89.993584    -378.642914      72.230255     273.626953      91.008995      41.088711      90.290123      12.261657      -9.918040      15.775640    -165.046295      85.348274     -14.088160      -0.587121      -5.431592     -16.947571      -4.984162      72.484657     -75.976669     -88.805496      -1.507650      89.794739     -24.444374      -5.308584       2.803090    -178.966919     -82.992699       4.258604      -5.635798       4.102962     -19.943697
       5.467663       4.788318      50.855339     122.278702     -18.360708      69.334969     -56.190834     -65.615135      24.728771       9.895448       9.311107       8.986279       7.296464      14.962069      -1.602539       1.346150      11.530943       7.861683      -0.941888       6.360988      29.356638      86.666924       5.210393    -103.071281     -13.260617     -10.288944     -17.811983      -0.034406      35.958755       0.011696     -21.433542       0.548439      -2.270334       0.825142      -8.530668      42.938358     -89.998627      14.986313      89.996017     -95.889412       2.328618    -112.657516      -5.241295       8.480700      38.946568       0.012762     -16.561205       0.002001      16.276409      -0.261322      -2.298595      -5.035778       8.700138      39.396133     -89.999153      15.619036      89.993576    -378.681427      71.981766     273.618683      91.008736      41.018078      90.289635      12.224519     -10.057597      15.728715    -164.850082      85.408707     -14.292944      -0.585277      -5.400648     -16.973953      -5.211170      72.472900     -75.878296     -88.810387      -1.520391      89.795609     -24.404568      -5.373481       2.808626    -179.027496     -83.002350       4.286913      -5.640344       4.144220     -19.901875
       5.458772       4.784440      50.849873     122.207497     -18.208899      69.300476     -56.162979     -65.602501      24.816204       9.918977       9.378614       8.986866       7.224740      14.939104      -1.637853       1.335896      11.498568       7.951500      -0.930488       6.342099      29.236160      86.753479       5.184956    -102.829788     -13.357754     -10.452282     -18.133940      -0.034298      35.870052       0.011627     -21.471439       0.550502      -2.270058       0.826675      -8.538407      42.949875     -89.998627      14.997643      89.996017     -95.952332       2.325651    -112.699631      -5.199186       8.414016      38.944530       0.012724     -16.498564       0.001983      16.274139      -0.261183      -2.298619      -5.022761       8.689062      39.373249     -89.999161      15.619939      89.993591    -378.720612      71.734093     273.611786      91.009003      40.947823      90.289291      12.187390     -10.196919      15.681864    -164.646332      85.469620     -14.505398      -0.583286      -5.368602     -17.000261      -5.435721      72.461441     -75.781067     -88.812370      -1.532820      89.795959     -24.366501      -5.437528       2.813952    -179.087021     -83.012024       4.314075      -5.644952       4.185077     -19.860054
       5.448666       4.779602      50.843102     122.111778     -18.056822      69.248207     -56.140171     -65.601334      24.896879       9.937488       9.441583       8.979513       7.151233      14.913680      -1.674837       1.325416      11.465905       8.040745      -0.919404       6.323276      29.116192      86.841507       5.158782    -102.588120     -13.455849     -10.617016     -18.457054      -0.034183      35.779469       0.011552     -21.509008       0.552534      -2.269786       0.828303      -8.546358      42.960346     -89.998619      15.008778      89.996017     -96.016243       2.323242    -112.742058      -5.156672       8.347090      38.942421       0.012689     -16.435026       0.001968      16.271967      -0.261040      -2.298635      -5.010520       8.678004      39.350266     -89.999161      15.620820      89.993576    -378.749115      71.544159     273.610596      91.112984      40.875851      90.317207      12.137894     -10.387462      15.602059    -164.397675      85.540588     -14.765548      -0.579860      -5.332808     -17.026810      -5.687737      72.434593     -75.646492     -88.813316      -1.544793      89.796112     -24.329163      -5.508076       2.820723    -179.142792     -83.021614       4.342576      -5.649094       4.228020     -19.817533
       5.440207       4.776164      50.838028     122.050713     -17.904623      69.221344     -56.111313     -65.581581      24.985882       9.963081       9.508975       8.983422       7.079469      14.892025      -1.709037       1.315759      11.433146       8.128624      -0.907940       6.303899      28.998163      86.934036       5.132280    -102.347206     -13.554885     -10.783957     -18.781290      -0.034073      35.686489       0.011472     -21.546200       0.554542      -2.269511       0.830137      -8.554520      42.969658     -89.998619      15.019732      89.996002     -96.079994       2.321133    -112.784569      -5.114097       8.280505      38.940739       0.012639     -16.370716       0.001947      16.269941      -0.260903      -2.298653      -4.998924       8.666837      39.327217     -89.999153      15.621688      89.993576    -378.800171      71.248299     273.611847      91.060104      40.804234      90.302505      12.102813     -10.513328      15.572193    -164.155563      85.608116     -15.018354      -0.576731      -5.283161     -17.056208      -5.904663      72.434013     -75.562065     -88.813606      -1.557875      89.796165     -24.295036      -5.572146       2.826870    -179.201645     -83.031273       4.365721      -5.653965       4.268720     -19.775566
       5.432204       4.772826      50.833481     121.993637     -17.758970      69.195190     -56.076797     -65.564827      25.077667       9.990326       9.575274       8.984079       7.009181      14.873856      -1.739862       1.307135      11.400412       8.214701      -0.895774       6.283368      28.882107      87.032555       5.105470    -102.107559     -13.654796     -10.951777     -19.105968      -0.033946      35.590561       0.011398     -21.582918       0.556526      -2.269251       0.832312      -8.563304      42.976582     -89.998619      15.029550      89.995995     -96.142815       2.320038    -112.826866      -5.072037       8.210163      38.940006       0.012578     -16.302454       0.001916      16.265366      -0.260605      -2.298700      -4.979764       8.645172      39.267509     -89.999161      15.622540      89.993599    -378.842010      70.987259     273.603699      91.032913      40.736153      90.294640      12.069061     -10.638158      15.532694    -163.939011      85.666290     -15.242633      -0.574569      -5.251338     -17.081697      -6.113974      72.437042     -75.481171     -88.739929      -1.571507      89.783119     -24.262619      -5.621240       2.828090    -179.260437     -83.041046       4.387672      -5.659642       4.301693     -19.735256
       5.424723       4.769834      50.829510     121.945419     -17.616085      69.174309     -56.039978     -65.545456      25.172155      10.019781       9.640863       8.984483       6.940633      14.858119      -1.768937       1.298783      11.368415       8.300453      -0.883453       6.262441      28.767002      87.134560       5.078496    -101.868561     -13.755779     -11.120300     -19.431633      -0.033822      35.492344       0.011315     -21.619007       0.558471      -2.268996       0.834706      -8.571489      42.979630     -89.998611      15.034831      89.995979     -96.204086       2.321875    -112.870140      -5.031944       8.136414      38.938816       0.012469     -16.237476       0.001848      16.254936      -0.260012      -2.298773      -4.989602       8.659741      39.235439     -89.999161      15.623377      89.993568    -378.885529      70.746643     273.591583      91.020508      40.673634      90.290840      12.034350     -10.771349      15.487777    -163.711899      85.725929     -15.478646      -0.572432      -5.220564     -17.107738      -6.299484      72.413200     -75.419334     -88.782478      -1.577176      89.790619     -24.229330      -5.683071       2.831538    -179.315811     -83.051315       4.416073      -5.663843       4.344454     -19.692276
       5.417673       4.766858      50.825508     121.897400     -17.480675      69.154289     -56.065800     -65.526413      25.213678      10.021643       9.697123       9.017326       6.847760      14.811286      -1.803787       1.317028      11.338531       8.352364      -0.851463       6.219603      28.681173      87.332947       5.052381    -101.660019     -13.850822     -11.278791     -19.738317      -0.033642      35.374081       0.011175     -21.651163       0.560116      -2.268818       0.839785      -8.587861      42.958160     -89.998596      15.026934      89.995949     -96.214737       2.320769    -112.902542      -5.013170       8.096347      38.954887       0.012416     -16.173140       0.001840      16.250633      -0.259792      -2.298787      -4.967333       8.606393      39.172832     -89.999161      15.624211      89.993576    -378.923798      70.511276     273.579651      91.015182      40.613239      90.289009      11.997849     -10.911045      15.439883    -163.466599      85.788086     -15.734051      -0.569853      -5.187278     -17.134653      -6.477093      72.401176     -75.359764     -88.801094      -1.584759      89.793907     -24.196802      -5.738253       2.835432    -179.374496     -83.061523       4.437875      -5.669168       4.381865     -19.650337
       5.411420       4.764275      50.821877     121.855560     -17.354727      69.138977     -56.125553     -65.505295      25.225176      10.012779       9.742912       9.064020       6.765609      14.758243      -1.845121       1.329206      11.313272       8.387570      -0.824976       6.175735      28.599051      87.542892       5.025805    -101.462784     -13.943902     -11.410218     -20.027700      -0.033468      35.246483       0.011059     -21.681881       0.561680      -2.268655       0.845613      -8.609697      42.919628     -89.998596      15.011453      89.995934     -96.217636       2.323170    -112.933960      -5.006353       8.066659      38.975651       0.012362     -16.113800       0.001853      16.244560      -0.259488      -2.298762      -4.949620       8.559752      39.135426     -89.999161      15.625017      89.993599    -378.958527      70.281952     273.566345      91.013145      40.557831      90.288101      11.959525     -11.058866      15.388252    -163.199951      85.852982     -16.012716      -0.566791      -5.152114     -17.163137      -6.638170      72.394150     -75.310516     -88.808960      -1.592471      89.795311     -24.165710      -5.790121       2.838398    -179.431152     -83.071365       4.456910      -5.674691       4.417349     -19.608803
       5.405925       4.762101      50.818676     121.821808     -17.234732      69.130180     -56.207413     -65.483284      25.215210       9.993493       9.786116       9.134279       6.701743      14.697887      -1.897405       1.338562      11.292221       8.380738      -0.807688       6.139997      28.539745      87.771576       4.999404    -101.278015     -14.032743     -11.533398     -20.306683      -0.033275      35.111431       0.010938     -21.710505       0.563125      -2.268496       0.855160      -8.632472      42.878464     -89.998596      14.996128      89.995888     -96.233582       2.331527    -112.964554      -5.015797       8.056698      39.000198       0.012272     -16.060640       0.001842      16.234486      -0.258975      -2.298753      -4.958136       8.555552      39.147762     -89.999153      15.625822      89.993561    -378.990906      70.057526     273.548615      91.012390      40.507706      90.287575      11.918937     -11.212819      15.333421    -162.906235      85.921494     -16.320681      -0.563033      -5.113074     -17.193394      -6.780761      72.388397     -75.276917     -88.811874      -1.598841      89.795822     -24.137197      -5.839414       2.840449    -179.485672     -83.080795       4.473533      -5.680338       4.451218     -19.567745
       5.400744       4.760154      50.815796     121.793594     -17.115744      69.125137     -56.287037     -65.458099      25.202904       9.974920       9.830010       9.208403       6.637449      14.638327      -1.947374       1.345392      11.273532       8.377632      -0.794036       6.111667      28.479593      87.995277       4.974549    -101.096519     -14.121716     -11.650790     -20.580740      -0.033083      34.974110       0.010812     -21.738461       0.564568      -2.268335       0.863770      -8.650089      42.840950     -89.998596      14.984158      89.995872     -96.244598       2.339416    -112.993492      -5.026299       8.049079      39.027149       0.012241     -16.012100       0.001875      16.229010      -0.258731      -2.298697      -4.950316       8.511835      39.142273     -89.999153      15.626605      89.993576    -379.025024      69.834999     273.529236      91.012260      40.460510      90.287262      11.876468     -11.369100      15.277190    -162.585968      85.993080     -16.656694      -0.558553      -5.068862     -17.224771      -6.914631      72.380997     -75.252487     -88.812935      -1.603428      89.795990     -24.111944      -5.887172       2.841681    -179.538239     -83.089920       4.488354      -5.686046       4.483783     -19.527199
       5.395472       4.758234      50.813103     121.768051     -16.993576      69.121078     -56.340969     -65.428284      25.208302       9.967995       9.877220       9.268049       6.559743      14.588389      -1.984522       1.347501      11.254819       8.410483      -0.781602       6.089921      28.403419      88.198334       4.951383    -100.909592     -14.212875     -11.773787     -20.858444      -0.032913      34.838619       0.010697     -21.766567       0.566053      -2.268158       0.870546      -8.660289      42.813576     -89.998596      14.977912      89.995857     -96.243271       2.342678    -113.021637      -5.019821       8.018490      39.043098       0.012186     -15.965948       0.001871      16.221695      -0.258367      -2.298702      -4.951826       8.504539      39.153332     -89.999161      15.627376      89.993561    -379.063629      69.610451     273.510498      91.012299      40.413227      90.286980      11.833184     -11.527175      15.220343    -162.245346      86.066048     -17.013649      -0.553732      -5.022229     -17.256575      -7.048179      72.370491     -75.231438     -88.813248      -1.606673      89.796028     -24.087725      -5.932993       2.842098    -179.590363     -83.099152       4.503349      -5.691769       4.516109     -19.486656
       5.388966       4.755208      50.808571     121.714043     -16.870365      69.100403     -56.433308     -65.410919      25.178532       9.940044       9.918334       9.348436       6.497373      14.522301      -2.042230       1.351668      11.236563       8.392303      -0.773240       6.066184      28.359865      88.433403       4.928854    -100.733566     -14.299675     -11.899845     -21.131002      -0.032707      34.693302       0.010574     -21.792126       0.567372      -2.268003       0.881686      -8.675950      42.784706     -89.998596      14.974361      89.995842     -96.259750       2.350348    -113.050476      -5.032587       8.015781      39.070606       0.012161     -15.922718       0.001901      16.216869      -0.258153      -2.298661      -4.942174       8.465372      39.147053     -89.999161      15.628136      89.993591    -379.092773      69.408051     273.502258      91.084175      40.360634      90.306244      11.777027     -11.731541      15.141292    -161.810959      86.155190     -17.468996      -0.546869      -4.958342     -17.291248      -7.214262      72.376076     -75.172188     -88.704872      -1.616568      89.776932     -24.062218      -5.966247       2.848260    -179.656052     -83.107994       4.498920      -5.700152       4.539329     -19.448286
       5.385206       4.754353      50.807186     121.713531     -16.753565      69.114319     -56.503078     -65.373146      25.167339       9.925081       9.968768       9.442351       6.438057      14.465758      -2.090659       1.356358      11.219706       8.378646      -0.764737       6.044407      28.314058      88.665894       4.908004    -100.559067     -14.387858     -12.021255     -21.401224      -0.032499      34.545959       0.010443     -21.817266       0.568692      -2.267854       0.891109      -8.688588      42.757751     -89.998589      14.973484      89.995819     -96.271561       2.357095    -113.077499      -5.042624       8.008097      39.093781       0.012117     -15.882490       0.001890      16.209656      -0.257782      -2.298657      -4.942711       8.457901      39.158997     -89.999161      15.628879      89.993584    -379.135437      69.166374     273.474274      91.045830      40.320023      90.295593      11.735356     -11.880317      15.091004    -161.431641      86.227928     -17.865778      -0.541240      -4.908710     -17.324621      -7.307817      72.352478     -75.192055     -88.765541      -1.612979      89.787552     -24.043051      -6.021750       2.840404    -179.687836     -83.116844       4.531482      -5.702928       4.580080     -19.405663
       5.381397       4.753366      50.806042     121.713043     -16.636858      69.126839     -56.532803     -65.335983      25.186335       9.928255      10.021978       9.510947       6.385647      14.430676      -2.128041       1.346261      11.201512       8.395337      -0.765828       6.033977      28.247812      88.846985       4.887627    -100.369049     -14.480516     -12.147022     -21.680323      -0.032337      34.405125       0.010348     -21.843422       0.570109      -2.267657       0.896713      -8.693912      42.743732     -89.998596      14.979926      89.995819     -96.301048       2.359544    -113.107178      -5.037855       7.982583      39.112427       0.012093     -15.836442       0.001891      16.205770      -0.257568      -2.298681      -4.912767       8.395356      39.089645     -89.999161      15.629601      89.993576    -379.179169      68.942551     273.445801      91.027611      40.281342      90.290390      11.692532     -12.037760      15.034172    -161.038803      86.300919     -18.276892      -0.535991      -4.862937     -17.358000      -7.399164      72.338760     -75.214600     -88.794113      -1.611265      89.792587     -24.020216      -6.058642       2.838657    -179.741196     -83.126457       4.544251      -5.709038       4.610485     -19.365318
       5.377305       4.752112      50.804184     121.702454     -16.523535      69.132988     -56.610523     -65.302750      25.162575       9.906900      10.069247       9.606028       6.308250      14.366702      -2.171597       1.361148      11.185962       8.384043      -0.748661       6.005464      28.211571      89.116806       4.869880    -100.205803     -14.566596     -12.277929     -21.948069      -0.032123      34.248146       0.010198     -21.866102       0.571277      -2.267530       0.907843      -8.706293      42.718712     -89.998604      14.982898      89.995811     -96.286217       2.364387    -113.129433      -5.045605       7.969538      39.131126       0.012025     -15.796786       0.001867      16.195070      -0.256986      -2.298691      -4.932533       8.440870      39.146427     -89.999153      15.630342      89.993553    -379.217041      68.740677     273.419312      91.019714      40.240284      90.287949      11.659007     -12.169899      14.985220    -160.624573      86.373840     -18.710438      -0.530774      -4.818668     -17.393776      -7.503336      72.316330     -75.216690     -88.806129      -1.610179      89.794617     -23.987326      -6.105586       2.842654    -179.796951     -83.136917       4.559928      -5.714864       4.645810     -19.322369
       5.372561       4.750522      50.801453     121.678810     -16.409372      69.130638     -56.684929     -65.274979      25.138161       9.885289      10.114314       9.699378       6.249835      14.308453      -2.222285       1.366207      11.169094       8.361295      -0.741497       5.984624      28.174566      89.359276       4.852259    -100.035698     -14.654753     -12.404158     -22.217255      -0.031927      34.092308       0.010065     -21.888638       0.572458      -2.267383       0.917773      -8.717549      42.698124     -89.998596      14.990266      89.995789     -96.301102       2.368498    -113.154449      -5.057989       7.967376      39.157856       0.012011     -15.754398       0.001878      16.191154      -0.256787      -2.298678      -4.908592       8.389325      39.105408     -89.999168      15.631035      89.993576    -379.251923      68.563972     273.395630      91.016235      40.195408      90.286705      11.635913     -12.267687      14.948848    -160.245499      86.437950     -19.105597      -0.526840      -4.784444     -17.427509      -7.623027      72.276604     -75.197266     -88.810860      -1.607053      89.795319     -23.948421      -6.162376       2.849679    -179.853378     -83.147995       4.578175      -5.720040       4.689474     -19.276499
       5.367166       4.748511      50.797970     121.644058     -16.293266      69.120667     -56.762001     -65.250771      25.108696       9.860656      10.158386       9.792546       6.189530      14.247520      -2.274712       1.370935      11.153146       8.340816      -0.734502       5.964520      28.136934      89.600464       4.835726     -99.866562     -14.743390     -12.529971     -22.485634      -0.031727      33.934895       0.009942     -21.910675       0.573616      -2.267244       0.926502      -8.726920      42.679115     -89.998589      14.999591      89.995789     -96.313568       2.373570    -113.179588      -5.070836       7.965634      39.183292       0.011990     -15.719141       0.001888      16.186560      -0.256587      -2.298664      -4.899471       8.355151      39.093426     -89.999161      15.631740      89.993568    -379.285126      68.404762     273.375183      91.015144      40.146645      90.286110      11.619974     -12.338979      14.922278    -159.909546      86.493279     -19.453959      -0.524307      -4.759664     -17.457870      -7.755508      72.226288     -75.161148     -88.812851      -1.601944      89.795540     -23.907774      -6.222911       2.857306    -179.909317     -83.159538       4.598802      -5.724786       4.737399     -19.229145
       5.361239       4.746121      50.793880     121.600273     -16.175447      69.104546     -56.840858     -65.229691      25.075417       9.833420      10.202319       9.886294       6.127564      14.184231      -2.328895       1.375560      11.137395       8.320953      -0.727670       5.944814      28.100243      89.843071       4.820280     -99.698387     -14.832233     -12.657154     -22.753874      -0.031528      33.775360       0.009804     -21.931997       0.574742      -2.267101       0.934962      -8.735379      42.661610     -89.998596      15.010664      89.995773     -96.325516       2.378757    -113.204575      -5.081582       7.959197      39.204540       0.011950     -15.683722       0.001880      16.179754      -0.256227      -2.298654      -4.901072       8.356630      39.109795     -89.999161      15.632430      89.993584    -379.316803      68.257225     273.357483      91.014786      40.094410      90.285721      11.609549     -12.389555      14.903724    -159.611038      86.541451     -19.761818      -0.522924      -4.742253     -17.485323      -7.898350      72.170990     -75.112061     -88.813576      -1.595809      89.795555     -23.866661      -6.285101       2.865242    -179.965073     -83.171463       4.620506      -5.729350       4.787400     -19.180960
       5.353580       4.742561      50.787743     121.524979     -16.052599      69.067795     -56.931416     -65.219162      25.028341       9.797523      10.242106       9.977186       6.061795      14.113802      -2.388820       1.380099      11.121783       8.300758      -0.721073       5.925559      28.064440      90.087166       4.805713     -99.530754     -14.921315     -12.785983     -23.022507      -0.031322      33.613922       0.009679     -21.952473       0.575821      -2.266971       0.943360      -8.742864      42.644535     -89.998604      15.021587      89.995773     -96.337509       2.382775    -113.228889      -5.093511       7.957047      39.228760       0.011936     -15.651913       0.001887      16.175659      -0.256041      -2.298644      -4.890653       8.324845      39.095749     -89.999161      15.633101      89.993576    -379.342255      68.146049     273.350830      91.061729      40.033234      90.298050      11.602907     -12.431282      14.885553    -159.311478      86.588974     -20.069199      -0.521994      -4.726146     -17.511402      -8.080200      72.097008     -75.015434     -88.813759      -1.589164      89.795471     -23.820047      -6.361817       2.878181    -180.020538     -83.183945       4.644969      -5.733194       4.846205     -19.129599
       5.347115       4.739695      50.783089     121.473755     -15.931590      69.046875     -57.009750     -65.201111      24.992954       9.767295      10.289933      10.075312       5.997571      14.046372      -2.446437       1.384821      11.105947       8.280421      -0.714377       5.906269      28.029402      90.333900       4.792159     -99.363945     -15.010722     -12.915958     -23.291140      -0.031118      33.450214       0.009540     -21.972094       0.576861      -2.266835       0.951690      -8.749868      42.627182     -89.998596      15.032326      89.995766     -96.350067       2.384645    -113.251793      -5.102583       7.951895      39.251114       0.011920     -15.615078       0.001891      16.171915      -0.255824      -2.298658      -4.866817       8.288726      39.056946     -89.999168      15.633750      89.993599    -379.373810      67.981621     273.337952      91.035652      39.974339      90.290756      11.596691     -12.457308      14.880524    -159.076996      86.625763     -20.307781      -0.522045      -4.716411     -17.532925      -8.238082      72.065720     -74.954857     -88.727524      -1.586604      89.780251     -23.787128      -6.406493       2.879676    -180.074036     -83.195488       4.662962      -5.738627       4.886691     -19.084349
       5.340977       4.737087      50.778732     121.426788     -15.814145      69.027626     -57.082451     -65.183258      24.959848       9.738656      10.338037      10.173412       5.934609      13.981300      -2.502412       1.389435      11.090624       8.261289      -0.707690       5.887269      27.994181      90.582359       4.779633     -99.197746     -15.100754     -13.047007     -23.560320      -0.030917      33.284557       0.009400     -21.990967       0.577859      -2.266706       0.959824      -8.756352      42.609737     -89.998589      15.042889      89.995758     -96.361649       2.387748    -113.274979      -5.111938       7.944839      39.270451       0.011855     -15.580944       0.001847      16.163651      -0.255376      -2.298695      -4.872947       8.302829      39.067020     -89.999168      15.634400      89.993568    -379.405060      67.852364     273.321075      91.023972      39.919788      90.287277      11.599714     -12.468258      14.878910    -158.853989      86.659752     -20.536247      -0.522380      -4.713402     -17.556299      -8.380087      71.999138     -74.901970     -88.776527      -1.576782      89.788857     -23.744802      -6.474091       2.888760    -180.127472     -83.208359       4.688743      -5.742434       4.943190     -19.033489
       5.334433       4.734112      50.773884     121.371849     -15.696432      69.002945     -57.156364     -65.169243      24.924370       9.707956      10.385825      10.270167       5.870911      13.914754      -2.559848       1.394059      11.075128       8.242331      -0.700989       5.868481      27.958874      90.832870       4.767920     -99.032318     -15.190981     -13.179195     -23.829575      -0.030712      33.116882       0.009272     -22.008978       0.578808      -2.266594       0.968008      -8.762502      42.592167     -89.998604      15.053267      89.995766     -96.373619       2.390279    -113.297867      -5.120097       7.936591      39.289364       0.011823     -15.542792       0.001865      16.158579      -0.255071      -2.298696      -4.863056       8.295261      39.061230     -89.999161      15.635046      89.993599    -379.434204      67.729149     273.307587      91.019180      39.862850      90.285645      11.603541     -12.474291      14.879176    -158.647079      86.691055     -20.747383      -0.522998      -4.712133     -17.578091      -8.533068      71.940811     -74.836807     -88.798599      -1.569344      89.792732     -23.703196      -6.537207       2.898843    -180.184921     -83.221230       4.708516      -5.747259       4.995808     -18.983553
       5.327666       4.730932      50.768604     121.310158     -15.580937      68.973167     -57.227589     -65.158951      24.887081       9.675815      10.433013      10.366422       5.806917      13.847832      -2.618009       1.398597      11.060018       8.223644      -0.694363       5.850007      27.923416      91.085007       4.757109     -98.867622     -15.281616     -13.312432     -24.099218      -0.030501      32.947380       0.009133     -22.026184       0.579716      -2.266485       0.976177      -8.768336      42.574608     -89.998596      15.063475      89.995750     -96.385147       2.392497    -113.320358      -5.130351       7.932601      39.310619       0.011799     -15.510115       0.001847      16.152924      -0.254777      -2.298713      -4.860518       8.281777      39.052757     -89.999153      15.635684      89.993576    -379.461975      67.607689     273.299652      91.017570      39.803711      90.284904      11.608930     -12.476986      14.881473    -158.450684      86.720367     -20.947475      -0.523780      -4.712405     -17.599161      -8.697340      71.886230     -74.756966     -88.807732      -1.559937      89.794327     -23.701412      -6.609465       2.921472    -180.274139     -83.225166       4.639123      -5.751021       5.020095     -18.953686
       5.320800       4.727636      50.763149     121.245804     -15.466547      68.941246     -57.297104     -65.150604      24.849493       9.643001      10.480422      10.462549       5.742996      13.780704      -2.676732       1.403180      11.044986       8.205116      -0.687722       5.831799      27.887911      91.339058       4.747149     -98.703728     -15.372606     -13.446709     -24.369099      -0.030290      32.775982       0.009000     -22.042561       0.580582      -2.266387       0.984345      -8.773963      42.556889     -89.998596      15.073517      89.995758     -96.396820       2.395081    -113.342972      -5.139876       7.927234      39.329742       0.011762     -15.479193       0.001830      16.146709      -0.254449      -2.298718      -4.861566       8.285143      39.062550     -89.999153      15.636308      89.993553    -379.489258      67.487656     273.294250      91.016899      39.743366      90.284401      11.615717     -12.477583      14.885180    -158.265457      86.747635     -21.135979      -0.524699      -4.714780     -17.619671      -8.865413      71.834030     -74.671539     -88.811340      -1.550340      89.794952     -23.705420      -6.681281       2.945359    -180.367508     -83.228386       4.560791      -5.755573       5.042518     -18.926247
       5.313908       4.724277      50.757629     121.180504     -15.352980      68.908386     -57.364819     -65.143547      24.812298       9.609897      10.528533      10.558880       5.679297      13.713455      -2.735962       1.407757      11.030144       8.186946      -0.681061       5.813789      27.852144      91.594917       4.738073     -98.540665     -15.463949     -13.581894     -24.639160      -0.030085      32.602711       0.008864     -22.058121       0.581393      -2.266291       0.992521      -8.779438      42.538929     -89.998604      15.083377      89.995750     -96.408516       2.397398    -113.365463      -5.150717       7.924926      39.351768       0.011755     -15.449288       0.001842      16.143240      -0.254277      -2.298699      -4.853087       8.260204      39.052025     -89.999161      15.636909      89.993576    -379.516357      67.369652     273.290192      91.017021      39.682690      90.284103      11.623055     -12.476248      14.889594    -158.086548      86.773613     -21.317768      -0.525717      -4.718361     -17.639681      -9.034416      71.782860     -74.583954     -88.812729      -1.540205      89.795212     -23.712870      -6.752365       2.969872    -180.465424     -83.231422       4.476651      -5.759934       5.064392     -18.900177
       5.307044       4.720897      50.752113     121.115349     -15.240252      68.875320     -57.430546     -65.137283      24.775803       9.576803      10.577369      10.655543       5.615747      13.646440      -2.795198       1.412372      11.015262       8.168617      -0.674378       5.795929      27.816357      91.852806       4.729847     -98.378586     -15.555524     -13.717972     -24.909164      -0.029880      32.427502       0.008734     -22.072840       0.582171      -2.266205       1.000798      -8.784846      42.520721     -89.998596      15.093087      89.995750     -96.420738       2.399552    -113.387680      -5.160027       7.919883      39.370438       0.011722     -15.420043       0.001827      16.137310      -0.253956      -2.298716      -4.853918       8.265507      39.060871     -89.999161      15.637515      89.993561    -379.543488      67.253265     273.286926      91.017151      39.622154      90.283806      11.630721     -12.473381      14.894546    -157.911972      86.798615     -21.494993      -0.526801      -4.722760     -17.659313      -9.202830      71.732559     -74.496048     -88.813004      -1.529472      89.795250     -23.723125      -6.822456       2.994721    -180.566895     -83.234314       4.387986      -5.764111       5.085954     -18.875168
       5.299014       4.716694      50.745174     121.028374     -15.124537      68.828117     -57.504723     -65.138748      24.729851       9.537740      10.622912      10.749190       5.550016      13.574874      -2.858578       1.416930      11.000390       8.149987      -0.667790       5.778288      27.780449      92.112267       4.722435     -98.217354     -15.647344     -13.854980     -25.179165      -0.029656      32.250492       0.008595     -22.086735       0.582901      -2.266129       1.009149      -8.790149      42.502258     -89.998604      15.102634      89.995728     -96.433434       2.401598    -113.409958      -5.170925       7.918190      39.392117       0.011708     -15.391438       0.001841      16.134117      -0.253793      -2.298703      -4.845214       8.241993      39.049484     -89.999161      15.638104      89.993584    -379.565826      67.164894     273.291656      91.060966      39.556217      90.295166      11.637638     -12.475900      14.893842    -157.707794      86.827225     -21.701765      -0.527799      -4.725290     -17.679331      -9.396641      71.667068     -74.376282     -88.813271      -1.517698      89.795265     -23.728031      -6.906925       3.024651    -180.670135     -83.238319       4.304589      -5.768412       5.107733     -18.849138
       5.292357       4.713257      50.739891     120.966476     -15.013105      68.797150     -57.565456     -65.133247      24.696701       9.505242      10.675222      10.847488       5.487084      13.508012      -2.918488       1.421610      10.985602       8.131700      -0.661065       5.760714      27.744473      92.373970       4.715970     -98.057320     -15.739498     -13.992686     -25.449009      -0.029433      32.071465       0.008454     -22.099817       0.583585      -2.266056       1.017530      -8.795458      42.483364     -89.998596      15.112022      89.995728     -96.446205       2.403414    -113.431831      -5.180190       7.913647      39.410435       0.011673     -15.363342       0.001820      16.128405      -0.253485      -2.298718      -4.846231       8.249126      39.057743     -89.999153      15.638686      89.993553    -379.593933      67.022720     273.290588      91.036751      39.494854      90.288422      11.640203     -12.472169      14.900922    -157.555756      86.848984     -21.853611      -0.529198      -4.728909     -17.695349      -9.568379      71.660339     -74.290741     -88.691086      -1.513350      89.773796     -23.757729      -6.939122       3.049707    -180.799118     -83.237617       4.163990      -5.774164       5.120106     -18.832457
       5.286244       4.710435      50.735146     120.914909     -14.904227      68.772148     -57.621819     -65.123444      24.666393       9.475414      10.727197      10.947590       5.425071      13.444399      -2.975255       1.426347      10.970565       8.113166      -0.654282       5.743061      27.708445      92.637985       4.710352     -97.898628     -15.831698     -14.130987     -25.718201      -0.029216      31.890348       0.008321     -22.112043       0.584224      -2.266000       1.026108      -8.800912      42.463932     -89.998604      15.121253      89.995712     -96.459755       2.402273    -113.451912      -5.189632       7.912801      39.433498       0.011666     -15.329804       0.001813      16.126417      -0.253361      -2.298747      -4.817511       8.193733      38.986656     -89.999161      15.639243      89.993568    -379.624786      66.908432     273.284302      91.026146      39.438992      90.285248      11.649228     -12.465920      14.906394    -157.378586      86.872879     -22.033918      -0.530240      -4.735026     -17.715240      -9.715381      71.590469     -74.221893     -88.758102      -1.495285      89.785538     -23.774134      -7.025292       3.067808    -180.880951     -83.240677       4.098207      -5.775471       5.146919     -18.807020
       5.280083       4.707358      50.730358     120.859909     -14.798181      68.743942     -57.660042     -65.114784      24.659060       9.440434      10.775276      11.031931       5.363057      13.384311      -3.027895       1.430882      10.955857       8.096190      -0.647516       5.725834      27.671545      92.903267       4.705677     -97.740807     -15.924371     -14.270071     -25.987537      -0.028997      31.707415       0.008181     -22.123491       0.584814      -2.265934       1.034603      -8.806168      42.444237     -89.998604      15.130332      89.995712     -96.472549       2.405115    -113.473877      -5.196251       7.901636      39.445431       0.011602     -15.298051       0.001786      16.116795      -0.252799      -2.298778      -4.840783       8.255622      39.041824     -89.999153      15.639818      89.993553    -379.653564      66.801483     273.280243      91.021660      39.383469      90.283714      11.659312     -12.457311      14.912887    -157.211578      86.895226     -22.203815      -0.531371      -4.742331     -17.734734      -9.864665      71.535744     -74.148216     -88.790352      -1.480831      89.791222     -23.785946      -7.093525       3.093596    -180.990402     -83.244278       4.005643      -5.779440       5.169327     -18.783033
       5.273760       4.704060      50.725342     120.799973     -14.694185      68.711853     -57.683960     -65.105797      24.671532       9.399861      10.817059      11.099463       5.300494      13.327830      -3.074788       1.435362      10.941154       8.079885      -0.640693       5.708818      27.633640      93.170258       4.701791     -97.584099     -16.017115     -14.410053     -26.256550      -0.028774      31.522652       0.008047     -22.134087       0.585359      -2.265880       1.043234      -8.811277      42.424278     -89.998589      15.139266      89.995689     -96.485634       2.404387    -113.493637      -5.206079       7.901457      39.468071       0.011615     -15.264418       0.001804      16.115660      -0.252736      -2.298775      -4.811626       8.194837      38.980301     -89.999161      15.640358      89.993591    -379.680695      66.694000     273.280243      91.020279      39.326668      90.283035      11.668667     -12.448824      14.919452    -157.045868      86.917168     -22.371914      -0.532558      -4.749375     -17.753498     -10.019991      71.485924     -74.065575     -88.804153      -1.467810      89.793671     -23.799965      -7.158567       3.118485    -181.099228     -83.247246       3.909959      -5.783363       5.191059     -18.759836
       5.267406       4.700723      50.720253     120.739151     -14.590213      68.679375     -57.707905     -65.096748      24.683865       9.358266      10.858352      11.166605       5.238605      13.271259      -3.122071       1.439783      10.926714       8.064190      -0.633864       5.692133      27.595156      93.438820       4.698765     -97.428612     -16.110094     -14.550942     -26.525421      -0.028551      31.336088       0.007912     -22.143852       0.585866      -2.265838       1.051960      -8.816274      42.404118     -89.998589      15.148042      89.995697     -96.498367       2.405891    -113.514381      -5.214974       7.896842      39.485512       0.011574     -15.234496       0.001796      16.110014      -0.252424      -2.298790      -4.813361       8.200504      38.988129     -89.999161      15.640896      89.993568    -379.707520      66.586609     273.280762      91.019936      39.269661      90.282639      11.677580     -12.440897      14.925852    -156.878021      86.939102     -22.542070      -0.533718      -4.756143     -17.772032     -10.176401      71.438049     -73.981842     -88.809853      -1.455068      89.794693     -23.815382      -7.222763       3.142865    -181.207520     -83.249901       3.813172      -5.787152       5.212521     -18.737057
       5.261148       4.697429      50.715252     120.679413     -14.487800      68.647255     -57.738514     -65.087158      24.691338       9.316206      10.898931      11.229144       5.163182      13.210078      -3.164269       1.446304      10.916219       8.066575      -0.622481       5.672306      27.547743      93.718567       4.696807     -97.278999     -16.202433     -14.686797     -26.789904      -0.028329      31.146370       0.007772     -22.152842       0.586311      -2.265797       1.060888      -8.822730      42.381050     -89.998581      15.156680      89.995689     -96.486298       2.404696    -113.530602      -5.219535       7.886161      39.501312       0.011539     -15.207920       0.001782      16.104391      -0.252127      -2.298801      -4.816582       8.206962      38.997757     -89.999161      15.641432      89.993576    -379.734497      66.480728     273.281921      91.020088      39.213425      90.282364      11.686387     -12.433457      14.931963    -156.706497      86.961090     -22.716015      -0.534842      -4.762763     -17.790541     -10.331203      71.391327     -73.898643     -88.811867      -1.442228      89.795052     -23.831331      -7.285997       3.166833    -181.315353     -83.252449       3.716149      -5.790928       5.233678     -18.714523
       5.254953       4.694166      50.710258     120.620415     -14.384798      68.616333     -57.763290     -65.076897      24.704205       9.274524      10.938836      11.294445       5.103184      13.154744      -3.210478       1.449526      10.901834       8.048507      -0.617369       5.658494      27.509150      93.991882       4.695346     -97.126991     -16.294790     -14.829596     -27.057144      -0.028097      30.955656       0.007633     -22.160610       0.586703      -2.265768       1.070685      -8.827760      42.360546     -89.998589      15.165176      89.995674     -96.501938       2.403572    -113.549583      -5.229043       7.886330      39.523327       0.011535     -15.174628       0.001778      16.102474      -0.252016      -2.298825      -4.788818       8.151617      38.927353     -89.999161      15.641956      89.993576    -379.761017      66.375359     273.281403      91.020325      39.157589      90.282127      11.695008     -12.426497      14.937886    -156.531570      86.983147     -22.893549      -0.535899      -4.769207     -17.809116     -10.483202      71.344284     -73.819092     -88.812531      -1.429086      89.795189     -23.847666      -7.349115       3.190639    -181.422745     -83.254936       3.619400      -5.794661       5.254698     -18.692139
       5.248845       4.690949      50.705341     120.562889     -14.282246      68.586311     -57.787025     -65.066162      24.717739       9.232749      10.978870      11.359677       5.043884      13.099791      -3.256578       1.453255      10.887722       8.031948      -0.611440       5.643745      27.469604      94.265717       4.694931     -96.976097     -16.387770     -14.972249     -27.323929      -0.027870      30.763353       0.007494     -22.167755       0.587057      -2.265744       1.079835      -8.832411      42.339428     -89.998589      15.173521      89.995682     -96.516205       2.405730    -113.570168      -5.238137       7.881478      39.539810       0.011497     -15.144445       0.001774      16.096371      -0.251669      -2.298826      -4.794462       8.164170      38.941578     -89.999161      15.642472      89.993584    -379.787933      66.270912     273.280518      91.020256      39.102448      90.281822      11.703610     -12.419665      14.943748    -156.353683      87.005173     -23.074198      -0.536923      -4.775580     -17.827709     -10.632838      71.297401     -73.741882     -88.813026      -1.415648      89.795273     -23.864302      -7.411649       3.214168    -181.529999     -83.257378       3.522639      -5.798353       5.275609     -18.669903
       5.241802       4.687003      50.699303     120.486351     -14.178431      68.543488     -57.819729     -65.063507      24.718491       9.187048      11.015429      11.423832       4.982758      13.042098      -3.305108       1.457374      10.873059       8.014528      -0.605136       5.628340      27.430334      94.541328       4.695261     -96.826744     -16.480499     -15.115582     -27.589634      -0.027642      30.569160       0.007355     -22.174034       0.587364      -2.265722       1.089120      -8.837097      42.317688     -89.998589      15.181729      89.995682     -96.531487       2.405556    -113.589378      -5.246202       7.878092      39.557964       0.011485     -15.110940       0.001781      16.093330      -0.251488      -2.298845      -4.775579       8.136643      38.904213     -89.999161      15.642976      89.993614    -379.805237      66.211304     273.281219      91.083199      39.044216      90.297943      11.712811     -12.421158      14.937019    -156.125641      87.031921     -23.307194      -0.537337      -4.781976     -17.848171     -10.803280      71.233124     -73.636597     -88.813103      -1.401810      89.795242     -23.870064      -7.489333       3.243880    -181.636536     -83.261482       3.436860      -5.802489       5.295265     -18.645943
       5.235636       4.683776      50.694271     120.429527     -14.073815      68.514885     -57.841995     -65.050064      24.734192       9.143230      11.056323      11.490477       4.922573      12.986220      -3.351687       1.461615      10.858615       7.997622      -0.598634       5.612718      27.391050      94.818398       4.696627     -96.678810     -16.573572     -15.259481     -27.854855      -0.027407      30.373114       0.007212     -22.179544       0.587636      -2.265717       1.098384      -8.841785      42.295506     -89.998589      15.189804      89.995674     -96.546219       2.406685    -113.609085      -5.254596       7.873046      39.573574       0.011437     -15.079867       0.001743      16.085705      -0.251057      -2.298883      -4.785270       8.155828      38.911858     -89.999153      15.643475      89.993561    -379.838684      66.069016     273.287842      91.049385      38.986782      90.288940      11.716384     -12.416037      14.950782    -155.939545      87.054939     -23.494350      -0.538528      -4.780848     -17.864944     -10.959280      71.209595     -73.559021     -88.728203      -1.390822      89.780289     -23.906023      -7.534014       3.260115    -181.742844     -83.260094       3.318530      -5.805706       5.312343     -18.628880
       5.230437       4.681181      50.690403     120.388313     -13.975100      68.494766     -57.854763     -65.034874      24.757803       9.104638      11.099626      11.556247       4.865844      12.935393      -3.393683       1.465940      10.844610       7.982668      -0.591838       5.597179      27.350874      95.097000       4.698894     -96.532440     -16.666912     -15.404030     -28.119684      -0.027183      30.175196       0.007077     -22.184284       0.587862      -2.265711       1.107580      -8.846364      42.272892     -89.998589      15.197748      89.995674     -96.559799       2.407897    -113.628716      -5.264491       7.872150      39.592770       0.011425     -15.050972       0.001755      16.082771      -0.250911      -2.298862      -4.779136       8.133349      38.900925     -89.999153      15.643968      89.993591    -379.869537      65.964325     273.281647      91.033188      38.937508      90.284355      11.726751     -12.404891      14.958447    -155.762390      87.075371     -23.674726      -0.539409      -4.788779     -17.883854     -11.084210      71.156471     -73.506592     -88.776505      -1.373859      89.788818     -23.920565      -7.598586       3.282580    -181.846756     -83.263466       3.231045      -5.808978       5.335728     -18.605377
       5.225096       4.678456      50.686363     120.343346     -13.878109      68.471664     -57.877460     -65.021271      24.772343       9.067126      11.140423      11.614518       4.795635      12.876425      -3.431991       1.472948      10.844291       7.991582      -0.580020       5.581673      27.298790      95.178932       4.736064     -96.506744     -16.691509     -15.388851     -28.166227      -0.027058      30.057493       0.007159     -22.188444       0.588407      -2.265481       1.114353      -8.797908      42.293030     -89.998627      15.205592      89.995735     -96.546349       2.403636    -113.635002      -5.262123       7.857288      39.604450       0.011413     -15.017800       0.001749      16.080109      -0.250742      -2.298884      -4.758401       8.103096      38.856014     -89.999161      15.644439      89.993607    -379.899200      65.866936     273.277954      91.026474      38.888317      90.282295      11.736761     -12.395802      14.964654    -155.582336      87.096024     -23.858253      -0.540329      -4.796728     -17.902649     -11.214335      71.110023     -73.446968     -88.798218      -1.358786      89.792679     -23.935217      -7.656926       3.305450    -181.955322     -83.266396       3.135992      -5.812846       5.356887     -18.582970
       5.219598       4.675603      50.682076     120.295303     -13.779624      68.447411     -57.895721     -65.008537      24.790127       9.027164      11.180984      11.679397       4.741846      12.822767      -3.478091       1.476796      10.836434       7.977545      -0.574525       5.571594      27.257256      95.224083       4.753103     -96.484337     -16.705605     -15.370975     -28.195675      -0.026958      29.960749       0.007290     -22.193478       0.588982      -2.265239       1.115831      -8.748631      42.315544     -89.998642      15.213301      89.995796     -96.561562       2.404694    -113.649536      -5.267549       7.849989      39.617165       0.011351     -14.985397       0.001703      16.072603      -0.250317      -2.298930      -4.766983       8.121857      38.857021     -89.999153      15.644924      89.993561    -379.927673      65.770233     273.274078      91.023956      38.838245      90.281357      11.745889     -12.388598      14.970144    -155.394119      87.117249     -24.050049      -0.541193      -4.803797     -17.921412     -11.347631      71.064384     -73.384972     -88.807114      -1.344035      89.794258     -23.951176      -7.715314       3.327943    -182.062469     -83.268959       3.040519      -5.816593       5.377547     -18.560972
       5.214061       4.672714      50.677742     120.246765     -13.681027      68.422783     -57.915073     -64.995880      24.806841       8.986572      11.221024      11.744332       4.687802      12.769212      -3.524083       1.481328      10.828062       7.964384      -0.567942       5.559711      27.214651      95.262688       4.765426     -96.463791     -16.714912     -15.352136     -28.220922      -0.026856      29.870842       0.007376     -22.197495       0.589418      -2.265056       1.117864      -8.709074      42.334976     -89.998672      15.220879      89.995842     -96.575890       2.406420    -113.664658      -5.273419       7.843225      39.629757       0.011314     -14.953093       0.001696      16.067011      -0.249995      -2.298932      -4.771998       8.134403      38.870117     -89.999161      15.645393      89.993576    -379.956360      65.674118     273.270813      91.023109      38.788090      90.280861      11.754658     -12.382284      14.975307    -155.199371      87.138786     -24.248484      -0.541994      -4.810318     -17.940170     -11.481923      71.018951     -73.321945     -88.810753      -1.329196      89.794907     -23.967840      -7.773758       3.350144    -182.168686     -83.271370       2.945188      -5.820273       5.398008     -18.539192
       5.208578       4.669850      50.673512     120.199333     -13.583756      68.398071     -57.942974     -64.982880      24.816725       8.945739      11.260114      11.803274       4.614983      12.709823      -3.561540       1.491314      10.824551       7.973732      -0.553289       5.541564      27.159843      95.308083       4.775559     -96.448341     -16.722509     -15.322654     -28.240425      -0.026766      29.783928       0.007417     -22.201187       0.589768      -2.264928       1.119200      -8.677580      42.349056     -89.998680      15.228327      89.995880     -96.559105       2.401454    -113.671097      -5.274346       7.833296      39.645161       0.011307     -14.918749       0.001690      16.064962      -0.249874      -2.298955      -4.746379       8.081079      38.801483     -89.999153      15.645849      89.993576    -379.985992      65.579300     273.268982      91.022804      38.738598      90.280533      11.763367     -12.376390      14.980268    -154.999725      87.160461     -24.451908      -0.542746      -4.816562     -17.958942     -11.615868      70.974113     -73.258232     -88.812012      -1.314184      89.795135     -23.984806      -7.831499       3.371985    -182.274673     -83.273697       2.849688      -5.823915       5.418271     -18.517582
       5.202187       4.666273      50.668091     120.132538     -13.484652      68.361412     -57.972591     -64.978180      24.820463       8.901932      11.295901      11.867264       4.562056      12.654278      -3.611705       1.493054      10.816072       7.955995      -0.549661       5.532304      27.119978      95.341087       4.783709     -96.429352     -16.727596     -15.304285     -28.262283      -0.026670      29.700964       0.007433     -22.203953       0.590026      -2.264824       1.121413      -8.650541      42.364468     -89.998688      15.235664      89.995918     -96.577789       2.403799    -113.686974      -5.281187       7.828350      39.658222       0.011260     -14.885378       0.001683      16.059101      -0.249535      -2.298960      -4.752977       8.093474      38.813820     -89.999161      15.646294      89.993591    -380.004822      65.528099     273.267151      91.084702      38.686077      90.296280      11.771954     -12.378418      14.972627    -154.740097      87.187241     -24.717411      -0.542858      -4.822042     -17.979467     -11.768165      70.911652     -73.169586     -88.812340      -1.298649      89.795128     -23.991903      -7.904872       3.399950    -182.379089     -83.277611       2.765328      -5.827939       5.437390     -18.494268
       5.196815       4.663545      50.663921     120.089043     -13.384754      68.340858     -57.991463     -64.961349      24.840403       8.860555      11.336212      11.933289       4.508006      12.601026      -3.657210       1.497166      10.807102       7.940647      -0.543752       5.521329      27.077694      95.373207       4.791332     -96.410698     -16.733047     -15.283895     -28.282854      -0.026572      29.621191       0.007426     -22.206793       0.590269      -2.264747       1.122512      -8.628900      42.377121     -89.998688      15.242882      89.995949     -96.593285       2.405173    -113.701996      -5.287879       7.824316      39.671394       0.011231     -14.854134       0.001672      16.053873      -0.249254      -2.298971      -4.757377       8.101313      38.821156     -89.999161      15.646739      89.993576    -380.040619      65.406525     273.267944      91.051102      38.635609      90.287430      11.778692     -12.369142      14.986118    -154.561859      87.206665     -24.896839      -0.544134      -4.826105     -17.996155     -11.896393      70.873840     -73.116165     -88.812691      -1.283287      89.795258     -24.015610      -7.957673       3.418500    -182.484665     -83.278969       2.664797      -5.831194       5.459377     -18.473335
       5.191658       4.660737      50.660007     120.045822     -13.288876      68.319611     -58.008556     -64.948074      24.858189       8.821605      11.376646      11.997891       4.454333      12.550324      -3.699922       1.501857      10.797599       7.925293      -0.537120       5.509023      27.035580      95.404198       4.798135     -96.391991     -16.738260     -15.262852     -28.302658      -0.026481      29.543859       0.007408     -22.209614       0.590496      -2.264680       1.123028      -8.612058      42.387577     -89.998695      15.249982      89.995956     -96.608955       2.403655    -113.715317      -5.294671       7.823610      39.689251       0.011229     -14.817721       0.001672      16.052006      -0.249141      -2.298999      -4.731703       8.048079      38.750732     -89.999153      15.647175      89.993576    -380.070068      65.294014     273.265045      91.035347      38.587124      90.283066      11.782092     -12.367008      14.990085    -154.363358      87.227432     -25.097618      -0.544923      -4.830488     -18.012545     -12.032388      70.868729     -73.056404     -88.689514      -1.274672      89.773621     -24.046213      -7.978923       3.440267    -182.612457     -83.277687       2.525377      -5.836683       5.469885     -18.458817
       5.186887       4.658481      50.656525     120.011574     -13.193866      68.303413     -58.021549     -64.931053      24.881800       8.784245      11.417498      12.061772       4.401622      12.501457      -3.740317       1.506681      10.788241       7.911402      -0.530144       5.496383      26.993164      95.434624       4.804504     -96.373482     -16.743546     -15.242756     -28.322424      -0.026396      29.468700       0.007381     -22.212450       0.590705      -2.264628       1.123137      -8.598644      42.396755     -89.998703      15.256952      89.995964     -96.623207       2.405390    -113.730400      -5.301162       7.818039      39.702003       0.011185     -14.784163       0.001662      16.046043      -0.248802      -2.299005      -4.738400       8.060128      38.761822     -89.999153      15.647593      89.993576    -380.103241      65.202583     273.258240      91.028496      38.542725      90.280983      11.791636     -12.361794      14.994171    -154.131958      87.250343     -25.334312      -0.545370      -4.835943     -18.032534     -12.143613      70.800713     -73.014359     -88.756966      -1.252737      89.785423     -24.064516      -8.055557       3.454692    -182.691650     -83.280609       2.462255      -5.837697       5.495322     -18.435083
       5.182078       4.656058      50.653008     119.975334     -13.099722      68.285858     -58.036110     -64.915703      24.902891       8.747379      11.457602      12.124699       4.348855      12.453188      -3.780239       1.511650      10.778715       7.897546      -0.523010       5.483539      26.950836      95.464729       4.810140     -96.355148     -16.748587     -15.223268     -28.341993      -0.026317      29.395248       0.007358     -22.215191       0.590901      -2.264585       1.123202      -8.588136      42.404976     -89.998711      15.263809      89.995987     -96.637299       2.406497    -113.745171      -5.307410       7.813708      39.714901       0.011143     -14.752447       0.001648      16.040842      -0.248512      -2.299017      -4.742750       8.068026      38.768974     -89.999161      15.648016      89.993576    -380.134766      65.117516     273.251221      91.025993      38.498798      90.280067      11.801824     -12.354920      14.998850    -153.913071      87.271736     -25.558125      -0.545890      -4.842742     -18.051994     -12.257085      70.749397     -72.970322     -88.789444      -1.234830      89.791168     -24.077711      -8.114152       3.476888    -182.798080     -83.283951       2.372505      -5.841422       5.516299     -18.412716
       5.177129       4.653507      50.649361     119.936539     -13.006180      68.266098     -58.061710     -64.900986      24.914692       8.709669      11.496080      12.181088       4.276252      12.398153      -3.812551       1.521914      10.774297       7.906827      -0.508020       5.464949      26.896088      95.504768       4.815216     -96.341103     -16.753948     -15.193717     -28.357843      -0.026239      29.322153       0.007324     -22.218258       0.591093      -2.264554       1.123405      -8.581525      42.409527     -89.998711      15.270561      89.995979     -96.619530       2.401325    -113.751442      -5.308665       7.805084      39.730385       0.011142     -14.717722       0.001643      16.038965      -0.248408      -2.299038      -4.716838       8.013152      38.699600     -89.999153      15.648430      89.993568    -380.166290      65.031830     273.246979      91.025108      38.454128      90.279594      11.811286     -12.348635      15.003470    -153.694244      87.292885     -25.781471      -0.546451      -4.849167     -18.070871     -12.376283      70.704071     -72.919952     -88.803177      -1.218269      89.793602     -24.093287      -8.169191       3.498092    -182.904068     -83.286591       2.279263      -5.845121       5.536556     -18.391155
       5.171946       4.650919      50.645573     119.895805     -12.910327      68.245270     -58.073521     -64.885475      24.935997       8.682546      11.536255      12.230574       4.216831      12.352380      -3.856160       1.521086      10.769109       7.947252      -0.500345       5.458486      26.824123      95.531296       4.824235     -96.320923     -16.762831     -15.200188     -28.387426      -0.026165      29.254742       0.007291     -22.221682       0.591328      -2.264504       1.122884      -8.569304      42.423683     -89.998718      15.277192      89.995995     -96.614304       2.397937    -113.762642      -5.295660       7.775118      39.734009       0.011105     -14.684326       0.001632      16.033400      -0.248079      -2.299060      -4.722542       8.025426      38.700382     -89.999161      15.648841      89.993576    -380.198883      64.943817     273.243683      91.024834      38.408298      90.279282      11.820233     -12.343032      15.008041    -153.470764      87.314102     -26.009233      -0.547008      -4.854929     -18.089373     -12.500031      70.659607     -72.867020     -88.808769      -1.202042      89.794609     -24.110779      -8.224245       3.519038    -183.009308     -83.288879       2.184972      -5.848648       5.556697     -18.370070
       5.167027       4.648344      50.641804     119.855942     -12.817049      68.225922     -58.095028     -64.871628      24.952698       8.643523      11.573498      12.295801       4.169870      12.303660      -3.900310       1.524329      10.758686       7.919363      -0.496064       5.447767      26.788137      95.562775       4.826188     -96.304268     -16.764751     -15.182068     -28.405695      -0.026081      29.184473       0.007267     -22.223196       0.591418      -2.264476       1.125270      -8.566630      42.430843     -89.998711      15.283716      89.995995     -96.637878       2.401367    -113.779274      -5.306624       7.776942      39.749584       0.011066     -14.652054       0.001621      16.028076      -0.247790      -2.299059      -4.726936       8.031298      38.709175     -89.999153      15.649234      89.993576    -380.228638      64.857834     273.238495      91.025002      38.363579      90.279083      11.828937     -12.338272      15.012155    -153.240875      87.335472     -26.243713      -0.547479      -4.860581     -18.108000     -12.618331      70.616737     -72.817604     -88.810921      -1.185828      89.795006     -24.128084      -8.278584       3.539555    -183.113403     -83.291092       2.091398      -5.852190       5.576530     -18.349001
       5.160993       4.644968      50.636715     119.796150     -12.719289      68.194084     -58.127033     -64.863625      24.956612       8.599601      11.607121      12.359135       4.116519      12.250963      -3.945744       1.529288      10.747585       7.894401      -0.490174       5.435712      26.748814      95.592476       4.828325     -96.286697     -16.768261     -15.160525     -28.422955      -0.026008      29.115545       0.007236     -22.225441       0.591550      -2.264449       1.125962      -8.564572      42.435516     -89.998718      15.290127      89.995995     -96.658600       2.401343    -113.793755      -5.317170       7.781307      39.769180       0.011058     -14.615304       0.001619      16.026197      -0.247670      -2.299084      -4.702034       7.977061      38.642128     -89.999161      15.649629      89.993584    -380.253998      64.796478     273.239716      91.066681      38.313759      90.289696      11.835838     -12.338989      15.010545    -152.959763      87.361084     -26.529341      -0.547796      -4.862915     -18.127028     -12.758433      70.559067     -72.742134     -88.811775      -1.168766      89.795135     -24.140100      -8.347240       3.564383    -183.216248     -83.294312       2.005227      -5.855893       5.596854     -18.326397
       5.156480       4.642688      50.633518     119.765442     -12.626391      68.180252     -58.142284     -64.846085      24.979048       8.562923      11.646630      12.423147       4.065941      12.204303      -3.985003       1.534375      10.737040       7.873434      -0.483729       5.423163      26.709076      95.622086       4.831005     -96.269066     -16.772755     -15.140093     -28.440865      -0.025938      29.047108       0.007196     -22.228010       0.591692      -2.264420       1.126390      -8.562860      42.439846     -89.998734      15.296426      89.996025     -96.676155       2.404043    -113.809540      -5.326282       7.779593      39.783173       0.011015     -14.581660       0.001612      16.020292      -0.247337      -2.299080      -4.709513       7.988857      38.655170     -89.999161      15.650014      89.993584    -380.287781      64.694603     273.233246      91.043198      38.270374      90.283371      11.844276     -12.330078      15.018112    -152.754501      87.379608     -26.737873      -0.548459      -4.869524     -18.144049     -12.869128      70.526299     -72.704102     -88.811882      -1.153161      89.795204     -24.162327      -8.393515       3.581984    -183.319778     -83.295647       1.907276      -5.859179       5.617023     -18.306347
       5.152039       4.640447      50.630367     119.734680     -12.535238      68.165970     -58.157524     -64.829674      25.000031       8.527680      11.685379      12.485045       4.015331      12.159030      -4.022505       1.539500      10.726581       7.854369      -0.477046       5.410473      26.669348      95.651688       4.833557     -96.251480     -16.777386     -15.120738     -28.459188      -0.025870      28.979103       0.007159     -22.230532       0.591834      -2.264398       1.127598      -8.561724      42.444347     -89.998726      15.302628      89.996017     -96.692505       2.405875    -113.824768      -5.334525       7.778129      39.797043       0.010984     -14.549875       0.001600      16.015041      -0.247051      -2.299087      -4.713774       7.996196      38.663353     -89.999153      15.650393      89.993568    -380.320526      64.605499     273.226044      91.032837      38.228821      90.280449      11.853220     -12.324348      15.022837    -152.523895      87.399841     -26.973196      -0.548914      -4.875803     -18.162348     -12.978005      70.488701     -72.665588     -88.812126      -1.136798      89.795265     -24.181898      -8.442130       3.600587    -183.423248     -83.297401       1.811926      -5.862622       5.636341     -18.286081
       5.147394       4.637917      50.626518     119.694199     -12.447541      68.147705     -58.250549     -64.807449      24.981686       8.510242      11.680483      12.487836       3.957911      12.123700      -4.039793       1.546190      10.721810       7.864140      -0.465214       5.395208      26.615694      95.689178       4.836493     -96.237411     -16.782560     -15.097281     -28.475857      -0.025796      28.910654       0.007124     -22.233351       0.591991      -2.264377       1.128131      -8.561673      42.446995     -89.998726      15.308722      89.996017     -96.680794       2.401088    -113.832230      -5.335124       7.770217      39.812466       0.010975     -14.514894       0.001595      16.013554      -0.246960      -2.299106      -4.687569       7.941533      38.595066     -89.999161      15.650767      89.993576    -380.346008      64.509979     273.221832      91.028885      38.185192      90.279205      11.855685     -12.327365      15.023588    -152.266754      87.422150     -27.234203      -0.549215      -4.878284     -18.179455     -13.098833      70.480423     -72.613533     -88.687180      -1.126120      89.773331     -24.209742      -8.464708       3.622250    -183.546906     -83.296211       1.678994      -5.868145       5.646243     -18.271452
       5.143142       4.635942      50.623051     119.662865     -12.359857      68.135269     -58.332138     -64.781197      24.974894       8.498480      11.675867      12.490513       3.912043      12.097440      -4.050231       1.550092      10.711883       7.845573      -0.459950       5.385303      26.574846      95.719391       4.837842     -96.220116     -16.786165     -15.079779     -28.494576      -0.025715      28.843267       0.007083     -22.235289       0.592098      -2.264348       1.130161      -8.561406      42.451965     -89.998726      15.314712      89.996017     -96.696930       2.403869    -113.847427      -5.343411       7.767174      39.825726       0.010927     -14.481661       0.001593      16.007605      -0.246623      -2.299116      -4.695148       7.953702      38.607971     -89.999161      15.651131      89.993576    -380.375061      64.429710     273.212952      91.027390      38.144962      90.278587      11.864288     -12.325702      15.025817    -151.980484      87.445786     -27.527187      -0.549242      -4.882056     -18.199875     -13.193844      70.412025     -72.581459     -88.755478      -1.102767      89.785271     -24.226131      -8.543077       3.636269    -183.621246     -83.299400       1.622738      -5.869121       5.671473     -18.247383
       5.138909       4.633832      50.619617     119.630692     -12.273331      68.122169     -58.416485     -64.756424      24.965036       8.486520      11.670809      12.493807       3.868418      12.070919      -4.064361       1.554255      10.702250       7.832047      -0.453712       5.374456      26.532230      95.749374       4.840191     -96.202515     -16.791269     -15.062741     -28.513908      -0.025641      28.776196       0.007052     -22.237646       0.592231      -2.264328       1.131433      -8.561067      42.456345     -89.998726      15.320613      89.996033     -96.711159       2.405072    -113.861710      -5.349815       7.764188      39.838531       0.010894     -14.450221       0.001575      16.002554      -0.246354      -2.299124      -4.698963       7.961127      38.615528     -89.999153      15.651504      89.993568    -380.402649      64.353760     273.203674      91.026932      38.105270      90.278244      11.873548     -12.321642      15.029063    -151.715836      87.467293     -27.797989      -0.549397      -4.887812     -18.219576     -13.290781      70.362770     -72.548065     -88.788406      -1.083902      89.791084     -24.237314      -8.602002       3.657876    -183.723053     -83.302887       1.539099      -5.872911       5.692134     -18.224712
       5.134585       4.631625      50.616035     119.596504     -12.187168      68.107819     -58.505165     -64.732506      24.951651       8.472623      11.664450      12.498176       3.827785      12.043272      -4.084009       1.558293      10.692877       7.825045      -0.446741       5.363263      26.486549      95.779076       4.842811     -96.184906     -16.796930     -15.046999     -28.533661      -0.025580      28.709475       0.007015     -22.240147       0.592373      -2.264308       1.132445      -8.560720      42.460693     -89.998718      15.326406      89.996025     -96.723923       2.402781    -113.873817      -5.354360       7.762639      39.855080       0.010889     -14.413948       0.001570      16.001200      -0.246272      -2.299150      -4.673409       7.908613      38.547173     -89.999161      15.651852      89.993576    -380.429596      64.276421     273.195831      91.026772      38.064930      90.277992      11.881967     -12.318055      15.032312    -151.453110      87.488319     -28.066582      -0.549592      -4.893465     -18.238722     -13.391991      70.320297     -72.510406     -88.802368      -1.066496      89.793571     -24.250799      -8.657005       3.678392    -183.824005     -83.305603       1.452150      -5.876678       5.712006     -18.202826
       5.129064       4.628558      50.611050     119.541122     -12.096982      68.079803     -58.606392     -64.715820      24.924212       8.451010      11.654382      12.505323       3.787495      12.009448      -4.114361       1.562057      10.684195       7.823841      -0.439329       5.352291      26.437683      95.808884       4.845483     -96.167755     -16.802670     -15.033762     -28.554039      -0.025514      28.643269       0.006981     -22.242565       0.592499      -2.264284       1.133228      -8.560087      42.465534     -89.998711      15.332103      89.996017     -96.734070       2.403609    -113.887451      -5.357623       7.754472      39.866356       0.010851     -14.380495       0.001567      15.995726      -0.245967      -2.299155      -4.679366       7.920080      38.557491     -89.999161      15.652204      89.993584    -380.450256      64.221329     273.195313      91.069397      38.017227      90.288811      11.888196     -12.318320      15.030764    -151.142227      87.512863     -28.382629      -0.549752      -4.895761     -18.257595     -13.517820      70.265144     -72.443321     -88.808006      -1.048703      89.794548     -24.260031      -8.725604       3.702824    -183.922806     -83.309120       1.371916      -5.880552       5.732248     -18.179600
       5.125125       4.626602      50.607903     119.514374     -12.012469      68.070236     -58.697205     -64.688881      24.912270       8.436742      11.646779      12.510664       3.752994      11.982316      -4.139362       1.565682      10.676146       7.827640      -0.431446       5.341503      26.385750      95.839066       4.848034     -96.151169     -16.808331     -15.022275     -28.574770      -0.025444      28.577457       0.006955     -22.244883       0.592627      -2.264267       1.133770      -8.559340      42.470673     -89.998726      15.337704      89.996017     -96.742264       2.403471    -113.900215      -5.359443       7.745937      39.877434       0.010815     -14.348879       0.001553      15.991023      -0.245711      -2.299170      -4.681848       7.926641      38.562763     -89.999161      15.652539      89.993561    -380.479858      64.126892     273.187134      91.045486      37.977962      90.282440      11.895628     -12.311812      15.037119    -150.905014      87.531158     -28.624422      -0.550103      -4.902246     -18.275084     -13.613338      70.235611     -72.413879     -88.810341      -1.032571      89.795013     -24.279167      -8.772034       3.719920    -184.021332     -83.310631       1.280606      -5.884027       5.752124     -18.158873
