HIERARCHY
ROOT root
{
   OFFSET       0.000000        0.000000        0.000000
   CHANNELS 6 Xposition Yposition Zposition Xrotation Yrotation Zrotation
   JOINT LowerSpineJoint
   {
      OFFSET       0.000000        3.328345        0.000000
      CHANNELS 3 Xrotation  Yrotation Zrotation
      JOINT MiddleSpineJoint
      {
         OFFSET       4.330709        0.000000        0.000000
         CHANNELS 3 Xrotation  Yrotation Zrotation
         JOINT UpperSpineJoint
         {
            OFFSET       6.102361        0.000000        0.000000
            CHANNELS 3 Xrotation  Yrotation Zrotation
            JOINT LowerNeckJoint
            {
               OFFSET      10.236220        1.809055        0.000000
               CHANNELS 3 Xrotation  Yrotation Zrotation
               JOINT UpperNeckJoint
               {
                  OFFSET       3.543308        0.000000        0.000000
                  CHANNELS 3 Xrotation  Yrotation Zrotation
                  End Site
                  {
                     OFFSET       7.874016        0.000000        0.000000
                  }
               }
            }
            JOINT RightClavicleJoint
            {
               OFFSET       9.448819        2.047244        1.259843
               CHANNELS 3 Xrotation  Yrotation Zrotation
               JOINT RightShoulderJoint
               {
                  OFFSET      -6.220472       -1.574802        0.393701
                  CHANNELS 3 Xrotation  Yrotation Zrotation
                  JOINT RightElbowJoint
                  {
                     OFFSET     -12.500000        0.000000        0.078740
                     CHANNELS 3 Xrotation  Yrotation Zrotation
                     JOINT RightForearmTwistJoint
                     {
                        OFFSET      -5.216535        0.000000        0.000000
                        CHANNELS 3 Xrotation  Yrotation Zrotation
                        JOINT RightWristJoint
                        {
                           OFFSET      -5.314960        0.000000        0.000000
                           CHANNELS 3 Xrotation  Yrotation Zrotation
                           JOINT RightFingersJoint
                           {
                              OFFSET      -3.149608       -0.393700        0.000000
                              CHANNELS 3 Xrotation  Yrotation Zrotation
                              End Site
                              {
                                 OFFSET       0.000000        3.149606        0.000000
                              }
                           }
                        }
                     }
                  }
               }
            }
            JOINT LeftClavicleJoint
            {
               OFFSET       9.448819        2.047244       -1.259843
               CHANNELS 3 Xrotation  Yrotation Zrotation
               JOINT LeftShoulderJoint
               {
                  OFFSET      -6.220472       -1.574802       -0.393701
                  CHANNELS 3 Xrotation  Yrotation Zrotation
                  JOINT LeftElbowJoint
                  {
                     OFFSET     -12.500000        0.000000       -0.078740
                     CHANNELS 3 Xrotation  Yrotation Zrotation
                     JOINT LeftForearmTwistJoint
                     {
                        OFFSET      -5.216535        0.000000        0.000000
                        CHANNELS 3 Xrotation  Yrotation Zrotation
                        JOINT LeftWristJoint
                        {
                           OFFSET      -5.314960        0.000000        0.000000
                           CHANNELS 3 Xrotation  Yrotation Zrotation
                           JOINT LeftFingersJoint
                           {
                              OFFSET      -3.149608       -0.393700        0.000000
                              CHANNELS 3 Xrotation  Yrotation Zrotation
                              End Site
                              {
                                 OFFSET       0.000000        3.149606        0.000000
                              }
                           }
                        }
                     }
                  }
               }
            }
         }
      }
   }
   JOINT RightHipJoint
   {
      OFFSET      -3.543307        0.178739        0.000000
      CHANNELS 3 Xrotation  Yrotation Zrotation
      JOINT RightKneeJoint
      {
         OFFSET      17.204723        0.000000       -0.196850
         CHANNELS 3 Xrotation  Yrotation Zrotation
         JOINT RightAnkleJoint
         {
            OFFSET       0.000000      -17.840551       -0.161417
            CHANNELS 3 Xrotation  Yrotation Zrotation
            JOINT RightMidFootJoint
            {
               OFFSET       0.000000       -1.568898        2.523622
               CHANNELS 3 Xrotation  Yrotation Zrotation
               JOINT RightToesJoint
               {
                  OFFSET       2.677163       -0.000000        0.000000
                  CHANNELS 3 Xrotation  Yrotation Zrotation
                  End Site
                  {
                     OFFSET       2.362204        0.000000        0.000000
                  }
               }
            }
         }
      }
   }
   JOINT LeftHipJoint
   {
      OFFSET       3.543307        0.178739        0.000000
      CHANNELS 3 Xrotation  Yrotation Zrotation
      JOINT LeftKneeJoint
      {
         OFFSET      17.204723        0.000000        0.196850
         CHANNELS 3 Xrotation  Yrotation Zrotation
         JOINT LeftAnkleJoint
         {
            OFFSET       0.000000      -17.840551        0.161417
            CHANNELS 3 Xrotation  Yrotation Zrotation
            JOINT LeftMidFootJoint
            {
               OFFSET       0.000000       -1.568898       -2.523622
               CHANNELS 3 Xrotation  Yrotation Zrotation
               JOINT LeftToesJoint
               {
                  OFFSET       2.677164       -0.000000        0.000000
                  CHANNELS 3 Xrotation  Yrotation Zrotation
                  End Site
                  {
                     OFFSET       2.362205        0.000000        0.000000
                  }
               }
            }
         }
      }
   }
}
MOTION
Frames:	247
Frame Time: 0.0166667
      -0.463866      34.872833       0.504298     -12.481940      10.435562      10.805516     -70.330688     -68.572029       4.257385     -10.748276     -16.706963      -0.599989       2.441391       6.524463      -9.785110      -3.115994      -9.585485     -23.697453      -1.444044       4.641591      27.225275      96.570877      -1.272569     -90.630089       5.858077     -52.183506      81.624687      -0.043506      43.444855       0.017405      -8.736884      -0.156384      -2.290702       3.070041      10.276159     -20.521070     -90.003143     -30.592529      89.994499    -101.850227      -1.817511    -100.010147     -19.107899     -43.127083      49.386086       0.124012     -69.795952       0.086496      35.767906      -1.313020      -2.067620      -0.732107      -7.548869      10.648220     -90.005043     -34.884544      89.992645      68.584885      72.730293    -158.184448      90.151764      51.878277      90.066154     -11.721730     -11.544188      13.771694    -167.409805      84.034492     -20.080349      -0.045197      -2.749379     -21.996016      38.642979      78.135002    -144.246567     -90.865036     -31.621929      90.210175       2.753448      -2.694561       3.065779     -89.067520     -89.054657      77.562988      -4.668213       4.789808     -25.653292
      -0.464293      34.812580       0.501695     -12.496149      10.446033      10.827471     -70.333496     -68.563004       4.247141     -10.752132     -16.704334      -0.606257       2.438804       6.528609      -9.787894      -3.117924      -9.583570     -23.720041      -1.444981       4.644457      27.228342      96.578140      -1.271059     -90.603226       5.831275     -52.188393      81.595222      -0.043941      43.445812       0.017705      -8.736887      -0.156838      -2.291041       3.069869      10.272848     -20.521349     -90.003159     -30.592585      89.994446    -101.862091      -1.816937     -99.983864     -19.122334     -43.111427      49.363621       0.121820     -69.790146       0.084710      35.767860      -1.313668      -2.067577      -0.732149      -7.547683      10.648024     -90.005051     -34.884541      89.992622      68.589539      72.721298    -158.179581      90.151070      51.949539      90.059525     -11.968608     -11.567987      13.750159    -167.426712      84.024155     -20.197212      -0.040604      -2.728317     -21.959692      38.670906      78.114349    -144.341949     -90.870003     -31.742226      90.212555       2.735508      -2.699441       3.064440     -89.347015     -89.054131      77.238937      -4.684947       4.755825     -25.445440
      -0.466198      34.725441       0.493117     -12.560849      10.457852      10.904570     -70.318459     -68.533401       4.228126     -10.757758     -16.689035      -0.628877       2.438426       6.541218      -9.801285      -3.126635      -9.572233     -23.834204      -1.448006       4.658272      27.219896      96.621597      -1.264024     -90.462898       5.725542     -52.190487      81.498711      -0.043655      43.441891       0.017330      -8.737270      -0.156749      -2.291147       3.070569      10.271925     -20.528149     -90.003136     -30.592564      89.994492    -101.906593      -1.813954     -99.843765     -19.171501     -43.057449      49.294750       0.121704     -69.763489       0.084514      35.765602      -1.313309      -2.067827      -0.734657      -7.536115      10.636006     -90.005058     -34.884537      89.992653      68.648308      72.681107    -158.181519      90.112541      52.105915      90.047394     -12.549404     -11.631142      13.697016    -167.497604      84.011139     -20.468367      -0.032147      -2.680125     -21.954725      38.738403      78.065308    -144.570496     -90.902588     -32.075760      90.221199       2.750914      -2.720233       3.085219     -90.015900     -89.051056      76.474571      -4.714270       4.694903     -25.082150
      -0.470706      34.625679       0.476747     -12.651785      10.463324      11.011818     -70.292557     -68.494766       4.206510     -10.764030     -16.669733      -0.661193       2.439789       6.558100      -9.822670      -3.140234      -9.549287     -24.025782      -1.452068       4.681756      27.183641      96.701393      -1.247526     -90.222328       5.589570     -52.166145      81.404930      -0.043471      43.435467       0.017142      -8.737607      -0.156725      -2.291204       3.071055      10.269936     -20.533445     -90.003136     -30.592558      89.994499    -101.960541      -1.805518     -99.595406     -19.224354     -42.995293      49.240635       0.121459     -69.725517       0.084199      35.762547      -1.312837      -2.068143      -0.738782      -7.518257      10.617426     -90.005066     -34.884529      89.992683      68.721405      72.631760    -158.186218      90.051636      52.287323      90.025986     -13.235393     -11.712627      13.625456    -167.576523      84.002663     -20.795752      -0.023109      -2.622606     -21.961088      38.823170      78.002846    -144.855118     -90.962250     -32.494740      90.236687       2.788317      -2.753976       3.112664     -90.975517     -89.042763      75.395462      -4.739098       4.642537     -24.771229
      -0.478975      34.525787       0.451776     -12.760947      10.466478      11.139800     -70.257072     -68.452454       4.184513     -10.770540     -16.649164      -0.701377       2.442849       6.576620      -9.850936      -3.157552      -9.519377     -24.271395      -1.456071       4.710218      27.119661      96.811501      -1.222722     -89.899963       5.463564     -52.110207      81.357964      -0.043363      43.426823       0.017157      -8.737917      -0.156755      -2.291184       3.070824      10.266307     -20.534498     -90.003136     -30.592554      89.994507    -102.018951      -1.790920     -99.261185     -19.262402     -42.947128      49.232407       0.121195     -69.684502       0.083936      35.759506      -1.312370      -2.068415      -0.743322      -7.497542      10.597707     -90.005066     -34.884521      89.992706      68.797554      72.578125    -158.194382      89.981636      52.474091      90.000397     -13.953407     -11.805675      13.540410    -167.645889      84.006523     -21.147991      -0.014975      -2.557118     -21.967663      38.917595      77.933289    -145.164886     -91.037956     -32.944111      90.256378       2.836152      -2.797795       3.145221     -92.113739     -89.031670      74.128334      -4.760030       4.597819     -24.506573
      -0.492329      34.433151       0.418248     -12.880519      10.487058      11.275137     -70.217155     -68.413506       4.161393     -10.778304     -16.631798      -0.747634       2.446219       6.593286      -9.884329      -3.179117      -9.492244     -24.546331      -1.458905       4.736882      27.033901      96.937820      -1.192627     -89.515663       5.374104     -52.026768      81.378654      -0.043302      43.415890       0.017344      -8.738332      -0.156821      -2.291092       3.069564      10.260462     -20.530230     -90.003120     -30.592546      89.994514    -102.085625      -1.770898     -98.869392     -19.275864     -42.926613      49.280312       0.120956     -69.645744       0.083801      35.756889      -1.311971      -2.068586      -0.747482      -7.476007      10.580483     -90.005074     -34.884510      89.992729      68.864960      72.528282    -158.196121      89.920868      52.651608      89.977661     -14.649031     -11.902320      13.452085    -167.684891      84.020432     -21.519894      -0.008312      -2.497752     -21.980888      39.073082      77.852547    -145.536407     -91.068695     -33.384106      90.265968       2.882249      -2.823509       3.180749     -92.759148     -89.022888      73.357101      -4.777904       4.559379     -24.281527
      -0.513448      34.351673       0.376607     -13.005494      10.533791      11.411995     -70.173927     -68.377716       4.138361     -10.786507     -16.617287      -0.797769       2.449973       6.607280      -9.921450      -3.204058      -9.475121     -24.829456      -1.459164       4.756093      26.934187      97.073441      -1.159482     -89.088814       5.336638     -51.923111      81.473305      -0.043275      43.402645       0.017645      -8.738666      -0.156933      -2.290936       3.067033      10.252315     -20.521732     -90.003128     -30.592541      89.994507    -102.157188      -1.747247     -98.447884     -19.262472     -42.937252      49.379532       0.120770     -69.612724       0.083794      35.754864      -1.311656      -2.068655      -0.750826      -7.455805      10.567675     -90.005058     -34.884510      89.992752      68.920418      72.493935    -158.191971      89.871552      52.814705      89.958984     -15.305701     -11.976869      13.374323    -167.539276      84.092888     -22.016640      -0.004379      -2.459965     -21.997272      39.252079      77.765388    -145.922012     -91.056755     -33.786369      90.265289       2.916259      -2.838287       3.215484     -93.007240     -89.019394      72.995071      -4.792789       4.526927     -24.090044
      -0.541785      34.282494       0.327801     -13.134195      10.592649      11.553801     -70.128677     -68.343826       4.116029     -10.794328     -16.603672      -0.849759       2.454432       6.620080      -9.960980      -3.228526      -9.459746     -25.104660      -1.458391       4.772413      26.828144      97.214622      -1.124730     -88.644447       5.349185     -51.804760      81.632988      -0.043240      43.388023       0.018005      -8.738762      -0.157071      -2.290754       3.063968      10.242343     -20.509380     -90.003143     -30.592546      89.994484    -102.224464      -1.721134     -98.016716     -19.227171     -42.972267      49.521164       0.120669     -69.586319       0.083931      35.753567      -1.311450      -2.068639      -0.753138      -7.438287      10.559438     -90.005043     -34.884506      89.992767      68.965523      72.471565    -158.187271      89.823067      52.962627      89.940414     -15.908904     -12.033464      13.308165    -167.230942      84.208771     -22.614681      -0.002217      -2.438278     -22.011505      39.404675      77.685188    -146.262222     -91.050728     -34.134743      90.265640       2.933562      -2.870389       3.255922     -93.560867     -89.017143      72.345360      -4.805328       4.499325     -23.927193
      -0.576705      34.224655       0.272648     -13.264608      10.657479      11.696934     -70.082886     -68.313469       4.095079     -10.801532     -16.591990      -0.901932       2.459418       6.631069     -10.001548      -3.250983      -9.445045     -25.360102      -1.457054       4.786790      26.722355      97.354523      -1.089969     -88.203735       5.402130     -51.679005      81.839523      -0.043213      43.372639       0.018379      -8.738659      -0.157221      -2.290559       3.060559      10.230999     -20.494068     -90.003143     -30.592554      89.994469    -102.284637      -1.693707     -97.594727     -19.174862     -43.025871      49.694019       0.120638     -69.566536       0.084168      35.752972      -1.311334      -2.068553      -0.754201      -7.423649      10.555180     -90.005035     -34.884502      89.992767      69.002434      72.455711    -158.182327      89.781021      53.092754      89.924171     -16.450474     -12.080532      13.247890    -166.939682      84.313934     -23.161867      -0.009168      -2.460195     -22.013233      39.533810      77.613892    -146.556931     -91.047623     -34.424816      90.266365       2.930819      -2.914185       3.300897     -94.299309     -89.016792      71.529648      -4.815940       4.475807     -23.788723
      -0.617851      34.176582       0.211905     -13.396859      10.722651      11.838609     -70.037636     -68.287201       4.075507     -10.808146     -16.582592      -0.953416       2.464676       6.640038     -10.042228      -3.271045      -9.431967     -25.589367      -1.455297       4.798880      26.621710      97.488045      -1.056554     -87.782867       5.483596     -51.552750      82.073235      -0.043184      43.357086       0.018733      -8.738403      -0.157369      -2.290374       3.056993      10.218843     -20.477083     -90.003151     -30.592564      89.994453    -102.336662      -1.666164     -97.196854     -19.111750     -43.091030      49.884399       0.120626     -69.552589       0.084421      35.752941      -1.311279      -2.068448      -0.754262      -7.411811      10.554290     -90.005035     -34.884506      89.992767      69.031273      72.444260    -158.177658      89.749382      53.206615      89.911713     -16.934444     -12.120809      13.195782    -166.653442      84.408646     -23.672750      -0.015403      -2.481261     -22.014099      39.639336      77.552925    -146.804398     -91.045670     -34.658001      90.267052       2.907208      -2.964586       3.348175     -95.123108     -89.018265      70.646828      -4.824968       4.455715     -23.670921
      -0.664886      34.136421       0.146381     -13.531892      10.783788      11.977371     -69.994209     -68.264854       4.056813     -10.814324     -16.575415      -1.003541       2.469901       6.647085     -10.082312      -3.288861      -9.421663     -25.790144      -1.453203       4.808245      26.529234      97.610893      -1.025720     -87.393661       5.582099     -51.431931      82.316017      -0.043169      43.341965       0.019062      -8.738030      -0.157504      -2.290205       3.053451      10.206499     -20.459595     -90.003151     -30.592581      89.994438    -102.380569      -1.639553     -96.833672     -19.043907     -43.161118      50.079071       0.120631     -69.543404       0.084662      35.753361      -1.311280      -2.068314      -0.753779      -7.402482      10.556122     -90.005035     -34.884510      89.992744      69.052803      72.436623    -158.173157      89.727417      53.307899      89.902924     -17.369562     -12.153379      13.151238    -166.379425      84.493248     -24.142405      -0.020856      -2.502341     -22.014174      39.721363      77.502884    -147.004700     -91.044235     -34.839333      90.267609       2.863780      -3.017886       3.396044     -95.968025     -89.021912      69.759346      -4.832616       4.438612     -23.570675
      -0.716864      34.102386       0.076900     -13.671761      10.828496      12.113659     -69.952522     -68.245628       4.039327     -10.819830     -16.569752      -1.051811       2.475232       6.652882     -10.121416      -3.303859      -9.411943     -25.962906      -1.451209       4.816431      26.446388      97.722145      -0.997854     -87.045921       5.685693     -51.320297      82.551765      -0.043128      43.327839       0.019306      -8.737548      -0.157640      -2.290058       3.050119      10.194564     -20.442549     -90.003151     -30.592581      89.994431    -102.413803      -1.614348     -96.510612     -18.977133     -43.229259      50.267876       0.120695     -69.537720       0.084940      35.754082      -1.311319      -2.068186      -0.752948      -7.395374      10.559684     -90.005020     -34.884510      89.992752      69.068863      72.427032    -158.172012      89.716629      53.400387      89.898323     -17.762875     -12.187869      13.109921    -166.108414      84.571426     -24.589470      -0.025376      -2.530243     -22.008274      39.764473      77.468445    -147.141556     -91.060730     -34.976078      90.272301       2.802283      -3.078816       3.445612     -96.959061     -89.026703      68.740364      -4.839121       4.424016     -23.485399
      -0.774231      34.072842       0.004067     -13.816689      10.873419      12.243093     -69.915749     -68.231064       4.021013     -10.825775     -16.567268      -1.098046       2.479519       6.656203     -10.158848      -3.318648      -9.410788     -26.108854      -1.448393       4.818916      26.374039      97.813797      -0.975092     -86.740936       5.789902     -51.223560      82.770058      -0.043091      43.314724       0.019486      -8.737164      -0.157750      -2.289953       3.046997      10.183293     -20.426863     -90.003151     -30.592588      89.994408    -102.444801      -1.591985     -96.233238     -18.913662     -43.294758      50.440823       0.120743     -69.534599       0.085154      35.754871      -1.311359      -2.068074      -0.752125      -7.389446      10.564482     -90.005005     -34.884514      89.992752      69.077156      72.424095    -158.166199      89.718918      53.487350      89.898857     -18.124256     -12.213389      13.074080    -165.860413      84.641167     -24.990835      -0.029394      -2.558264     -22.002386      39.814419      77.438263    -147.265060     -91.049736     -35.075645      90.270111       2.723026      -3.124320       3.492656     -97.557304     -89.036690      68.125938      -4.844628       4.411617     -23.412817
      -0.836335      34.046341      -0.071741     -13.967517      10.907591      12.370228     -69.883209     -68.218498       4.002337     -10.831562     -16.565754      -1.141687       2.483246       6.658681     -10.194388      -3.331893      -9.413240     -26.229567      -1.445448       4.818618      26.312593      97.888512      -0.957113     -86.482635       5.888393     -51.142506      82.963715      -0.043058      43.303055       0.019599      -8.736752      -0.157836      -2.289882       3.044267      10.173124     -20.413092     -90.003151     -30.592588      89.994392    -102.469147      -1.572709     -96.000969     -18.857145     -43.352722      50.592407       0.120775     -69.533249       0.085303      35.755711      -1.311412      -2.067969      -0.751327      -7.384959      10.569711     -90.005005     -34.884521      89.992760      69.081909      72.424423    -158.159912      89.723999      53.571117      89.900551     -18.465485     -12.229871      13.044076    -165.627884      84.704239     -25.359421      -0.033033      -2.586853     -21.996485      39.838352      77.419083    -147.343918     -91.045189     -35.144272      90.269264       2.628799      -3.171853       3.540655     -98.175407     -89.048943      67.501961      -4.849269       4.401114     -23.351000
      -0.902496      34.021709      -0.150286     -14.124829      10.931974      12.495742     -69.855225     -68.208122       3.983143     -10.837347     -16.565397      -1.182645       2.486248       6.660357     -10.227846      -3.343678      -9.418597     -26.327314      -1.442542       4.816236      26.261776      97.945320      -0.944117     -86.271362       5.976563     -51.078320      83.127052      -0.043018      43.292927       0.019649      -8.736411      -0.157891      -2.289841       3.041934      10.164204     -20.401545     -90.003136     -30.592588      89.994408    -102.488686      -1.556694     -95.812332     -18.809145     -43.401772      50.719627       0.120837     -69.532936       0.085443      35.756496      -1.311475      -2.067897      -0.750506      -7.381701      10.574792     -90.004997     -34.884514      89.992752      69.084038      72.427475    -158.152710      89.730949      53.653297      89.902969     -18.794117     -12.238773      13.018760    -165.406952      84.762184     -25.703199      -0.036392      -2.616188     -21.990877      39.845181      77.408562    -147.389603     -91.043549     -35.188107      90.269035       2.521354      -3.219126       3.589606     -98.766525     -89.063515      66.913422      -4.853214       4.392175     -23.298367
      -0.970540      33.977474      -0.241817     -14.369826      11.027128      12.808262     -69.927193     -67.962303       3.704892     -10.875535     -16.680971      -1.242104       2.461868       6.679564     -10.210871      -3.370381      -9.452505     -26.474155      -1.443306       4.815011      26.277231      98.000473      -0.930116     -85.978271       5.902272     -51.049755      83.098618      -0.043005      43.277878       0.019125      -8.737560      -0.157621      -2.290082       3.038293      10.141750     -20.394421     -90.003143     -30.592598      89.994423    -102.544968      -1.545779     -95.565315     -18.831163     -43.385063      50.718365       0.120650     -69.514557       0.084961      35.755009      -1.311675      -2.067901      -0.756655      -7.362979      10.570231     -90.005020     -34.884518      89.992737      69.141174      72.238174    -158.174454      89.755417      53.884308      89.912125     -19.486683     -12.257676      12.983523    -165.066071      84.835754     -26.197065      -0.043383      -2.666976     -21.934834      40.221546      77.233742    -147.944000     -91.040901     -35.535263      90.269569       2.516045      -3.282914       3.669590     -98.816521     -89.081192      66.773987      -4.856403       4.386172     -23.224222
      -1.038284      33.870266      -0.353845     -14.795708      11.231586      13.428464     -70.042397     -67.451950       3.167534     -10.967493     -16.800459      -1.420395       2.398153       6.684807     -10.151215      -3.413728      -9.528481     -26.638653      -1.441663       4.792898      26.316393      98.061501      -0.896506     -85.534737       5.644574     -51.022629      82.907784      -0.043025      43.264641       0.018390      -8.741502      -0.157063      -2.290455       3.030758      10.101281     -20.399652     -90.003143     -30.592588      89.994453    -102.669495      -1.556183     -95.220558     -18.900024     -43.311272      50.590660       0.120257     -69.467285       0.084031      35.750755      -1.311823      -2.068050      -0.777334      -7.292879      10.500941     -90.005035     -34.884525      89.992699      69.333656      71.775940    -158.271759      89.813347      54.423092      89.933640     -20.878433     -12.440276      12.646173    -165.224640      84.938736     -26.196911      -0.048467      -2.733248     -21.934786      41.194550      76.797600    -149.312561     -91.035561     -36.415447      90.271889       2.664150      -3.374124       3.789217     -98.499489     -89.099327      66.830017      -4.860044       4.381930     -23.153019
      -1.097436      33.711277      -0.477032     -15.165696      11.524250      13.892624     -70.098900     -67.581375       3.068409     -11.103936     -16.407711      -1.861705       2.322790       6.788375     -10.141343      -3.468078      -9.648437     -26.802273      -1.432372       4.740800      26.359720      98.163826      -0.837940     -84.982788       5.349516     -50.968132      82.727631      -0.043060      43.253269       0.017941      -8.747585      -0.156493      -2.290720       3.019712      10.068248     -20.421459     -90.003159     -30.592581      89.994461    -102.830620      -1.581750     -94.901367     -18.984049     -43.219479      50.395325       0.119887     -69.413376       0.083254      35.747105      -1.311863      -2.068195      -0.802144      -7.203925      10.386265     -90.005043     -34.884521      89.992691      69.262840      71.468826    -158.225357      89.914703      55.117382      89.973145     -22.514830     -12.768031      11.986478    -165.984589      85.054489     -25.573742      -0.038433      -2.729019     -21.863708      41.496349      76.412239    -150.293167     -91.015823     -37.656078      90.272537       2.916632      -3.471685       3.895473     -98.432549     -89.112717      66.568703      -4.863440       4.377505     -23.089668
      -1.150152      33.508629      -0.605491     -15.706833      11.847617      14.378607     -70.070786     -67.753105       2.933400     -11.245520     -16.118336      -2.356502       2.247285       7.011467     -10.190604      -3.520469      -9.746463     -26.988785      -1.426221       4.697005      26.395058      98.301079      -0.766987     -84.405312       5.053689     -50.886456      82.576942      -0.043068      43.242355       0.017666      -8.753518      -0.156020      -2.290884       3.009524      10.038646     -20.446894     -90.003166     -30.592588      89.994461    -103.026062      -1.617691     -94.542892     -19.075729     -43.117413      50.158978       0.119467     -69.350677       0.082522      35.742825      -1.311767      -2.068359      -0.830678      -7.102244      10.235868     -90.005051     -34.884518      89.992676      69.244560      71.189323    -158.124390      90.020729      55.975582      90.016800     -24.426262     -13.184530      11.123507    -166.977875      85.192085     -24.738897      -0.030279      -2.718748     -21.772545      41.788261      76.003685    -151.299500     -90.990509     -39.217201      90.273643       3.341681      -3.584753       4.004859     -99.269447     -89.118454      65.772766      -4.863729       4.376356     -23.074284
      -1.197159      33.261089      -0.738676     -16.384798      12.195986      14.884620     -69.985664     -67.951370       2.782808     -11.394960     -15.896708      -2.918145       2.175207       7.281335     -10.290130      -3.568248      -9.816570     -27.203316      -1.423907       4.671185      26.417982      98.461647      -0.687279     -83.820999       4.742559     -50.786007      82.429329      -0.043064      43.230743       0.017516      -8.759040      -0.155628      -2.290977       2.999648      10.005164     -20.464617     -90.003159     -30.592581      89.994476    -103.254387      -1.662051     -94.132645     -19.160048     -43.020184      49.914227       0.119025     -69.281242       0.081848      35.737839      -1.311574      -2.068555      -0.863133      -6.986742      10.050271     -90.005074     -34.884521      89.992653      69.254562      70.923553    -157.986832      90.124397      57.023281      90.063080     -26.678806     -13.642465      10.126162    -168.079361      85.347275     -23.816580      -0.024419      -2.709275     -21.674906      42.066025      75.571999    -152.350586     -90.957680     -41.072124      90.274727       3.861880      -3.707913       4.111530    -100.641792     -89.117401      64.428566      -4.866770       4.372036     -23.017355
      -1.545928      33.953613      -1.937955     -18.603401       9.596393      14.803585     -69.139053     -82.760902      11.035389      -5.217812      -4.768203      63.761620      15.431873       6.896941    -112.023399       1.814511      -7.878741     -37.135983      -0.998631       3.291418      32.752304     150.243607      26.433109    -108.764206    -112.628059     -89.074303     -36.774807      -0.031055      41.590351       0.067286      -8.955904      -0.169785      -2.283244       0.394918       8.151354     -19.636852     -90.002251     -30.592445      89.991516    -145.948639     -17.322645    -119.092041     -27.271904      -0.460913      51.908485       0.021308     -73.571152      -0.152267      36.095245      -1.311144      -2.059391       4.015612      -7.398372      10.755816     -90.002296     -34.884491      89.994286      70.652504      71.794846    -159.188797      89.245583      55.267426      89.744171     -24.493744     -13.928050       9.811475    -168.718170      85.389114     -22.884855      -0.043794      -2.745572     -21.796379      42.905064      76.665504    -151.257477     -91.518410     -38.902050      90.374374       2.288132      -3.087774       3.761017     -87.028839     -89.153130      78.680626      -4.886183       4.350444     -22.952972
      -2.638067      34.131111      -5.174567     -25.157135       5.645891      14.296068     -62.663261     -84.505470      16.168730      -6.241539      -4.751132      47.082043      13.839062       8.294930     -86.062996       1.767618      -6.098063     -43.817078      -1.057860       4.240780      27.660059     138.472916      22.019518    -108.051292       6.503320     -84.629669      84.600548      -0.032382      41.689594       0.074644      -8.914676      -0.168146      -2.270518       0.431409       8.122850     -19.230968     -89.909943     -29.056393      90.081772    -135.659348     -15.652338    -116.227264     -25.507133      -5.783386      52.207939       0.028963     -73.353851      -0.082444      36.040535      -1.318093      -2.053634       3.741797      -7.439908      10.980003     -89.988655     -33.204666      90.060394      71.407845      73.352715    -159.932587      88.970940      56.031872      89.594505     -23.974808     -14.198228       9.160931    -172.258575      84.961945     -18.983496      -0.042715      -2.752684     -21.681019      38.421696      78.708153    -145.437607     -91.235916     -38.481491      90.313316       1.618416      -3.016836       3.700197     -79.934502     -89.163635      86.162582      -4.901983       4.294829     -22.859291
      -3.751089      34.190670      -8.346272     -29.297653       1.211885      11.233956     -25.278805     -87.221336      52.440811      -6.190259      -4.905078      35.955849      12.953551      11.052784     -66.378685       1.997385      -5.213226     -45.391048      -1.043167       4.693588      25.616209     130.867767      18.772297    -108.561317       0.790669     -76.295029      83.690468      -0.074248      40.114979       0.075063      -9.178603      -0.139880      -2.276078       0.442076       8.303250     -19.160324     -89.822113     -26.029123      90.181595    -128.715363     -13.467317    -116.585373     -23.311426      -6.332577      52.680389      -0.640448     -67.161400      -0.550223      35.176380      -1.324527      -2.065128       3.667391      -7.424273      10.959511     -89.935753     -29.904518      90.157089      69.037773      76.682854    -159.130890      89.067986      55.652752      89.644447     -23.707024     -13.708955       9.269917    -173.432785      84.612289     -17.005234      -0.064069      -2.799990     -21.660286      19.597492      81.905548    -126.809746     -90.421265     -37.731453      90.114159       1.200934      -2.803858       3.558704     -67.841888     -89.144226      98.564537      -4.918141       4.226874     -22.797691
      -4.797886      34.215160     -11.277564     -32.716591      -2.400784       7.860898      25.528727     -87.207413     102.646240      -5.822887      -5.614181      28.610573      11.262790      10.226604     -52.842915       2.130012      -4.908105     -43.578098      -1.007919       4.610023      24.932440     126.127449      15.200559    -111.708488      -4.404101     -67.648941      81.026093      -0.107315      37.057850       0.076788     -11.648194       0.045915      -2.349705       0.287275       8.104722     -18.321781     -89.847740     -24.613880      90.151649    -124.062012     -11.896564    -116.917282     -20.650585      -6.815268      51.949757      -0.795029     -61.375351      -0.598530      36.611103      -1.317615      -2.050317       3.433151      -7.221401      10.334954     -89.947304     -28.362160      90.132225      64.064857      80.259521    -155.720245      89.174370      55.053585      89.707283     -22.365707     -12.067883      10.714917    -171.878296      84.359268     -18.003395      -0.066706      -2.751562     -21.631170     -12.583176      83.202034     -94.999535     -88.968330     -36.994816      89.767349       0.948505      -2.544530       3.360589     -58.078602     -89.089989     108.563271      -4.927945       4.181571     -22.754150
      -5.733817      34.217308     -13.984904     -36.008259      -5.748527       5.257578      43.546432     -86.271637     120.619598      -5.338878      -6.152524      23.766502      10.047576       8.003407     -44.060223       2.302536      -4.646997     -40.552368      -0.965111       4.468739      24.311413     122.731873      12.509557    -115.501190      -8.074271     -60.105255      79.155548      -0.102891      34.278732       0.071822     -14.009049       0.196821      -2.384672       0.159477       7.949682     -17.499144     -89.870628     -23.259129      90.121117    -120.860947     -10.623123    -117.416412     -18.359322      -7.002146      51.242592      -0.752037     -56.181595      -0.517942      38.003067      -1.346241      -2.031139       3.253449      -7.037533       9.695323     -89.961487     -26.884766      90.106682      57.774441      82.643044    -150.570175      89.598457      54.364407      89.877632     -21.572720     -11.110581      11.671872    -170.989227      84.131691     -18.332163      -0.061046      -2.825766     -21.549044     -38.913944      82.334473     -68.713142     -88.388519     -36.334957      89.615211       0.752497      -2.284060       3.101103     -53.960777     -89.042435     112.877838      -4.926387       4.187895     -22.716925
      -6.548096      34.212685     -16.524130     -39.246082      -9.070549       3.581065      48.634727     -85.422310     125.851479      -4.749453      -6.490536      20.587955       9.476037       5.806367     -37.660614       2.390068      -4.448720     -38.224545      -0.920452       4.313281      23.711922     119.955269      10.710561    -118.450905     -10.857529     -53.474510      77.559151      -0.084645      31.739756       0.054706     -16.265104       0.326168      -2.394626       0.081084       7.841852     -16.776649     -89.889954     -21.949934      90.098770    -118.634293      -9.545291    -117.880005     -16.491825      -7.065109      50.849915      -0.665781     -51.490734      -0.434857      39.345989      -1.393563      -2.009995       3.073300      -6.772842       9.109417     -89.979103     -25.456491      90.081657      52.890587      83.485741    -146.510803      90.265709      53.857605      90.123123     -20.925947     -10.874546      11.985477    -170.902466      84.014526     -18.069054      -0.062132      -2.897731     -21.492519     -52.445862      81.127266     -54.934196     -88.639961     -35.765347      89.662529       0.589114      -2.035192       2.898528     -47.952030     -88.964378     119.056877      -4.928637       4.158309     -22.686373
      -7.286776      34.215187     -18.946062     -42.393036     -12.397930       2.499699      51.400013     -84.595825     129.012756      -4.110098      -6.731487      18.514833       9.293791       4.165279     -32.669632       2.392844      -4.305482     -36.904861      -0.875945       4.159711      23.102072     117.763580       9.481799    -120.400551     -13.473464     -48.772186      76.299309      -0.060863      29.402384       0.018598     -18.418375       0.439869      -2.389256       0.061999       7.734985     -16.094807     -89.904938     -20.684910      90.090797    -117.053368      -8.635076    -118.324356     -14.888824      -7.083606      50.738274      -0.576095     -47.256901      -0.368602      40.643791      -1.451973      -1.988196       2.910639      -6.503444       8.565495     -89.998680     -24.075851      90.058815      50.758183      83.494781    -144.967194      90.890923      53.449036      90.352631     -20.357143     -10.765219      12.180130    -170.839325      83.942947     -17.889809      -0.062796      -2.920298     -21.457228     -58.849552      80.321533     -48.086178     -88.793938     -35.274582      89.695030       0.452889      -1.828651       2.749310     -42.468838     -88.875969     124.684570      -4.934071       4.111392     -22.662880
      -8.002304      34.218601     -21.302158     -45.498829     -15.748446       1.804916      54.156456     -83.867172     132.335648      -3.577835      -6.915529      17.163870       9.192945       3.087377     -28.739725       2.389908      -4.160037     -35.711071      -0.833557       4.018900      22.458529     116.237541       8.777534    -121.292725     -16.484755     -45.469093      75.114067      -0.046510      27.248226      -0.019479     -20.489708       0.548935      -2.375624       0.027528       7.625040     -15.583150     -89.917702     -19.462505      90.091621    -115.609314      -7.907096    -118.725357     -13.434520      -7.119993      50.780148      -0.491883     -43.430115      -0.314768      41.898060      -1.516517      -1.964898       2.765709      -6.268389       8.064374     -90.017197     -22.741228      90.039391      49.724140      83.140366    -144.351105      91.083252      53.104416      90.430344     -19.836977     -10.711042      12.342385    -170.659225      83.938751     -17.876963      -0.060979      -2.908647     -21.436033     -61.745750      79.903587     -44.584602     -88.881378     -34.848759      89.715759       0.317548      -1.686147       2.648511     -38.992470     -88.807457     128.296722      -4.939599       4.072547     -22.640265
      -8.722558      34.215546     -23.626749     -48.534531     -19.117512       1.357250      56.921234     -83.219803     135.757172      -3.144762      -7.080898      16.280437       9.086244       2.328794     -25.373295       2.382261      -4.018319     -34.572643      -0.794429       3.884737      21.819906     115.315071       8.394143    -121.428322     -18.835291     -42.305634      74.542961      -0.041038      25.269970      -0.043111     -22.479052       0.656981      -2.353200      -0.006098       7.533164     -15.126817     -89.930138     -18.281195      90.091476    -114.273590      -7.338965    -118.973427     -12.062776      -7.230518      50.950405      -0.417786     -39.959633      -0.271851      43.110558      -1.583314      -1.940079       2.635848      -6.057341       7.602922     -90.033592     -21.451128      90.023064      50.099651      82.717018    -145.053955      90.990906      52.796524      90.402390     -19.360428     -10.688235      12.451283    -170.494705      83.937088     -17.864830      -0.059940      -2.903255     -21.415251     -62.725082      79.774147     -42.930851     -88.925720     -34.476616      89.728027       0.181042      -1.589513       2.579080     -36.846607     -88.759720     130.573074      -4.944775       4.043174     -22.616966
      -9.458560      34.198483     -25.950659     -51.522068     -22.503263       1.068757      59.137337     -82.685509     138.787430      -2.788791      -7.269552      15.689375       8.947727       1.490228     -22.665300       2.383610      -3.858075     -33.425671      -0.761289       3.770597      21.224453     114.443810       8.002893    -120.851181     -20.523579     -39.348694      74.558968      -0.030877      26.232941      -0.004748     -24.389605       0.762525      -2.344476      -0.064376       6.936307     -14.899168     -89.933823     -17.139708      90.092812    -113.284363      -7.064383    -118.896683     -10.815449      -7.298148      51.147022      -0.352957     -36.802368      -0.235597      44.283104      -1.650257      -1.913536       2.520151      -5.879574       7.165554     -90.046677     -20.204062      90.010094      51.720097      82.175430    -146.937408      90.942337      52.520618      90.385132     -18.908640     -10.685348      12.526942    -170.352783      83.936554     -17.840714      -0.060116      -2.903520     -21.394505     -62.452591      79.861305     -42.496155     -88.945236     -34.146389      89.735092       0.034471      -1.524752       2.530569     -35.509323     -88.728020     132.040756      -4.949540       4.020849     -22.592569
     -10.205585      34.151176     -28.305977     -54.496609     -25.904377       0.884305      61.001484     -82.309677     141.585220      -2.539862      -7.547020      15.262541       8.731244       0.387945     -20.510921       2.392458      -3.676844     -32.330582      -0.732947       3.676633      20.633713     113.592911       7.880270    -119.805656     -22.090937     -36.474525      74.680611      -0.022519      29.961393       0.070127     -26.225531       0.871192      -2.339730      -0.124251       6.520860     -14.546691     -89.928101     -16.037035      90.098259    -112.514435      -7.033340    -118.210823      -9.607466      -7.389510      51.273132      -0.295907     -33.921589      -0.203235      45.417267      -1.716370      -1.885489       2.414709      -5.723913       6.730607     -90.056244     -18.998594      90.000252      53.723141      81.504852    -149.184967      90.921387      52.281212      90.375298     -18.468988     -10.694878      12.586895    -170.201981      83.944763     -17.833284      -0.060270      -2.902102     -21.373678     -61.172268      80.119316     -43.086514     -88.952080     -33.858585      89.739388      -0.131285      -1.481804       2.495944     -34.667850     -88.707664     133.017593      -4.954098       4.003292     -22.564976
     -10.964819      34.058659     -30.699173     -57.433926     -29.315422       0.768283      62.781857     -81.925858     144.277771      -2.302211      -7.900452      14.937231       8.547266      -0.735040     -18.521687       2.386687      -3.526609     -31.274900      -0.704468       3.569381      20.055801     112.866905       7.829727    -118.768059     -23.638632     -33.652668      74.854095      -0.025285      33.474586       0.119891     -27.993736       0.971151      -2.324064      -0.191184       6.203984     -14.098983     -89.925713     -14.971307      90.100227    -111.811218      -7.016515    -117.352348      -8.330887      -7.737486      51.615330      -0.246849     -31.303104      -0.173553      46.514408      -1.780178      -1.855145       2.322440      -5.590707       6.355716     -90.062569     -17.833414      89.992996      55.645275      80.751076    -151.373199      90.913185      52.071365      90.369095     -18.058163     -10.714882      12.634905    -170.044342      83.960449     -17.847757      -0.060213      -2.898089     -21.355171     -59.131851      80.484810     -44.513454     -88.953636     -33.605282      89.742424      -0.290571      -1.458546       2.474348     -34.229382     -88.697632     133.583893      -4.958304       3.989950     -22.537275
     -11.747231      33.907253     -33.136539     -60.393852     -32.732513       0.702542      64.215027     -81.429367     146.628006      -1.988698      -8.284320      14.684558       8.484121      -1.704744     -16.858263       2.364085      -3.415591     -30.226664      -0.675157       3.442812      19.509634     112.159172       7.781328    -117.749825     -25.135532     -30.927319      75.041748      -0.033702      36.784191       0.147808     -29.697412       1.063883      -2.301762      -0.256767       5.914882     -13.673038     -89.925888     -13.941226      90.098389    -111.072823      -6.997523    -116.387680      -6.655937      -8.683607      51.657898      -0.209688     -28.887041      -0.144247      47.576397      -1.838700      -1.824939       2.238288      -5.335859       6.027734     -90.066696     -16.707233      89.989296      57.376423      79.947357    -153.347229      90.884201      51.889446      90.355354     -17.682270     -10.748091      12.669698    -169.875061      83.985802     -17.892797      -0.059866      -2.890355     -21.340719     -56.364464      80.925194     -46.712738     -88.953102     -33.377476      89.744804      -0.441671      -1.457331       2.467957     -34.179260     -88.698669     133.754700      -4.962169       3.980685     -22.510592
     -12.564751      33.673088     -35.625046     -63.427761     -36.154430       0.674145      65.139641     -80.859375     148.445053      -1.605407      -8.644520      14.491477       8.507541      -2.488107     -15.513361       2.338169      -3.310630     -29.218775      -0.646228       3.319217      18.975126     111.516769       7.728045    -116.750130     -26.594545     -28.279121      75.252869      -0.044142      39.909714       0.161857     -31.338192       1.150602      -2.274694      -0.314563       5.626216     -13.257617     -89.927521     -12.945683      90.093994    -110.389763      -6.975588    -115.427872      -4.554529     -10.171551      51.248875      -0.182566     -26.685713      -0.119770      48.603413      -1.894819      -1.795636       2.158783      -5.099264       5.734071     -90.070740     -15.618839      89.988243      58.895191      79.131966    -155.065125      90.808174      51.738720      90.325043     -17.343163     -10.796354      12.688824    -169.696838      84.020531     -17.968185      -0.059357      -2.879318     -21.331167     -52.920937      81.401405     -49.626801     -88.951912     -33.176151      89.746956      -0.587382      -1.480229       2.478301     -34.533215     -88.711632     133.515289      -4.965794       3.975729     -22.484480
     -13.421081      33.344933     -38.166370     -66.458710     -39.581387       0.667238      65.909225     -80.341309     150.000641      -1.250547      -8.992577      14.332156       8.528385      -3.253002     -14.196545       2.313132      -3.201732     -28.248655      -0.619595       3.205518      18.452724     110.944122       7.670949    -115.769165     -28.024166     -25.700354      75.497452      -0.059082      42.872185       0.172289     -32.919491       1.231258      -2.244814      -0.369531       5.336846     -12.829016     -89.929512     -11.983584      90.088745    -109.784851      -6.949294    -114.522324      -2.481521     -11.670598      50.911861      -0.159825     -24.679850      -0.099910      49.597328      -1.948125      -1.765148       2.088001      -4.928351       5.466443     -90.073120     -14.566949      89.987831      60.111355      78.366531    -156.489120      90.706696      51.601196      90.286049     -17.027750     -10.849322      12.701407    -169.519791      84.056831     -18.053507      -0.058823      -2.867751     -21.324299     -49.158974      81.842232     -52.962986     -88.945602     -32.992958      89.747597      -0.720735      -1.513765       2.495944     -35.094936     -88.730133     133.059158      -4.969180       3.973284     -22.459940
     -14.316971      32.916012     -40.760216     -69.485954     -43.011208       0.676273      66.279182     -79.885818     151.090820      -0.888994      -9.319041      14.182576       8.585588      -4.059719     -12.972079       2.284945      -3.101541     -27.283777      -0.594681       3.092700      17.960693     110.368866       7.615195    -114.837639     -29.425035     -23.211458      75.729858      -0.076085      45.688446       0.178673     -34.444458       1.307632      -2.213094      -0.417169       5.084768     -12.426161     -89.931717     -11.053766      90.082809    -109.144234      -6.906926    -113.668251      -0.841923     -12.682220      50.605545      -0.059666     -25.741793      -0.046720      50.557079      -2.001098      -1.743891       1.968039      -4.477726       4.816302     -90.079735     -13.520009      89.986969      61.093903      77.653198    -157.677200      90.593117      51.474274      90.242981     -16.730059     -10.902453      12.712160    -169.345581      84.092079     -18.142757      -0.058186      -2.856454     -21.318825     -45.220718      82.223854     -56.572514     -88.947281     -32.823456      89.749695      -0.843198      -1.551939       2.515723     -35.810062     -88.751663     132.441895      -4.972155       3.973001     -22.437061
     -15.249950      32.378136     -43.406681     -72.544884     -46.441559       0.700560      65.703049     -79.485191     151.279022      -0.430929      -9.601555      14.039264       8.761024      -4.943295     -11.914592       2.249294      -3.015975     -26.377119      -0.569645       2.975307      17.467340     109.768021       7.558245    -113.941040     -30.776073     -20.829142      75.935669      -0.089862      48.364109       0.179081     -35.915257       1.381323      -2.179965      -0.452356       4.860029     -12.092104     -89.934448     -10.155182      90.076508    -108.435989      -6.866262    -112.845833       1.051625     -14.031947      50.385838       0.074201     -29.654387       0.019566      51.488667      -2.059001      -1.721939       1.892578      -4.163856       4.323142     -90.087914     -12.538272      89.986710      61.940617      76.965378    -158.704117      90.467491      51.360512      90.195770     -16.447369     -10.955972      12.721448    -169.171234      84.127083     -18.238214      -0.057372      -2.845121     -21.314484     -41.082108      82.555893     -60.455341     -88.947472     -32.666588      89.751251      -0.960507      -1.592975       2.537621     -36.594467     -88.774010     131.750778      -4.974941       3.973305     -22.415276
     -16.218616      31.723866     -46.104198     -75.603561     -49.874950       0.737502      65.250221     -79.147430     151.511169      -0.026721      -9.859236      13.894526       8.906885      -5.768699     -10.824089       2.216183      -2.924577     -25.512297      -0.546152       2.868930      16.980034     109.278946       7.495277    -113.040741     -32.107716     -18.495407      76.203987      -0.106018      50.915268       0.182783     -37.334579       1.450513      -2.145413      -0.490224       4.608364     -11.721713     -89.936996      -9.286840      90.070290    -107.872246      -6.831030    -112.048843       2.974669     -15.447819      50.253597       0.158738     -33.345993       0.060608      52.391285      -2.111912      -1.694016       1.840745      -4.002055       4.000404     -90.091377     -11.590017      89.988556      62.637962      76.323555    -159.574860      90.336227      51.255169      90.146774     -16.176041     -11.009221      12.729848    -168.995972      84.161804     -18.338259      -0.056399      -2.833712     -21.310715     -37.080322      82.818748     -64.289948     -88.947029     -32.521309      89.752464      -1.069169      -1.635205       2.560128     -37.444984     -88.796776     130.987473      -4.977509       3.974364     -22.394636
     -17.223085      30.949085     -48.849541     -78.648354     -53.310417       0.786797      64.970634     -78.865028     151.821442       0.322927     -10.093817      13.756927       9.029607      -6.535105      -9.694218       2.181395      -2.838749     -24.673443      -0.523995       2.765841      16.507462     108.838036       7.429833    -112.160950     -33.418201     -16.229931      76.496254      -0.125351      53.352154       0.188843     -38.704853       1.515758      -2.110514      -0.526560       4.359285     -11.345676     -89.939156      -8.447682      90.064064    -107.366974      -6.796179    -111.277733       4.873466     -16.855583      50.195602       0.210087     -36.815678       0.084542      53.265408      -2.159423      -1.663312       1.792740      -3.873945       3.702529     -90.091125     -10.673551      89.991577      63.208599      75.731575    -160.308060      90.206520      51.155605      90.098633     -15.914950     -11.060699      12.738926    -168.820709      84.195435     -18.440731      -0.055252      -2.822405     -21.307232     -33.484707      83.012062     -67.797195     -88.945015     -32.384838      89.753136      -1.167382      -1.675931       2.581291     -38.323887     -88.818825     130.189148      -4.979826       3.975928     -22.375603
     -18.263741      30.049980     -51.639835     -81.680939     -56.747128       0.850964      64.828102     -78.626602     152.186340       0.627720     -10.304433      13.626916       9.136495      -7.236228      -8.539451       2.144427      -2.759900     -23.862839      -0.502939       2.664731      16.047653     108.420822       7.363679    -111.312408     -34.708103     -14.038528      76.793480      -0.146885      55.682911       0.196350     -40.028126       1.577746      -2.075511      -0.558363       4.125795     -10.981031     -89.940964      -7.636736      90.057831    -106.892609      -6.761304    -110.534225       6.737875     -18.235985      50.204266       0.239521     -40.084972       0.097097      54.111885      -2.202566      -1.631041       1.746448      -3.763660       3.410477     -90.088501      -9.787838      89.994942      63.688728      75.181366    -160.928253      90.079834      51.061867      90.051727     -15.662888     -11.110448      12.748853    -168.644058      84.228310     -18.546518      -0.053903      -2.811054     -21.303934     -30.447908      83.149101     -70.803535     -88.938782     -32.255962      89.752701      -1.257022      -1.713911       2.600752     -39.181488     -88.839165     129.406586      -4.981970       3.977350     -22.358049
     -19.340914      29.022038     -54.472404     -84.705795     -60.184521       0.935133      64.779549     -78.425018     152.576752       0.896706     -10.488764      13.504743       9.233653      -7.868798      -7.372375       2.105606      -2.687378     -23.081425      -0.482925       2.565675      15.599098     108.018333       7.297703    -110.497459     -35.977482     -11.921359      77.089432      -0.169650      57.914757       0.204939     -41.306313       1.636963      -2.040370      -0.584894       3.911828     -10.631983     -89.942581      -6.853058      90.051697    -106.438461      -6.726403    -109.817535       8.566090     -19.581457      50.274895       0.254524     -43.174362       0.102301      54.931637      -2.242260      -1.597958       1.701401      -3.666616       3.120925     -90.084427      -8.931888      89.998215      64.109665      74.662125    -161.457397      89.954292      50.974339      90.005524     -15.418669     -11.159229      12.759089    -168.464081      84.261215     -18.657270      -0.052331      -2.799393     -21.300732     -28.060272      83.239204     -73.197998     -88.941833     -32.134445      89.754211      -1.340482      -1.749693       2.617738     -40.075451     -88.858841     128.583679      -4.983762       3.979516     -22.341560
     -20.454399      27.860409     -57.344357     -87.724365     -63.622189       1.046434      64.788330     -78.254585     152.970215       1.137797     -10.644723      13.391756       9.325584      -8.432487      -6.203794       2.065338      -2.620338     -22.328785      -0.463893       2.468906      15.161206     107.627106       7.232335    -109.715179     -37.225964      -9.876899      77.382706      -0.193015      60.054077       0.214502     -42.541302       1.693687      -2.005025      -0.606291       3.717643     -10.298479     -89.944130      -6.095717      90.045723    -105.999573      -6.691456    -109.125587      10.358799     -20.888435      50.404305       0.260091     -46.101547       0.102866      55.725517      -2.279135      -1.564543       1.657309      -3.580227       2.834443     -90.079567      -8.104735      90.001083      64.493988      74.164001    -161.913239      89.827797      50.892906      89.959114     -15.180632     -11.207588      12.769241    -168.278885      84.294769     -18.774267      -0.050516      -2.787253     -21.297445     -26.342461      83.299217     -74.942322     -88.942345     -32.020462      89.755142      -1.419557      -1.782536       2.633069     -40.923077     -88.876556     127.804024      -4.985456       3.981203     -22.325954
     -21.603426      26.559837     -60.252346     -90.732391     -67.059967       1.196869      64.819611     -78.112602     153.345474       1.357492     -10.771388      13.290026       9.415306      -8.930269      -5.042921       2.023986      -2.558112     -21.603920      -0.445806       2.374572      14.733734     107.245682       7.167747    -108.963470     -38.453175      -7.903108      77.673546      -0.216661      62.106583       0.225085     -43.734840       1.748102      -1.969467      -0.623033       3.542161      -9.979196     -89.945717      -5.363847      90.039955    -105.573296      -6.656385    -108.456039      12.117486     -22.154900      50.589752       0.259528     -48.881577       0.100633      56.494415      -2.313640      -1.531140       1.614146      -3.502837       2.552464     -90.074326      -7.305389      90.003464      64.856743      73.678802    -162.310806      89.698013      50.817440      89.911720     -14.947325     -11.256089      12.778907    -168.086823      84.329514     -18.898554      -0.048462      -2.774470     -21.293894     -25.271832      83.336784     -76.045242     -88.934509     -31.914150      89.754082      -1.495867      -1.812800       2.646351     -41.753029     -88.892891     127.039795      -4.986975       3.982847     -22.310991
     -22.786467      25.115042     -63.192329     -93.719780     -70.497612       1.406077      64.841171     -77.999596     153.681808       1.560923     -10.867210      13.201424       9.504723      -9.367146      -3.897552       1.981832      -2.500210     -20.905666      -0.428603       2.282731      14.316573     106.873466       7.104002    -108.240005     -39.658787      -5.997897      77.962753      -0.240549      64.077446       0.236833     -44.888611       1.800322      -1.933716      -0.635706       3.383920      -9.672529     -89.947327      -4.656578      90.034470    -105.158051      -6.621141    -107.806877      13.843780     -23.379662      50.828465       0.255021     -51.527332       0.096784      57.239136      -2.346091      -1.497970       1.572471      -3.433267       2.276244     -90.068924      -6.532952      90.005325      65.209160      73.197365    -162.663986      89.562515      50.747627      89.862465     -14.717453     -11.305071      12.787816    -167.886566      84.365768     -19.030890      -0.046153      -2.760943     -21.289894     -24.846388      83.356415     -76.497475     -88.938904     -31.815643      89.755791      -1.571055      -1.841004       2.657989     -42.575256     -88.908134     126.281960      -4.988335       3.984620     -22.296375
     -23.994526      23.521065     -66.157784     -96.990135     -73.302147       1.508266      65.452049     -78.059845     154.538589       1.584355     -10.888467      13.166348       9.444781      -9.662886      -2.688586       1.939054      -2.445376     -20.229660      -0.412325       2.193335      13.911743     106.489197       7.041390    -107.539619     -40.834759      -4.166499      78.244041      -0.263359      65.971275       0.248401     -46.004139       1.850789      -1.897781      -0.643004       3.252396      -9.388683     -89.949142      -3.973081      90.029335    -104.775269      -6.586459    -107.179276      15.550446     -24.574293      51.120605       0.248576     -54.051647       0.092847      57.960438      -2.376584      -1.465041       1.531892      -3.372984       2.018710     -90.063583      -5.786514      90.006607      65.390556      72.526886    -162.532303      89.595779      50.686928      89.873299     -14.499039     -11.364161      12.799365    -167.606537      84.424240     -19.251461      -0.041917      -2.735043     -21.290199     -23.484644      83.256706     -77.926346     -88.940056     -31.737919      89.757133      -1.680873      -1.902135       2.672941     -45.235538     -88.948280     123.699738      -4.986512       4.007169     -22.275970
     -25.228170      21.844570     -69.070183     -99.568108     -76.149834       2.293173      66.001839     -78.331619     155.086411       1.574588     -10.857855      13.486990       9.290851      -9.304317      -1.304348       3.089902       3.667389     -32.406487     -17.549349      -5.799625      25.298731     106.142296       6.986898    -106.921036     -42.024055      -2.388433      78.528831      -0.288512      67.792595       0.256044     -47.087822       1.900001      -1.861654      -0.683096       3.119015      -9.122890     -89.951233      -3.312574      90.021896    -104.518318      -6.510276    -107.896439      17.226339     -25.714382      51.518097       0.245378     -56.466106       0.088855      58.661621      -2.405725      -1.433279       1.511883      -3.249916       1.760534     -90.058868      -5.065258      90.009033      65.818199      71.791565    -162.799545      89.597130      50.701630      89.871231     -14.346959     -11.365907      12.849335    -167.482132      84.430389     -19.344065      -0.038897      -2.726264     -21.290668     -22.518089      83.279396     -79.113075     -88.867218     -31.720703      89.742165      -1.638639      -1.890334       2.661066     -45.331036     -88.947235     123.597420      -4.987226       4.005787     -22.269300
     -26.519197      20.192976     -71.821327    -100.372849     -79.354103       4.591203      67.623009     -78.646057     156.605362       1.378753     -10.512579      14.016420       8.853959      -7.770032      -0.050367       5.219433      16.065372     -40.458019     -17.194761      -5.289671      24.692316     105.773712       6.930647    -106.264305     -43.203144      -0.683040      78.776993      -0.311587      69.549118       0.251860     -48.134865       1.946069      -1.823523      -0.711237       3.065778      -8.808450     -89.953568      -2.674378      90.010941    -104.413208      -6.407438    -110.411911      18.853710     -26.796127      51.845276       0.237900     -58.774200       0.079541      59.337704      -2.436673      -1.404018       1.465617      -3.227413       1.470721     -90.056000      -4.368408      90.010429      66.365730      70.959435    -163.415695      89.536026      50.764626      89.845772     -14.322202     -11.326767      12.921680    -167.532410      84.381989     -19.329866      -0.037507      -2.739455     -21.307064     -22.959139      83.320465     -78.950531     -88.907906     -31.743048      89.752632      -1.369799      -1.817738       2.616650     -43.832218     -88.916466     124.940254      -4.985384       3.993727     -22.307241
     -27.855675      18.534714     -74.437584    -100.019119     -83.211464       7.566983      67.847321     -79.848152     157.030884       0.909640      -9.068657      14.425583       8.163962      -5.942949       0.294324       9.874427      22.359604     -44.993835     -16.778736      -4.707110      23.953077     106.532402       6.967697     -82.387497     -52.643398      11.196222      60.807549      -0.495404      71.194557       0.409478     -49.141823       1.977734      -1.824941      -0.791539       1.898794      -8.394191     -89.933281      -2.059169      90.000916    -105.028877      -6.163757    -116.099937      21.102943     -28.442295      52.605644       0.221659     -61.011307       0.064997      59.993908      -2.469873      -1.373197       1.432767      -3.278128       1.245725     -90.053307      -3.695308      90.010490      66.984085      70.356293    -164.084396      89.313606      50.835629      89.761940     -14.297216     -11.290307      12.979799    -167.632690      84.323067     -19.268894      -0.037851      -2.761781     -21.324774     -26.852613      83.351318     -74.949898     -88.935204     -31.802622      89.760361      -1.053120      -1.716906       2.566370     -41.077419     -88.862701     127.499344      -4.985042       3.966846     -22.361238
     -29.231668      17.126266     -76.901718     -93.691254     -86.426590      14.659398      42.375744     -83.791618     131.867142       1.306800      -7.290494      14.986898       9.328625     -12.467358       2.371588      11.228137      24.915794     -44.267345     -16.747738      -2.320166      23.897696      98.862793       1.168364     -77.621185     -57.384983      17.508512      61.075886      -0.426142      72.770279       0.353684     -50.106941       2.005695      -1.757708      -0.608952       2.796088      -7.606176     -89.947830      -1.510893      89.998932    -106.428406      -5.930852    -118.795486      28.327927     -34.792152      53.990364       0.210992     -63.117996       0.039603      60.635025      -2.499587      -1.347051       1.441176      -3.031595       0.767431     -90.049576      -3.054870      90.016029      66.470551      70.360435    -163.250549      89.836800      50.843437      89.959930     -14.165447     -11.079120      13.195479    -167.904343      84.171410     -18.959211      -0.038692      -2.808674     -21.327330     -38.295971      82.564255     -63.466125     -88.935684     -32.058678      89.761673      -0.536188      -1.470470       2.370354     -38.366482     -88.782791     129.860855      -4.975831       3.968349     -22.438055
     -30.603865      16.129789     -79.310097      48.204109     -88.803101     155.718811      -1.183994     -85.652153      89.267456       0.836038      -7.076085      14.993606       9.353099     -18.750946       3.688356      10.793060      24.705370     -42.825520     -16.311331      -1.956071      23.337032     100.393867      -2.513742     -79.181046     -52.062176      13.583747      60.998219      -0.348956      74.353111       0.286426     -51.049152       2.031936      -1.681683      -0.585627       2.940309      -6.889163     -89.971916      -1.054078      89.994774    -106.792381      -5.827768    -120.284866      33.498466     -39.609810      53.084721       0.217512     -65.157837       0.031169      61.251266      -2.528385      -1.321177       1.409505      -3.036865       0.570204     -90.049614      -2.448306      90.019508      66.707436      70.652824    -163.197891      90.259369      50.921425      90.113503     -13.868061     -10.759293      13.492838    -168.292252      83.942520     -18.443687      -0.040854      -2.891178     -21.295046     -51.758266      81.540810     -49.118614     -88.937790     -32.311359      89.762154       0.027630      -1.014704       2.074749     -30.752523     -88.546806     137.073456      -4.973079       3.891371     -22.550465
     -31.991714      15.520723     -81.737595      76.615273     -83.676643     182.708649     -23.437023     -85.686882      69.178185       0.610411      -9.548199      14.262727       8.002981     -19.865297       1.303565       9.923975      24.010418     -40.590740     -15.838396      -1.825913      22.812635     100.480965      -3.108167     -80.092613     -47.162659       9.598071      65.299095      -0.370181      75.831985       0.325479     -51.957893       2.052829      -1.635745      -0.525516       2.736517      -6.480913     -89.983299      -0.522520      89.996643    -107.591499      -5.585892    -122.355270      35.163456     -42.404205      49.027260       0.227743     -67.123955       0.033629      61.848530      -2.550753      -1.292593       1.385925      -3.125311       0.515637     -90.047325      -1.872914      90.021561      67.350510      70.073730    -163.446793      90.536591      51.004574      90.211388     -13.550255     -10.452080      13.778035    -168.598541      83.728996     -17.991165      -0.042006      -2.969816     -21.250778     -58.738495      80.578949     -40.475658     -88.940063     -32.550903      89.762894       0.429866      -0.562011       1.771091     -25.220119     -88.286575     142.300446      -4.971516       3.805843     -22.641975
     -33.320980      15.061322     -84.158577      81.857239     -78.506226     186.537582     -28.559921     -85.680595      65.837059       0.646817     -10.883039      13.720221       6.959102     -20.929380      -1.932312       9.242220      23.292522     -39.081039     -15.396761      -1.667689      22.238020      99.007156      -3.246732     -80.622543     -42.337040       6.177888      69.838768      -0.439833      77.268562       0.405498     -52.843414       2.079105      -1.600337      -0.512573       2.705882      -6.214751     -89.988342      -0.018162      89.999756    -106.956520      -4.271259    -125.274292      34.552853     -43.756664      48.487354       0.140174     -68.955406       0.015161      62.406673      -2.542247      -1.247084       1.221567      -1.376463       1.176772     -90.029579      -1.364993      90.016159      67.934525      68.727844    -163.705826      90.611702      51.141041      90.231842     -13.330408     -10.354119      13.906015    -168.575958      83.674416     -17.951960      -0.038561      -2.987898     -21.226202     -60.817417      79.997719     -36.598240     -88.821991     -32.768085      89.736275       0.573438      -0.362420       1.622833     -23.463573     -88.169106     143.900482      -4.968714       3.769176     -22.692066
     -34.551060      14.635343     -86.563400      85.902191     -73.973541     189.162369     -26.995768     -85.650749      69.062012       0.908960     -12.106697      13.168275       5.918196     -21.649027      -5.771967       8.722094      22.739357     -37.793671     -14.976984      -1.434842      21.631664      97.399414      -3.378167     -81.131584     -37.642403       3.266802      72.481102      -0.518864      78.666031       0.480495     -53.708885       2.112571      -1.567996      -0.570512       2.934697      -5.963923     -89.991020       0.460636      89.999886    -105.645920      -2.107485    -126.009560      35.927387     -44.296200      49.706573       0.108944     -70.796669       0.046705      62.955021      -2.547688      -1.205572       1.108373      -0.300732       2.214416     -90.020248      -2.256485      90.015442      68.478516      67.063553    -163.837875      90.627167      51.288017      90.232483     -13.168323     -10.389682      13.934309    -168.346329      83.730110     -18.174507      -0.032546      -2.961536     -21.220158     -60.875248      79.573647     -34.932419     -88.884361     -32.956364      89.750595       0.559437      -0.331108       1.570712     -23.882048     -88.176613     143.428711      -4.964169       3.784920     -22.704937
     -35.672134      14.205005     -88.927307      89.434654     -69.948357     191.253784     -20.818077     -85.831749      76.581558       1.074262     -13.259244      12.562020       4.740330     -21.741529      -9.744318       8.276509      22.272930     -36.589592     -14.574545      -1.162183      21.043388      97.125488      -3.274793     -81.506378     -32.659199       0.216979      73.067513      -0.588685      80.000374       0.542057     -54.548584       2.145816      -1.536862      -0.650329       3.056243      -5.729506     -89.993187       0.915550      89.997849    -104.555809      -0.264639    -124.955620      37.413021     -44.959980      51.096004       0.118897     -72.601936       0.105543      63.486950      -2.557494      -1.170479       0.976396       0.657086       3.474411     -90.006721      -3.684807      90.026520      69.050026      65.343048    -164.073486      90.525703      51.443302      90.193054     -13.066409     -10.484396      13.912524    -168.057571      83.825523     -18.494751      -0.026428      -2.919908     -21.224678     -60.593552      79.295784     -33.932835     -88.916710     -33.116863      89.757195       0.512771      -0.356539       1.561673     -24.742525     -88.215569     142.544006      -4.961267       3.808946     -22.705940
     -36.703129      13.764471     -91.224953      92.747177     -66.445946     193.047272     -12.696967     -85.940643      85.774887       1.228362     -14.548520      11.773911       3.630906     -21.216961     -13.539236       7.840540      21.812067     -35.361851     -14.176981      -0.922425      20.502895      96.995728      -3.161987     -81.745285     -28.084595      -2.604239      72.918785      -0.654733      81.235107       0.601755     -55.363449       2.175144      -1.510446      -0.742802       2.565118      -5.883727     -89.995842       1.348157      89.994583    -103.766525       1.465897    -123.831673      39.107170     -45.566322      52.745461       0.135192     -74.348854       0.154896      64.006027      -2.569958      -1.140007       0.845768       1.575433       4.697079     -89.994530      -5.487216      90.040504      69.577255      63.656776    -164.311813      90.365616      51.587887      90.134628     -13.014910     -10.592439      13.875579    -167.781174      83.922394     -18.828583      -0.021004      -2.877458     -21.237774     -60.343628      79.029922     -33.256397     -88.932167     -33.257545      89.759361       0.490864      -0.392407       1.558586     -25.784101     -88.263084     141.469193      -4.958351       3.837495     -22.707634
     -37.676075      13.315610     -93.451691      96.054207     -63.295574     194.600769      -3.901573     -85.956062      95.372086       1.248499     -16.194241      10.594065       2.704827     -20.274807     -16.601606       7.643260      21.642534     -34.654228     -13.910517      -1.041430      20.228693      97.052567      -3.329959     -81.938538     -24.182653      -5.271762      72.346626      -0.583913      81.606476       0.533415     -55.968040       2.203028      -1.487957      -1.220462       1.496972      -5.741083     -89.998276       1.675739      89.992752    -103.274994       3.348351    -122.967514      41.004726     -46.845856      55.178299       0.134614     -75.792419       0.165463      64.268227      -2.574774      -1.125266       0.352560       3.803962       7.762222     -89.990776      -7.263723      90.046982      70.115242      62.094875    -164.577835      90.201660      51.747459      90.075615     -12.967605     -10.669173      13.848760    -167.604492      83.985130     -19.038340      -0.016949      -2.842338     -21.248091     -60.672421      78.654121     -32.227306     -88.939835     -33.452774      89.760681       0.518835      -0.403185       1.547499     -27.542191     -88.342216     139.604645      -4.957085       3.856038     -22.703966
     -38.566635      12.927453     -95.617813     100.234802     -59.701633     196.426590      17.150164     -86.055374     116.092934       1.416360     -17.969208       8.988074       2.291836     -19.048485     -19.124985       7.653647      21.970675     -34.223064     -13.806239      -1.521802      20.390322      97.448044      -4.243546     -82.491547     -22.238737      -5.128997      70.007797      -0.310063      78.468102       0.320510     -56.374268       2.224183      -1.464646      -2.105771       1.544693      -4.998755     -90.006416       2.622229      89.983299    -103.817856       3.990081    -122.649490      42.127171     -47.495815      58.801701       0.138966     -76.596642       0.162273      64.219559      -2.568487      -1.129203      -1.096613       8.803790      12.482631     -89.990051      -6.880772      90.024376      70.987228      60.700115    -165.224442      89.926079      52.145145      89.972282     -12.741401     -10.633907      13.881713    -167.604416      83.984032     -19.005159      -0.017986      -2.847966     -21.225500     -61.855648      78.129906     -29.996103     -88.944382     -34.030632      89.764107       0.523641      -0.358573       1.506437     -26.612234     -88.300751     140.102875      -4.956842       3.870197     -22.690277
     -39.452011      12.479566     -97.726105     103.539474     -56.507061     197.459717      32.469017     -85.405518     131.549423       1.164342     -19.519737       7.029561       1.742947     -17.787622     -21.124731       7.738869      22.418625     -33.849545     -13.702600      -1.954247      20.549885      97.551338      -4.580459     -82.450417     -19.872663      -6.610769      68.458809      -0.131368      76.125412       0.149542     -56.621433       2.241824      -1.454140      -2.211359      -1.228641      -3.594758     -89.996536       2.163637      89.991776    -104.851677       4.576199    -122.498558      42.848480     -48.277554      62.242859       0.141697     -77.230385       0.157426      64.172356      -2.563411      -1.132696      -2.969136      14.977407      15.600393     -89.986778      -6.503795      90.011078      71.243080      59.093369    -165.625565      89.764961      52.379456      89.912483     -12.577433     -10.621143      13.900247    -167.585983      83.991798     -18.992023      -0.018419      -2.844088     -21.195166     -62.587456      77.560966     -28.584654     -88.887268     -34.381035      89.749855       0.498869      -0.346331       1.490426     -27.891546     -88.358780     138.565842      -4.956028       3.876117     -22.702396
     -40.357536      12.041388     -99.852058     105.308090     -53.372162     196.977783      48.165340     -84.104698     148.066040       0.697171     -20.743818       4.725398       1.210546     -16.610165     -22.629011       8.127046      23.369303     -33.785179     -13.639064      -2.028374      20.704115      97.341667      -4.755037     -82.483437     -17.984550      -8.104136      67.270233       0.011996      73.185249       0.006168     -56.858013       2.257086      -1.445590      -2.190352      -6.740553      -2.418839     -89.958199       0.364831      90.000374    -106.022682       5.076590    -122.126053      42.306770     -50.469929      64.917847       0.144407     -77.532875       0.151186      64.087616      -2.554812      -1.138769      -3.817783      16.606363      15.881467     -89.987328      -6.014105      90.005287      74.401505      61.841156    -166.253906      87.806702      50.405838      89.184395      -9.732965      -6.037018      17.694441    -167.427505      83.416306     -16.779015       0.230143      -2.412321     -20.644606     -63.988464      76.998001     -27.156380     -88.923561     -34.519913      89.754730       0.402224      -0.251841       1.410199     -23.868368     -88.163025     142.691101      -4.952899       3.898913     -22.722692
     -41.243851      11.666074    -101.823120     106.351639     -50.682041     197.517883      52.755760     -83.741806     152.543198       0.306293     -21.066929       3.621948       0.724496     -15.490388     -23.818918       8.377545      24.129076     -33.463619     -13.574272      -2.034003      20.966793      96.651657      -5.023104     -82.630569     -16.923128      -8.690440      66.347183       0.140299      68.846794      -0.111252     -57.098736       2.268856      -1.437029      -2.034784     -14.292602      -1.502785     -89.954445      -0.384772      90.000122    -107.299393       5.517307    -121.952263      41.024548     -53.928223      66.718437       0.165065     -77.476181       0.161605      64.044571      -2.551567      -1.143766      -3.848949      16.113358      14.145923     -89.971756      -3.065556      90.001495      81.693375      62.505505    -171.087112      88.283340      48.654510      89.410774      -6.280410      -4.385110      19.182552    -160.177338      83.451126     -13.270862       0.589125      -2.503838     -19.540293     -61.278572      77.794205     -30.841887     -88.963020     -34.808239      89.763008       0.272781      -0.219863       1.380984     -18.716314     -87.803482     148.183243      -4.950802       3.902142     -22.726284
     -42.087330      11.259381    -103.667770     106.832352     -48.135014     197.925003      54.575035     -83.786362     154.322800      -0.103132     -21.270596       2.651026       0.285344     -14.374036     -24.849945       8.489371      24.857248     -32.791496     -13.524626      -2.057841      21.318920      96.301308      -5.288507     -82.747963     -16.425976      -8.330569      65.487411       0.183210      63.219864      -0.135154     -57.258953       2.273736      -1.429536      -1.597878     -17.452923      -0.664692     -89.974411      -0.118421      89.997101    -108.759323       5.916984    -121.526878      39.171314     -57.909569      67.256432       0.194344     -77.249397       0.184121      64.083870      -2.553424      -1.143883      -3.353980      16.046312      10.751880     -89.964500      -1.173522      90.001915      88.320778      62.751450    -175.697052      88.579758      47.020344      89.543938      -1.863205      -3.545551      19.480354    -154.915100      84.173637     -12.928377       0.635518      -2.615559     -18.351643     -58.280727      78.631416     -35.403225     -89.079567     -35.051056      89.788536       0.159066      -0.248894       1.407340     -17.151442     -87.656479     150.167633      -4.953456       3.892819     -22.720291
     -42.905197      10.874476    -105.381287     106.948029     -45.446777     198.477844      55.276955     -83.939117     154.821701      -0.460943     -21.071512       1.786347      -0.112707     -13.094974     -25.874411       8.569833      25.618176     -31.761923     -13.416451      -2.240914      21.824055      96.640640      -5.404264     -82.847145     -16.433786      -7.009603      64.715530       0.178286      56.401150      -0.110564     -57.376896       2.277191      -1.424251      -1.252945     -16.854856      -0.313638     -89.984596       0.145561      89.996712    -109.951347       6.154717    -120.809464      36.841808     -62.455700      66.580986       0.238775     -76.713287       0.225888      64.211311      -2.559744      -1.139432      -2.407920      16.154772       6.231270     -89.974075      -0.887139      90.000977      94.750946      62.312504    -180.530563      88.767365      46.074947      89.619102       1.207717      -3.461802      19.346651    -151.841660      84.849976     -15.691658       0.672564      -2.523195     -17.700651     -54.151657      79.671051     -41.507504     -89.297646     -35.277515      89.837555       0.021137      -0.259876       1.423886     -16.093876     -87.540588     151.694077      -4.956740       3.885266     -22.713770
     -43.647141      10.561704    -106.957207     106.308105     -42.157227     198.573990      56.442547     -83.934769     155.195053      -0.675367     -20.523439       1.208353      -0.367776     -11.914420     -26.666431       8.728099      26.782852     -30.506289     -13.325255      -2.436311      22.437668      97.730644      -5.150549     -83.404167     -17.276442      -4.772670      64.253738       0.170279      47.747829      -0.085874     -57.512077       2.278338      -1.420295      -1.455571     -16.440660      -1.827953     -89.991669       0.404989      89.997475    -110.557251       6.189845    -119.635109      34.294628     -67.005783      65.335724       0.304862     -75.461227       0.295003      64.389511      -2.567743      -1.132246      -1.389892      16.160213       2.613088     -89.980354      -0.610003      90.001060     101.109116      61.280525    -186.266586      88.884590      45.809330      89.660645       1.809443      -3.781165      19.104181    -150.089890      85.199127     -17.412855       0.688408      -2.416413     -17.453493     -50.928501      80.620087     -47.318584     -89.799324     -35.557583      89.952522      -0.179193      -0.285361       1.462037     -14.211939     -87.304573     154.135803      -4.961260       3.872673     -22.709713
     -44.374569      10.228896    -108.419518     105.737869     -38.902744     198.483719      58.133488     -84.035599     156.036728      -0.978252     -20.221996       0.587130      -0.620467     -11.103093     -27.143538       9.074405      28.455486     -29.366034     -13.257530      -2.734120      22.670849      99.015282      -4.697944     -84.072487     -18.460102      -3.021297      63.967995       0.172325      38.509567      -0.102186     -57.645580       2.284708      -1.415941      -1.647647     -16.134556      -3.414382     -89.996231       0.660185      89.998909    -111.179993       6.191896    -118.297760      30.926105     -70.754143      63.110817       0.301382     -74.610207       0.292885      64.557404      -2.574569      -1.125670      -0.669689      16.087517       0.049337     -89.984833      -0.337426      90.001297     106.409897      60.183022    -190.838211      88.948586      45.426624      89.685417       1.528438      -4.244903      18.814753    -149.464905      85.331131     -18.171036       0.690548      -2.355625     -17.436853     -48.985779      81.053291     -52.021526     -90.169960     -35.739391      90.040764      -0.385420      -0.326801       1.519524     -12.782811     -87.083450     156.300659      -4.968537       3.856994     -22.706156
     -45.113075       9.890131    -109.758080     105.095375     -35.653831     198.222733      59.614006     -84.125504     156.702362      -1.182335     -20.114103       0.212886      -0.773693     -10.612123     -27.403284       9.698273      30.461510     -28.467941     -13.118554      -3.164686      22.206089     100.024590      -4.211957     -84.864105     -19.683401      -1.641225      63.766659       0.170567      29.215332      -0.126292     -57.827518       2.293049      -1.409017      -1.905775     -15.920416      -4.605250     -89.999283       0.911165      90.000427    -111.823799       6.128811    -116.742661      26.199085     -74.032082      59.203575       0.272212     -74.169777       0.262983      64.733719      -2.581355      -1.118059      -0.169465      15.997174      -1.452956     -89.988167      -0.069446      90.002007     110.795891      58.920994    -194.551178      88.980782      44.960278      89.700630       0.890809      -4.706210      18.538757    -149.308701      85.381798     -18.534348       0.687041      -2.331771     -17.507114     -48.782848      81.184166     -55.251499     -90.352776     -35.883106      90.088051      -0.616430      -0.354406       1.566462     -11.335910     -86.799156     158.661682      -4.976118       3.843612     -22.702375
     -45.881794       9.516400    -110.975327     104.537979     -32.470848     197.888992      61.238384     -84.195145     157.674454      -1.353136     -20.168262       0.002591      -0.916481     -10.307806     -27.556721      10.359886      32.361961     -27.774485     -12.965447      -3.616355      21.393883     101.035538      -3.769753     -85.578499     -20.848886      -0.438344      63.420624       0.158053      20.318224      -0.135802     -58.013577       2.302552      -1.401476      -2.128355     -15.754504      -5.931178     -90.001198       1.158006      90.001442    -112.375916       6.026259    -115.210091      20.513548     -76.965149      54.113255       0.244231     -73.864586       0.233765      64.903984      -2.587421      -1.110406       0.133421      15.920705      -2.200706     -89.990616       0.194010      90.002731     114.508278      57.624592    -197.408493      88.994377      44.354546      89.711006       0.076520      -5.198074      18.245991    -149.188797      85.426079     -18.909245       0.683087      -2.316735     -17.614971     -50.587788      81.044975     -56.577335     -90.325958     -35.965076      90.086899      -0.870026      -0.374507       1.605281     -10.329713     -86.528481     160.796616      -4.983638       3.832479     -22.698563
     -46.675217       9.107906    -112.069923     104.001930     -29.207996     197.486252      63.038235     -84.207100     158.922211      -1.476351     -20.264635      -0.043782      -1.042717     -10.109206     -27.642014      10.885105      33.903534     -27.200268     -12.844189      -3.987881      20.442013     102.248253      -3.335649     -86.357819     -22.001551       0.759483      63.122711       0.143056      11.332396      -0.135939     -58.212963       2.312233      -1.393315      -2.409473     -15.611173      -7.369323     -90.002510       1.400746      90.002106    -112.765610       5.928567    -113.955421      14.469177     -79.512817      48.582256       0.220444     -73.657608       0.208287      65.066574      -2.592916      -1.103003       0.307695      15.864838      -2.507420     -89.992424       0.453060      90.003433     117.847389      56.221840    -199.819809      88.998451      43.698101      89.718414      -0.818328      -5.698128      17.942263    -149.081665      85.468262     -19.293549       0.678828      -2.303813     -17.740673     -54.671406      80.680641     -55.700298     -90.187706     -35.993294      90.057983      -1.165261      -0.391113       1.641223      -9.760863     -86.291161     162.782761      -4.991122       3.823192     -22.696440
     -47.486908       8.663238    -113.041779     103.488281     -25.803278     197.028183      64.913452     -84.178169     160.278381      -1.569745     -20.426884      -0.002877      -1.148905     -10.086947     -27.585827      11.300471      35.216114     -26.719769     -12.778680      -4.253718      19.349556     103.479912      -2.851127     -87.083351     -23.271290       2.021359      62.847378       0.127702       2.126317      -0.143457     -58.412899       2.321947      -1.385150      -2.735674     -15.463149      -9.067976     -90.003448       1.639437      90.002708    -113.054741       5.844725    -112.880440       7.901857     -81.679047      42.506886       0.200027     -73.572357       0.185406      65.221664      -2.598080      -1.095757       0.379804      15.826496      -2.457766     -89.993683       0.707775      90.003914     120.887817      54.683357    -201.895599      88.997704      43.015881      89.724380      -1.742770      -6.186803      17.636288    -148.993149      85.506950     -19.665581       0.674146      -2.293447     -17.871889     -60.736362      80.024590     -52.878139     -89.984848     -35.969643      90.011909      -1.510939      -0.410760       1.681493      -9.606188     -86.100143     164.741989      -4.999203       3.814695     -22.694960
     -48.290279       8.153991    -113.852859     102.557541     -21.704557     195.856644      66.461395     -83.711678     161.527710      -1.463442     -20.726139       0.119308      -1.125541     -10.309295     -27.600182      11.579032      36.332043     -26.117937     -12.732030      -4.464228      18.219204     104.596550      -2.546980     -87.540497     -23.763088       2.513826      62.943165       0.094917      -2.642712      -0.123473     -58.612133       2.331242      -1.380095      -3.560476     -14.954680     -15.513372     -90.002876       1.873976      90.003281    -113.246315       5.815138    -112.043816      -1.603361     -84.018639      33.707836       0.183487     -73.605148       0.166427      65.364471      -2.603209      -1.088451       0.425794      15.802539      -2.804114     -89.994064       0.958241      90.004051     124.535904      53.088310    -205.111237      88.994995      42.349609      89.729172      -2.747036      -6.672023      17.328875    -148.922943      85.543915     -20.041504       0.669693      -2.279459     -18.006960     -73.354691      78.153313     -43.778370     -89.114441     -43.246857      89.975891     -13.265512       4.025470      -0.401901       6.373230     -84.049469     165.115982      -3.230709      22.436562     -16.716640
     -49.067192       7.875171    -114.717186     100.267586     -19.648714     198.003967      43.810116     -87.024643     139.827499      -1.666370     -21.603584       0.794265      -1.383967     -10.804043     -27.339230      12.145024      37.910789     -25.935511     -12.724552      -4.578043      16.981945     104.834564      -2.362395     -87.463531     -23.616362       2.038076      62.845314       0.060018      -2.623398      -0.073258     -58.910736       2.345106      -1.371015      -5.178130     -14.166752     -26.677458     -90.002518       2.104578      90.005402    -113.582588       5.765177    -110.373451       2.286470     -85.895943      39.601624       0.175799     -72.403549       0.152129      65.341660      -2.601022      -1.091229      -0.296850      15.831156      -2.866664     -89.995750       1.204502      90.003166     120.755234      49.075050    -201.936325      88.650475      41.716621      89.634689      -3.561975      -6.875645      17.196453    -149.166306      85.524628     -20.059467       0.661533      -2.308651     -18.134850     -75.313255      77.749451     -41.279839     -91.609909     -41.282303      90.626579     -17.846821       3.608445      -0.994036    -166.206879     -75.146149      -6.498988      -5.013767      17.564602     -12.006799
     -49.822479       7.744575    -115.456383      97.572014     -17.742609     199.140839      18.221418     -87.820694     114.898834      -1.358539     -21.393723       2.181160      -1.313626     -11.371307     -26.898739      12.550580      39.094250     -25.778290     -12.737326      -4.480053      15.782933     104.968994      -2.109679     -87.666084     -22.883869       0.608948      62.292385       0.036496      -2.613911      -0.042731     -59.349789       2.361747      -1.359335      -6.065396     -12.421219     -33.690960     -90.005341       2.943235      90.020218    -113.797226       5.690306    -108.987923      38.753082     -86.216034      78.480354       0.163227     -71.035378       0.136605      65.471611      -2.605252      -1.088140      -0.266815      15.819439      -3.157770     -89.997643       1.446635      89.999825     117.669006      45.493526    -200.531601      88.801178      41.243423      89.683586      -4.071542      -7.148265      17.008265    -149.100510      85.544960     -20.327171       0.658321      -2.320280     -18.221556     -74.310837      77.707809     -42.523964     -91.056709     -41.008980      90.397179      -9.663073      -7.349396       4.742610    -178.191757     -71.770790      -2.005755      -5.593002      13.502310     -12.020983
     -50.534073       7.740002    -116.094032      94.397339     -15.706822     199.500214      11.277591     -87.702278     108.522560      -0.742511     -21.038578       3.609139      -0.873290     -12.212723     -26.032722      12.917825      40.271889     -25.583447     -12.775326      -4.225179      14.560761     105.229836      -1.935637     -87.896965     -21.665960      -1.303105      60.528652       0.022650      -2.604785      -0.023720     -59.654915       2.374750      -1.348365      -6.051742     -12.178312     -35.388290     -90.016968       4.875368      90.039772    -113.915466       5.454750    -107.568855      66.284615     -84.605576     108.080528       0.150900     -70.928780       0.120791      65.583000      -2.611701      -1.084667      -0.117722      15.806352      -4.297722     -89.999344       1.684743      89.997635     114.659370      42.455189    -200.370743      88.888466      40.713772      89.713142      -4.431177      -7.431865      16.796951    -148.898499      85.588181     -20.704340       0.656731      -2.304478     -18.288198     -72.453957      77.321724     -45.051880     -89.769318     -39.935688      89.962990      -6.579748     -18.587776      12.299879    -183.817337     -75.425217      -0.581633      -6.084739      11.277882     -11.432951
     -51.230709       7.745004    -116.664963      91.526031     -13.583989     199.511139      21.941408     -87.308754     119.645966      -0.183370     -20.681931       4.613780      -0.379556     -13.124212     -25.010693      13.338654      41.315346     -25.541267     -12.771628      -3.789211      13.531093     105.036545      -1.954095     -88.546188     -20.876516      -2.601165      59.187244       0.014841      -2.596660      -0.011313     -59.843010       2.385580      -1.338606      -5.796769     -12.564783     -35.854099     -90.015549       5.523510      90.030640    -113.681389       5.136549    -106.134895      79.057007     -82.164772     122.583084       0.146087     -71.203156       0.113104      65.699898      -2.618510      -1.079866       0.028597      15.791695      -5.309084     -90.000687       1.918870      89.996040     111.851685      40.045193    -200.629333      88.936211      40.223866      89.730659      -4.704183      -7.649377      16.622072    -148.779312      85.621094     -20.973785       0.652068      -2.291499     -18.350657     -68.527740      76.231079     -49.272362     -88.924080     -38.841629      89.695953      -4.458831     -25.092287      17.210815    -186.745438     -78.593910      -1.047224      -6.301178       9.974662     -11.078143
     -51.916924       7.737309    -117.189568      88.799881     -11.266753     199.566391      33.556923     -86.639015     131.723663       0.352123     -20.380493       5.324326       0.153717     -13.866438     -24.054482      13.893517      42.154980     -25.798170     -12.675979      -3.198243      12.778186     104.605896      -2.049477     -89.609802     -20.384092      -3.438466      58.445354       0.009537      -2.591905      -0.005243     -60.063660       2.397796      -1.328728      -5.652637     -12.763733     -35.930725     -90.011116       5.693613      90.019775    -113.146355       4.824732    -104.716957      83.955338     -79.614738     129.025696       0.146339     -71.639107       0.111069      65.822594      -2.624845      -1.074383       0.134146      15.712456      -5.982856     -90.001625       2.149060      89.994972     109.065674      37.813648    -201.173187      88.958260      39.759060      89.740417      -4.952463      -7.810306      16.489777    -148.723129      85.642036     -21.169353       0.647429      -2.284990     -18.401955     -62.656639      74.500839     -55.088348     -88.957382     -38.036251      89.695900      -3.790708     -26.715603      18.505754    -187.212296     -80.159615      -2.377586      -6.401691       9.205386     -10.854807
     -52.579971       7.710512    -117.667793      86.219246      -8.905715     199.732285      41.674274     -85.747032     140.317276       0.927041     -20.109007       5.915670       0.766764     -14.318839     -23.176216      14.091203      42.074959     -25.929598     -12.535679      -1.817166      12.109555     104.268967      -2.149106     -90.733131     -19.919609      -4.130389      57.977875       0.005856      -2.589225      -0.002982     -60.331779       2.411473      -1.317959      -5.558080     -12.828859     -35.811245     -90.008110       5.860735      90.012703    -112.685318       4.573920    -103.750877      85.863190     -77.006927     132.446365       0.147603     -72.076248       0.110198      65.945755      -2.630590      -1.068920       0.217068      15.407564      -6.576083     -90.002304       2.375390      89.994308     106.276878      35.776119    -201.847443      88.966621      39.283134      89.746223      -5.230435      -7.967101      16.368467    -148.638153      85.664734     -21.399395       0.644466      -2.273767     -18.452553     -56.749100      72.533836     -60.779682     -88.972267     -37.421730      89.698326      -3.748171     -26.526558      18.391712    -186.499969     -81.196159      -3.911753      -6.423669       8.732344     -10.850898
     -53.205467       7.667708    -118.110481      83.836617      -6.603518     200.060822      46.542233     -84.837616     145.529099       1.464590     -19.876350       6.387984       1.357834     -14.646284     -22.345057      14.245014      42.005260     -26.053350     -12.421297      -0.510827      11.467418     104.038483      -2.237110     -91.876282     -19.539070      -4.660092      57.652035       0.003685      -2.586839      -0.001784     -60.581593       2.423993      -1.307321      -5.516022     -12.864000     -35.659798     -90.006058       6.025015      90.008049    -112.127113       4.375131    -102.946350      86.697571     -74.550392     134.690079       0.149259     -72.505791       0.110348      66.063927      -2.635549      -1.063621       0.275707      14.981313      -7.162000     -90.002701       2.597947      89.993881     103.555450      33.931980    -202.571014      88.968605      38.799694      89.749969      -5.530560      -8.136539      16.242140    -148.505280      85.693497     -21.685003       0.642574      -2.255453     -18.510208     -51.142136      70.310272     -66.114365     -88.977692     -36.944885      89.703087      -3.841367     -26.162312      18.087482    -186.327255     -83.176003      -6.513129      -6.422608       8.443355     -10.898419
     -53.787834       7.609664    -118.532356      81.604156      -4.375674     200.599625      48.964897     -84.022774     148.186005       1.975523     -19.682596       6.766992       1.935968     -14.908102     -21.572973      14.383417      41.942715     -26.169910     -12.302017       0.785617      10.898132     103.872940      -2.301208     -92.959846     -19.246098      -5.072203      57.372631       0.002385      -2.585065      -0.001129     -60.820034       2.435234      -1.297193      -5.505099     -12.882547     -35.479172     -90.004662       6.186519      90.004944    -111.541481       4.224701    -102.205017      86.910942     -72.290062     136.212296       0.151267     -72.921951       0.111365      66.177010      -2.639900      -1.058538       0.313245      14.524282      -7.746917     -90.002869       2.816781      89.993607     100.894806      32.263561    -203.342667      88.832474      38.299202      89.716782      -5.826897      -8.315880      16.111261    -148.314270      85.729164     -22.028296       0.642069      -2.228787     -18.569508     -46.288551      68.043373     -70.724068     -88.978073     -36.523777      89.708107      -3.981927     -25.786242      17.761986    -188.812241     -85.892258     -11.753165      -6.413521       8.264630     -10.973965
     -54.327293       7.537313    -118.936226      79.498276      -2.280548     201.233444      50.472198     -83.251968     149.848633       2.465731     -19.518200       7.083053       2.500477     -15.123622     -20.846764      14.509360      41.892109     -26.248165     -12.169176       2.017838      10.390739     103.756516      -2.345268     -93.971672     -19.010294      -5.422965      57.107525       0.001572      -2.583892      -0.000815     -61.054588       2.445602      -1.287408      -5.512953     -12.892043     -35.273243     -90.003708       6.345314      90.002876    -110.981941       4.113774    -101.515144      86.790840     -70.199318     137.323059       0.153683     -73.325867       0.113183      66.286095      -2.643832      -1.053637       0.336412      14.073925      -8.339315     -90.002884       3.031957      89.993408      98.426056      30.738321    -204.175247      88.901253      37.731438      89.739311      -6.132903      -8.504863      15.967678    -148.128555      85.766663     -22.364893       0.639989      -2.202603     -18.625605     -42.338787      65.744164     -74.511627     -88.976303     -36.150928      89.713234      -4.105536     -25.393980      17.439461    -217.310944     -88.897377     -42.824604      -6.403300       8.153327     -11.056845
     -54.815792       7.438017    -119.324570      77.638573      -0.168143     201.880692      52.055210     -82.335373     151.581863       2.979446     -19.391052       7.336242       3.025989     -15.184248     -20.527807      14.660933      41.819454     -26.409840     -12.021178       3.185973       9.964662     103.778259      -2.339009     -94.788345     -18.861538      -5.766688      56.692127       0.000904      -2.583294      -0.000830     -61.301857       2.455823      -1.277468      -5.536539     -12.893233     -35.052166     -90.002991       6.501433      90.001343    -111.109856       4.206102     -99.666061      83.600235     -69.613853     134.971985       0.162608     -74.046471       0.122003      66.400162      -2.647933      -1.047757       0.311449      13.612231      -8.536684     -90.002991       3.243525      89.993256      96.270653      29.529240    -205.073410      88.933167      37.085533      89.752182      -6.474943      -8.705444      15.816165    -147.915802      85.807053     -22.731628       0.638759      -2.170976     -18.681967     -39.236786      63.554863     -77.240128     -88.973915     -35.739025      89.716629      -4.169463     -24.962881      17.112650    -341.186951     -87.313263    -169.099335      -6.391317       8.083167     -11.141312
     -55.259182       7.316325    -119.684547      76.056442       1.930346     202.512451      53.463371     -81.383820     152.954727       3.482984     -19.309650       7.517960       3.506921     -15.140117     -20.404160      14.749559      41.794579     -26.404295     -11.879979       4.219846       9.609356     103.851288      -2.328374     -95.591568     -18.756611      -6.022348      56.369198       0.000541      -2.582829      -0.000845     -61.538891       2.465342      -1.267853      -5.557378     -12.898624     -34.811798     -90.002411       6.654935      90.000183    -111.089813       4.182736     -97.954567      80.632629     -69.014061     132.823090       0.169048     -74.535713       0.128411      66.509346      -2.651344      -1.042825       0.264369      13.212518      -8.677483     -90.002975       3.451551      89.993050      94.392555      28.604927    -205.941727      88.945099      36.399132      89.759689      -6.872321      -8.879526      15.684370    -147.785065      85.836487     -23.023132       0.636503      -2.145076     -18.741636     -36.622166      61.458977     -79.258286     -88.971291     -35.316669      89.719337      -4.208667     -24.315105      16.700706    -348.137451     -84.386711    -178.134857      -6.378983       7.942343     -11.278525
     -55.655861       7.183662    -120.009964      74.686935       3.918035     203.089508      54.609306     -80.474030     153.904724       3.953124     -19.268742       7.635250       3.965201     -15.090093     -20.283960      14.792827      41.802383     -26.297445     -11.746723       5.168697       9.305085     103.949509      -2.329431     -96.400467     -18.637035      -6.246616      56.148781       0.000417      -2.582489      -0.000692     -61.760853       2.474018      -1.258651      -5.570967     -12.910410     -34.558048     -90.001968       6.805857      89.999321    -111.012703       4.133719     -96.378685      77.850990     -68.383385     130.843613       0.174247     -74.940926       0.133567      66.613564      -2.654471      -1.038377       0.232169      12.940549      -8.984302     -90.002815       3.656102      89.992897      92.694443      27.949455    -206.734543      88.948105      35.735352      89.763809      -7.310038      -9.033012      15.571257    -147.707016      85.857796     -23.270355       0.634080      -2.123997     -18.807899     -34.438484      59.366467     -80.748398     -88.968964     -34.881992      89.720993      -4.221101     -23.052856      16.005083    -347.486755     -84.771599    -178.119766      -6.365840       7.551857     -11.569572
     -56.014771       7.036711    -120.306778      73.403770       5.790843     203.676727      55.312763     -79.640877     154.422073       4.396914     -19.269165       7.689111       4.396698     -15.023456     -20.203207      14.807701      41.831562     -26.120562     -11.615787       6.043369       9.039397     104.074280      -2.342062     -97.209023     -18.487082      -6.466957      56.021835       0.000399      -2.582342      -0.000673     -61.973263       2.482258      -1.249820      -5.583483     -12.923969     -34.294384     -90.001617       6.954268      89.998634    -110.923492       4.076251     -94.921730      75.247116     -67.734772     129.027542       0.178911     -75.302956       0.138152      66.715286      -2.657528      -1.034086       0.216901      12.781450      -9.416305     -90.002602       3.857229      89.992790      91.096245      27.471966    -207.478500      88.871338      35.074219      89.747368      -7.744063      -9.167899      15.474168    -147.649567      85.874886     -23.495209       0.632016      -2.104433     -18.875946     -32.504608      57.309414     -81.969513     -88.966141     -34.396214      89.722481      -4.182223     -22.259911      15.502991    -347.055328     -85.076614    -178.152679      -6.345491       7.429823     -11.718843
     -56.340611       6.877048    -120.578255      72.201645       7.513487     204.249710      55.890396     -78.850975     154.812393       4.817323     -19.275669       7.732825       4.803151     -14.939279     -20.139933      14.808016      41.871426     -25.904387     -11.482439       6.848917       8.791967     104.218948      -2.369864     -98.013512     -18.289520      -6.705184      55.985283       0.000423      -2.582396      -0.000680     -62.177528       2.490023      -1.241419      -5.596888     -12.938090     -34.020329     -90.001328       7.100186      89.998100    -110.830292       4.018381     -93.551796      72.789948     -67.073143     127.350868       0.183857     -75.655060       0.143086      66.816261      -2.660606      -1.029768       0.206478      12.671080      -9.871796     -90.002411       4.054991      89.992683      89.643677      27.088236    -208.147964      88.911797      34.389492      89.760559      -8.169874      -9.291198      15.383927    -147.626755      85.888062     -23.680014       0.628973      -2.089391     -18.940409     -30.766478      55.281837     -83.005997     -88.963013     -33.904289      89.724442      -4.118157     -21.592876      15.075985    -346.676178     -85.328270    -178.141968      -6.327735       7.352070     -11.844401
     -56.635231       6.706175    -120.826981      71.073723       9.111566     204.811035      56.364643     -78.099190     155.096832       5.219118     -19.288580       7.766045       5.189966     -14.837276     -20.087784      14.811321      41.912575     -25.673372     -11.338301       7.604267       8.557637     104.380066      -2.413124     -98.813820     -18.043610      -6.963132      56.034557       0.000499      -2.582534      -0.000557     -62.372490       2.497214      -1.233393      -5.608780     -12.950094     -33.736279     -90.001083       7.243645      89.997658    -110.757088       3.952997     -92.186592      70.499344     -66.403069     125.811470       0.187827     -75.950996       0.146947      66.915955      -2.663563      -1.025629       0.212348      12.881070     -10.354030     -90.002022       4.249462      89.992554      88.307137      26.828075    -208.750397      88.928215      33.694096      89.767151      -8.584625      -9.407572      15.301333    -147.591766      85.901581     -23.872066       0.626664      -2.071932     -19.002846     -29.176020      53.315548     -83.893356     -88.959938     -33.414818      89.726746      -4.039161     -20.950172      14.665576    -346.377228     -85.524277    -178.116852      -6.311166       7.285127     -11.967186
     -56.899555       6.543600    -121.045868      70.509483      10.658104     205.263779      55.816196     -77.352455     154.398102       5.723205     -19.515930       7.487925       5.198445     -14.601573     -20.286894      14.538671      42.063538     -25.130894     -11.331036       8.131109       8.279272     104.412682      -2.395663     -99.702980     -17.850424      -7.221947      56.172157       0.000322      -2.582538      -0.000607     -62.590302       2.505274      -1.224301      -5.598894     -12.939960     -33.328575     -90.000839       7.384712      89.997116    -110.878738       3.800316     -91.137550      69.118950     -65.857109     124.776283       0.190111     -76.157837       0.149437      67.034485      -2.666550      -1.020467       0.313947      13.467488     -10.777606     -90.001381       4.440662      89.992577      87.401344      26.672882    -209.143631      88.933105      33.056709      89.770065      -9.007476      -9.499794      15.231861    -147.661743      85.902794     -23.955067       0.622590      -2.064729     -19.061480     -27.278963      51.343700     -84.734108     -88.956703     -33.000809      89.730675      -3.948882     -20.366003      14.287887    -346.163483     -85.673256    -178.102844      -6.294889       7.231318     -12.082475
     -57.131832       6.396663    -121.236877      70.130074      12.143322     205.644531      55.392879     -76.610550     153.813492       6.169065     -19.780964       7.101485       5.208708     -14.292781     -20.621689      14.165321      42.166100     -24.464972     -11.352872       8.612321       8.049764     104.535858      -2.407762    -100.606850     -17.620073      -7.466175      56.378273       0.000284      -2.582554      -0.000540     -62.796730       2.512873      -1.215500      -5.504117     -12.864367     -32.724686     -90.000465       7.523424      89.996590    -111.031395       3.650621     -90.335304      68.161934     -65.392921     124.002739       0.192344     -76.371658       0.151887      67.150162      -2.669890      -1.015368       0.423283      14.102601     -11.200813     -90.000839       4.628660      89.992699      86.616653      26.629045    -209.519058      88.933731      32.499840      89.771301      -9.406488      -9.575138      15.172123    -147.783829      85.897842     -23.981350       0.617445      -2.064087     -19.118032     -25.510698      49.514576     -85.398453     -88.953506     -32.636440      89.734718      -3.861562     -19.807779      13.923670    -346.014221     -85.784157    -178.097778      -6.279588       7.184882     -12.194571
     -57.337040       6.267423    -121.399147      69.850517      13.586670     206.026581      55.354725     -75.856155     153.580276       6.519191     -20.028172       6.590662       5.107990     -13.733929     -21.135494      13.819666      42.288063     -23.653250     -11.330157       9.008037       8.017787     104.939201      -2.422820    -101.445175     -17.431744      -7.621797      56.639038       0.000370      -2.582508      -0.000435     -62.991543       2.519996      -1.207144      -5.385963     -12.746110     -32.083035     -90.000122       7.659812      89.996147    -110.611374       3.624520     -89.718788      68.162964     -65.216461     123.854713       0.194704     -76.564323       0.155147      67.274521      -2.673166      -1.009750       0.543113      14.963904     -11.467673     -90.000290       4.813518      89.992928      85.861702      26.642685    -209.921478      88.888176      32.002369      89.761406      -9.775306      -9.626678      15.129256    -147.952347      85.886726     -23.953632       0.611725      -2.067949     -19.169720     -23.852608      47.904427     -85.973534     -88.950729     -32.311054      89.738579      -3.777741     -19.255676      13.561476    -345.958069     -85.850372    -178.122406      -6.264842       7.140569     -12.306940
     -57.516277       6.155149    -121.534950      69.618317      14.935482     206.413940      55.372471     -75.122147     153.391418       6.840067     -20.194805       6.048611       5.050636     -13.138851     -21.635498      13.449863      42.365582     -22.841928     -11.314741       9.343886       8.041656     105.341331      -2.460314    -102.206413     -17.240820      -7.734818      56.939964       0.000545      -2.582340      -0.000321     -63.170834       2.526538      -1.199267      -5.353347     -12.774292     -31.628666     -89.999924       7.793901      89.995834    -110.288925       3.596587     -89.281914      68.185249     -65.057945     123.722992       0.196585     -76.756454       0.157612      67.387054      -2.676367      -1.004626       0.613830      15.654891     -11.726734     -90.000023       4.995279      89.993149      85.094734      26.673042    -210.323196      88.913132      31.531094      89.768387     -10.122723      -9.666708      15.094854    -148.143387      85.872749     -23.897778       0.605414      -2.075338     -19.216921     -22.343763      46.490303     -86.489540     -88.948013     -32.018581      89.742043      -3.701344     -18.708050      13.199927    -346.013428     -85.867561    -178.190247      -6.250553       7.097355     -12.419650
     -57.669231       6.056705    -121.648422      69.395767      16.194317     206.802246      55.343475     -74.446228     153.162750       7.130055     -20.317396       5.484071       5.018118     -12.563600     -22.095261      13.105948      42.431702     -22.049845     -11.284856       9.640955       8.096560     105.759117      -2.513147    -102.931000     -17.031897      -7.839855      57.285885       0.000696      -2.582258      -0.000190     -63.344856       2.532771      -1.191745      -5.329400     -12.808578     -31.262537     -89.999779       7.925761      89.995544    -110.043831       3.582472     -88.959297      68.239609     -64.924355     123.624550       0.198404     -76.931923       0.160022      67.500031      -2.679433      -0.999483       0.617140      15.904758     -11.969381     -90.000130       5.174005      89.993378      84.299858      26.768885    -210.734039      88.922295      31.065474      89.771759     -10.449163      -9.707462      15.062268    -148.301743      85.862305     -23.870253       0.599826      -2.078347     -19.262278     -21.000029      45.278931     -86.931984     -88.945755     -31.742672      89.744987      -3.631327     -18.153605      12.832481    -346.204865     -85.826721    -178.312195      -6.236762       7.053189     -12.533460
     -57.795536       5.970563    -121.744415      69.169426      17.357006     207.209320      55.183731     -73.857758     152.830475       7.395365     -20.420900       4.908929       5.001400     -12.034462     -22.519264      12.809855      42.512150     -21.300102     -11.236082       9.906834       8.170960     106.180817      -2.576970    -103.636253     -16.803030      -7.949443      57.671844       0.000817      -2.582287       0.000024     -63.512882       2.538669      -1.184539      -5.300233     -12.822586     -30.929815     -89.999641       8.055431      89.995308    -109.866905       3.574467     -88.733803      68.284615     -64.803780     123.532921       0.200160     -77.106125       0.162373      67.605270      -2.682414      -0.994589       0.558182      15.855228     -12.158611     -90.000328       5.349739      89.993408      83.491211      26.911844    -211.154221      88.924355      30.587879      89.773697     -10.759089      -9.748896      15.028934    -148.446106      85.853889     -23.852066       0.594318      -2.079113     -19.304949     -19.807606      44.277241     -87.308624     -88.943893     -31.430761      89.746872      -3.576098     -17.608521      12.468413    -346.573120     -85.709534    -178.495819      -6.223381       7.009180     -12.645948
     -57.897144       5.895253    -121.823181      68.941315      18.438366     207.603851      54.933079     -73.328827     152.428299       7.648181     -20.508425       4.336119       5.005768     -11.570595     -22.902151      12.562619      42.601154     -20.602949     -11.167901      10.154922       8.246704     106.594742      -2.653325    -104.328705     -16.545462      -8.074726      58.093811       0.000890      -2.582431       0.000229     -63.677567       2.544395      -1.177587      -5.267055     -12.816033     -30.612829     -89.999535       8.182902      89.995125    -109.750809       3.570263     -88.591743      68.306808     -64.688095     123.437668       0.202525     -77.300591       0.165187      67.707565      -2.685474      -0.989785       0.496444      15.829527     -12.337901     -90.000389       5.522529      89.993408      82.689545      27.136904    -211.584747      88.902061      30.086884      89.770363     -11.055631      -9.787115      15.000504    -148.576385      85.847061     -23.843723       0.589113      -2.077024     -19.345655     -18.758123      43.455940     -87.606583     -88.942039     -31.136005      89.748703      -3.512221     -17.043249      12.095155    -347.027618     -85.549400    -178.690292      -6.211077       6.958328     -12.758082
     -57.976841       5.830340    -121.886475      68.723595      19.427753     207.985855      54.605400     -72.865509     151.954224       7.892235     -20.583242       3.791604       5.026332     -11.170893     -23.245132      12.362937      42.696625     -19.960783     -11.080717      10.389718       8.317633     106.997314      -2.744134    -105.007454     -16.258205      -8.213403      58.547630       0.000959      -2.582558       0.000317     -63.841076       2.550068      -1.170740      -5.231523     -12.790046     -30.306414     -89.999458       8.308260      89.994980    -109.689423       3.568902     -88.522537      68.308975     -64.579269     123.341698       0.205440     -77.514427       0.168449      67.805832      -2.688527      -0.985142       0.439044      15.817598     -12.523335     -90.000381       5.692430      89.993347      81.917488      27.408102    -212.008545      88.913246      29.552530      89.774948     -11.341130      -9.813612      14.977083    -148.745270      85.835739     -23.790894       0.583053      -2.078819     -19.382421     -17.826004      42.804359     -87.852722     -88.940186     -30.862127      89.750549      -3.456921     -16.469784      11.715553    -347.525330     -85.365257    -178.871948      -6.199214       6.903161     -12.869248
     -58.036743       5.774900    -121.935883      68.545853      20.312565     208.338120      54.250546     -72.463188     151.435944       8.125824     -20.651123       3.293338       5.058229     -10.827707     -23.546082      12.210126      42.801193     -19.374479     -10.974800      10.612123       8.375909     107.387329      -2.847539    -105.676720     -15.936886      -8.374045      59.035519       0.000998      -2.582816       0.000422     -64.002365       2.555547      -1.164061      -5.193083     -12.744539     -30.007515     -89.999390       8.431510      89.994865    -109.678246       3.571341     -88.518906      68.299507     -64.482491     123.252716       0.208870     -77.744904       0.172188      67.901421      -2.691519      -0.980608       0.378075      15.816206     -12.708775     -90.000328       5.859494      89.993294      81.179214      27.734694    -212.383148      88.921478      28.977333      89.779045     -11.618891      -9.832542      14.963429    -148.909210      85.824234     -23.738766       0.577367      -2.078965     -19.417227     -16.984777      42.261162     -88.054626     -88.938370     -30.604958      89.752403      -3.407355     -15.902571      11.343269    -348.034088     -85.169846    -179.022186      -6.188174       6.842388     -12.978171
     -58.078720       5.728101    -121.972618      68.402161      21.088205     208.663666      53.870483     -72.113640     150.884949       8.354007     -20.707823       2.852186       5.104725     -10.525765     -23.791136      12.101596      42.923244     -18.821466     -10.832484      10.796057       8.324269     107.780266      -2.966857    -106.303383     -15.572997      -8.571155      59.533733       0.001011      -2.583205       0.000566     -64.160927       2.560823      -1.157623      -5.152931     -12.688356     -29.718813     -89.999329       8.552692      89.994774    -109.718887       3.579228     -88.583138      68.268700     -64.398048     123.167709       0.212617     -77.978767       0.176205      67.995979      -2.694455      -0.976153       0.326992      15.818903     -12.879045     -90.000275       6.023751      89.993256      80.485069      28.088570    -212.706573      88.963730      28.357136      89.790848     -11.890230      -9.839891      14.958158    -149.099930      85.809036     -23.654877       0.571273      -2.081531     -19.449116     -16.234465      41.790375     -88.215828     -88.936600     -30.358128      89.754105      -3.363398     -15.345741      10.980145    -348.521454     -84.978455    -179.131973      -6.178115       6.777760     -13.083469
     -58.103775       5.689429    -121.997734      68.282341      21.761171     208.966797      53.459167     -71.812660     150.302963       8.581073     -20.749113       2.475628       5.165752     -10.263741     -23.986362      12.033912      43.060398     -18.308624     -10.656278      10.935368       8.158942     108.178604      -3.099805    -106.863647     -15.174767      -8.802459      60.018551       0.001028      -2.583665       0.000710     -64.317085       2.565964      -1.151354      -5.112637     -12.627776     -29.445566     -89.999275       8.671849      89.994705    -109.804543       3.590586     -88.709282      68.220169     -64.327919     123.089233       0.216549     -78.205841       0.180375      68.090813      -2.697364      -0.971736       0.297101      15.820865     -13.039409     -90.000198       6.185255      89.993240      79.834206      28.459608    -212.985580      89.054482      27.692793      89.813240     -12.154793      -9.834093      14.963161    -149.318451      85.789726     -23.538189       0.564784      -2.086881     -19.478228     -15.577045      41.376595     -88.331909     -88.934769     -30.116411      89.755608      -3.324342     -14.797364      10.624063    -348.968964     -84.802048    -179.205276      -6.168880       6.710504     -13.185074
     -58.113503       5.658347    -122.011841      68.181038      22.337868     209.253311      52.999638     -71.559952     149.677322       8.813163     -20.784018       2.172933       5.246448     -10.019002     -24.146370      11.977953      43.118240     -17.823689     -10.446272      11.113832       7.913472     108.570732      -3.206898    -107.333015     -14.737209      -9.070122      60.478477       0.001053      -2.584178       0.000846     -64.469109       2.570893      -1.145283      -5.070209     -12.563842     -29.192177     -89.999245       8.789016      89.994659    -109.935585       3.603949     -88.901688      68.153503     -64.271530     123.016380       0.220558     -78.422974       0.184593      68.186295      -2.700267      -0.967338       0.277408      15.823083     -13.195178     -90.000145       6.344063      89.993240      79.219620      28.839640    -213.223022      89.198128      26.987803      89.846802     -12.410522      -9.812977      14.980902    -149.565536      85.765808     -23.387699       0.557948      -2.095185     -19.504583     -15.007495      41.008522     -88.406166     -88.933296     -29.879335      89.756981      -3.289024     -14.255311      10.273212    -349.365967     -84.647591    -179.251465      -6.160333       6.641242     -13.283328
     -58.111549       5.634531    -122.014999      68.098137      22.820694     209.536530      52.467052     -71.366486     148.982925       9.048107     -20.819281       1.942775       5.339736      -9.771818     -24.279570      11.919612      43.080433     -17.337303     -10.203011      11.331744       7.599715     108.962921      -3.305752    -107.707634     -14.284506      -9.362379      60.909443       0.001037      -2.584661       0.000972     -64.620682       2.575818      -1.139195      -5.031856     -12.506941     -28.954657     -89.999229       8.904229      89.994629    -110.098175       3.612898     -89.147209      68.055565     -64.228767     122.942024       0.224717     -78.640518       0.189006      68.280052      -2.703099      -0.963007       0.260752      15.826235     -13.348284     -90.000099       6.500207      89.993240      78.628937      29.208822    -213.416306      89.396751      26.245375      89.891678     -12.652619      -9.773985      15.014392    -149.840286      85.736847     -23.203247       0.550860      -2.106772     -19.527834     -14.510019      40.675484     -88.463631     -88.932014     -29.654018      89.758278      -3.257785     -13.719096       9.926989    -349.704987     -84.519646    -179.281326      -6.152369       6.570427     -13.378777
     -58.100418       5.617674    -122.008385      68.034477      23.221266     209.821381      51.862202     -71.237968     148.213074       9.275854     -20.851749       1.764005       5.436920      -9.539445     -24.382177      11.869132      43.037891     -16.835903      -9.935545      11.521368       7.216708     109.359863      -3.398210    -108.017006     -13.824181      -9.664377      61.320782       0.001038      -2.585036       0.001084     -64.771248       2.580741      -1.133060      -4.995495     -12.451920     -28.731533     -89.999214       9.017500      89.994614    -110.277626       3.617547     -89.428802      67.917923     -64.191071     122.857414       0.229145     -78.863739       0.193679      68.371429      -2.705869      -0.958774       0.244040      15.830352     -13.492196     -90.000053       6.653745      89.993240      78.059288      29.564821    -213.569046      89.643997      25.461554      89.946106     -12.873210      -9.719739      15.061701    -150.132202      85.704041     -22.994682       0.543645      -2.120966     -19.547752     -14.071183      40.371304     -88.514519     -88.930763     -29.442671      89.759407      -3.230664     -13.187684       9.584694    -349.985352     -84.418266    -179.303604      -6.144896       6.498373     -13.472219
     -58.082047       5.598605    -121.995445      67.970345      23.531710     210.111252      51.290215     -71.179451     147.451340       9.482284     -20.880322       1.701627       5.568504      -9.309531     -24.474792      11.860536      42.983639     -16.370520      -9.634795      11.697673       6.783085     109.772972      -3.490638    -108.250229     -13.348175      -9.974905      61.708206       0.001064      -2.585346       0.001190     -64.918053       2.585599      -1.126958      -4.957063     -12.394190     -28.527630     -89.999207       9.128876      89.994621    -110.457382       3.631285     -89.718307      67.689865     -64.149986     122.740929       0.233856     -79.092079       0.198565      68.459709      -2.708585      -0.954688       0.223189      15.835981     -13.619393     -90.000023       6.804712      89.993240      77.502350      29.899399    -213.646255      89.947487      24.577724      90.011696     -13.063847      -9.655374      15.119479    -150.422058      85.669975     -22.780685       0.536573      -2.135812     -19.564075     -13.667064      40.165009     -88.599640     -88.711433     -29.261568      89.711281      -3.209952     -12.686055       9.264645    -350.203125     -84.340096    -179.313538      -6.138727       6.425271     -13.563042
     -58.059196       5.594173    -121.973434      67.922997      23.802956     210.418167      50.472916     -71.156372     146.484680       9.710274     -20.914648       1.578683       5.646395      -9.091671     -24.503630      11.817791      42.925652     -15.834188      -9.326198      11.848293       6.293359     110.151924      -3.561057    -108.440399     -12.902834     -10.271772      62.079117       0.001033      -2.585394       0.001298     -65.067261       2.590634      -1.120534      -4.924420     -12.338498     -28.332909     -89.999207       9.238384      89.994629    -110.659142       3.629511     -90.061607      67.499763     -64.124832     122.648613       0.238930     -79.323753       0.203911      68.549210      -2.711298      -0.950518       0.213982      15.839224     -13.745120     -89.999985       6.953148      89.993248      76.974709      30.229481    -213.749603      90.272537      23.679544      90.080124     -13.220326      -9.576078      15.190071    -150.723526      85.632858     -22.545933       0.529285      -2.152570     -19.576305     -13.330510      39.824104     -88.640518     -88.814301     -29.056715      89.735558      -3.188912     -12.125342       8.899615    -350.391205     -84.283600    -179.346710      -6.131155       6.353862     -13.654149
     -58.036160       5.591568    -121.947914      67.897156      24.030056     210.750366      49.662132     -71.178894     145.484924       9.915545     -20.926783       1.497988       5.751947      -8.867400     -24.524841      11.781528      42.857529     -15.293374      -9.004228      11.983114       5.777235     110.538788      -3.628197    -108.578819     -12.465024     -10.559433      62.425129       0.001021      -2.585380       0.001374     -65.215080       2.595652      -1.114082      -4.890395     -12.283080     -28.145386     -89.999199       9.346063      89.994637    -110.859909       3.626917     -90.420807      67.266113     -64.091057     122.535385       0.244210     -79.553490       0.209308      68.636848      -2.714009      -0.946477       0.205564      15.842518     -13.864204     -89.999969       7.099096      89.993248      76.448257      30.540106    -213.808044      90.632584      22.696503      90.154686     -13.332423      -9.475443      15.279188    -151.044327      85.590797     -22.279814       0.521737      -2.173174     -19.582443     -12.972410      39.533962     -88.758972     -88.869270     -28.749981      89.749229      -3.317291     -11.599936       8.547292    -350.534088     -84.243385    -179.376938      -6.124167       6.275525     -13.753110
     -58.012806       5.592852    -121.919121      67.885117      24.196747     211.078659      48.856709     -71.231232     144.465851      10.111511     -20.931776       1.463928       5.863608      -8.634334     -24.513849      11.752816      42.778881     -14.753298      -8.669271      12.104177       5.235074     110.921448      -3.689154    -108.669380     -12.034924     -10.839498      62.751324       0.001031      -2.585332       0.001459     -65.361031       2.600618      -1.107667      -4.855898     -12.227181     -27.968140     -89.999199       9.451949      89.994652    -111.056938       3.629090     -90.788132      67.011459     -64.060822     122.419540       0.249698     -79.781578       0.214895      68.723946      -2.716701      -0.942479       0.200850      15.845056     -13.978749     -89.999954       7.242606      89.993256      75.928162      30.850298    -213.817490      91.038826      21.628918      90.237083     -13.411613      -9.366855      15.376754    -151.354309      85.548454     -22.015526       0.514415      -2.193548     -19.583574     -12.657263      39.292137     -88.897835     -88.897545     -28.467138      89.756653      -3.339644     -11.087199       8.213690    -350.748260     -84.171211    -179.384598      -6.117760       6.204368     -13.842739
     -57.988045       5.598168    -121.887527      67.874596      24.343500     211.414581      47.991608     -71.314964     143.348480      10.307464     -20.941919       1.463904       5.987216      -8.397381     -24.465441      11.736377      42.689125     -14.219935      -8.320680      12.219997       4.674609     111.289764      -3.737271    -108.721581     -11.622398     -11.116625      63.061539       0.001101      -2.585272       0.001878     -65.500076       2.605142      -1.101549      -4.819638     -12.170494     -27.803293     -89.999191       9.556057      89.994675    -111.246399       3.635242     -91.156616      66.738014     -64.035339     122.302116       0.255419     -80.007828       0.220708      68.810158      -2.719356      -0.938519       0.198304      15.847123     -14.087794     -89.999931       7.383719      89.993248      75.385666      31.255110    -213.788315      91.214157      20.457575      90.270294     -13.459303      -9.282854      15.480247    -151.495605      85.528107     -21.918304       0.511178      -2.189817     -19.587465     -12.365879      39.098099     -89.044182     -88.910927     -28.194826      89.760658      -3.342960     -10.568444       7.881766    -350.945831     -84.106094    -179.389404      -6.112098       6.128862     -13.930708
     -57.963665       5.605248    -121.852966      67.829765      24.466173     211.797241      47.032814     -71.458351     142.090195      10.499216     -20.941263       1.531137       6.148413      -8.167422     -24.377748      11.757982      42.586994     -13.728665      -7.951469      12.333978       4.108531     111.651276      -3.778140    -108.729149     -11.221263     -11.388224      63.357224       0.001134      -2.585140       0.002191     -65.636467       2.609667      -1.095448      -4.789514     -12.117361     -27.655090     -89.999207       9.658423      89.994713    -111.423584       3.650368     -91.514603      66.399651     -64.002701     122.158737       0.261383     -80.233803       0.226713      68.894531      -2.721972      -0.934639       0.195179      15.849277     -14.186889     -89.999916       7.522451      89.993263      74.849731      31.693119    -213.744186      91.159554      19.136454      90.256065     -13.477652      -9.193749      15.575544    -151.667816      85.503830     -21.780310       0.507091      -2.189069     -19.585529     -12.096373      38.930187     -89.228325     -88.916588     -27.925783      89.762840      -3.341202     -10.041995       7.547698    -351.118225     -84.051735    -179.395844      -6.106919       6.049630     -14.018415
     -57.939854       5.611224    -121.816277      67.808182      24.542456     212.188263      46.013725     -71.595955     140.830444      10.686152     -20.921995       1.555315       6.260345      -7.928924     -24.274229      11.761982      42.477604     -13.216098      -7.585156      12.426057       3.529096     111.977875      -3.804210    -108.699615     -10.852974     -11.639092      63.633389       0.001127      -2.584882       0.002356     -65.777145       2.614472      -1.089050      -4.763881     -12.066321     -27.514162     -89.999229       9.759081      89.994736    -111.602119       3.662067     -91.892532      66.095047     -63.987656     122.040428       0.267626     -80.456467       0.233070      68.980629      -2.724611      -0.930679       0.200046      15.849466     -14.283751     -89.999886       7.658886      89.993248      74.390190      32.076672    -213.667084      91.137032      17.693007      90.248528     -13.473057      -9.084534      15.682076    -151.903351      85.469551     -21.570190       0.501262      -2.199635     -19.577688     -11.811283      38.777802     -89.463577     -88.918579     -27.678936      89.764420      -3.344959      -9.496382       7.194947    -351.266235     -84.008598    -179.408600      -6.101724       5.973274     -14.105225
     -57.913284       5.599590    -121.771561      67.914635      24.590832     212.634918      44.878849     -71.825974     139.438400      10.817317     -20.867702       1.562386       6.348760      -7.716560     -24.191349      11.767937      42.362267     -12.720009      -7.223281      12.489100       2.955901     112.267967      -3.828163    -108.622818     -10.511539     -11.842497      63.893696       0.001167      -2.584040       0.002176     -65.917114       2.619851      -1.081939      -4.739972     -12.014458     -27.376165     -89.999229       9.858056      89.994774    -111.776268       3.677330     -92.278969      65.772675     -63.975239     121.918549       0.274008     -80.674484       0.239517      69.066071      -2.727219      -0.926759       0.204173      15.849737     -14.370420     -89.999870       7.793037      89.993279      73.811073      32.206692    -213.391602      91.128868      17.529058      90.241112     -13.618182      -9.642175      15.354017    -151.233765      85.523384     -22.556911       0.496847      -2.760273     -19.928501     -11.294890      38.594940     -89.875847     -88.918976     -27.427021      89.765167      -3.340202      -8.912988       6.821581    -351.419006     -83.964470    -179.420258      -6.096807       5.888972     -14.194977
     -57.890125       5.578836    -121.732414      67.991356      24.650801     213.079880      43.858509     -71.988205     138.214417      10.950913     -20.796036       1.557224       6.413834      -7.463625     -24.154657      11.777221      42.242596     -12.244108      -6.869268      12.537371       2.406396     112.521362      -3.849165    -108.514374     -10.209018     -11.985742      64.132278       0.001239      -2.583048       0.001794     -66.055550       2.625366      -1.074712      -4.714278     -11.957589     -27.240067     -89.999229       9.955379      89.994797    -111.943092       3.690370     -92.669449      65.440285     -63.961784     121.792015       0.280605     -80.887253       0.246140      69.152008      -2.729848      -0.922823       0.210514      15.849294     -14.445623     -89.999863       7.924928      89.993317      73.239937      32.312355    -213.104294      91.126579      17.369692      90.237007     -13.840781      -9.968625      15.145640    -150.544907      85.619186     -23.452232       0.512471      -2.769074     -20.112373     -10.761823      38.410652     -90.302429     -88.918762     -27.179693      89.765564      -3.337929      -8.390184       6.499407    -351.362518     -83.977043    -179.252121      -6.090867       5.769282     -14.287247
     -57.871014       5.553963    -121.697968      68.059006      24.715961     213.510376      42.931740     -72.108742     137.108948      11.083309     -20.727623       1.540821       6.465212      -7.185055     -24.141973      11.782198      42.118320     -11.773360      -6.523704      12.584141       1.875332     112.747292      -3.864356    -108.396973      -9.936744     -12.096126      64.353836       0.001289      -2.582193       0.001455     -66.193748       2.630746      -1.067669      -4.689008     -11.899530     -27.114038     -89.999229      10.051071      89.994820    -112.097694       3.702832     -93.048988      65.131927     -63.955086     121.679642       0.287265     -81.092216       0.252790      69.238289      -2.732466      -0.918900       0.220039      15.848023     -14.520390     -89.999847       8.054615      89.993340      72.685143      32.406883    -212.823761      91.126289      17.229034      90.234459     -14.050467     -10.266289      14.961738    -149.804169      85.714867     -24.385887       0.530769      -2.750140     -20.277624     -10.224051      38.224316     -90.736595     -88.917900     -26.950367      89.765892      -3.352747      -8.017365       6.285985    -351.025848     -84.103180    -178.867538      -6.086809       5.653296     -14.377552
     -57.855335       5.525139    -121.667603      68.118401      24.799574     213.933624      42.062046     -72.196045     136.079727      11.215947     -20.665257       1.504357       6.507390      -6.892234     -24.148277      11.780892      41.989082     -11.303073      -6.186172      12.634398       1.359653     112.962830      -3.875450    -108.285049      -9.671719     -12.204322      64.572464       0.001315      -2.581677       0.001275     -66.331146       2.635770      -1.061010      -4.663938     -11.845384     -26.984201     -89.999222      10.145158      89.994835    -112.239227       3.715756     -93.412682      64.858665     -63.958546     121.587486       0.293934     -81.288551       0.259466      69.324669      -2.735095      -0.914962       0.232285      15.846102     -14.598797     -89.999832       8.182126      89.993347      72.149757      32.495750    -212.549789      91.126755      17.079794      90.232918     -14.238935     -10.541030      14.793534    -149.062836      85.805222     -25.308733       0.548251      -2.729051     -20.430563      -9.667724      38.038448     -91.181343     -88.916969     -26.738461      89.766335      -3.385320      -7.680887       6.094799    -350.609039     -84.282677    -178.445816      -6.083158       5.555737     -14.463840
     -57.842449       5.492820    -121.640450      68.174934      24.899397     214.349777      41.242252     -72.256989     135.115952      11.347465     -20.606918       1.448041       6.540976      -6.592224     -24.169157      11.774284      41.855251     -10.835564      -5.856899      12.688330       0.860042     113.165947      -3.882497    -108.177788      -9.418428     -12.306606      64.785080       0.001328      -2.581299       0.001223     -66.467567       2.640606      -1.054564      -4.639468     -11.793686     -26.857344     -89.999222      10.237670      89.994858    -112.368759       3.729373     -93.760551      64.619041     -63.971844     121.514870       0.300668     -81.476730       0.266173      69.411049      -2.737702      -0.911030       0.246490      15.843717     -14.681290     -89.999809       8.307517      89.993370      71.630547      32.581398    -212.280945      91.127434      16.925867      90.231926     -14.409887     -10.797623      14.637254    -148.319550      85.890976     -26.223999       0.564904      -2.707091     -20.573154      -9.092668      37.853580     -91.635818     -88.916138     -26.540674      89.766853      -3.429318      -7.361396       5.913606    -350.123901     -84.489105    -177.986008      -6.079325       5.466925     -14.548944
     -57.831623       5.458359    -121.615898      68.225601      25.017776     214.758987      40.471680     -72.298477     134.212555      11.474588     -20.547659       1.374138       6.562504      -6.289507     -24.199102      11.768614      41.718639     -10.384195      -5.537183      12.738254       0.383038     113.337090      -3.887181    -108.061035      -9.195989     -12.369887      64.979828       0.001327      -2.568939       0.000753     -66.605957       2.645702      -1.047989      -4.616813     -11.740388     -26.747087     -89.999222      10.328631      89.994888    -112.487297       3.741518     -94.094688      64.383125     -63.981339     121.440529       0.307287     -81.655029       0.272712      69.497307      -2.740313      -0.907127       0.262926      15.840771     -14.768879     -89.999825       8.430804      89.993393      71.124489      32.671677    -212.017319      91.128174      16.758120      90.231323     -14.562393     -11.036017      14.493258    -147.577698      85.972305     -27.127953       0.580583      -2.683962     -20.705355      -8.507437      37.675362     -92.091469     -88.915237     -26.353222      89.767357      -3.479001      -7.054870       5.740799    -349.580353     -84.706505    -177.485687      -6.075408       5.383159     -14.633417
     -57.822002       5.422973    -121.593636      68.269104      25.148952     215.153244      39.765308     -72.326271     133.388977      11.592027     -20.483072       1.286366       6.568104      -5.992436     -24.237823      11.761561      41.581676      -9.951941      -5.229888      12.776924      -0.073730     113.480629      -3.888953    -107.925148      -9.010008     -12.393877      65.141403       0.001287      -2.528106       0.000002     -66.748184       2.650990      -1.041343      -4.598011     -11.685035     -26.657465     -89.999207      10.418076      89.994904    -112.594955       3.750764     -94.413696      64.134399     -63.977287     121.351494       0.313717     -81.819618       0.278977      69.584167      -2.742973      -0.903219       0.283611      15.836791     -14.864204     -89.999802       8.552020      89.993408      70.640640      32.759495    -211.762894      91.204597      16.579773      90.245689     -14.695846     -11.247130      14.368359    -146.886139      86.044273     -27.970676       0.594290      -2.666922     -20.825926      -7.929507      37.503857     -92.533112     -88.914375     -26.174578      89.767868      -3.531572      -6.759605       5.575259    -348.983612     -84.927612    -176.942703      -6.071484       5.303346     -14.717186
     -57.813148       5.388278    -121.572762      68.301216      25.316486     215.547638      39.052521     -72.350746     132.549606      11.707273     -20.416557       1.183505       6.572062      -5.711891     -24.275713      11.749668      41.443401      -9.528854      -4.932723      12.810948      -0.518676     113.616585      -3.887195    -107.779953      -8.843647     -12.408840      65.275940       0.001205      -2.469926      -0.000614     -66.892433       2.656123      -1.034828      -4.578631     -11.632025     -26.564552     -89.999207      10.506021      89.994949    -112.692032       3.757979     -94.714737      63.883907     -63.963219     121.254494       0.319875     -81.970657       0.284934      69.671791      -2.745667      -0.899291       0.308340      15.831817     -14.968834     -89.999794       8.671210      89.993408      70.149918      32.896023    -211.514633      91.162102      16.373478      90.237000     -14.813543     -11.459765      14.244023    -146.095932      86.123077     -28.904472       0.609491      -2.632199     -20.939322      -7.343759      37.352577     -92.964424     -88.913582     -25.995684      89.768349      -3.583705      -6.474338       5.417169    -348.337097     -85.145996    -176.352646      -6.067704       5.225441     -14.800473
     -57.805134       5.353850    -121.553078      68.330116      25.493397     215.931015      38.370335     -72.369888     131.745163      11.816086     -20.342962       1.071274       6.569882      -5.447071     -24.313250      11.730966      41.303932      -9.112215      -4.645955      12.838852      -0.955273     113.744705      -3.883690    -107.624825      -8.692722     -12.415793      65.383995       0.001094      -2.378005      -0.001202     -67.038322       2.661301      -1.028217      -4.565325     -11.581663     -26.489534     -89.999222      10.592493      89.994995    -112.780403       3.765636     -94.999596      63.640533     -63.944035     121.156624       0.325834     -82.109200       0.290690      69.760925      -2.748399      -0.895296       0.335671      15.826170     -15.076072     -89.999794       8.788404      89.993423      69.673843      33.035709    -211.277969      91.143745      16.168991      90.233055     -14.919573     -11.657316      14.128189    -145.329361      86.195892     -29.807451       0.623296      -2.601280     -21.044811      -6.766925      37.201817     -93.382721     -88.912804     -25.821712      89.768845      -3.636010      -6.196532       5.263597    -347.635406     -85.363220    -175.708344      -6.063969       5.150100     -14.883043
     -57.797394       5.320348    -121.534416      68.354141      25.680023     216.301407      37.714935     -72.382774     130.968613      11.921763     -20.266191       0.954968       6.565036      -5.195816     -24.352798      11.703971      41.161758      -8.695362      -4.367681      12.863284      -1.387714     113.865746      -3.885008    -107.451057      -8.567292     -12.420352      65.454994       0.000987      -2.269291      -0.001510     -67.182671       2.666282      -1.021630      -4.552131     -11.538829     -26.418344     -89.999222      10.677519      89.995026    -112.861443       3.773722     -95.270607      63.408035     -63.921604     121.060432       0.331647     -82.236061       0.296285      69.851570      -2.751167      -0.891233       0.364764      15.819921     -15.178770     -89.999786       8.903645      89.993446      69.207718      33.188694    -211.049149      91.136795      15.961894      90.231369     -15.014627     -11.843934      14.020544    -144.552582      86.265900     -30.714535       0.636692      -2.569584     -21.143953      -6.204613      37.055622     -93.781609     -88.911919     -25.650993      89.769249      -3.687565      -5.924713       5.113722    -346.876434     -85.577164    -175.004318      -6.060334       5.076655     -14.964956
     -57.789558       5.288157    -121.516609      68.370514      25.877129     216.659027      37.081741     -72.389427     130.214386      12.026177     -20.187222       0.837846       6.559958      -4.958645     -24.395351      11.668502      41.016300      -8.276445      -4.096775      12.885124      -1.819296     113.978531      -3.887450    -107.263359      -8.467092     -12.424641      65.496605       0.000918      -2.170812      -0.001413     -67.321655       2.670815      -1.015346      -4.532702     -11.494932     -26.325481     -89.999222      10.761119      89.995041    -112.935928       3.782258     -95.528580      63.187489     -63.896515     120.966652       0.336920     -82.351997       0.301382      69.943336      -2.753973      -0.887103       0.395694      15.813063     -15.280204     -89.999786       9.016953      89.993469      68.748840      33.360210    -210.823624      91.134506      15.741943      90.230637     -15.097651     -12.020851      13.920682    -143.757889      86.334305     -31.633942       0.649705      -2.535573     -21.237459      -5.659939      36.917557     -94.157761     -88.911072     -25.481865      89.769630      -3.737649      -5.657858       4.967061    -346.057068     -85.786201    -174.234329      -6.056786       5.004475     -15.046297
     -57.780743       5.251839    -121.498955      68.400055      26.090567     216.988586      36.528702     -72.377914     129.556854      12.122869     -20.107433       0.696651       6.545309      -4.733300     -24.446833      11.629388      40.869804      -7.866021      -3.834199      12.903558      -2.243601     114.081268      -3.884168    -107.077232      -8.372616     -12.423657      65.530258       0.000819      -2.056275      -0.001463     -67.461922       2.675473      -1.009013      -4.518684     -11.452781     -26.247530     -89.999229      10.843324      89.995064    -113.004799       3.792216     -95.774246      62.981960     -63.873089     120.879402       0.342273     -82.460129       0.306566      70.035912      -2.756771      -0.882929       0.426910      15.806005     -15.379772     -89.999763       9.128355      89.993469      68.310547      33.549847    -210.582764      91.134109      15.509140      90.230339     -15.181334     -12.188567      13.829305    -142.937866      86.401283     -32.575588       0.663064      -2.496948     -21.327002      -5.068481      36.886345     -94.544731     -88.690445     -25.351841      89.723724      -3.752089      -5.417080       4.860593    -345.160309     -85.979912    -173.377853      -6.054887       4.914677     -15.130340
     -57.772484       5.223060    -121.481354      68.405807      26.287506     217.326462      35.841084     -72.378944     128.748779      12.244122     -20.032890       0.602656       6.561987      -4.539246     -24.483974      11.547565      40.715210      -7.411530      -3.584949      12.907989      -2.717958     114.088264      -3.870195    -106.887444      -8.304262     -12.395268      65.564163       0.000743      -1.947280      -0.001501     -67.600174       2.680013      -1.002780      -4.500684     -11.412002     -26.162907     -89.999229      10.924160      89.995087    -113.066872       3.808732     -95.994370      62.888802     -63.893776     120.864594       0.346661     -82.547470       0.310981      70.131302      -2.759566      -0.878627       0.462287      15.797819     -15.483493     -89.999779       9.237905      89.993500      67.857079      33.740520    -210.363480      91.134583      15.287717      90.230064     -15.258236     -12.354299      13.738475    -142.083755      86.467201     -33.549286       0.676521      -2.457792     -21.414833      -4.589251      36.683369     -94.861526     -88.792961     -25.165947      89.745636      -3.835338      -5.136616       4.679746    -344.046295     -86.237091    -172.318207      -6.050201       4.864284     -15.207073
     -57.765217       5.195494    -121.464775      68.415062      26.486870     217.653061      35.174641     -72.376129     127.949715      12.361988     -19.955137       0.505187       6.579208      -4.358269     -24.502390      11.468845      40.559475      -6.972127      -3.341849      12.916589      -3.180348     114.095139      -3.855371    -106.703529      -8.232529     -12.368929      65.594292       0.000636      -1.825934      -0.001629     -67.739616       2.684665      -0.996455      -4.488061     -11.372010     -26.090321     -89.999237      11.003629      89.995102    -113.121552       3.825523     -96.195686      62.808369     -63.919552     120.857437       0.350787     -82.628273       0.315105      70.225868      -2.762346      -0.874344       0.494850      15.790262     -15.587740     -89.999771       9.345601      89.993530      67.410423      33.940338    -210.148468      91.135124      15.074800      90.229828     -15.323417     -12.521374      13.647184    -141.167572      86.534546     -34.582260       0.690059      -2.416194     -21.500441      -4.102510      36.527546     -95.186630     -88.851334     -24.997766      89.758545      -3.884735      -4.872691       4.531101    -343.032715     -86.421448    -171.322662      -6.046299       4.798176     -15.286051
     -57.758495       5.168182    -121.448990      68.427254      26.672359     217.960266      34.560242     -72.367065     127.212494      12.474861     -19.878654       0.408338       6.591954      -4.185284     -24.518265      11.393730      40.402695      -6.547226      -3.105072      12.933088      -3.622869     114.101639      -3.840964    -106.529968      -8.156384     -12.348211      65.628883       0.000533      -1.711308      -0.001723     -67.878624       2.689247      -0.990150      -4.472818     -11.332968     -26.008802     -89.999229      11.081775      89.995110    -113.171661       3.842968     -96.385414      62.741177     -63.949860     120.858040       0.354971     -82.706680       0.319269      70.319916      -2.765125      -0.870047       0.524421      15.783377     -15.690715     -89.999763       9.451513      89.993538      66.994293      34.110428    -209.932861      91.269569      14.856462      90.255272     -15.380995     -12.658438      13.568943    -140.400360      86.588463     -35.457851       0.700754      -2.386576     -21.576855      -3.634135      36.392120     -95.503311     -88.881035     -24.846424      89.765358      -3.925588      -4.620044       4.392195    -341.956329     -86.593361    -170.254791      -6.043153       4.729563     -15.364331
     -57.751026       5.142259    -121.433594      68.437454      26.879278     218.256668      33.948277     -72.350639     126.458000      12.592407     -19.812527       0.314000       6.609235      -4.019089     -24.528605      11.323295      40.244904      -6.136620      -2.873355      12.957196      -4.046904     114.107849      -3.827080    -106.364716      -8.078551     -12.326622      65.663322       0.000396      -1.586083      -0.001892     -68.019279       2.693876      -0.983836      -4.462064     -11.293568     -25.941378     -89.999237      11.158621      89.995117    -113.217773       3.859604     -96.565285      62.682156     -63.982540     120.862793       0.358771     -82.782921       0.323075      70.413277      -2.767897      -0.865756       0.551171      15.777153     -15.792492     -89.999763       9.555648      89.993553      66.538254      34.361706    -209.696472      91.198227      14.631032      90.241257     -15.434071     -12.839311      13.480740    -139.202682      86.667580     -36.769550       0.717551      -2.321793     -21.659897      -3.164948      36.286327     -95.803650     -88.895042     -24.696987      89.768806      -3.962649      -4.371412       4.257116    -340.783508     -86.760262    -169.082947      -6.040341       4.660276     -15.442115
     -57.750813       5.121020    -121.419907      68.423950      26.976290     218.529663      33.510319     -72.321815     125.936707      12.698819     -19.703497       0.247413       6.614908      -3.851636     -24.528898      11.253002      40.086773      -5.737801      -2.649690      12.978072      -4.455699     114.112877      -3.815795    -106.208618      -7.990311     -12.310447      65.711227       0.000273      -1.466855      -0.002002     -68.159508       2.698423      -0.977547      -4.448311     -11.254123     -25.864616     -89.999245      11.234167      89.995140    -113.261925       3.881425     -96.740791      62.635715     -64.019760     120.876411       0.362888     -82.860092       0.327158      70.505074      -2.770629      -0.861520       0.575605      15.771525     -15.901816     -89.999733       9.658031      89.993553      66.010315      34.571407    -209.394455      91.163780      14.389829      90.234276     -15.466919     -13.014219      13.389993    -137.974991      86.744560     -38.102703       0.733011      -2.254089     -21.736277      -2.831596      36.144718     -96.093452     -88.901314     -24.597191      89.770683      -3.999855      -4.144432       4.131821    -339.497803     -86.932800    -167.808502      -6.037247       4.598465     -15.516217
     -57.758911       5.108179    -121.409821      68.375519      26.959120     218.761581      33.295494     -72.260056     125.680054      12.806170     -19.556982       0.228847       6.606570      -3.660710     -24.501015      11.178494      39.931850      -5.353840      -2.439814      12.986426      -4.847305     114.116600      -3.809196    -106.058846      -7.883698     -12.297630      65.774940       0.000114      -1.324396      -0.002326     -68.302261       2.703237      -0.971039      -4.439981     -11.214773     -25.808546     -89.999222      11.308445      89.995125    -113.304359       3.912323     -96.911774      62.601093     -64.063774     120.900970       0.366962     -82.938911       0.331211      70.595467      -2.773319      -0.857323       0.595499      15.767083     -16.009722     -89.999733       9.758701      89.993546      65.467506      34.743473    -209.081650      91.149338      14.166492      90.230934     -15.463290     -13.224228      13.272578    -136.428101      86.836113     -39.746105       0.749865      -2.167091     -21.805695      -2.679728      36.005722     -96.348618     -88.904167     -24.563046      89.771599      -4.040155      -3.925803       4.008920    -338.107117     -87.099785    -166.460571      -6.033952       4.545291     -15.587287
     -57.765949       5.099728    -121.401405      68.329872      26.943016     218.962036      33.143177     -72.187965     125.463707      12.916282     -19.421316       0.218669       6.603109      -3.467214     -24.456638      11.108305      39.778225      -4.985069      -2.234897      12.999243      -5.225086     114.119980      -3.803005    -105.914886      -7.774261     -12.289832      65.840553       0.000002      -1.198353      -0.002423     -68.443253       2.707806      -0.964651      -4.424782     -11.169909     -25.732954     -89.999222      11.381488      89.995132    -113.343010       3.942314     -97.070900      62.573193     -64.112396     120.930641       0.371031     -83.016510       0.335266      70.684792      -2.775975      -0.853168       0.612530      15.763368     -16.115055     -89.999733       9.857691      89.993568      64.979340      34.919556    -208.791489      91.143585      13.944687      90.229324     -15.447282     -13.437602      13.150579    -134.742981      86.928856     -41.522049       0.766452      -2.073017     -21.868355      -2.567358      35.889378     -96.560249     -88.905502     -24.534086      89.772064      -4.076566      -3.701300       3.885452    -336.671509     -87.242950    -165.069748      -6.030946       4.487072     -15.660292
     -57.771629       5.094027    -121.393738      68.294258      26.924919     219.135590      33.038647     -72.113014     125.280556      13.023842     -19.292206       0.213319       6.601341      -3.278508     -24.402712      11.044586      39.625164      -4.631055      -2.032576      13.016253      -5.591526     114.123047      -3.797068    -105.775078      -7.663148     -12.282017      65.903221      -0.000117      -1.067187      -0.002582     -68.584229       2.712414      -0.958214      -4.410522     -11.127322     -25.664568     -89.999229      11.453300      89.995148    -113.378250       3.970196     -97.219360      62.549614     -64.164345     120.963562       0.374984     -83.092728       0.339229      70.773499      -2.778603      -0.849053       0.628426      15.759917     -16.218828     -89.999718       9.955029      89.993568      64.520386      35.098633    -208.510620      91.141769      13.737323      90.228493     -15.430736     -13.647804      13.030623    -132.960510      87.018211     -43.393757       0.783160      -1.978503     -21.928745      -2.479413      35.780853     -96.738052     -88.905891     -24.506300      89.772255      -4.109453      -3.475529       3.763003    -335.175476     -87.370438    -163.610413      -6.028255       4.425530     -15.734323
     -57.775997       5.089722    -121.386421      68.269875      26.903759     219.286728      32.973133     -72.038704     125.129517      13.126217     -19.166157       0.211905       6.595453      -3.097424     -24.343967      10.988349      39.474285      -4.295288      -1.834027      13.033534      -5.943969     114.125839      -3.790146    -105.635422      -7.556902     -12.268614      65.956856      -0.000236      -0.931471      -0.002691     -68.724297       2.717017      -0.951746      -4.399523     -11.084134     -25.610279     -89.999229      11.523934      89.995148    -113.410339       3.995180     -97.358345      62.521202     -64.215324     120.993385       0.379095     -83.166870       0.343317      70.861221      -2.781209      -0.844971       0.643562      15.756596     -16.320696     -89.999710      10.050748      89.993561      64.079285      35.279484    -208.232864      91.141586      13.546679      90.228020     -15.417316     -13.855714      12.912357    -131.080948      87.103508     -45.363918       0.800050      -1.886193     -21.990108      -2.406111      35.675331     -96.890564     -88.905960     -24.478601      89.772354      -4.139556      -3.249200       3.641036    -333.598114     -87.487801    -162.055222      -6.025791       4.362126     -15.808741
     -57.779144       5.081685    -121.379478      68.263100      26.890993     219.407150      33.001160     -71.959007     125.090721      13.212958     -19.036877       0.192648       6.569140      -2.929652     -24.293825      10.942020      39.331970      -3.991477      -1.645119      13.043631      -6.269725     114.128441      -3.775022    -105.489616      -7.479878     -12.246155      65.984741      -0.000268      -0.836250      -0.002366     -68.856194       2.721063      -0.945695      -4.381594     -11.043806     -25.541565     -89.999222      11.593364      89.995163    -113.438553       4.015195     -97.485626      62.463795     -64.252068     121.001816       0.383175     -83.236343       0.347293      70.948280      -2.783805      -0.840930       0.659357      15.753034     -16.421581     -89.999710      10.144853      89.993576      63.661556      35.462986    -207.928391      91.142014      13.331760      90.227776     -15.403779     -14.046071      12.809587    -129.169479      87.182259     -47.362415       0.816447      -1.793605     -22.047983      -2.283309      35.672741     -97.055428     -88.723747     -24.486256      89.734772      -4.142259      -3.031548       3.541243    -331.926971     -87.590385    -160.385147      -6.024903       4.282989     -15.886042
     -57.781227       5.077790    -121.372849      68.255600      26.863548     219.521057      32.986038     -71.901367     125.006790      13.292382     -18.911171       0.193372       6.532494      -2.784374     -24.235460      10.901932      39.198338      -3.714556      -1.466303      13.051892      -6.570204     114.130814      -3.753886    -105.341660      -7.425297     -12.214890      65.988647      -0.000295      -0.747132      -0.002024     -68.984550       2.725096      -0.939661      -4.366129     -11.008758     -25.484200     -89.999214      11.661626      89.995171    -113.462654       4.030700     -97.598503      62.382946     -64.276291     120.992226       0.386927     -83.300751       0.350925      71.035034      -2.786414      -0.836920       0.676014      15.749190     -16.523321     -89.999695      10.237383      89.993561      63.270138      35.621513    -207.658508      91.244255      13.156685      90.246704     -15.395277     -14.223286      12.713319    -127.334564      87.250015     -49.285763       0.831585      -1.717527     -22.106256      -2.243267      35.535629     -97.157143     -88.811996     -24.446035      89.752876      -4.196807      -2.790096       3.390509    -329.675568     -87.738625    -158.128235      -6.021283       4.233434     -15.957731
     -57.784161       5.076879    -121.367027      68.243004      26.853363     219.631958      32.965446     -71.849693     124.895065      13.367891     -18.782108       0.191873       6.499312      -2.657592     -24.160065      10.868738      39.071747      -3.460142      -1.294796      13.065305      -6.846573     114.132805      -3.727737    -105.200394      -7.390478     -12.185448      65.980751      -0.000293      -0.696324      -0.001362     -69.107048       2.728665      -0.933970      -4.342274     -10.970490     -25.399467     -89.999222      11.728748      89.995193    -113.482864       4.043202     -97.696175      62.285580     -64.289543     120.968704       0.390581     -83.362000       0.354439      71.121613      -2.789028      -0.832921       0.693995      15.744913     -16.627542     -89.999687      10.328366      89.993561      62.852924      35.826790    -207.375809      91.188568      12.964347      90.235794     -15.371754     -14.420056      12.606750    -125.111168      87.324829     -51.595737       0.848949      -1.621549     -22.165058      -2.195342      35.444801     -97.260391     -88.860886     -24.414814      89.763176      -4.220209      -2.569216       3.270940    -327.913422     -87.826195    -156.320633      -6.018901       4.171334     -16.029812
     -57.786777       5.076142    -121.361610      68.235649      26.846592     219.729813      32.959332     -71.803368     124.800110      13.435609     -18.654762       0.186075       6.459894      -2.548708     -24.082556      10.840470      38.951706      -3.225008      -1.130558      13.082826      -7.101943     114.134132      -3.699488    -105.066727      -7.368401     -12.154341      65.963364      -0.000273      -0.654382      -0.000768     -69.226379       2.732192      -0.928378      -4.319999     -10.937003     -25.315586     -89.999222      11.794764      89.995201    -113.500015       4.053502     -97.781059      62.179653     -64.295631     120.936768       0.394159     -83.420662       0.357880      71.207909      -2.791650      -0.828927       0.712471      15.740456     -16.732958     -89.999687      10.417830      89.993576      62.458801      36.025097    -207.102646      91.162773      12.780874      90.230583     -15.346421     -14.604811      12.506293    -122.902206      87.391502     -53.887535       0.864941      -1.531990     -22.219221      -2.147457      35.368683     -97.353996     -88.885170     -24.389074      89.768341      -4.235859      -2.355053       3.157449    -326.115784     -87.903732    -154.463425      -6.017240       4.106298     -16.101221
     -57.788826       5.075197    -121.356598      68.234436      26.841871     219.813187      32.970871     -71.760002     124.727776      13.496915     -18.531504       0.177373       6.413690      -2.454654     -24.007156      10.816436      38.837467      -3.006457      -0.972669      13.104788      -7.338634     114.134857      -3.670985    -104.940857      -7.355096     -12.120111      65.938942      -0.000264      -0.611645      -0.000301     -69.344360       2.735765      -0.922811      -4.299863     -10.904357     -25.235186     -89.999229      11.859663      89.995216    -113.514717       4.061799     -97.855110      62.069103     -64.296700     120.899292       0.397669     -83.477341       0.361256      71.293808      -2.794213      -0.824943       0.730836      15.735979     -16.838861     -89.999687      10.505782      89.993584      62.077007      36.225033    -206.832748      91.152290      12.610393      90.228294     -15.321617     -14.785915      12.408607    -120.613029      87.452911     -56.259830       0.880846      -1.445370     -22.273365      -2.101521      35.295517     -97.433998     -88.896370     -24.365112      89.770744      -4.249356      -2.142614       3.044825    -324.166290     -87.980003    -152.444366      -6.015798       4.040937     -16.171898
     -57.790703       5.075034    -121.352036      68.234482      26.841761     219.887451      32.988926     -71.718979     124.659637      13.555096     -18.411781       0.168033       6.364788      -2.372523     -23.929781      10.796976      38.728134      -2.802469      -0.819551      13.131500      -7.559354     114.135117      -3.642252    -104.823082      -7.350766     -12.088296      65.911949      -0.000233      -0.589145       0.000235     -69.457901       2.739083      -0.917501      -4.277361     -10.873096     -25.141012     -89.999222      11.923479      89.995224    -113.527313       4.068600     -97.919647      61.954926     -64.293610     120.857315       0.401103     -83.532616       0.364578      71.379181      -2.796765      -0.820979       0.748733      15.731586     -16.944874     -89.999664      10.592276      89.993576      61.703915      36.427982    -206.560852      91.148407      12.432920      90.227303     -15.291062     -14.957153      12.319369    -118.273346      87.508652     -58.679096       0.896255      -1.359329     -22.324333      -2.060676      35.225876     -97.502014     -88.901443     -24.341999      89.771889      -4.262089      -1.933318       2.933613    -322.056030     -88.054680    -150.256607      -6.014430       3.976351     -16.241558
     -57.792431       5.075045    -121.347794      68.236450      26.845156     219.954147      33.014893     -71.679543     124.600189      13.609946     -18.294241       0.156304       6.313146      -2.300921     -23.852533      10.780872      38.622910      -2.610326      -0.670768      13.162053      -7.766556     114.134949      -3.614447    -104.712921      -7.352485     -12.055910      65.882851      -0.000224      -0.571394       0.000688     -69.569359       2.742381      -0.912274      -4.255278     -10.842606     -25.044809     -89.999229      11.986229      89.995216    -113.538284       4.074301     -97.976593      61.838928     -64.287270     120.812195       0.404399     -83.586807       0.367791      71.464020      -2.799289      -0.817018       0.766161      15.727269     -17.050644     -89.999664      10.677307      89.993584      61.337612      36.633331    -206.290558      91.147278      12.258744      90.226830     -15.258035     -15.123966      12.233994    -115.851891      87.559448     -61.178566       0.911591      -1.273489     -22.373775      -2.020724      35.159859     -97.562462     -88.903450     -24.319683      89.772400      -4.274833      -1.723508       2.821010    -319.753967     -88.127571    -147.869614      -6.013156       3.912294     -16.310457
     -57.793888       5.074152    -121.343925      68.240402      26.850349     220.013672      33.054680     -71.639641     124.563652      13.661289     -18.179075       0.140042       6.256844      -2.238050     -23.781399      10.767005      38.521255      -2.428014      -0.526334      13.195959      -7.961361     114.134399      -3.588354    -104.610016      -7.357592     -12.020419      65.852104      -0.000219      -0.547216       0.000978     -69.680679       2.745789      -0.907021      -4.235296     -10.811793     -24.952227     -89.999222      12.047927      89.995216    -113.548004       4.078947     -98.027740      61.723366     -64.278702     120.765434       0.407848     -83.640182       0.371149      71.548340      -2.801781      -0.813091       0.783028      15.723063     -17.155739     -89.999649      10.760923      89.993584      60.975494      36.840633    -206.020370      91.147278      12.091390      90.226593     -15.225325     -15.290080      12.149462    -113.321144      87.605690     -63.787437       0.927141      -1.187177     -22.423180      -1.976396      35.102516     -97.620308     -88.904373     -24.299335      89.772697      -4.287262      -1.512795       2.706763    -317.264221     -88.197563    -145.285477      -6.011878       3.848351     -16.378689
     -57.795319       5.073213    -121.340469      68.242752      26.858788     220.068954      33.101040     -71.598930     124.537369      13.711419     -18.066292       0.121409       6.198429      -2.181658     -23.712847      10.755827      38.422626      -2.254576      -0.385150      13.233179      -8.145634     114.133568      -3.563221    -104.513977      -7.367782     -11.987543      65.822739      -0.000199      -0.539154       0.001345     -69.788383       2.748973      -0.901987      -4.213715     -10.782119     -24.848553     -89.999222      12.108594      89.995216    -113.556679       4.082768     -98.073761      61.607727     -64.268150     120.717033       0.411500     -83.692986       0.374707      71.632042      -2.804256      -0.809169       0.799166      15.719028     -17.259947     -89.999649      10.843151      89.993584      60.618408      37.047993    -205.745041      91.147652      11.910515      90.226440     -15.186941     -15.446167      12.073547    -110.754997      87.646278     -66.427521       0.942206      -1.099841     -22.468803      -1.931496      35.057079     -97.675659     -88.904694     -24.281263      89.772911      -4.298723      -1.306201       2.594619    -314.630157     -88.262527    -142.549744      -6.010685       3.785142     -16.445721
     -57.796169       5.071130    -121.337135      68.249306      26.861837     220.115967      33.162151     -71.559067     124.541191      13.756671     -17.956554       0.098207       6.134054      -2.131773     -23.652170      10.746172      38.326401      -2.087967      -0.247157      13.272793      -8.320930     114.132416      -3.540591    -104.423477      -7.378157     -11.953483      65.794662      -0.000185      -0.525656       0.001553     -69.895462       2.752238      -0.896956      -4.193299     -10.752647     -24.746778     -89.999222      12.168240      89.995224    -113.564606       4.085808     -98.116249      61.493137     -64.256294     120.667885       0.415020     -83.745193       0.378168      71.715195      -2.806695      -0.805274       0.814755      15.715102     -17.363062     -89.999634      10.923979      89.993584      60.308903      37.216068    -205.493286      91.301765      11.738629      90.255020     -15.150420     -15.566677      12.012713    -108.642525      87.675323     -68.609108       0.953820      -1.032170     -22.508430      -1.887825      35.011181     -97.726265     -88.904785     -24.264151      89.773026      -4.308977      -1.102949       2.484176    -311.864319     -88.321762    -139.677856      -6.009595       3.722469     -16.511627
     -57.797184       5.070279    -121.334335      68.253479      26.876799     220.159164      33.226429     -71.516037     124.534973      13.804805     -17.850363       0.077807       6.072067      -2.084815     -23.589207      10.739105      38.232487      -1.928461      -0.111372      13.316121      -8.487750     114.131210      -3.518706    -104.339111      -7.394122     -11.919474      65.765930      -0.000179      -0.520640       0.001808     -70.001045       2.755358      -0.892086      -4.172052     -10.722748     -24.641718     -89.999222      12.226892      89.995232    -113.571617       4.088166     -98.154297      61.379002     -64.242905     120.617737       0.418553     -83.797028       0.381637      71.797714      -2.809105      -0.801393       0.829797      15.711291     -17.465353     -89.999619      11.003469      89.993584      59.928299      37.453259    -205.193848      91.220955      11.551539      90.239700     -15.106990     -15.736235      11.941097    -105.563728      87.709938     -71.762802       0.971682      -0.929886     -22.555872      -1.842359      34.982418     -97.771561     -88.904762     -24.248631      89.773178      -4.318759      -0.904706       2.376633    -308.975739     -88.375046    -136.682617      -6.008616       3.660715     -16.576353
     -57.797920       5.062762    -121.331749      68.260506      26.891710     220.198013      33.334343     -71.462845     124.620613      13.846376     -17.743635       0.032478       5.995471      -2.042601     -23.554728      10.730833      38.140549      -1.773075       0.019717      13.360050      -8.645689     114.129631      -3.498035    -104.261650      -7.409503     -11.886173      65.741264      -0.000179      -0.511678       0.001951     -70.106674       2.758543      -0.887194      -4.151971     -10.692752     -24.537584     -89.999222      12.284559      89.995232    -113.578529       4.089909     -98.192139      61.270752     -64.229301     120.569450       0.421927     -83.848557       0.384976      71.879768      -2.811482      -0.797527       0.844126      15.707639     -17.565725     -89.999611      11.081621      89.993584      59.579693      37.656082    -204.886688      91.180687      11.338597      90.231926     -15.066257     -15.875274      11.881123    -102.812698      87.735191     -74.581322       0.986970      -0.833540     -22.595249      -1.746376      35.030781     -97.854225     -88.806313     -24.260042      89.752953      -4.328767      -0.701080       2.264868    -305.199738     -88.437302    -132.800369      -6.008034       3.594990     -16.642405
     -57.798851       5.060863    -121.328903      68.264481      26.900557     220.242599      33.390293     -71.423790     124.624466      13.890319     -17.636930       0.008160       5.927236      -2.006149     -23.502598      10.723840      38.049408      -1.621154       0.149404      13.406045      -8.798551     114.128105      -3.481977    -104.186806      -7.419536     -11.847249      65.717957      -0.000226      -0.478270       0.001803     -70.214905       2.762022      -0.882096      -4.135190     -10.660563     -24.443174     -89.999214      12.341266      89.995232    -113.584915       4.091825     -98.227547      61.159241     -64.213211     120.518265       0.425510     -83.899651       0.388501      71.961060      -2.813850      -0.793698       0.858047      15.704068     -17.665619     -89.999611      11.158465      89.993591      59.244072      37.848919    -204.616394      91.163017      11.160821      90.228333     -15.026628     -16.017025      11.815643    -100.067993      87.754372     -77.395622       1.001843      -0.745046     -22.636152      -1.709124      34.982380     -97.897270     -88.857674     -24.237537      89.763557      -4.341493      -0.510821       2.160057    -302.066010     -88.479080    -129.554504      -6.006587       3.539408     -16.703518
     -57.799786       5.060751    -121.326187      68.269829      26.913101     220.282043      33.449245     -71.386429     124.617897      13.933799     -17.532557      -0.013190       5.863477      -1.971861     -23.443642      10.719023      37.959301      -1.473628       0.278213      13.454837      -8.946456     114.126564      -3.467868    -104.116066      -7.429926     -11.809413      65.697449      -0.000253      -0.453975       0.001766     -70.321129       2.765316      -0.877143      -4.116981     -10.629288     -24.340385     -89.999207      12.397002      89.995224    -113.590767       4.093681     -98.260040      61.046734     -64.195633     120.465607       0.429314     -83.950691       0.392233      72.041801      -2.816204      -0.789899       0.871986      15.700448     -17.764984     -89.999611      11.234024      89.993591      58.915539      38.042625    -204.346939      91.156052      10.978192      90.226784     -14.980520     -16.149206      11.758501     -97.365593      87.767967     -80.164230       1.016023      -0.658431     -22.674240      -1.677096      34.941151     -97.932030     -88.883362     -24.217896      89.768890      -4.346886      -0.331411       2.065127    -299.300964     -88.505669    -126.687820      -6.006035       3.479960     -16.764328
     -57.800602       5.060685    -121.323578      68.277252      26.927397     220.316986      33.514210     -71.349564     124.616173      13.975684     -17.430529      -0.035294       5.800216      -1.940724     -23.384882      10.715585      37.870323      -1.330111       0.405636      13.505741      -9.089825     114.124977      -3.455348    -104.049393      -7.440115     -11.770546      65.678062      -0.000280      -0.427766       0.001715     -70.427132       2.768600      -0.872213      -4.099164     -10.598047     -24.239742     -89.999207      12.451828      89.995224    -113.596130       4.095415     -98.289925      60.935513     -64.177490     120.413010       0.432985     -84.001511       0.395861      72.122032      -2.818536      -0.786119       0.885786      15.696816     -17.863525     -89.999596      11.308321      89.993591      58.591072      38.235970    -204.077545      91.153748      10.797874      90.226112     -14.933207     -16.277523      11.705002     -94.659225      87.776337     -82.935875       1.030210      -0.571883     -22.711290      -1.641413      34.909569     -97.965782     -88.895294     -24.201237      89.771446      -4.354244      -0.146547       1.965814    -296.268616     -88.529991    -123.565269      -6.005645       3.419585     -16.825636
     -57.801262       5.060236    -121.321075      68.285919      26.942286     220.348389      33.584141     -71.312653     124.622498      14.016317     -17.331001      -0.058280       5.735974      -1.912342     -23.328989      10.713263      37.782455      -1.190288       0.531598      13.558258      -9.229076     114.123314      -3.444036    -103.986282      -7.450087     -11.731152      65.659683      -0.000307      -0.400370       0.001657     -70.532829       2.771870      -0.867283      -4.081655     -10.566684     -24.139954     -89.999199      12.505726      89.995224    -113.601105       4.096924     -98.317657      60.826149     -64.159203     120.360962       0.436703     -84.052078       0.399545      72.201691      -2.820837      -0.782368       0.899257      15.693256     -17.961058     -89.999588      11.381384      89.993584      58.269737      38.427555    -203.806015      91.153244      10.616573      90.225800     -14.885324     -16.402170      11.654838     -91.957161      87.779610     -85.702187       1.044390      -0.484734     -22.747362      -1.602756      34.886238     -97.999367     -88.900391     -24.186954      89.772575      -4.362407       0.036617       1.867345    -293.101288     -88.550461    -120.313385      -6.005194       3.359306     -16.886612
     -57.801712       5.059139    -121.318611      68.296921      26.956438     220.376511      33.658745     -71.276039     124.638702      14.055212     -17.233479      -0.082256       5.669853      -1.886644     -23.277704      10.711300      37.695381      -1.053156       0.655881      13.611761      -9.364692     114.121559      -3.434583    -103.926010      -7.457223     -11.688534      65.641754      -0.000362      -0.357787       0.001474     -70.640427       2.775288      -0.862230      -4.066875     -10.533615     -24.049509     -89.999191      12.558727      89.995216    -113.605835       4.098221     -98.344048      60.718769     -64.140778     120.309448       0.440463     -84.102303       0.403271      72.280800      -2.823136      -0.778631       0.912464      15.689744     -18.057655     -89.999588      11.453213      89.993591      57.950947      38.616966    -203.535355      91.153435      10.442540      90.225609     -14.840303     -16.528219      11.603581     -89.228058      87.777687     -88.496590       1.058952      -0.396779     -22.784264      -1.561654      34.864574     -98.032288     -88.902710     -24.173525      89.773140      -4.370629       0.216698       1.770710    -289.871490     -88.566124    -117.003014      -6.004796       3.299476     -16.946932
     -57.802238       5.058386    -121.316284      68.306030      26.972202     220.404327      33.730564     -71.239677     124.650963      14.094423     -17.137735      -0.105522       5.604679      -1.862541     -23.226326      10.710552      37.608994      -0.918986       0.779261      13.666797      -9.497083     114.119804      -3.425640    -103.868736      -7.464985     -11.648582      65.626419      -0.000389      -0.327242       0.001432     -70.745857       2.778494      -0.857317      -4.050164     -10.501958     -23.950155     -89.999199      12.610840      89.995209    -113.610245       4.099391     -98.368835      60.612350     -64.122063     120.258072       0.444247     -84.152390       0.407023      72.359291      -2.825401      -0.774922       0.925327      15.686293     -18.153282     -89.999580      11.523842      89.993599      57.636471      38.802979    -203.261108      91.153770      10.254787      90.225464     -14.790029     -16.644512      11.560705     -86.580940      87.771126     -91.205193       1.072943      -0.308262     -22.817942      -1.521338      34.849327     -98.064774     -88.903656     -24.161295      89.773407      -4.379340       0.392941       1.676305    -286.617126     -88.576828    -113.673187      -6.004454       3.240545     -17.006504
     -57.802296       5.056655    -121.313889      68.318748      26.981314     220.427292      33.810329     -71.204582     124.683708      14.130054     -17.044388      -0.131337       5.535966      -1.840694     -23.180935      10.710115      37.523098      -0.786876       0.901376      13.722290      -9.626958     114.117950      -3.418229    -103.813225      -7.470257     -11.607473      65.612419      -0.000437      -0.289885       0.001320     -70.851334       2.781757      -0.852374      -4.034396     -10.470460     -23.854534     -89.999184      12.662086      89.995209    -113.614540       4.100359     -98.392982      60.507648     -64.103477     120.207329       0.448122     -84.202179       0.410873      72.437256      -2.827638      -0.771226       0.938003      15.682862     -18.247856     -89.999565      11.593289      89.993591      57.371948      38.949646    -203.016037      91.310783      10.076667      90.254272     -14.742733     -16.724684      11.532987     -84.547035      87.762802     -93.296349       1.083430      -0.239753     -22.846159      -1.482976      34.828365     -98.094482     -88.903999     -24.149040      89.773521      -4.385637       0.557036       1.588761    -283.774628     -88.580017    -110.758514      -6.004026       3.181354     -17.065113
     -57.802639       5.055542    -121.311859      68.327873      27.001181     220.450851      33.888550     -71.165947     124.704491      14.169208     -16.953024      -0.154887       5.470108      -1.818512     -23.134790      10.710672      37.437958      -0.657567       1.022484      13.779220      -9.753769     114.116180      -3.410858    -103.760338      -7.477215     -11.563860      65.596703      -0.000479      -0.247341       0.001213     -70.957832       2.785037      -0.847392      -4.020129     -10.437102     -23.766613     -89.999176      12.712468      89.995216    -113.618507       4.101032     -98.415504      60.404388     -64.084663     120.156944       0.452029     -84.251778       0.414752      72.514648      -2.829847      -0.767564       0.950515      15.679434     -18.341728     -89.999565      11.661566      89.993599      57.027966      39.160152    -202.722778      91.228729       9.893336      90.238892     -14.691807     -16.863113      11.487075     -81.511482      87.744041     -96.397461       1.100729      -0.136713     -22.884523      -1.440262      34.815132     -98.122978     -88.904144     -24.137011      89.773689      -4.384132       0.685329       1.522603    -282.244904     -88.572510    -109.166603      -6.003697       3.121446     -17.121420
     -57.803352       5.049290    -121.310196      68.333328      27.026136     220.476532      33.998775     -71.116600     124.791473      14.205197     -16.858969      -0.201407       5.397640      -1.796909     -23.107376      10.710200      37.353180      -0.529284       1.141201      13.836477      -9.876562     114.114296      -3.403072    -103.711861      -7.483859     -11.524178      65.585869      -0.000521      -0.215996       0.001231     -71.062492       2.788159      -0.842517      -4.004051     -10.405502     -23.670078     -89.999176      12.762012      89.995209    -113.622604       4.101593     -98.438980      60.305599     -64.065994     120.108368       0.456051     -84.301414       0.418744      72.591591      -2.832022      -0.763914       0.962736      15.676069     -18.434109     -89.999550      11.728716      89.993599      56.716064      39.341923    -202.429230      91.187691       9.677364      90.231117     -14.633879     -16.966330      11.457530     -78.960701      87.724030     -99.003494       1.114654      -0.040062     -22.913094      -1.343082      34.885380     -98.194130     -88.769730     -24.154659      89.746284      -4.367437       0.796263       1.477214    -281.576141     -88.555672    -108.454697      -6.004804       3.051614     -17.179356
     -57.804012       5.046117    -121.308350      68.334991      27.040474     220.508209      34.065434     -71.077568     124.826324      14.244081     -16.767281      -0.229734       5.325354      -1.778266     -23.075573      10.709908      37.269001      -0.403002       1.258515      13.893435      -9.996921     114.112411      -3.396632    -103.664047      -7.488940     -11.483272      65.575752      -0.000554      -0.179440       0.001182     -71.166763       2.791317      -0.837628      -3.988568     -10.374064     -23.576679     -89.999161      12.810732      89.995201    -113.626579       4.102263     -98.461998      60.206615     -64.046806     120.059357       0.460070     -84.350571       0.422732      72.667778      -2.834189      -0.760296       0.974316      15.672873     -18.525267     -89.999542      11.794729      89.993599      56.418652      39.504814    -202.160172      91.169785       9.478104      90.227531     -14.579351     -17.063551      11.428762     -76.610359      87.700821    -101.408234       1.127908       0.049736     -22.939770      -1.310578      34.849789     -98.224762     -88.837753     -24.135206      89.760101      -4.393495       0.947909       1.387106    -277.923035     -88.559219    -104.787079      -6.003688       3.006667     -17.233992
     -57.804688       5.043954    -121.306488      68.338890      27.056667     220.537460      34.135956     -71.039810     124.856514      14.281232     -16.675325      -0.259279       5.257212      -1.759936     -23.037907      10.710254      37.184723      -0.277866       1.375422      13.951071     -10.115869     114.110603      -3.391948    -103.616920      -7.491155     -11.437624      65.564369      -0.000610      -0.121872       0.000910     -71.273026       2.794702      -0.832577      -3.977324     -10.343633     -23.500874     -89.999146      12.858620      89.995201    -113.630440       4.103005     -98.484344      60.106800     -64.026672     120.009453       0.464145     -84.399574       0.426781      72.743484      -2.836338      -0.756710       0.986176      15.669538     -18.616035     -89.999535      11.859634      89.993599      56.129913      39.667721    -201.907654      91.162720       9.301713      90.225914     -14.526815     -17.164164      11.397087     -74.301239      87.673279    -103.773552       1.141477       0.136885     -22.968042      -1.272435      34.824245     -98.256668     -88.873421     -24.118845      89.767517      -4.395962       1.066049       1.327460    -276.963501     -88.545929    -103.808113      -6.003263       2.951330     -17.288620
     -57.805252       5.041892    -121.305038      68.340202      27.075340     220.563156      34.215485     -70.998878     124.896866      14.319167     -16.586681      -0.289200       5.189888      -1.740488     -23.002026      10.711631      37.100811      -0.154808       1.491904      14.009992     -10.232980     114.108818      -3.387362    -103.571899      -7.493598     -11.395604      65.556145      -0.000648      -0.083122       0.000915     -71.376862       2.797774      -0.827721      -3.960788     -10.308540     -23.402529     -89.999146      12.905718      89.995193    -113.634102       4.103447     -98.505539      60.008259     -64.006676     119.959991       0.468283     -84.448387       0.430891      72.818649      -2.838485      -0.753132       0.997989      15.666193     -18.705996     -89.999535      11.923448      89.993614      55.841652      39.832783    -201.644867      91.160309       9.106409      90.225296     -14.464987     -17.254837      11.374911     -72.097984      87.643265    -106.030373       1.154072       0.223578     -22.994669      -1.233216      34.811035     -98.286606     -88.890411     -24.106295      89.771126      -4.392455       1.162135       1.282382    -276.884125     -88.528481    -103.726074      -6.003317       2.893872     -17.342537
     -57.805893       5.039352    -121.303688      68.340858      27.095032     220.588776      34.296314     -70.957428     124.942245      14.356427     -16.499008      -0.321805       5.121897      -1.722095     -22.968578      10.714520      37.015724      -0.031836       1.609677      14.071071     -10.350809     114.106995      -3.382843    -103.528503      -7.495885     -11.352788      65.547523      -0.000679      -0.040079       0.000871     -71.480492       2.800865      -0.822862      -3.945767     -10.276832     -23.312206     -89.999153      12.952029      89.995193    -113.637680       4.104399     -98.525879      59.911167     -63.986229     119.910789       0.472475     -84.496880       0.435055      72.893250      -2.840596      -0.749575       1.009647      15.662877     -18.795254     -89.999535      11.986209      89.993607      55.558758      39.994072    -201.385941      91.159630       8.913324      90.224953     -14.402955     -17.341513      11.356036     -69.985191      87.610130    -108.194633       1.166714       0.310781     -23.019138      -1.190345      34.802776     -98.319008     -88.897942     -24.096100      89.772774      -4.388597       1.247290       1.244454    -277.098419     -88.509651    -103.958961      -6.003518       2.836921     -17.396074
     -57.806412       5.035921    -121.302391      68.342773      27.114130     220.612442      34.382622     -70.914970     125.000168      14.392508     -16.412735      -0.356864       5.051842      -1.704603     -22.940161      10.717472      36.930603       0.090165       1.726576      14.132431     -10.467195     114.105148      -3.379251    -103.486450      -7.495350     -11.307076      65.538612      -0.000745       0.018634       0.000695     -71.585838       2.804119      -0.817860      -3.934126     -10.243613     -23.234360     -89.999146      12.997567      89.995201    -113.641197       4.105133     -98.545959      59.815922     -63.965843     119.862358       0.476705     -84.545044       0.439259      72.967392      -2.842686      -0.746040       1.021318      15.659525     -18.883638     -89.999512      12.047917      89.993599      55.278660      40.153080    -201.130310      91.159836       8.729404      90.224785     -14.344071     -17.430754      11.334826     -67.911446      87.573219    -110.321182       1.179749       0.398423     -23.044611      -1.144370      34.793873     -98.351799     -88.901245     -24.086617      89.773544      -4.386258       1.330047       1.208442    -277.324860     -88.490463    -104.222145      -6.003765       2.780887     -17.449692
     -57.807056       5.032812    -121.301262      68.341728      27.134932     220.636917      34.465851     -70.871849     125.054398      14.429519     -16.327991      -0.391847       4.982865      -1.687046     -22.911207      10.721292      36.845692       0.210457       1.843072      14.194524     -10.582071     114.103333      -3.375355    -103.445946      -7.495442     -11.264479      65.531578      -0.000786       0.064139       0.000672     -71.688873       2.807166      -0.813006      -3.919459     -10.211827     -23.145721     -89.999138      13.042335      89.995186    -113.644531       4.105755     -98.565208      59.721329     -63.945412     119.814140       0.480984     -84.593056       0.443513      73.040962      -2.844748      -0.742532       1.032796      15.656185     -18.971134     -89.999519      12.108598      89.993591      55.003578      40.308796    -200.872742      91.160202       8.531913      90.224648     -14.278814     -17.509985      11.322214     -65.965652      87.534760    -112.315758       1.192034       0.485957     -23.066879      -1.099810      34.789021     -98.384308     -88.902649     -24.077980      89.773911      -4.384563       1.405727       1.176973    -277.713409     -88.470505    -104.661629      -6.003985       2.725841     -17.503115
     -57.807003       5.028603    -121.300102      68.346611      27.149742     220.653397      34.563324     -70.828125     125.134750      14.463315     -16.247055      -0.429000       4.909512      -1.669618     -22.889133      10.725091      36.760891       0.329700       1.958710      14.256201     -10.696221     114.101433      -3.372409    -103.405151      -7.492952     -11.217647      65.522346      -0.000864       0.130097       0.000431     -71.793541       2.810429      -0.808007      -3.909604     -10.181910     -23.077017     -89.999146      13.086354      89.995193    -113.647865       4.105994     -98.584435      59.628510     -63.925545     119.766846       0.485262     -84.640533       0.447774      73.114098      -2.846797      -0.739047       1.044209      15.652847     -19.057657     -89.999512      12.168258      89.993599      54.756378      40.446739    -200.634796      91.268600       8.355447      90.244263     -14.221260     -17.575298      11.318014     -64.296837      87.497627    -114.034332       1.203352       0.561402     -23.088541      -1.056101      34.778168     -98.411461     -88.903267     -24.068922      89.774063      -4.384659       1.484851       1.143760    -277.960205     -88.450752    -104.968506      -6.004242       2.671781     -17.556854
     -57.807858       5.025915    -121.299080      68.344025      27.174532     220.678711      34.640484     -70.785072     125.179146      14.501067     -16.164837      -0.463938       4.842384      -1.652402     -22.859135      10.729909      36.676308       0.447218       2.073983      14.319004     -10.808290     114.099670      -3.368774    -103.367088      -7.491895     -11.175917      65.516922      -0.000892       0.173237       0.000504     -71.895706       2.813366      -0.803222      -3.893732     -10.147164     -22.984486     -89.999146      13.129643      89.995186    -113.650948       4.106490     -98.602493      59.535522     -63.904911     119.719185       0.489439     -84.688072       0.451945      73.186562      -2.848838      -0.735584       1.055471      15.649526     -19.143715     -89.999504      12.226917      89.993599      54.466969      40.612232    -200.365082      91.209755       8.150270      90.233284     -14.151565     -17.662708      11.302633     -62.304138      87.450066    -116.075539       1.216971       0.659353     -23.111767      -1.010285      34.779072     -98.444519     -88.903511     -24.061302      89.774193      -4.383088       1.553185       1.117233    -278.556488     -88.429413    -105.629814      -6.004469       2.618109     -17.610096
     -57.808327       5.017193    -121.298027      68.346916      27.198250     220.698959      34.756950     -70.731796     125.303246      14.534026     -16.082253      -0.519287       4.763063      -1.635498     -22.853868      10.732378      36.591969       0.564742       2.186213      14.379883     -10.917684     114.097710      -3.365138    -103.330521      -7.488263     -11.130979      65.511147      -0.000961       0.238257       0.000311     -71.999664       2.816554      -0.798256      -3.884252     -10.117542     -22.917524     -89.999138      13.172194      89.995186    -113.654419       4.106885     -98.622932      59.447842     -63.885170     119.674095       0.494090     -84.735298       0.456556      73.258713      -2.850835      -0.732131       1.066480      15.646259     -19.228054     -89.999519      12.284596      89.993599      54.205364      40.752388    -200.099747      91.182632       7.945618      90.228043     -14.090331     -17.733927      11.296374     -60.576912      87.404411    -117.848450       1.229584       0.751327     -23.130735      -0.923755      34.823532     -98.502998     -88.792465     -24.075853      89.751266      -4.369263       1.573375       1.121357    -280.101257     -88.402008    -107.256317      -6.005532       2.559220     -17.662395
     -57.809162       5.014861    -121.296989      68.341476      27.217701     220.727341      34.823219     -70.690636     125.342194      14.571703     -15.999689      -0.552110       4.695017      -1.619011     -22.825933      10.736515      36.507507       0.680807       2.299136      14.441342     -11.026936     114.095909      -3.362709    -103.292961      -7.483463     -11.088077      65.507637      -0.001008       0.289311       0.000324     -72.101326       2.819494      -0.793468      -3.869241     -10.083012     -22.828775     -89.999130      13.214036      89.995193    -113.657616       4.107584     -98.641991      59.355865     -63.864086     119.626572       0.498597     -84.782379       0.461036      73.330086      -2.852829      -0.728724       1.077322      15.643008     -19.312181     -89.999489      12.341308      89.993591      53.949596      40.891453    -199.858826      91.171318       7.749784      90.225769     -14.020902     -17.802872      11.290435     -58.953827      87.358078    -119.517029       1.241062       0.837318     -23.150110      -0.895136      34.789242     -98.526443     -88.850464     -24.056040      89.763191      -4.383631       1.674420       1.073292    -279.419647     -88.387856    -106.656311      -6.005126       2.514879     -17.715990
     -57.809814       5.012396    -121.295860      68.341835      27.237339     220.750534      34.899109     -70.650490     125.388626      14.606684     -15.919037      -0.587423       4.628044      -1.602610     -22.796432      10.741342      36.422997       0.795694       2.411904      14.502882     -11.135817     114.094109      -3.361041    -103.255455      -7.476604     -11.041189      65.501442      -0.001075       0.361487       0.000088     -72.204597       2.822686      -0.788504      -3.860134     -10.053296     -22.765127     -89.999123      13.255192      89.995178    -113.660721       4.108388     -98.660263      59.264370     -63.843037     119.579277       0.503129     -84.829254       0.465546      73.401093      -2.854813      -0.725333       1.088484      15.639615     -19.395784     -89.999481      12.397069      89.993599      53.699482      41.029789    -199.625641      91.167175       7.574018      90.224724     -13.958184     -17.876198      11.280678     -57.373417      87.308495    -121.143814       1.253424       0.923813     -23.169607      -0.858131      34.774113     -98.553406     -88.879478     -24.042953      89.769218      -4.383971       1.757109       1.038242    -279.836060     -88.366409    -107.134895      -6.005306       2.463641     -17.769749
     -57.810184       5.010163    -121.294907      68.342140      27.257410     220.769226      34.980534     -70.608871     125.440300      14.641917     -15.842038      -0.621419       4.561436      -1.585330     -22.767145      10.747274      36.338795       0.908743       2.524646      14.564879     -11.244187     114.092255      -3.358948    -103.218521      -7.470187     -10.998399      65.497360      -0.001124       0.414448       0.000125     -72.305527       2.825567      -0.783752      -3.845209     -10.019080     -22.678904     -89.999115      13.295640      89.995178    -113.663643       4.108931     -98.677399      59.173748     -63.822571     119.532631       0.507770     -84.875854       0.470172      73.471588      -2.856786      -0.721954       1.099536      15.636236     -19.478666     -89.999474      12.451883      89.993599      53.450371      41.168564    -199.380508      91.166008       7.379787      90.224365     -13.888476     -17.941690      11.278606     -55.869747      87.258186    -122.692352       1.264986       1.010402     -23.188570      -0.821182      34.770504     -98.577690     -88.892929     -24.033279      89.772079      -4.379197       1.828420       1.010187    -280.579193     -88.342842    -107.930901      -6.005723       2.411345     -17.822741
     -57.810425       5.007193    -121.293808      68.345680      27.276075     220.786636      35.062729     -70.568336     125.496994      14.675366     -15.766199      -0.657168       4.493428      -1.569040     -22.740463      10.753272      36.254574       1.020988       2.636739      14.626410     -11.352078     114.090363      -3.357487    -103.181641      -7.461008     -10.952506      65.491806      -0.001193       0.486054      -0.000023     -72.408073       2.828638      -0.778849      -3.835909      -9.987150     -22.612627     -89.999107      13.335412      89.995178    -113.666519       4.109491     -98.694366      59.084461     -63.802437     119.486740       0.512216     -84.922096       0.474624      73.541611      -2.858730      -0.718607       1.110554      15.632847     -19.560818     -89.999474      12.505795      89.993599      53.205818      41.303055    -199.141647      91.165848       7.199054      90.224144     -13.825588     -18.011423      11.272503     -54.404728      87.204872    -124.203590       1.277350       1.098197     -23.208229      -0.779596      34.767952     -98.604439     -88.898903     -24.025146      89.773346      -4.372404       1.897336       0.983277    -281.329926     -88.318909    -108.728592      -6.006280       2.359373     -17.875191
     -57.810692       5.004104    -121.292656      68.349533      27.294508     220.804413      35.141720     -70.528679     125.551308      14.708384     -15.691345      -0.693335       4.425556      -1.553110     -22.713924      10.759726      36.170395       1.132143       2.748405      14.687685     -11.459381     114.088425      -3.355969    -103.144882      -7.451013     -10.906602      65.485886      -0.001275       0.560945      -0.000211     -72.510155       2.831720      -0.773950      -3.827725      -9.957952     -22.552317     -89.999092      13.374525      89.995171    -113.669357       4.110088     -98.711029      58.995827     -63.782528     119.441269       0.517179     -84.968086       0.479550      73.611137      -2.860651      -0.715264       1.121451      15.629460     -19.642220     -89.999466      12.558810      89.993607      52.967091      41.432831    -198.906342      91.166405       7.018901      90.223991     -13.763489     -18.078257      11.268505     -53.015148      87.150352    -125.637917       1.289726       1.186309     -23.226576      -0.736669      34.767117     -98.632729     -88.901299     -24.017962      89.773872      -4.364159       1.962968       0.957919    -282.114868     -88.294525    -109.555916      -6.006873       2.308091     -17.926994
     -57.810875       5.001361    -121.291634      68.351463      27.313318     220.821259      35.220272     -70.488144     125.604675      14.742183     -15.618232      -0.728132       4.358447      -1.536410     -22.687069      10.766724      36.086365       1.242034       2.859750      14.748902     -11.566058     114.086472      -3.353970    -103.108490      -7.441417     -10.864612      65.482376      -0.001303       0.617427      -0.000140     -72.610001       2.834525      -0.769238      -3.813226      -9.924422     -22.470089     -89.999100      13.412980      89.995171    -113.672104       4.110586     -98.727325      58.907726     -63.762917     119.396217       0.522003     -85.013908       0.484361      73.680145      -2.862553      -0.711960       1.132198      15.626103     -19.722843     -89.999466      12.610939      89.993599      52.731358      41.560558    -198.664536      91.166885       6.822080      90.223946     -13.694006     -18.137110      11.271801     -51.702110      87.095901    -126.993927       1.301200       1.273842     -23.244036      -0.696513      34.768917     -98.658554     -88.902374     -24.011030      89.774147      -4.354918       2.025418       0.934058    -282.935089     -88.269730    -110.414223      -6.007457       2.257535     -17.978172
     -57.811020       4.998066    -121.290466      68.355949      27.330820     220.837891      35.298180     -70.448814     125.660522      14.774493     -15.545525      -0.764432       4.290442      -1.520420     -22.662127      10.773532      36.002258       1.351390       2.970277      14.809422     -11.672143     114.084465      -3.352598    -103.071976      -7.429227     -10.819246      65.477409      -0.001374       0.692805      -0.000270     -72.711327       2.837521      -0.764388      -3.804403      -9.893130     -22.408138     -89.999100      13.450804      89.995171    -113.674889       4.111133     -98.743835      58.820518     -63.743458     119.351616       0.526879     -85.059441       0.489222      73.748718      -2.864451      -0.708661       1.142908      15.622741     -19.802740     -89.999466      12.662198      89.993599      52.500721      41.683842    -198.431778      91.167313       6.640675      90.223831     -13.631307     -18.200602      11.270379     -50.426510      87.038834    -128.313843       1.313416       1.362034     -23.262094      -0.653566      34.768230     -98.686249     -88.903053     -24.004148      89.774323      -4.344910       2.089411       0.908985    -283.707123     -88.244827    -111.219872      -6.008107       2.207489     -18.028990
     -57.810131       4.989217    -121.289406      68.367844      27.344534     220.842072      35.424915     -70.397186     125.806442      14.801840     -15.475522      -0.819630       4.209438      -1.503573     -22.661211      10.779367      35.918510       1.460015       3.079084      14.868425     -11.777178     114.082222      -3.350248    -103.035240      -7.417064     -10.774125      65.471588      -0.001445       0.770161      -0.000417     -72.811989       2.840507      -0.759555      -3.796662      -9.864803     -22.351828     -89.999092      13.487976      89.995171    -113.677994       4.111177     -98.762054      58.738007     -63.725658     119.309700       0.531692     -85.104401       0.494044      73.817009      -2.866297      -0.705383       1.153473      15.619394     -19.881315     -89.999458      12.712586      89.993599      52.306656      41.781712    -198.198151      91.281067       6.445243      90.244308     -13.571698     -18.231201      11.293704     -49.438927      86.991356    -129.342377       1.323446       1.436981     -23.276190      -0.576450      34.810047     -98.729683     -88.786797     -24.019457      89.750282      -4.319816       2.092412       0.921777    -285.622620     -88.208702    -113.179901      -6.009496       2.151927     -18.077728
     -57.810863       4.988089    -121.288208      68.365196      27.364462     220.867874      35.473267     -70.361786     125.820351      14.837466     -15.402476      -0.849756       4.146018      -1.487621     -22.628428      10.787094      35.834507       1.567324       3.188730      14.928465     -11.881473     114.080269      -3.348283    -102.999161      -7.405147     -10.732393      65.468857      -0.001492       0.829560      -0.000337     -72.910393       2.843236      -0.754901      -3.782257      -9.831610     -22.272600     -89.999084      13.524532      89.995171    -113.680664       4.111905     -98.778313      58.650211     -63.705631     119.264679       0.536850     -85.149635       0.499159      73.884468      -2.868158      -0.702144       1.163854      15.616075     -19.960052     -89.999458      12.762127      89.993599      52.065296      41.909023    -197.961487      91.219299       6.249628      90.232864     -13.500214     -18.298885      11.292129     -48.167145      86.927940    -130.656296       1.336295       1.533322     -23.294069      -0.550683      34.782520     -98.750366     -88.847473     -24.000650      89.762779      -4.324355       2.182837       0.878219    -285.391602     -88.193512    -112.992729      -6.009450       2.111367     -18.127766
     -57.811424       4.986332    -121.286896      68.367653      27.382954     220.889526      35.532867     -70.326988     125.847794      14.870008     -15.329763      -0.883234       4.082932      -1.471850     -22.596333      10.794493      35.750332       1.674330       3.297600      14.987920     -11.985267     114.078262      -3.347337    -102.963043      -7.389930     -10.686814      65.464867      -0.001556       0.909802      -0.000473     -73.010414       2.846194      -0.750088      -3.774079      -9.801044     -22.214754     -89.999092      13.560474      89.995178    -113.683372       4.112888     -98.794693      58.563198     -63.685638     119.220078       0.541888     -85.194672       0.504176      73.951561      -2.870001      -0.698931       1.174428      15.612659     -20.037994     -89.999451      12.810852      89.993599      51.842152      42.026867    -197.741547      91.190620       6.074268      90.227417     -13.435938     -18.364285      11.288143     -47.007561      86.866066    -131.858276       1.348602       1.624421     -23.310593      -0.515812      34.772491     -98.776436     -88.877907     -23.988686      89.769096      -4.314942       2.258356       0.845572    -286.043365     -88.168365    -113.666748      -6.009994       2.063403     -18.177998
     -57.811600       4.984145    -121.285652      68.372459      27.399727     220.906204      35.600090     -70.291321     125.886833      14.901497     -15.260217      -0.916778       4.018653      -1.455607     -22.566814      10.802421      35.666382       1.780069       3.406204      15.047090     -12.089030     114.076164      -3.346434    -102.926605      -7.373393     -10.641612      65.460609      -0.001635       0.991044      -0.000594     -73.110031       2.849103      -0.745288      -3.767310      -9.770804     -22.157026     -89.999077      13.595822      89.995171    -113.685997       4.113658     -98.810417      58.477299     -63.666412     119.176270       0.546994     -85.239349       0.509270      74.018211      -2.871830      -0.695724       1.184956      15.609248     -20.115173     -89.999443      12.858757      89.993599      51.626362      42.140629    -197.520508      91.178513       5.897379      90.225021     -13.372302     -18.424887      11.288049     -45.920082      86.804390    -132.987930       1.360648       1.713714     -23.327015      -0.478690      34.770370     -98.801331     -88.892052     -23.980019      89.772064      -4.300918       2.325817       0.817794    -286.882324     -88.140793    -114.518196      -6.010816       2.014254     -18.227430
     -57.811668       4.981647    -121.284370      68.378700      27.415493     220.921585      35.667118     -70.256271     125.927994      14.932139     -15.192363      -0.950953       3.953842      -1.439738     -22.538109      10.810979      35.582565       1.884594       3.514631      15.105918     -12.192662     114.073997      -3.345274    -102.889992      -7.356523     -10.596462      65.455360      -0.001709       1.074486      -0.000756     -73.208931       2.852006      -0.740506      -3.761100      -9.743450     -22.104870     -89.999077      13.630576      89.995163    -113.688538       4.114363     -98.825607      58.392334     -63.647724     119.133186       0.552166     -85.283737       0.514429      74.084412      -2.873640      -0.692538       1.195364      15.605845     -20.191669     -89.999443      12.905857      89.993599      51.418659      42.248909    -197.303574      91.174210       5.722569      90.224022     -13.310627     -18.481840      11.290621     -44.898472      86.742668    -134.050583       1.372750       1.802518     -23.342194      -0.439488      34.771492     -98.827255     -88.898384     -23.973122      89.773407      -4.285183       2.388588       0.792358    -287.751007     -88.112495    -115.395065      -6.011732       1.965537     -18.275999
     -57.811531       4.978864    -121.283104      68.385857      27.430187     220.934906      35.736626     -70.220695     125.974655      14.962303     -15.126210      -0.985148       3.888172      -1.423600     -22.511454      10.819724      35.498848       1.988229       3.622539      15.164241     -12.295920     114.071762      -3.344098    -102.853210      -7.338589     -10.551896      65.450523      -0.001778       1.157046      -0.000856     -73.307564       2.854861      -0.735761      -3.754269      -9.714064     -22.049391     -89.999077      13.664743      89.995163    -113.691055       4.114919     -98.840698      58.308231     -63.629509     119.090698       0.557418     -85.327835       0.519668      74.150146      -2.875428      -0.689360       1.205659      15.602454     -20.267467     -89.999443      12.952176      89.993599      51.214249      42.354713    -197.085358      91.172859       5.545534      90.223595     -13.248750     -18.537720      11.294267     -43.914234      86.680008    -135.076523       1.384764       1.891131     -23.358267      -0.400050      34.773045     -98.851952     -88.901230     -23.966681      89.774033      -4.269038       2.450628       0.766984    -288.559479     -88.084503    -116.208755      -6.012645       1.917456     -18.323978
     -57.811352       4.975992    -121.281799      68.393326      27.444324     220.948029      35.804523     -70.185585     126.020897      14.992110     -15.061124      -1.019384       3.822444      -1.407402     -22.485390      10.828715      35.415127       2.091099       3.730034      15.222161     -12.398835     114.069489      -3.342915    -102.816292      -7.319490     -10.507619      65.445854      -0.001858       1.240819      -0.000952     -73.405838       2.857691      -0.731021      -3.747494      -9.684942     -21.995056     -89.999084      13.698339      89.995178    -113.693542       4.115415     -98.855698      58.224693     -63.611561     119.048615       0.562501     -85.371658       0.524757      74.215408      -2.877192      -0.686214       1.215876      15.599078     -20.342657     -89.999443      12.997719      89.993599      51.014412      42.457169    -196.868912      91.172691       5.367508      90.223381     -13.186948     -18.591873      11.299249     -42.972252      86.616737    -136.059692       1.396739       1.979918     -23.373983      -0.360237      34.775066     -98.876961     -88.902267     -23.960619      89.774277      -4.252589       2.511417       0.742013    -289.344421     -88.056404    -116.996674      -6.013577       1.870019     -18.371367
     -57.811157       4.973099    -121.280457      68.401009      27.458010     220.961258      35.870369     -70.151062     126.065727      15.021596     -14.996846      -1.053613       3.756891      -1.391166     -22.459553      10.837894      35.331383       2.193237       3.837060      15.279654     -12.501300     114.067162      -3.341725    -102.779266      -7.299379     -10.463518      65.441322      -0.001922       1.325690      -0.001034     -73.503700       2.860487      -0.726309      -3.740690      -9.656158     -21.942207     -89.999092      13.731374      89.995171    -113.696030       4.115900     -98.870712      58.141670     -63.593781     119.006866       0.568134     -85.415222       0.530360      74.280220      -2.878948      -0.683084       1.225998      15.595702     -20.417171     -89.999435      13.042495      89.993607      50.819260      42.556301    -196.655136      91.173096       5.189251      90.223297     -13.125207     -18.644512      11.305292     -42.070770      86.552917    -137.001816       1.408674       2.068803     -23.389254      -0.320366      34.777176     -98.902306     -88.902748     -23.954731      89.774391      -4.235795       2.571361       0.717250    -290.112000     -88.028091    -117.765572      -6.014526       1.823121     -18.418198
     -57.810947       4.970205    -121.279076      68.408928      27.471287     220.974533      35.934303     -70.117104     126.109085      15.050775     -14.933362      -1.087801       3.691597      -1.374877     -22.433783      10.847253      35.247662       2.294630       3.943600      15.336667     -12.603326     114.064796      -3.340483    -102.742126      -7.278323     -10.419589      65.436882      -0.001997       1.411606      -0.001116     -73.601089       2.863255      -0.721610      -3.733805      -9.627626     -21.890783     -89.999077      13.763865      89.995163    -113.698494       4.116382     -98.885689      58.059120     -63.576206     118.965431       0.573370     -85.458557       0.535602      74.344582      -2.880683      -0.679974       1.236030      15.592339     -20.491020     -89.999428      13.086524      89.993599      50.628635      42.652378    -196.444077      91.173569       5.011191      90.223206     -13.063579     -18.695910      11.312165     -41.206860      86.488571    -137.905853       1.420562       2.157798     -23.404118      -0.280544      34.779335     -98.927887     -88.903015     -23.948969      89.774490      -4.218708       2.630634       0.692652    -290.870667     -87.999405    -118.524437      -6.015497       1.776714     -18.464510
     -57.809692       4.962539    -121.277863      68.425583      27.482992     220.972595      36.048637     -70.071037     126.235786      15.075171     -14.874543      -1.138891       3.616345      -1.355991     -22.428062      10.855959      35.164085       2.395515       4.048989      15.392654     -12.704913     114.062202      -3.338490    -102.704498      -7.256954     -10.375991      65.431732      -0.002078       1.498520      -0.001173     -73.698112       2.866001      -0.716942      -3.726987      -9.599590     -21.841730     -89.999077      13.795799      89.995163    -113.701141       4.116091     -98.901787      57.980370     -63.560246     118.926231       0.579164     -85.501396       0.541374      74.408676      -2.882387      -0.676880       1.246060      15.588954     -20.563776     -89.999420      13.129827      89.993599      50.470501      42.732262    -196.230148      91.279495       4.820666      90.242188     -13.002942     -18.719540      11.340564     -40.511761      86.433998    -138.639175       1.430461       2.234973     -23.416662      -0.195985      34.849796     -98.975250     -88.744850     -23.972509      89.742050      -4.172192       2.626000       0.718160    -293.402985     -87.940079    -121.050117      -6.017021       1.715944     -18.510456
     -57.809875       4.959919    -121.276306      68.429085      27.495623     220.994461      36.087917     -70.040192     126.255638      15.106259     -14.810833      -1.170068       3.550371      -1.340984     -22.403450      10.865214      35.080540       2.495488       4.153896      15.448361     -12.805096     114.059807      -3.336893    -102.667770      -7.234596     -10.332790      65.428139      -0.002151       1.584777      -0.001230     -73.794296       2.868703      -0.712298      -3.719863      -9.571485     -21.792248     -89.999077      13.827210      89.995163    -113.703651       4.116761     -98.917412      57.899090     -63.542645     118.885429       0.584833     -85.544258       0.547019      74.472069      -2.884094      -0.673818       1.255728      15.585666     -20.636400     -89.999420      13.172383      89.993607      50.271549      42.826145    -196.017502      91.221458       4.637827      90.231483     -12.941340     -18.779625      11.342294     -39.643635      86.363029    -139.546768       1.443695       2.332606     -23.431871      -0.175013      34.808189     -98.991776     -88.823845     -23.952305      89.758064      -4.180496       2.705795       0.669075    -292.726074     -87.935310    -120.405022      -6.017829       1.684969     -18.554039
     -57.810169       4.958498    -121.274757      68.433540      27.509106     221.015198      36.130123     -70.011078     126.268631      15.136118     -14.746092      -1.201159       3.489476      -1.324957     -22.371168      10.874682      34.996696       2.595155       4.258608      15.503783     -12.905031     114.057404      -3.335876    -102.630478      -7.210660     -10.288702      65.424683      -0.002221       1.674749      -0.001309     -73.890144       2.871422      -0.707658      -3.712931      -9.543742     -21.745110     -89.999069      13.858099      89.995163    -113.706139       4.117730     -98.932938      57.816528     -63.524517     118.843910       0.590510     -85.587151       0.552676      74.535019      -2.885801      -0.670773       1.265556      15.582298     -20.708475     -89.999420      13.214241      89.993599      50.090176      42.915588    -195.823303      91.194870       4.466480      90.226494     -12.878988     -18.833982      11.345345     -38.853813      86.295525    -140.375107       1.455664       2.423836     -23.445515      -0.146198      34.791561     -99.014954     -88.866379     -23.938269      89.766846      -4.171007       2.784976       0.631669    -293.045685     -87.912201    -120.730492      -6.018385       1.642931     -18.599983
     -57.810089       4.956805    -121.273262      68.441223      27.521393     221.030167      36.181789     -69.981186     126.292969      15.164642     -14.684410      -1.232580       3.428144      -1.308316     -22.340008      10.884733      34.913151       2.693565       4.363163      15.558918     -13.004994     114.054916      -3.334795    -102.592857      -7.186199     -10.244804      65.420464      -0.002300       1.765022      -0.001380     -73.985390       2.874089      -0.703049      -3.707029      -9.516492     -21.698654     -89.999069      13.888469      89.995163    -113.708557       4.118538     -98.947762      57.734859     -63.507080     118.803093       0.596263     -85.629791       0.558416      74.597588      -2.887491      -0.667750       1.275411      15.578907     -20.779821     -89.999420      13.255391      89.993607      49.915058      43.002991    -195.628021      91.184052       4.295835      90.224373     -12.817564     -18.885130      11.351026     -38.106491      86.228432    -141.160965       1.467481       2.513563     -23.459080      -0.113497      34.787949     -99.037872     -88.886589     -23.929150      89.771057      -4.154090       2.851763       0.602350    -293.728546     -87.882179    -121.408318      -6.019418       1.597733     -18.645267
     -57.809784       4.954751    -121.271759      68.450737      27.532486     221.042404      36.236256     -69.951218     126.323021      15.192307     -14.624895      -1.264314       3.365943      -1.291769     -22.310389      10.895328      34.829845       2.790812       4.467503      15.613662     -13.104920     114.052330      -3.333520    -102.554955      -7.161128     -10.201414      65.415726      -0.002376       1.855677      -0.001441     -74.080124       2.876740      -0.698459      -3.700961      -9.489726     -21.652981     -89.999077      13.918330      89.995163    -113.710884       4.119186     -98.961975      57.654106     -63.490303     118.762985       0.601927     -85.672058       0.564087      74.659737      -2.889153      -0.664732       1.285162      15.575533     -20.850531     -89.999405      13.295856      89.993599      49.744915      43.087509    -195.432526      91.180023       4.124606      90.223488     -12.757386     -18.934649      11.358147     -37.390472      86.161018    -141.915482       1.479365       2.603239     -23.472685      -0.078508      34.789249     -99.060921     -88.895790     -23.922297      89.772995      -4.135138       2.912964       0.576194    -294.460968     -87.850792    -122.132378      -6.020580       1.552426     -18.689756
     -57.809372       4.952424    -121.270226      68.461143      27.542664     221.053772      36.290459     -69.921524     126.355141      15.219415     -14.566648      -1.296346       3.303200      -1.275367     -22.281933      10.906218      34.746651       2.887187       4.571486      15.667897     -13.204652     114.049675      -3.332076    -102.516808      -7.135440     -10.158402      65.410690      -0.002451       1.946896      -0.001498     -74.174309       2.879355      -0.693897      -3.694686      -9.463234     -21.608192     -89.999069      13.947701      89.995155    -113.713173       4.119759     -98.975975      57.574108     -63.474014     118.723457       0.608120     -85.714066       0.570249      74.721458      -2.890798      -0.661742       1.294806      15.572168     -20.920645     -89.999405      13.335653      89.993599      49.579498      43.168793    -195.238495      91.178818       3.952924      90.223114     -12.698163     -18.983152      11.366032     -36.702324      86.093201    -142.641998       1.491291       2.693104     -23.486240      -0.042167      34.792046     -99.084549     -88.899895     -23.916441      89.773880      -4.115834       2.971709       0.551224    -295.167145     -87.819458    -122.829475      -6.021784       1.507664     -18.733601
     -57.808815       4.949846    -121.268677      68.472168      27.551880     221.064011      36.345619     -69.891579     126.390877      15.246130     -14.509540      -1.328352       3.239800      -1.258730     -22.255358      10.917077      34.663506       2.982980       4.674873      15.721541     -13.303999     114.046951      -3.330747    -102.478401      -7.108210     -10.115683      65.406219      -0.002529       2.038804      -0.001512     -74.268471       2.881946      -0.689344      -3.687842      -9.434507     -21.561766     -89.999062      13.976560      89.995163    -113.715454       4.120216     -98.990105      57.494873     -63.458084     118.684410       0.613886     -85.755775       0.576026      74.782738      -2.892430      -0.658771       1.304350      15.568824     -20.990152     -89.999405      13.374785      89.993599      49.416042      43.248528    -195.043427      91.178596       3.779313      90.222992     -12.639023     -19.032478      11.373466     -36.029842      86.024200    -143.353821       1.503255       2.783377     -23.500971      -0.005525      34.794430     -99.107567     -88.901749     -23.910727      89.774277      -4.096817       3.030467       0.525977    -295.814117     -87.788841    -123.466881      -6.022974       1.463516     -18.776960
     -57.807911       4.946712    -121.267029      68.485672      27.554642     221.071396      36.403801     -69.862907     126.438919      15.270432     -14.454340      -1.361908       3.174261      -1.242306     -22.231752      10.928137      34.580257       3.078210       4.778006      15.774532     -13.403490     114.044090      -3.329425    -102.439072      -7.079798     -10.073047      65.401176      -0.002603       2.133381      -0.001563     -74.361702       2.884529      -0.684817      -3.681520      -9.408416     -21.519300     -89.999069      14.004946      89.995155    -113.717781       4.120490     -99.004379      57.416237     -63.442703     118.645905       0.620225     -85.797165       0.582338      74.843628      -2.894047      -0.655814       1.313837      15.565480     -21.059031     -89.999397      13.413250      89.993607      49.306854      43.301991    -194.883835      91.325302       3.608833      90.249092     -12.581606     -19.042450      11.399292     -35.560658      85.974373    -143.856857       1.511541       2.855224     -23.509653       0.028367      34.792454     -99.129044     -88.902328     -23.905201      89.774429      -4.078286       3.089895       0.500014    -296.401062     -87.758926    -124.044716      -6.024200       1.420068     -18.819872
     -57.807308       4.943968    -121.264847      68.502899      27.563549     221.084091      36.443958     -69.838570     126.455788      15.295312     -14.397561      -1.393389       3.110676      -1.227986     -22.203581      10.939172      34.497009       3.172887       4.880440      15.826466     -13.502492     114.041199      -3.327983    -102.399254      -7.051221     -10.027202      65.393570      -0.002701       2.243274      -0.001771     -74.456299       2.887260      -0.680165      -3.680678      -9.385695     -21.500223     -89.999062      14.032857      89.995148    -113.720108       4.121209     -99.018814      57.337524     -63.427109     118.607422       0.626433     -85.838455       0.588532      74.904099      -2.895649      -0.652883       1.323373      15.562089     -21.127588     -89.999397      13.451074      89.993599      49.111439      43.386089    -194.674728      91.247131       3.443778      90.234879     -12.526486     -19.139095      11.370971     -34.811527      85.893623    -144.662064       1.516519       2.857219     -23.529140       0.072882      34.794456     -99.158417     -88.902603     -23.899635      89.774513      -4.059305       3.147353       0.475025    -297.002075     -87.728462    -124.636749      -6.025404       1.377083     -18.862204
     -57.806431       4.936913    -121.262665      68.522911      27.573530     221.092667      36.515923     -69.804703     126.532097      15.317025     -14.339762      -1.442090       3.040852      -1.212359     -22.190903      10.948626      34.413723       3.267816       4.980897      15.876821     -13.599931     114.038116      -3.325532    -102.359848      -7.022229      -9.985578      65.389725      -0.002782       2.337062      -0.001777     -74.548706       2.889760      -0.675692      -3.674067      -9.359979     -21.460270     -89.999062      14.060301      89.995148    -113.722755       4.121894     -99.035500      57.261578     -63.412281     118.570435       0.632807     -85.879738       0.594897      74.964272      -2.897225      -0.649953       1.332705      15.558761     -21.194818     -89.999382      13.488271      89.993599      48.952427      43.443806    -194.466263      91.208786       3.253291      90.227882     -12.466830     -19.194719      11.365714     -34.226921      85.829330    -145.291763       1.516424       2.858156     -23.540327       0.165156      34.868019     -99.220161     -88.743172     -23.924515      89.741852      -4.010033       3.135219       0.503608    -299.234100     -87.657471    -126.856094      -6.027169       1.319558     -18.903870
     -57.805820       4.933591    -121.260300      68.535477      27.573519     221.112595      36.539497     -69.782623     126.546524      15.342198     -14.281069      -1.471724       2.973760      -1.198773     -22.169136      10.958127      34.330658       3.361959       5.080632      15.925850     -13.696902     114.035004      -3.323714    -102.318993      -6.992197      -9.943116      65.385643      -0.002853       2.432359      -0.001805     -74.639893       2.892253      -0.671256      -3.667360      -9.334992     -21.421106     -89.999054      14.087283      89.995148    -113.725433       4.122900     -99.052422      57.184143     -63.397079     118.532745       0.639196     -85.920723       0.601271      75.023911      -2.898812      -0.647061       1.341635      15.555565     -21.261404     -89.999390      13.524834      89.993607      48.810833      43.487675    -194.294144      91.192245       3.084177      90.224701     -12.411654     -19.244110      11.360946     -33.714169      85.769989    -145.848816       1.516742       2.856471     -23.550053       0.185470      34.818481     -99.238716     -88.822708     -23.903671      89.757942      -4.017688       3.216763       0.452343    -298.565521     -87.657501    -126.215309      -6.028238       1.291812     -18.943884
     -57.804966       4.931710    -121.257965      68.551445      27.573879     221.127167      36.570580     -69.761787     126.557365      15.365893     -14.223356      -1.499852       2.911063      -1.183827     -22.139631      10.968397      34.247467       3.455395       5.180696      15.974751     -13.794223     114.031853      -3.322351    -102.276848      -6.961277      -9.899880      65.380791      -0.002937       2.528852      -0.001818     -74.730789       2.894702      -0.666851      -3.660055      -9.308081     -21.381104     -89.999054      14.113820      89.995140    -113.728035       4.123857     -99.068771      57.105190     -63.381725     118.494331       0.645451     -85.961586       0.607533      75.083122      -2.900378      -0.644183       1.350792      15.552258     -21.327703     -89.999367      13.560787      89.993599      48.672066      43.535992    -194.126236      91.185898       2.924986      90.223427     -12.355322     -19.297047      11.352595     -33.212311      85.710350    -146.399170       1.517695       2.852936     -23.564850       0.212620      34.794704     -99.259727     -88.865456     -23.888718      89.766739      -4.008324       3.299576       0.411424    -298.662323     -87.637535    -126.312424      -6.028982       1.253333     -18.986347
     -57.803856       4.929307    -121.255440      68.573334      27.572748     221.137650      36.606571     -69.742569     126.574509      15.387052     -14.167833      -1.529561       2.847639      -1.169555     -22.110764      10.979221      34.164360       3.547915       5.280696      16.023291     -13.891813     114.028603      -3.321171    -102.234077      -6.929205      -9.853722      65.372795      -0.003035       2.642301      -0.002020     -74.822479       2.897319      -0.662322      -3.658958      -9.286791     -21.365410     -89.999039      14.139906      89.995132    -113.730553       4.124731     -99.084480      57.026951     -63.366863     118.456505       0.652304     -86.002144       0.614354      75.142006      -2.901927      -0.641324       1.360085      15.548873     -21.393494     -89.999367      13.596132      89.993614      48.536644      43.582497    -193.962936      91.183746       2.781488      90.222832     -12.308738     -19.356264      11.338406     -32.718201      85.648323    -146.943039       1.519315       2.849048     -23.579695       0.247584      34.783588     -99.284508     -88.886070     -23.879068      89.771004      -3.991344       3.370722       0.378076    -299.067719     -87.609459    -126.706207      -6.030221       1.211691     -19.028131
     -57.802456       4.927164    -121.253044      68.594765      27.571150     221.144760      36.645107     -69.722404     126.594444      15.408516     -14.115220      -1.557311       2.784383      -1.154483     -22.082245      10.990752      34.081512       3.639327       5.380759      16.071825     -13.989448     114.025261      -3.319611    -102.191170      -6.896694      -9.811460      65.366920      -0.003099       2.739216      -0.001981     -74.912430       2.899709      -0.657975      -3.651230      -9.258976     -21.324944     -89.999039      14.165554      89.995132    -113.732964       4.125294     -99.099510      56.949131     -63.352642     118.419128       0.658945     -86.042397       0.620986      75.200455      -2.903467      -0.638470       1.369249      15.545531     -21.458790     -89.999359      13.630898      89.993607      48.402061      43.629242    -193.788834      91.183289       2.620403      90.222694     -12.254688     -19.409130      11.331200     -32.235840      85.586678    -147.474442       1.520366       2.847178     -23.595116       0.281406      34.780357     -99.306694     -88.895638     -23.871679      89.773026      -3.972102       3.434468       0.348961    -299.551941     -87.579422    -127.174149      -6.031535       1.169861     -19.069031
     -57.801132       4.924464    -121.250511      68.618652      27.569336     221.152222      36.682381     -69.703590     126.614960      15.428665     -14.063112      -1.586940       2.720699      -1.140191     -22.054621      11.002474      33.998661       3.730097       5.480418      16.119923     -14.086860     114.021843      -3.318067    -102.148071      -6.863031      -9.766377      65.358368      -0.003188       2.853244      -0.002151     -75.003250       2.902286      -0.653483      -3.649734      -9.236088     -21.305250     -89.999023      14.190782      89.995132    -113.735313       4.125881     -99.114304      56.872116     -63.338680     118.382301       0.665754     -86.082397       0.627791      75.258545      -2.904999      -0.635643       1.378379      15.542181     -21.523602     -89.999367      13.665068      89.993614      48.271824      43.672626    -193.625320      91.183418       2.476981      90.222527     -12.209845     -19.463531      11.317663     -31.770857      85.523628    -147.988327       1.522121       2.846063     -23.609093       0.320048      34.778080     -99.332542     -88.899796     -23.865776      89.773895      -3.952016       3.496205       0.320794    -300.033997     -87.549080    -127.639038      -6.032954       1.128380     -19.109272
     -57.799706       4.922066    -121.248146      68.640358      27.567961     221.158279      36.720448     -69.683525     126.636253      15.449669     -14.013174      -1.615001       2.657657      -1.124847     -22.027273      11.014671      33.916061       3.819884       5.579861      16.168076     -14.183866     114.018372      -3.316231    -102.105270      -6.829056      -9.724888      65.352318      -0.003273       2.950716      -0.002101     -75.092125       2.904604      -0.649166      -3.642100      -9.208384     -21.261917     -89.999031      14.215586      89.995132    -113.737587       4.126201     -99.128662      56.795574     -63.325130     118.345840       0.672619     -86.122139       0.634648      75.316177      -2.906502      -0.632836       1.387348      15.538870     -21.587885     -89.999359      13.698681      89.993607      48.143574      43.716236    -193.454453      91.183746       2.316912      90.222527     -12.156183     -19.511272      11.310692     -31.320091      85.461792    -148.487183       1.523367       2.847137     -23.623734       0.355832      34.778465     -99.355400     -88.901482     -23.860210      89.774284      -3.931927       3.554977       0.294119    -300.520569     -87.518524    -128.108658      -6.034307       1.087496     -19.148891
     -57.797859       4.918943    -121.245537      68.667503      27.561165     221.160767      36.761757     -69.665405     126.668068      15.467710     -13.965210      -1.644420       2.591801      -1.109730     -22.003281      11.027121      33.833035       3.909552       5.679317      16.215511     -14.281445     114.014801      -3.315326    -102.061989      -6.798628      -9.680253      65.343483      -0.003357       3.059663      -0.002219     -75.180908       2.907055      -0.644781      -3.640679      -9.189249     -21.243107     -89.999023      14.239963      89.995132    -113.739906       4.126335     -99.143494      56.718906     -63.311756     118.309410       0.679603     -86.161491       0.641626      75.373451      -2.908001      -0.630035       1.396296      15.535556     -21.651651     -89.999352      13.731722      89.993614      48.041790      43.747955    -193.306030      91.268051       2.173629      90.237366     -12.110218     -19.546724      11.308496     -30.955379      85.409782    -148.902176       1.525249       2.840073     -23.640642       0.392282      34.774055     -99.377419     -88.902222     -23.854574      89.774452      -3.912499       3.615734       0.265970    -300.937622     -87.489471    -128.509933      -6.035698       1.047302     -19.188150
     -57.796715       4.916934    -121.243065      68.687622      27.561811     221.170685      36.794163     -69.647057     126.679161      15.488675     -13.915278      -1.671119       2.530941      -1.091125     -21.976425      11.039706      33.748074       4.000984       5.779196      16.264322     -14.378084     114.011391      -3.318711    -102.021332      -6.736941      -9.674245      65.340767      -0.003359       3.253733      -0.000800     -75.246567       2.908058      -0.641400      -3.629985      -9.176524     -21.220490     -89.999016      14.263945      89.995125    -113.742462       4.126792     -99.160538      56.639793     -63.296318     118.271011       0.686730     -86.201164       0.648735      75.430168      -2.909497      -0.627274       1.405021      15.532308     -21.714760     -89.999352      13.764215      89.993599      47.903721      43.794781    -193.129074      91.220978       2.008818      90.228920     -12.055724     -19.605110      11.295901     -30.476894      85.339661    -149.427826       1.526847       2.848418     -23.653936       0.429835      34.778114     -99.404160     -88.902489     -23.849760      89.774559      -3.892150       3.670107       0.241609    -301.456604     -87.457375    -129.014343      -6.037039       1.007331     -19.226681
     -57.795315       4.908977    -121.240654      68.711807      27.562885     221.176224      36.864498     -69.616608     126.766930      15.506321     -13.865378      -1.717106       2.459320      -1.070149     -21.975452      11.050184      33.662853       4.093113       5.876532      16.311527     -14.472290     114.007896      -3.322241    -101.981964      -6.668646      -9.672228      65.339500      -0.003439       3.486043       0.000089     -75.309601       2.909319      -0.638117      -3.625784      -9.179566     -21.215641     -89.999016      14.287513      89.995117    -113.745575       4.127090     -99.181252      56.564560     -63.281143     118.234238       0.693826     -86.240860       0.655829      75.486778      -2.910949      -0.624512       1.413634      15.529080     -21.776255     -89.999336      13.796168      89.993607      47.793354      43.822861    -192.959000      91.200165       1.843563      90.225060     -12.010414     -19.647476      11.295071     -30.060720      85.274948    -149.885178       1.527530       2.857821     -23.659681       0.508091      34.822807     -99.455711     -88.787643     -23.867579      89.750854      -3.857830       3.664684       0.254835    -302.731689     -87.400917    -130.293457      -6.039212       0.961638     -19.263197
     -57.794437       4.906830    -121.238113      68.728432      27.559233     221.192886      36.887558     -69.599876     126.774414      15.527378     -13.812920      -1.742425       2.398092      -1.050409     -21.952656      11.061775      33.577774       4.184104       5.974252      16.358253     -14.566566     114.004494      -3.325710    -101.940659      -6.598731      -9.669950      65.338745      -0.003534       3.718204       0.000672     -75.371201       2.910681      -0.634947      -3.623797      -9.186817     -21.203234     -89.999023      14.310692      89.995132    -113.748596       4.127972     -99.201271      56.485634     -63.264881     118.195511       0.701566     -86.280685       0.663527      75.542809      -2.912415      -0.621778       1.422191      15.525851     -21.837568     -89.999336      13.827585      89.993599      47.683071      43.855434    -192.818588      91.191681       1.701070      90.223381     -11.963693     -19.699579      11.282470     -29.655441      85.210724    -150.337234       1.529753       2.865168     -23.671873       0.530942      34.785889     -99.476112     -88.847343     -23.849348      89.763062      -3.855065       3.756606       0.206444    -302.449188     -87.392563    -130.017960      -6.039972       0.930081     -19.302130
     -57.793381       4.905090    -121.235512      68.748238      27.556143     221.205856      36.915386     -69.583939     126.781998      15.547227     -13.762018      -1.767967       2.338909      -1.030629     -21.926079      11.074243      33.493237       4.273563       6.071966      16.404633     -14.660745     114.000984      -3.327769    -101.898567      -6.529165      -9.667896      65.337593      -0.003666       3.944658       0.001066     -75.432114       2.912101      -0.631887      -3.623901      -9.198541     -21.190935     -89.999008      14.333476      89.995132    -113.751511       4.128992     -99.220375      56.406956     -63.249062     118.157150       0.709217     -86.320511       0.671162      75.598450      -2.913869      -0.619059       1.430825      15.522573     -21.898348     -89.999344      13.858467      89.993607      47.571804      43.891026    -192.673462      91.188850       1.556509      90.222755     -11.915334     -19.754087      11.267712     -29.254164      85.145790    -150.786713       1.532417       2.873141     -23.686424       0.560272      34.770576     -99.499939     -88.877396     -23.837883      89.769279      -3.839872       3.829858       0.170683    -302.703827     -87.366882    -130.261627      -6.041150       0.892124     -19.340881
     -57.792328       4.903891    -121.232872      68.767036      27.553104     221.219162      36.935944     -69.569603     126.779129      15.567509     -13.712484      -1.792162       2.281437      -1.012413     -21.895163      11.087828      33.409889       4.360670       6.169575      16.450445     -14.754819     113.997322      -3.326818    -101.855522      -6.465315      -9.663423      65.337006      -0.003780       4.131709       0.001359     -75.492668       2.913491      -0.628969      -3.619496      -9.201421     -21.156988     -89.999016      14.355891      89.995125    -113.754204       4.130087     -99.237686      56.329399     -63.234436     118.119926       0.716983     -86.360252       0.678917      75.653709      -2.915311      -0.616348       1.439368      15.519332     -21.958658     -89.999344      13.888832      89.993607      47.466946      43.923359    -192.522873      91.187828       1.391831      90.222466     -11.857874     -19.799864      11.260805     -28.871418      85.083412    -151.214371       1.534616       2.882600     -23.699421       0.590880      34.767948     -99.526329     -88.891495     -23.830364      89.772247      -3.820119       3.888421       0.143688    -303.183472     -87.333977    -130.726196      -6.042538       0.853180     -19.378439
     -57.791134       4.901525    -121.230049      68.789749      27.548290     221.231522      36.959557     -69.555565     126.785454      15.585932     -13.662807      -1.819036       2.221662      -0.995097     -21.867956      11.101083      33.326847       4.447100       6.266176      16.494976     -14.848167     113.993492      -3.325995    -101.812202      -6.398969      -9.660695      65.333939      -0.003925       4.343352       0.001525     -75.552032       2.914980      -0.626015      -3.620729      -9.219086     -21.149490     -89.999016      14.377933      89.995125    -113.756958       4.131279     -99.255447      56.252766     -63.220280     118.083328       0.724883     -86.399872       0.686810      75.708580      -2.916731      -0.613672       1.447687      15.516154     -22.018234     -89.999336      13.918692      89.993607      47.362385      43.953976    -192.378677      91.187935       1.244859      90.222359     -11.812626     -19.856146      11.244693     -28.483959      85.016487    -151.649185       1.537469       2.893893     -23.712618       0.627942      34.764370     -99.556366     -88.897820     -23.824179      89.773582      -3.799620       3.947319       0.116508    -303.627167     -87.301620    -131.154510      -6.044083       0.814189     -19.415642
     -57.789894       4.898911    -121.227188      68.812233      27.542725     221.244446      36.981190     -69.541595     126.792091      15.604315     -13.613529      -1.846014       2.161431      -0.977899     -21.841850      11.114378      33.244236       4.532565       6.362020      16.538563     -14.940877     113.989525      -3.324486    -101.768135      -6.332471      -9.658363      65.330681      -0.004073       4.552633       0.001638     -75.610748       2.916474      -0.623109      -3.623021      -9.239175     -21.141781     -89.999016      14.399603      89.995132    -113.759712       4.132445     -99.273270      56.176739     -63.206619     118.047249       0.732923     -86.439308       0.694841      75.763069      -2.918134      -0.611002       1.455826      15.513030     -22.077154     -89.999329      13.948059      89.993599      47.258854      43.983799    -192.233292      91.188362       1.093664      90.222328     -11.767174     -19.914362      11.227508     -28.097744      84.947792    -152.082870       1.540433       2.907114     -23.726076       0.666050      34.761162     -99.587646     -88.900520     -23.818481      89.774162      -3.779305       4.004928       0.089876    -304.043518     -87.269958    -131.556198      -6.045612       0.775737     -19.452368
     -57.788166       4.896064    -121.224197      68.837563      27.531704     221.253876      37.004108     -69.528648     126.806038      15.621119     -13.566307      -1.872377       2.099123      -0.961035     -21.817812      11.127914      33.161942       4.617160       6.457538      16.581059     -15.033767     113.985313      -3.322372    -101.722343      -6.266083      -9.656392      65.326393      -0.004233       4.759540       0.001715     -75.668671       2.917955      -0.620251      -3.626056      -9.261526     -21.135267     -89.999016      14.420899      89.995125    -113.762466       4.133379     -99.291153      56.101181     -63.193779     118.011765       0.741100     -86.478470       0.703013      75.817215      -2.919522      -0.608349       1.463886      15.509918     -22.135513     -89.999336      13.976915      89.993607      47.179192      44.004669    -192.099350      91.272972       0.937971      90.237206     -11.719460     -19.955276      11.220797     -27.777163      84.890251    -152.452423       1.543931       2.915588     -23.743332       0.701305      34.755180     -99.615929     -88.901810     -23.812510      89.774452      -3.759940       4.062489       0.062893    -304.411011     -87.239838    -131.910263      -6.047081       0.738189     -19.488636
     -57.787346       4.893829    -121.221100      68.858231      27.528536     221.273254      37.018265     -69.519249     126.801994      15.636427     -13.514297      -1.902300       2.046489      -0.945583     -21.790718      11.141158      33.079376       4.701789       6.551931      16.624422     -15.123644     113.981407      -3.319626    -101.679459      -6.200379      -9.653872      65.324173      -0.004385       4.963821       0.001779     -75.726250       2.919437      -0.617425      -3.629975      -9.285674     -21.130163     -89.999016      14.441842      89.995132    -113.765274       4.134222     -99.310158      56.025322     -63.179047     117.975204       0.749443     -86.517555       0.711333      75.870964      -2.920874      -0.605710       1.470201      15.507497     -22.190853     -89.999336      14.005302      89.993622      47.063816      44.038052    -191.947311      91.225578       0.779272      90.228661     -11.673205     -20.028757      11.194180     -27.359209      84.811401    -152.917145       1.547319       2.935985     -23.755510       0.743242      34.755768     -99.654259     -88.902130     -23.807711      89.774559      -3.739460       4.114921       0.038993    -304.861908     -87.206459    -132.349258      -6.048571       0.700749     -19.524269
     -57.786636       4.891432    -121.218033      68.877533      27.525267     221.294128      37.042076     -69.512070     126.812431      15.646793     -13.460182      -1.937364       2.001353      -0.931343     -21.768475      11.153753      32.996422       4.786783       6.645031      16.669161     -15.210232     113.977798      -3.316530    -101.639778      -6.135251      -9.650538      65.323967      -0.004543       5.167204       0.001819     -75.783127       2.920900      -0.614622      -3.634704      -9.311964     -21.126499     -89.999016      14.462430      89.995132    -113.768250       4.134430     -99.330933      55.950459     -63.162640     117.938011       0.757966     -86.556351       0.719823      75.924416      -2.922204      -0.603081       1.474329      15.505947     -22.241781     -89.999336      14.033211      89.993607      46.964455      44.065529    -191.808289      91.204819       0.621604      90.224869     -11.624842     -20.093521      11.171490     -26.980537      84.738647    -153.341537       1.550533       2.955032     -23.767466       0.785027      34.754738     -99.693642     -88.902458     -23.802820      89.774651      -3.718999       4.166340       0.015649    -305.315582     -87.172409    -132.793655      -6.050081       0.663599     -19.559536
     -57.785568       4.883971    -121.215233      68.899384      27.525404     221.307999      37.121235     -69.495377     126.916428      15.647147     -13.406182      -1.996819       1.959344      -0.916337     -21.776018      11.164294      32.912750       4.873097       6.735349      16.716274     -15.290893     113.974686      -3.312112    -101.606514      -6.072292      -9.645827      65.327049      -0.004704       5.368912       0.001858     -75.839699       2.922359      -0.611849      -3.640028      -9.340482     -21.125221     -89.999008      14.482667      89.995125    -113.771751       4.132857     -99.356262      55.881153     -63.144436     117.901619       0.766619     -86.594467       0.728423      75.977913      -2.923463      -0.600443       1.473754      15.506261     -22.286379     -89.999336      14.060658      89.993614      46.881084      44.084705    -191.659470      91.196342       0.446284      90.223274     -11.575020     -20.145479      11.161090     -26.627497      84.668411    -153.736267       1.552914       2.975938     -23.775677       0.864564      34.798767     -99.752815     -88.787895     -23.820543      89.751045      -3.685051       4.154870       0.031655    -306.462311     -87.110329    -133.950638      -6.052285       0.621165     -19.592602
     -57.785290       4.882399    -121.212326      68.912682      27.522442     221.335266      37.146267     -69.492142     126.930107      15.653262     -13.348713      -2.034683       1.925606      -0.903475     -21.758575      11.176244      32.829685       4.957681       6.826102      16.762159     -15.371930     113.971474      -3.308956    -101.571602      -6.008387      -9.640659      65.329636      -0.004861       5.569663       0.001889     -75.894806       2.923784      -0.609121      -3.644484      -9.370124     -21.124689     -89.999016      14.502578      89.995125    -113.775070       4.132705     -99.379860      55.809002     -63.125599     117.864014       0.775433     -86.632919       0.737203      76.030579      -2.924793      -0.597842       1.476301      15.505319     -22.331594     -89.999329      14.087646      89.993607      46.796459      44.106430    -191.542694      91.193390       0.298313      90.222580     -11.527455     -20.205549      11.136732     -26.344183      84.611053    -154.059097       1.554649       2.991428     -23.782463       0.889684      34.763641     -99.783386     -88.847404     -23.802843      89.763229      -3.681623       4.238378      -0.012365    -306.293701     -87.099823    -133.796173      -6.053136       0.592471     -19.628151
     -57.785027       4.880278    -121.209709      68.927414      27.522409     221.357864      37.193546     -69.485588     126.967903      15.656634     -13.291436      -2.078704       1.895783      -0.888853     -21.742655      11.188421      32.746880       5.041477       6.916282      16.808130     -15.451611     113.968300      -3.305777    -101.537842      -5.944700      -9.635185      65.332642      -0.005016       5.768595       0.001915     -75.948914       2.925172      -0.606460      -3.649026      -9.401388     -21.124659     -89.999016      14.522148      89.995125    -113.778435       4.132613     -99.403633      55.738102     -63.106571     117.826736       0.784095     -86.671257       0.745848      76.082977      -2.926100      -0.595264       1.478434      15.504538     -22.374598     -89.999313      14.114182      89.993599      46.716297      44.122417    -191.431534      91.192551       0.168107      90.222237     -11.489067     -20.253389      11.113626     -26.198780      84.581177    -154.230530       1.551488       2.999158     -23.774500       0.923546      34.747643     -99.817047     -88.877426     -23.791935      89.769394      -3.666123       4.309961      -0.047418    -306.513123     -87.072845    -134.010468      -6.054529       0.556861     -19.664061
     -57.784576       4.877097    -121.207520      68.942429      27.523830     221.374237      37.265903     -69.474396     127.040176      15.657207     -13.236768      -2.128832       1.868316      -0.872290     -21.734314      11.200844      32.664497       5.124306       7.005792      16.854811     -15.529434     113.965279      -3.302449    -101.506371      -5.881866      -9.629073      65.336067      -0.005158       5.964988       0.001945     -76.001915       2.926528      -0.603866      -3.653549      -9.434205     -21.124670     -89.999008      14.541392      89.995125    -113.781799       4.131941     -99.427582      55.669720     -63.087444     117.790245       0.793536     -86.709190       0.755239      76.135109      -2.927385      -0.592690       1.479576      15.504155     -22.415165     -89.999321      14.140280      89.993599      46.645992      44.132477    -191.327774      91.192574       0.052294      90.222031     -11.455894     -20.286751      11.099244     -26.131550      84.565590    -154.316071       1.546197       2.999537     -23.761129       0.961083      34.736645     -99.847908     -88.891418     -23.784096      89.772263      -3.647216       4.379282      -0.080841    -306.758667     -87.044518    -134.240723      -6.056249       0.519760     -19.699610
     -57.784103       4.873116    -121.205811      68.956017      27.524145     221.384995      37.361458     -69.458588     127.146896      15.655379     -13.184414      -2.183924       1.842470      -0.853699     -21.733368      11.213617      32.582623       5.206047       7.094659      16.902124     -15.605364     113.962418      -3.298935    -101.477264      -5.820037      -9.622210      65.339790      -0.005299       6.158527       0.001970     -76.053818       2.927845      -0.601321      -3.657890      -9.468499     -21.124519     -89.999001      14.560323      89.995110    -113.785164       4.130707     -99.451683      55.603870     -63.068226     117.754509       0.802792     -86.746735       0.764465      76.186913      -2.928652      -0.590133       1.479995      15.504064     -22.453728     -89.999306      14.165929      89.993599      46.583782      44.137699    -191.231506      91.192673      -0.050890      90.221878     -11.425268     -20.308975      11.093554     -26.113588      84.557922    -154.347763       1.540222       2.994228     -23.747196       0.996546      34.724541     -99.874092     -88.897743     -23.778183      89.773544      -3.627991       4.449716      -0.115377    -306.934998     -87.019310    -134.394928      -6.057995       0.483011     -19.734642
     -57.783390       4.868258    -121.204536      68.969284      27.520115     221.388779      37.480377     -69.438560     127.291817      15.650407     -13.135103      -2.244193       1.816869      -0.833058     -21.740376      11.226590      32.501129       5.286896       7.182879      16.949787     -15.679659     113.959633      -3.295258    -101.449844      -5.759175      -9.614785      65.343681      -0.005436       6.349187       0.001996     -76.104614       2.929140      -0.598828      -3.662344      -9.504031     -21.123293     -89.999008      14.578930      89.995125    -113.788582       4.128972     -99.476173      55.540585     -63.049141     117.719704       0.812156     -86.783836       0.773807      76.238464      -2.929895      -0.587592       1.479261      15.504425     -22.490744     -89.999298      14.191153      89.993599      46.559368      44.128868    -191.161896      91.276672      -0.141278      90.236496     -11.398158     -20.300570      11.101282     -26.213612      84.575966    -154.255859       1.531528       2.979043     -23.727060       1.026854      34.707935     -99.893578     -88.900520     -23.773314      89.774071      -3.609410       4.523915      -0.152774    -307.010223     -86.998665    -134.442780      -6.059719       0.447032     -19.769236
     -57.782925       4.863634    -121.203636      68.979935      27.522200     221.391235      37.607006     -69.414474     127.441124      15.646955     -13.087822      -2.305717       1.793520      -0.810011     -21.747658      11.240302      32.420296       5.366348       7.270768      16.997540     -15.752673     113.956978      -3.291410    -101.423988      -5.699909      -9.606520      65.347145      -0.005571       6.536435       0.002022     -76.154556       2.930413      -0.596384      -3.666804      -9.541103     -21.122257     -89.999001      14.597233      89.995110    -113.791908       4.127146     -99.500198      55.478710     -63.029827     117.685295       0.821353     -86.820740       0.783001      76.289474      -2.931152      -0.585065       1.479511      15.504393     -22.527187     -89.999290      14.215953      89.993599      46.492157      44.138359    -191.065567      91.229156      -0.225670      90.228012     -11.372911     -20.325493      11.097516     -26.210714      84.568321    -154.269043       1.526240       2.977814     -23.711800       1.058261      34.694561     -99.910591     -88.901627     -23.768974      89.774284      -3.590919       4.598581      -0.190885    -307.051453     -86.979996    -134.451050      -6.061365       0.411626     -19.803244
     -57.782551       4.858718    -121.202911      68.989235      27.525108     221.393219      37.738758     -69.388885     127.599876      15.642670     -13.041907      -2.371266       1.771441      -0.786015     -21.756245      11.254231      32.339870       5.444871       7.358037      17.045038     -15.824418     113.954384      -3.287415    -101.399261      -5.641402      -9.598248      65.350861      -0.005714       6.720818       0.002046     -76.203812       2.931652      -0.593973      -3.671080      -9.578942     -21.120924     -89.999001      14.615218      89.995110    -113.795197       4.125434     -99.524185      55.418346     -63.010414     117.651459       0.831343     -86.857407       0.792949      76.340126      -2.932391      -0.582570       1.480125      15.504207     -22.562384     -89.999298      14.240345      89.993599      46.445869      44.142162    -190.986221      91.208054      -0.304409      90.224174     -11.347958     -20.339220      11.097151     -26.237904      84.567902    -154.250229       1.520317       2.974732     -23.695532       1.089415      34.678711     -99.926575     -88.902077     -23.764563      89.774353      -3.572410       4.674379      -0.230141    -307.064362     -86.962822    -134.427017      -6.063020       0.376649     -19.836714
     -57.782322       4.854360    -121.202286      68.997177      27.529675     221.395370      37.869232     -69.362854     127.753769      15.639164     -12.996856      -2.436440       1.750963      -0.761082     -21.762012      11.268544      32.260040       5.522239       7.444805      17.091721     -15.895377     113.951775      -3.283246    -101.374702      -5.584315      -9.589586      65.353889      -0.005851       6.902092       0.002072     -76.252411       2.932873      -0.591593      -3.675404      -9.617926     -21.120491     -89.999008      14.632910      89.995117    -113.798462       4.124115     -99.547874      55.358734     -62.991043     117.617973       0.841183     -86.893936       0.802765      76.390358      -2.933623      -0.580094       1.481379      15.503751     -22.596981     -89.999306      14.264319      89.993599      46.406925      44.144051    -190.925186      91.199394      -0.358488      90.222610     -11.330025     -20.340149      11.104877     -26.278269      84.571579    -154.218842       1.514199       2.971046     -23.679195       1.119046      34.664024     -99.941437     -88.902161     -23.760448      89.774391      -3.553803       4.746357      -0.267702    -307.106903     -86.944977    -134.431503      -6.064570       0.342405     -19.869324
     -57.781658       4.845965    -121.201981      69.011070      27.539505     221.384598      38.053772     -69.323822     127.986641      15.629888     -12.954443      -2.522118       1.729335      -0.732611     -21.784449      11.282235      32.180382       5.599339       7.530199      17.138603     -15.963896     113.949310      -3.278349    -101.352615      -5.529220      -9.580235      65.357491      -0.005996       7.080240       0.002105     -76.300285       2.934077      -0.589261      -3.679757      -9.658021     -21.121128     -89.999001      14.650319      89.995110    -113.801933       4.122064     -99.573204      55.302689     -62.971672     117.585709       0.851203     -86.930023       0.812767      76.440544      -2.934821      -0.577610       1.480800      15.504055     -22.629053     -89.999298      14.287903      89.993599      46.377327      44.144623    -190.850632      91.196190      -0.421241      90.222092     -11.309250     -20.327330      11.127148     -26.306879      84.572861    -154.200485       1.508765       2.971503     -23.664400       1.198360      34.726074     -99.981552     -88.736130     -23.788952      89.740448      -3.505014       4.744164      -0.249264    -308.352844     -86.872406    -135.636810      -6.066652       0.294115     -19.900692
     -57.781441       4.842007    -121.201614      69.016174      27.543903     221.386353      38.184772     -69.296539     128.144272      15.626704     -12.912680      -2.587034       1.710377      -0.705490     -21.792955      11.296684      32.101494       5.674952       7.615413      17.184015     -16.032251     113.946808      -3.274335    -101.329582      -5.474149      -9.570622      65.360741      -0.006126       7.256079       0.002131     -76.347099       2.935250      -0.586975      -3.683994      -9.698325     -21.120008     -89.998993      14.667421      89.995102    -113.805267       4.120901     -99.597580      55.245636     -62.952049     117.553047       0.860976     -86.965981       0.822542      76.489944      -2.936053      -0.575183       1.482210      15.503526     -22.661846     -89.999298      14.311086      89.993599      46.349331      44.144676    -190.800415      91.194962      -0.471157      90.221794     -11.289533     -20.320473      11.141445     -26.358084      84.577843    -154.159119       1.503665       2.969422     -23.649105       1.202373      34.666359     -99.975853     -88.818428     -23.769606      89.757080      -3.513164       4.834686      -0.309791    -307.622406     -86.890724    -134.910522      -6.067894       0.275272     -19.930737
     -57.781311       4.839443    -121.201256      69.023178      27.550947     221.386032      38.314438     -69.269592     128.286240      15.624609     -12.871242      -2.651077       1.693542      -0.676693     -21.788378      11.312293      32.023125       5.749187       7.701274      17.227591     -16.102224     113.944046      -3.270750    -101.303894      -5.419084      -9.561617      65.362350      -0.006267       7.430200       0.002161     -76.393219       2.936416      -0.584716      -3.688278      -9.739297     -21.118652     -89.999001      14.684237      89.995117    -113.808434       4.120678     -99.620323      55.187103     -62.933098     117.520348       0.871619     -87.002014       0.833155      76.538940      -2.937294      -0.572760       1.485449      15.502255     -22.695623     -89.999290      14.333876      89.993599      46.318226      44.149818    -190.751205      91.194695      -0.514025      90.221664     -11.269599     -20.316919      11.150028     -26.436911      84.589287    -154.088974       1.497751       2.963603     -23.633163       1.216430      34.635311     -99.976959     -88.862991     -23.756611      89.766251      -3.496033       4.924974      -0.359632    -307.503815     -86.880699    -134.736649      -6.066633       0.273696     -19.958578
     -57.780743       4.836289    -121.200874      69.034569      27.555231     221.379715      38.455853     -69.242058     128.445526      15.619504     -12.832469      -2.718464       1.676673      -0.647162     -21.785280      11.328358      31.945072       5.822559       7.787071      17.270281     -16.172468     113.941185      -3.267096    -101.277466      -5.364811      -9.552667      65.363045      -0.006397       7.601859       0.002180     -76.438507       2.937558      -0.582500      -3.692666      -9.780960     -21.116629     -89.999001      14.700773      89.995102    -113.811592       4.120357     -99.642853      55.129227     -62.914738     117.488190       0.881840     -87.037659       0.843388      76.587677      -2.938508      -0.570356       1.488296      15.501143     -22.728281     -89.999298      14.356284      89.993607      46.312271      44.145611    -190.713882      91.267952      -0.554579      90.234459     -11.252704     -20.291710      11.166496     -26.602758      84.619804    -153.927917       1.489395       2.949305     -23.612419       1.235404      34.616020     -99.978638     -88.884705     -23.748604      89.770729      -3.472022       5.004902      -0.402534    -307.564331     -86.862221    -134.735992      -6.064408       0.273842     -19.985487
     -57.780407       4.833199    -121.200523      69.045288      27.563702     221.374283      38.596081     -69.213165     128.598953      15.615699     -12.794049      -2.785575       1.660825      -0.616568     -21.780642      11.344813      31.867491       5.894930       7.872505      17.311850     -16.242397     113.938278      -3.263485    -101.250961      -5.311783      -9.542985      65.363144      -0.006526       7.770607       0.002206     -76.482918       2.938661      -0.580334      -3.697050      -9.823776     -21.115240     -89.998985      14.717024      89.995110    -113.814713       4.120296     -99.665184      55.071957     -62.896706     117.456497       0.892924     -87.073158       0.854449      76.636040      -2.939716      -0.567974       1.491417      15.499914     -22.760614     -89.999298      14.378320      89.993607      46.263779      44.156208    -190.647095      91.225502      -0.596563      90.226959     -11.237802     -20.300034      11.170522     -26.661217      84.624825    -153.876587       1.483997       2.947515     -23.596054       1.260071      34.606133     -99.983932     -88.894577     -23.743599      89.772797      -3.446352       5.077836      -0.441144    -307.671906     -86.841812    -134.783066      -6.062045       0.276231     -20.011261
     -57.780155       4.829741    -121.200142      69.055511      27.571835     221.370407      38.734627     -69.184540     128.753601      15.611328     -12.755478      -2.854855       1.645429      -0.585819     -21.776314      11.361044      31.790228       5.966758       7.957136      17.352182     -16.311670     113.935333      -3.259753    -101.224312      -5.259315      -9.533527      65.363388      -0.006656       7.937140       0.002231     -76.527054       2.939767      -0.578173      -3.701730      -9.866703     -21.113100     -89.998993      14.733015      89.995110    -113.817863       4.120465     -99.687874      55.015411     -62.878891     117.425323       0.903943     -87.108490       0.865453      76.684074      -2.940900      -0.565602       1.494407      15.498735     -22.792305     -89.999298      14.399983      89.993614      46.230808      44.161083    -190.591690      91.206932      -0.638974      90.223640     -11.222690     -20.300356      11.177032     -26.731628      84.633232    -153.812515       1.478229       2.944885     -23.579380       1.287042      34.596676     -99.992119     -88.898972     -23.739697      89.773720      -3.420501       5.147625      -0.478169    -307.777954     -86.821678    -134.829910      -6.059590       0.280656     -20.036053
     -57.779888       4.826004    -121.199745      69.065605      27.579536     221.366776      38.874165     -69.155434     128.911819      15.606427     -12.716989      -2.925624       1.630418      -0.554542     -21.772923      11.377107      31.713255       6.038046       8.041016      17.391331     -16.380365     113.932312      -3.255906    -101.197273      -5.207638      -9.524111      65.363419      -0.006785       8.101736       0.002261     -76.570732       2.940855      -0.576035      -3.706916      -9.910222     -21.110485     -89.998993      14.748726      89.995117    -113.821053       4.120728     -99.710983      54.959438     -62.861359     117.394463       0.915104     -87.143600       0.876604      76.731789      -2.942076      -0.563250       1.497198      15.497651     -22.823280     -89.999298      14.421287      89.993607      46.202801      44.163788    -190.539688      91.199684      -0.681302      90.222328     -11.208512     -20.297995      11.184776     -26.816631      84.644524    -153.732849       1.472057       2.940927     -23.561632       1.314858      34.586445    -100.001007     -88.900917     -23.736069      89.774139      -3.395302       5.216404      -0.514899    -307.861938     -86.802773    -134.856232      -6.057041       0.286667     -20.060093
     -57.779648       4.822105    -121.199364      69.075394      27.587187     221.363678      39.013752     -69.125954     129.071564      15.601293     -12.678512      -2.997490       1.615885      -0.522713     -21.769886      11.393054      31.636616       6.108745       8.124162      17.429255     -16.448492     113.929214      -3.252021    -101.169884      -5.156716      -9.514606      65.363266      -0.006917       8.264432       0.002288     -76.613914       2.941932      -0.573925      -3.712404      -9.954366     -21.107462     -89.998993      14.764185      89.995117    -113.824280       4.121096     -99.734482      54.904083     -62.844044     117.364044       0.926018     -87.178520       0.887529      76.779160      -2.943241      -0.560900       1.499915      15.496590     -22.853664     -89.999283      14.442244      89.993599      46.176674      44.165524    -190.489380      91.197006      -0.723473      90.221809     -11.194859     -20.294659      11.192758     -26.909904      84.657425    -153.644150       1.465686       2.936242     -23.543274       1.343303      34.575638    -100.010605     -88.901657     -23.732595      89.774315      -3.370596       5.284642      -0.551605    -307.928802     -86.784874    -134.866608      -6.054434       0.293824     -20.083462
     -57.779457       4.818129    -121.198967      69.084801      27.594988     221.361282      39.152657     -69.096191     129.231262      15.596104     -12.639943      -3.070183       1.601866      -0.490380     -21.766716      11.408863      31.560329       6.178836       8.206556      17.465960     -16.515999     113.926064      -3.248130    -101.142204      -5.106473      -9.505044      65.362991      -0.007051       8.425305       0.002316     -76.656609       2.943002      -0.571835      -3.718194      -9.998992     -21.104162     -89.999001      14.779382      89.995117    -113.827538       4.121608     -99.758286      54.849243     -62.826954     117.333977       0.937676     -87.213303       0.899174      76.826202      -2.944399      -0.558566       1.502646      15.495519     -22.883572     -89.999275      14.462845      89.993599      46.151440      44.166767    -190.440338      91.196121      -0.765455      90.221611     -11.181638     -20.291101      11.200513     -27.008390      84.671303    -153.549576       1.459186       2.931165     -23.524490       1.372195      34.564293    -100.020943     -88.902039     -23.729151      89.774406      -3.346404       5.352551      -0.588398    -307.983337     -86.767754    -134.865662      -6.051801       0.301723     -20.106228
     -57.779312       4.814114    -121.198563      69.093834      27.602938     221.359650      39.290520     -69.066261     129.390259      15.590907     -12.601243      -3.143541       1.588341      -0.457596     -21.763157      11.424553      31.484449       6.248276       8.288182      17.501431     -16.582846     113.922844      -3.244259    -101.114174      -5.056875      -9.495414      65.362564      -0.007167       8.584432       0.002337     -76.698845       2.944059      -0.569766      -3.724186     -10.044094     -21.100508     -89.998993      14.794325      89.995110    -113.830811       4.122291     -99.782417      54.794842     -62.810043     117.304253       0.949856     -87.247940       0.911330      76.872902      -2.945554      -0.556261       1.505391      15.494445     -22.912994     -89.999283      14.483102      89.993599      46.126720      44.167686    -190.392456      91.195839      -0.807236      90.221535     -11.168675     -20.287735      11.207764     -27.110260      84.685783    -153.451096       1.452617       2.925789     -23.505453       1.401421      34.552567    -100.031990     -88.902283     -23.725691      89.774460      -3.322631       5.420088      -0.625201    -308.031616     -86.751099    -134.859360      -6.049167       0.310229     -20.128418
     -57.778641       4.804978    -121.198280      69.107521      27.610716     221.349594      39.474396     -69.024963     129.633575      15.578371     -12.563147      -3.238030       1.571995      -0.423349     -21.786047      11.438183      31.408356       6.318489       8.367014      17.537035     -16.645512     113.919876      -3.239305    -101.089615      -5.009328      -9.485135      65.364174      -0.007306       8.741602       0.002372     -76.741013       2.945104      -0.567707      -3.731036     -10.090156     -21.097225     -89.998993      14.809016      89.995117    -113.834511       4.121804     -99.810402      54.745083     -62.792690     117.275848       0.962009     -87.282089       0.923464      76.919685      -2.946645      -0.553937       1.504811      15.494733     -22.939157     -89.999275      14.503016      89.993599      46.135509      44.153774    -190.346771      91.264854      -0.864228      90.233665     -11.154658     -20.254374      11.235653     -27.249973      84.709030    -153.312607       1.444857       2.918505     -23.483757       1.468307      34.587311    -100.063347     -88.782852     -23.746485      89.749870      -3.281683       5.421466      -0.621502    -308.760834     -86.702202    -135.535217      -6.046492       0.325069     -20.145632
     -57.778942       4.802303    -121.197853      69.111359      27.619635     221.355698      39.593273     -68.997086     129.765900      15.576229     -12.522345      -3.306850       1.560384      -0.389910     -21.777588      11.453400      31.333349       6.386664       8.446665      17.569683     -16.710390     113.916595      -3.235819    -101.060944      -4.960909      -9.475065      65.363876      -0.007434       8.897821       0.002385     -76.782257       2.946130      -0.565674      -3.737367     -10.136214     -21.092823     -89.998985      14.823472      89.995102    -113.837891       4.123179     -99.835518      54.691063     -62.775669     117.246300       0.974368     -87.316658       0.935810      76.965576      -2.947804      -0.551667       1.508355      15.493302     -22.968430     -89.999275      14.522604      89.993591      46.095757      44.160110    -190.298767      91.224762      -0.903484      90.226555     -11.141235     -20.265547      11.235357     -27.322481      84.716393    -153.243988       1.439434       2.915955     -23.466169       1.481189      34.543655    -100.066818     -88.844582     -23.730007      89.762474      -3.274419       5.521589      -0.680539    -308.273071     -86.712814    -135.003372      -6.043783       0.335660     -20.167816
     -57.779213       4.799691    -121.197365      69.117668      27.629192     221.359665      39.715324     -68.969246     129.898041      15.573462     -12.481950      -3.377422       1.549392      -0.355978     -21.764280      11.468843      31.258982       6.453838       8.525970      17.600822     -16.775530     113.913124      -3.232351    -101.031097      -4.912556      -9.465799      65.362976      -0.007557       9.052528       0.002409     -76.823303       2.947148      -0.563661      -3.743884     -10.182332     -21.088034     -89.998993      14.837662      89.995110    -113.841179       4.125041     -99.859764      54.636734     -62.759201     117.217087       0.987049     -87.351173       0.948487      77.011177      -2.948940      -0.549417       1.512258      15.491728     -22.997488     -89.999275      14.541857      89.993599      46.064922      44.164383    -190.255219      91.207306      -0.941504      90.223427     -11.127333     -20.270277      11.235090     -27.418436      84.729759    -153.150772       1.433120       2.910517     -23.448019       1.502255      34.520489    -100.075989     -88.875931     -23.720486      89.768944      -3.255218       5.603267      -0.726658    -308.204254     -86.702118    -134.880997      -6.041191       0.342593     -20.189686
     -57.779297       4.796630    -121.196869      69.125717      27.637842     221.361221      39.842415     -68.940704     130.038345      15.569470     -12.442415      -3.449402       1.538325      -0.322053     -21.752401      11.484328      31.185179       6.520166       8.604672      17.630970     -16.840294     113.909592      -3.228876    -101.001022      -4.864821      -9.456584      65.361641      -0.007683       9.205564       0.002430     -76.863792       2.948160      -0.561662      -3.750553     -10.228972     -21.083050     -89.998978      14.851637      89.995102    -113.844444       4.126771     -99.883812      54.582954     -62.743237     117.188301       0.999602     -87.385391       0.961050      77.056503      -2.950059      -0.547172       1.515739      15.490324     -23.025681     -89.999275      14.560792      89.993599      46.037205      44.166904    -190.210693      91.200500      -0.979806      90.222168     -11.115305     -20.272575      11.235988     -27.528856      84.745743    -153.042114       1.426342       2.903823     -23.428679       1.527515      34.505024    -100.086884     -88.890656     -23.714460      89.772003      -3.232762       5.676212      -0.767177    -308.239532     -86.686287    -134.861984      -6.038777       0.349717     -20.210640
     -57.779297       4.793185    -121.196365      69.134209      27.645987     221.362030      39.971931     -68.911537     130.184113      15.564797     -12.403191      -3.522514       1.527334      -0.288103     -21.742329      11.499765      31.111887       6.585762       8.682642      17.660152     -16.904381     113.906044      -3.225388    -100.970970      -4.817687      -9.447218      65.360123      -0.007794       9.356962       0.002457     -76.903740       2.949148      -0.559692      -3.757247     -10.276014     -21.077864     -89.998985      14.865360      89.995117    -113.847687       4.128364     -99.907982      54.529911     -62.727650     117.159981       1.013266     -87.419426       0.974685      77.101540      -2.951159      -0.544934       1.518839      15.489084     -23.053257     -89.999275      14.579401      89.993599      46.011623      44.168133    -190.166245      91.198006      -1.018597      90.221687     -11.104543     -20.273808      11.237586     -27.645239      84.762535    -152.926773       1.419397       2.896947     -23.408730       1.555068      34.492069    -100.098953     -88.897285     -23.710028      89.773399      -3.210079       5.745352      -0.805568    -308.284119     -86.670197    -134.853729      -6.036380       0.357782     -20.230833
     -57.779297       4.789482    -121.195892      69.142563      27.654036     221.362930      40.102177     -68.881859     130.332657      15.559849     -12.364000      -3.596482       1.516550      -0.254060     -21.733463      11.515074      31.039099       6.650657       8.759808      17.688360     -16.967623     113.902458      -3.221882    -100.940987      -4.771097      -9.437739      65.358574      -0.007922       9.506874       0.002485     -76.943199       2.950126      -0.557752      -3.764040     -10.323424     -21.072565     -89.998985      14.878861      89.995117    -113.850937       4.129865     -99.932327      54.477531     -62.712318     117.132103       1.026750     -87.453270       0.988159      77.146286      -2.952244      -0.542717       1.521733      15.487920     -23.080383     -89.999275      14.597700      89.993599      45.987492      44.168564    -190.122482      91.197029      -1.057737      90.221489     -11.094430     -20.274750      11.239395     -27.763968      84.779518    -152.808624       1.412397       2.890058     -23.388458       1.583925      34.479687    -100.111908     -88.900078     -23.706293      89.774002      -3.187803       5.812667      -0.843149    -308.319641     -86.654808    -134.837875      -6.033974       0.366687     -20.250362
     -57.779312       4.785635    -121.195404      69.150574      27.662100     221.364334      40.232235     -68.851837     130.482224      15.554825     -12.324707      -3.671050       1.506050      -0.219839     -21.725191      11.530250      30.966810       6.714870       8.836137      17.715553     -17.029987     113.898842      -3.218424    -100.910980      -4.725028      -9.428201      65.357010      -0.008044       9.655390       0.002505     -76.982246       2.951090      -0.555832      -3.770967     -10.371142     -21.067108     -89.998978      14.892133      89.995102    -113.854179       4.131364     -99.956841      54.425629     -62.697216     117.104492       1.040550     -87.486961       1.001948      77.190704      -2.953324      -0.540511       1.524500      15.486809     -23.107086     -89.999275      14.615698      89.993599      45.964420      44.168484    -190.079697      91.196869      -1.097057      90.221420     -11.084608     -20.275663      11.241086     -27.884510      84.796700    -152.688263       1.405393       2.883175     -23.368063       1.613430      34.467060    -100.125595     -88.901314     -23.702816      89.774277      -3.166120       5.879008      -0.880431    -308.346008     -86.640083    -134.814178      -6.031571       0.376186     -20.269339
     -57.779129       4.781419    -121.194916      69.159630      27.667610     221.364075      40.365978     -68.821617     130.640762      15.548316     -12.286004      -3.747239       1.495421      -0.185584     -21.719198      11.545245      30.894844       6.778591       8.911725      17.741938     -17.091644     113.895187      -3.214947    -100.880852      -4.679375      -9.418689      65.355392      -0.008160       9.802731       0.002534     -77.020836       2.952039      -0.553938      -3.778027     -10.419045     -21.061134     -89.998978      14.905208      89.995102    -113.857445       4.132655     -99.981712      54.374325     -62.682365     117.077255       1.054674     -87.520447       1.016067      77.234856      -2.954396      -0.538327       1.526900      15.485857     -23.133120     -89.999268      14.633393      89.993599      45.965557      44.159859    -190.052353      91.263939      -1.135280      90.233139     -11.075486     -20.256796      11.250341     -28.085686      84.829918    -152.484451       1.396475       2.868804     -23.344038       1.641917      34.451889    -100.137955     -88.901764     -23.699177      89.774376      -3.145161       5.946020      -0.918355    -308.348572     -86.626640    -134.767838      -6.029167       0.386110     -20.287920
     -57.779602       4.778334    -121.194321      69.164452      27.678473     221.371399      40.480984     -68.793327     130.767410      15.545859     -12.245294      -3.818262       1.486381      -0.151598     -21.706671      11.560311      30.823721       6.841195       8.986446      17.766792     -17.152439     113.891563      -3.212036    -100.850929      -4.634869      -9.407520      65.353485      -0.008260       9.947418       0.002561     -77.057716       2.952938      -0.552123      -3.785073     -10.470319     -21.059267     -89.998985      14.918036      89.995110    -113.860657       4.134562    -100.006218      54.322830     -62.667595     117.050140       1.069293     -87.554123       1.030673      77.278572      -2.955471      -0.536161       1.530239      15.484498     -23.159586     -89.999252      14.650784      89.993591      45.928856      44.163376    -190.016464      91.224754      -1.153515      90.226311     -11.074300     -20.263672      11.251170     -28.151659      84.837448    -152.420059       1.390495       2.866323     -23.325462       1.672729      34.443462    -100.156883     -88.901871     -23.696543      89.774452      -3.124088       6.006623      -0.952787    -308.419617     -86.610474    -134.790833      -6.026807       0.395986     -20.305613
     -57.780190       4.773059    -121.193840      69.171417      27.695976     221.373657      40.622658     -68.756088     130.928665      15.542244     -12.203596      -3.900109       1.477115      -0.115531     -21.700048      11.574379      30.753555       6.903059       9.059105      17.790501     -17.210558     113.888107      -3.209543    -100.822983      -4.591649      -9.393706      65.352455      -0.008357      10.089075       0.002588     -77.092041       2.953760      -0.550464      -3.790804     -10.523109     -21.060715     -89.998978      14.930654      89.995110    -113.863922       4.136562    -100.031586      54.272930     -62.652916     117.023773       1.083902     -87.587936       1.045283      77.322098      -2.956513      -0.533993       1.532806      15.483463     -23.185276     -89.999260      14.667891      89.993599      45.911720      44.161968    -189.997482      91.207634      -1.151687      90.223511     -11.074344     -20.239639      11.276770     -28.168713      84.839851    -152.411209       1.385949       2.869884     -23.312513       1.748954      34.514839    -100.205315     -88.744812     -23.726374      89.742477      -3.070892       5.983221      -0.926770    -309.727692     -86.531067    -136.037888      -6.024185       0.404810     -20.318951
     -57.780838       4.772251    -121.193367      69.173347      27.707417     221.381836      40.724632     -68.730354     131.026474      15.543764     -12.164302      -3.960306       1.469621      -0.080567     -21.678223      11.589394      30.684656       6.963107       9.131879      17.812857     -17.269226     113.884521      -3.208050    -100.793419      -4.547347      -9.380697      65.350853      -0.008449      10.229554       0.002612     -77.125946       2.954593      -0.548796      -3.796152     -10.574669     -21.060253     -89.998978      14.943062      89.995102    -113.866936       4.139005    -100.054741      54.221100     -62.638592     116.996895       1.099594     -87.621635       1.060947      77.364914      -2.957593      -0.531875       1.536578      15.481912     -23.212261     -89.999260      14.684713      89.993599      45.897949      44.161877    -189.991852      91.200966      -1.150109      90.222374     -11.067521     -20.219173      11.298002     -28.212589      84.845581    -152.377792       1.382427       2.871327     -23.300962       1.750935      34.474022    -100.204773     -88.823311     -23.710991      89.758415      -3.069957       6.043544      -0.974288    -309.387421     -86.539551    -135.668564      -6.023276       0.419503     -20.332634
     -57.781452       4.772455    -121.192810      69.178024      27.720018     221.387817      40.824524     -68.706154     131.110687      15.545605     -12.125188      -4.019048       1.463198      -0.045617     -21.645685      11.605556      30.616425       7.021850       9.205361      17.833698     -17.329613     113.880676      -3.206857    -100.761551      -4.502342      -9.368943      65.347725      -0.008549      10.370309       0.002620     -77.159447       2.955412      -0.547142      -3.801360     -10.625579     -21.059887     -89.998985      14.955278      89.995117    -113.869736       4.141919    -100.075806      54.167576     -62.625111     116.969902       1.115325     -87.655281       1.076676      77.407417      -2.958657      -0.529761       1.541306      15.479953     -23.240486     -89.999260      14.701260      89.993599      45.882492      44.165714    -189.983536      91.198502      -1.149050      90.221939     -11.059955     -20.205162      11.311611     -28.276621      84.855789    -152.322861       1.378031       2.868687     -23.288523       1.763258      34.460953    -100.211441     -88.865479     -23.702047      89.767128      -3.052516       6.103973      -1.011038    -309.534058     -86.520844    -135.767868      -6.021688       0.425458     -20.348581
     -57.781837       4.772475    -121.192261      69.185089      27.732044     221.390228      40.929237     -68.681404     131.199539      15.546631     -12.086126      -4.078478       1.458304      -0.012548     -21.610407      11.621786      30.549690       7.078835       9.278705      17.851954     -17.393015     113.876160      -3.205402    -100.726585      -4.456647      -9.359187      65.341705      -0.008662      10.509986       0.002652     -77.191963       2.956222      -0.545544      -3.807001     -10.676703     -21.058996     -89.998970      14.967284      89.995102    -113.871498       4.140471    -100.093552      54.114040     -62.615978     116.945992       1.130814     -87.687119       1.092180      77.450134      -2.959689      -0.527644       1.545598      15.478190     -23.267448     -89.999268      14.717523      89.993599      45.865017      44.170074    -189.969864      91.197311      -1.148422      90.221741     -11.053576     -20.190609      11.325405     -28.339888      84.866196    -152.268417       1.373405       2.865724     -23.275831       1.780751      34.462963    -100.220428     -88.885704     -23.698286      89.771347      -3.028575       6.150966      -1.038787    -309.895508     -86.490067    -136.078140      -6.020451       0.429755     -20.363703
     -57.781940       4.772309    -121.191742      69.193756      27.742765     221.389328      41.037941     -68.656189     131.294495      15.546551     -12.046607      -4.139784       1.455109       0.016852     -21.572243      11.638493      30.485205       7.133212       9.352018      17.867342     -17.459993     113.871017      -3.203066    -100.688560      -4.410243      -9.353062      65.332207      -0.008772      10.647883       0.002669     -77.224396       2.957012      -0.543950      -3.812441     -10.727932     -21.058321     -89.998962      14.979096      89.995102    -113.872246       4.134837    -100.107002      54.061157     -62.611588     116.925179       1.145479     -87.716537       1.106874      77.492714      -2.960698      -0.525525       1.548251      15.477125     -23.292952     -89.999252      14.733522      89.993599      45.848354      44.174107    -189.953278      91.197067      -1.148068      90.221710     -11.048943     -20.175430      11.340112     -28.396322      84.875290    -152.220871       1.368829       2.863497     -23.263123       1.799508      34.471478    -100.228630     -88.894936     -23.696949      89.773308      -3.003272       6.190470      -1.062009    -310.317841     -86.455673    -136.449844      -6.019387       0.434167     -20.377935
     -57.781918       4.772003    -121.191177      69.203865      27.752811     221.386932      41.147907     -68.631401     131.391815      15.545478     -12.007368      -4.201816       1.451969       0.044819     -21.533951      11.655506      30.421564       7.186535       9.424889      17.882475     -17.526337     113.865898      -3.200159    -100.650902      -4.364068      -9.348271      65.322525      -0.008890      10.784404       0.002693     -77.257019       2.957810      -0.542342      -3.818531     -10.779030     -21.058184     -89.998955      14.990689      89.995102    -113.873001       4.129437    -100.119720      54.008656     -62.607521     116.904396       1.160374     -87.745651       1.121786      77.534859      -2.961693      -0.523440       1.550179      15.476357     -23.317846     -89.999260      14.749246      89.993599      45.834000      44.176868    -189.936279      91.196869      -1.147887      90.221695     -11.045877     -20.159508      11.356162     -28.444595      84.882698    -152.181610       1.364364       2.862316     -23.250332       1.819538      34.483025    -100.236938     -88.899109     -23.696808      89.774231      -2.977856       6.225845      -1.083006    -310.756134     -86.420128    -136.838745      -6.018423       0.438831     -20.391390
     -57.781536       4.771357    -121.190567      69.216698      27.760111     221.380859      41.263924     -68.606621     131.500031      15.542240     -11.969250      -4.265189       1.448539       0.072014     -21.498085      11.672585      30.358316       7.239306       9.497313      17.897629     -17.592047     113.860794      -3.196744    -100.613472      -4.318374      -9.344387      65.312630      -0.009009      10.919725       0.002724     -77.289940       2.958612      -0.540730      -3.825071     -10.829848     -21.057360     -89.998962      15.002097      89.995110    -113.873878       4.124202    -100.132446      53.956879     -62.603561     116.883644       1.175471     -87.774368       1.136891      77.576729      -2.962679      -0.521358       1.551486      15.475841     -23.341663     -89.999268      14.764704      89.993599      45.834557      44.173645    -189.925568      91.243767      -1.147606      90.229942     -11.045012     -20.129908      11.379022     -28.555462      84.901443    -152.077484       1.358480       2.855769     -23.234024       1.839061      34.494434    -100.242813     -88.900757     -23.696985      89.774612      -2.953162       6.260591      -1.103769    -311.173431     -86.385330    -137.207993      -6.017500       0.443726     -20.404400
     -57.781574       4.771118    -121.189888      69.227516      27.770966     221.379211      41.370407     -68.583046     131.591827      15.540878     -11.929565      -4.327246       1.445951       0.098425     -21.458094      11.689651      30.295998       7.291037       9.568817      17.912010     -17.656601     113.856102      -3.193423    -100.576714      -4.272561      -9.340823      65.303230      -0.009118      11.053654       0.002752     -77.322159       2.959397      -0.539148      -3.832084     -10.881472     -21.056902     -89.998955      15.013316      89.995102    -113.874741       4.119673    -100.144806      53.904968     -62.599442     116.862816       1.190977     -87.803169       1.152397      77.618202      -2.963666      -0.519294       1.553188      15.475153     -23.365084     -89.999252      14.779904      89.993599      45.814098      44.177628    -189.904327      91.215820      -1.147701      90.225060     -11.043543     -20.120113      11.393241     -28.558329      84.900108    -152.084427       1.354980       2.859232     -23.222628       1.861422      34.510265    -100.253387     -88.901459     -23.698030      89.774803      -2.928117       6.291118      -1.122200    -311.629608     -86.348000    -137.616699      -6.016698       0.448581     -20.416660
     -57.781570       4.770858    -121.189247      69.238358      27.781527     221.376938      41.478031     -68.559158     131.685364      15.539338     -11.889968      -4.389408       1.443594       0.124588     -21.418175      11.706461      30.234314       7.342136       9.639459      17.926077     -17.720179     113.851173      -3.190177    -100.540382      -4.226861      -9.337393      65.294090      -0.009228      11.186932       0.002778     -77.354004       2.960179      -0.537571      -3.839074     -10.932631     -21.055433     -89.998970      15.024337      89.995110    -113.875725       4.115581    -100.157196      53.853683     -62.595322     116.842110       1.206733     -87.831810       1.168149      77.659386      -2.964655      -0.517246       1.554733      15.474529     -23.387659     -89.999252      14.794842      89.993599      45.800266      44.180161    -189.887299      91.204033      -1.147759      90.223000     -11.041117     -20.105766      11.409871     -28.574987      84.901802    -152.077713       1.351200       2.860935     -23.210966       1.883160      34.526474    -100.263222     -88.901848     -23.699173      89.774918      -2.903229       6.319991      -1.139789    -312.091858     -86.309761    -138.032013      -6.015974       0.453432     -20.428404
     -57.781391       4.767018    -121.188683      69.251411      27.795050     221.369629      41.614128     -68.525917     131.831284      15.534278     -11.850286      -4.465195       1.439981       0.150613     -21.396906      11.721473      30.172972       7.393447       9.707501      17.940842     -17.780214     113.845032      -3.186211    -100.507957      -4.183351      -9.332672      65.286858      -0.009339      11.318021       0.002808     -77.385948       2.960950      -0.536003      -3.847221     -10.985166     -21.055042     -89.998962      15.035198      89.995094    -113.877022       4.110840    -100.171959      53.807381     -62.591240     116.823257       1.222190     -87.860039       1.183607      77.700577      -2.965599      -0.515187       1.553807      15.474948     -23.407856     -89.999252      14.809537      89.993599      45.796230      44.176941    -189.868317      91.199547      -1.148198      90.222343     -11.039863     -20.073137      11.445158     -28.541265      84.896065    -152.124313       1.348423       2.868454     -23.201675       1.938469      34.590530    -100.292992     -88.794556     -23.723167      89.752892      -2.862990       6.281846      -1.116584    -313.145172     -86.234413    -139.040024      -6.015541       0.461775     -20.435286
     -57.781517       4.768088    -121.188049      69.259621      27.805140     221.370148      41.709091     -68.504715     131.905167      15.534703     -11.810545      -4.521940       1.438995       0.175461     -21.352718      11.737962      30.112532       7.443229       9.776525      17.954226     -17.841999     113.838837      -3.183596    -100.472702      -4.138075      -9.328866      65.278511      -0.009439      11.449688       0.002828     -77.417053       2.961710      -0.534469      -3.855175     -11.036405     -21.051174     -89.998955      15.045860      89.995094    -113.878159       4.107944    -100.184128      53.757935     -62.586983     116.803078       1.239052     -87.888504       1.200435      77.740944      -2.966575      -0.513176       1.556041      15.474030     -23.429956     -89.999252      14.823992      89.993599      45.786640      44.180214    -189.858994      91.197823      -1.148025      90.222000     -11.033314     -20.056839      11.462659     -28.565773      84.899460    -152.111221       1.345091       2.868699     -23.191111       1.942881      34.580048    -100.291931     -88.850914     -23.712673      89.764412      -2.851636       6.336689      -1.152137    -313.239746     -86.219040    -139.096008      -6.014960       0.467621     -20.446882
     -57.781574       4.769036    -121.187370      69.270386      27.815842     221.368378      41.807667     -68.483444     131.980881      15.534329     -11.771248      -4.579703       1.438174       0.200091     -21.306702      11.754659      30.052586       7.492339       9.845265      17.967194     -17.903618     113.832428      -3.181024    -100.437317      -4.093054      -9.325198      65.269897      -0.009557      11.580350       0.002857     -77.447868       2.962464      -0.532943      -3.863420     -11.087822     -21.046862     -89.998955      15.056339      89.995102    -113.879333       4.105683    -100.195869      53.708729     -62.582859     116.783012       1.255872     -87.916931       1.217247      77.781113      -2.967557      -0.511168       1.558393      15.473063     -23.451605     -89.999260      14.838208      89.993599      45.774113      44.184586    -189.844818      91.197266      -1.147942      90.221870     -11.028243     -20.042425      11.477278     -28.599577      84.905098    -152.087296       1.341029       2.867056     -23.179482       1.955762      34.588894    -100.296295     -88.878967     -23.708570      89.770203      -2.830204       6.376776      -1.176908    -313.614532     -86.184265    -139.424042      -6.014388       0.470601     -20.458311
     -57.781540       4.769596    -121.186623      69.282410      27.826176     221.365540      41.908138     -68.462112     132.060623      15.533154     -11.732321      -4.638021       1.437193       0.224053     -21.262470      11.771226      29.993147       7.540887       9.913320      17.979912     -17.964457     113.825844      -3.178378    -100.402473      -4.048545      -9.321380      65.261398      -0.009666      11.709679       0.002875     -77.478439       2.963205      -0.531431      -3.871819     -11.139463     -21.042412     -89.998947      15.066651      89.995094    -113.880562       4.103703    -100.207657      53.660442     -62.578739     116.763229       1.273167     -87.945206       1.234533      77.821022      -2.968515      -0.509183       1.560365      15.472250     -23.472517     -89.999260      14.852180      89.993599      45.761024      44.187939    -189.828415      91.196846      -1.147918      90.221786     -11.025039     -20.027441      11.492426     -28.633667      84.910667    -152.062408       1.336753       2.865512     -23.167177       1.973311      34.605114    -100.303520     -88.891907     -23.707726      89.772873      -2.806177       6.409054      -1.196585    -314.054077     -86.144424    -139.816483      -6.013961       0.473780     -20.468946
     -57.781479       4.769842    -121.185875      69.294617      27.836327     221.362579      42.009132     -68.440613     132.143036      15.531621     -11.693517      -4.696629       1.436170       0.247484     -21.220194      11.787598      29.934172       7.588934       9.980614      17.992401     -18.024366     113.819115      -3.175703    -100.368256      -4.004508      -9.317396      65.253120      -0.009766      11.837883       0.002900     -77.508766       2.963948      -0.529929      -3.880285     -11.191143     -21.037748     -89.998947      15.076785      89.995094    -113.881844       4.101930    -100.219620      53.613197     -62.574642     116.743805       1.290419     -87.973335       1.251793      77.860649      -2.969463      -0.507214       1.562070      15.471555     -23.492903     -89.999252      14.865915      89.993591      45.748520      44.190353    -189.811829      91.196587      -1.147930      90.221741     -11.022790     -20.011497      11.508627     -28.666096      84.915794    -152.038895       1.332489       2.864455     -23.154678       1.993173      34.623707    -100.312294     -88.897659     -23.708302      89.774078      -2.782111       6.437656      -1.214145    -314.494080     -86.104012    -140.210983      -6.013580       0.477597     -20.478916
     -57.781120       4.769630    -121.185150      69.308685      27.844341     221.356277      42.112766     -68.419357     132.234543      15.528311     -11.655655      -4.756606       1.434290       0.266170     -21.181480      11.804622      29.876856       7.635118      10.047553      18.006067     -18.083109     113.811737      -3.173249    -100.336952      -3.960580      -9.313574      65.245132      -0.009871      11.964959       0.002933     -77.539108       2.964684      -0.528431      -3.888778     -11.242534     -21.032362     -89.998962      15.086751      89.995102    -113.882996       4.099791    -100.229507      53.568455     -62.570782     116.725266       1.308750     -88.000893       1.270096      77.899544      -2.970386      -0.505271       1.563414      15.471008     -23.513014     -89.999245      14.879431      89.993591      45.749989      44.187576    -189.801529      91.243736      -1.147750      90.229988     -11.022024     -19.981731      11.531345     -28.767422      84.933319    -151.944000       1.326774       2.857616     -23.138754       2.012783      34.640957    -100.318672     -88.900291     -23.709110      89.774651      -2.759072       6.466561      -1.232030    -314.895935     -86.065674    -140.569061      -6.013169       0.482084     -20.488516
     -57.781235       4.769719    -121.184380      69.319992      27.856262     221.354965      42.204403     -68.399719     132.308487      15.527091     -11.616942      -4.815196       1.432874       0.283016     -21.139778      11.821896      29.820602       7.680069      10.113808      18.019558     -18.140598     113.804428      -3.171152    -100.307465      -3.916684      -9.309531      65.237976      -0.009985      12.090525       0.002958     -77.568848       2.965402      -0.526970      -3.896907     -11.294594     -21.028349     -89.998962      15.096556      89.995102    -113.884003       4.098021    -100.238426      53.524319     -62.566765     116.707077       1.326917     -88.028442       1.288252      77.937897      -2.971307      -0.503361       1.565106      15.470298     -23.533371     -89.999245      14.892709      89.993591      45.730141      44.192360    -189.781052      91.215630      -1.147928      90.225075     -11.020276     -19.972300      11.544687     -28.761530      84.931328    -151.959244       1.323425       2.860507     -23.127857       2.035559      34.661438    -100.330063     -88.901421     -23.710737      89.774902      -2.736006       6.491938      -1.247983    -315.316010     -86.025703    -140.946274      -6.012794       0.486954     -20.497435
     -57.781326       4.769698    -121.183678      69.330765      27.867918     221.353363      42.296577     -68.379631     132.384567      15.525872     -11.578508      -4.873869       1.431308       0.299724     -21.099064      11.839041      29.764944       7.724418      10.179294      18.032764     -18.196983     113.797188      -3.169112    -100.278564      -3.872918      -9.305513      65.231133      -0.010077      12.215501       0.002983     -77.598343       2.966120      -0.525507      -3.905260     -11.346013     -21.023167     -89.998962      15.106193      89.995110    -113.885040       4.096451    -100.247375      53.480782     -62.562668     116.688972       1.344891     -88.055878       1.306238      77.975906      -2.972225      -0.501457       1.566638      15.469666     -23.553297     -89.999237      14.905773      89.993591      45.716640      44.195740    -189.765030      91.204086      -1.148015      90.223045     -11.017412     -19.958229      11.560294     -28.772551      84.932884    -151.957535       1.319785       2.861545     -23.116739       2.057784      34.681332    -100.340889     -88.901665     -23.712360      89.774971      -2.713274       6.516229      -1.263436    -315.731262     -85.985512    -141.319473      -6.012438       0.492206     -20.505880
     -57.781399       4.769621    -121.182999      69.341278      27.879433     221.351547      42.388783     -68.359314     132.461487      15.524693     -11.540452      -4.932246       1.429621       0.316467     -21.059206      11.856123      29.709780       7.768224      10.244135      18.045589     -18.252487     113.790024      -3.167103    -100.250038      -3.829437      -9.301408      65.224419      -0.010184      12.339623       0.003005     -77.627579       2.966817      -0.524065      -3.913734     -11.397388     -21.017530     -89.998947      15.115671      89.995102    -113.886070       4.095072    -100.256393      53.437851     -62.558495     116.671036       1.364556     -88.083130       1.325867      78.013618      -2.973118      -0.499579       1.568141      15.469051     -23.572857     -89.999237      14.918611      89.993591      45.704811      44.198803    -189.750153      91.199547      -1.148080      90.222260     -11.014222     -19.942295      11.576739     -28.792505      84.936256    -151.946701       1.315998       2.861570     -23.105413       2.079621      34.700867    -100.351303     -88.901871     -23.713915      89.775032      -2.691084       6.540102      -1.278793    -316.135864     -85.945549    -141.682907      -6.012091       0.497714     -20.513920
     -57.781353       4.766002    -121.182419      69.353371      27.893948     221.345810      42.506840     -68.329681     132.587799      15.520449     -11.502170      -5.003558       1.426329       0.333637     -21.038050      11.871497      29.654913       7.812280      10.306479      18.058796     -18.304399     113.782494      -3.164411    -100.225006      -3.787971      -9.296024      65.219498      -0.010302      12.461594       0.003029     -77.656891       2.967518      -0.522629      -3.922931     -11.450130     -21.013298     -89.998947      15.124986      89.995102    -113.887360       4.092815    -100.267929      53.399014     -62.554131     116.654579       1.383968     -88.109962       1.345260      78.051262      -2.973965      -0.497704       1.567348      15.469414     -23.590233     -89.999252      14.931219      89.993591      45.701015      44.196392    -189.733185      91.197731      -1.148526      90.222061     -11.012249     -19.909760      11.610571     -28.758587      84.931686    -151.992432       1.313254       2.867665     -23.096514       2.134881      34.766857    -100.382294     -88.796265     -23.737862      89.753326      -2.654346       6.498831      -1.254351    -317.033722     -85.866829    -142.541656      -6.012109       0.505773     -20.517410
     -57.781624       4.767196    -121.181770      69.360390      27.905025     221.348022      42.585926     -68.311905     132.645004      15.521583     -11.463669      -5.056351       1.425329       0.350268     -20.994444      11.888303      29.600847       7.854982      10.369816      18.070349     -18.358028     113.775452      -3.162865    -100.196762      -3.744586      -9.291853      65.213348      -0.010406      12.584523       0.003055     -77.685577       2.968218      -0.521206      -3.931244     -11.500999     -21.006763     -89.998947      15.134144      89.995102    -113.888397       4.092108    -100.277092      53.356483     -62.549568     116.636589       1.404032     -88.137016       1.365317      78.088173      -2.974886      -0.495850       1.569592      15.468481     -23.609632     -89.999237      14.943645      89.993599      45.690956      44.200516    -189.725464      91.197060      -1.148340      90.221878     -11.005050     -19.893656      11.626655     -28.782991      84.936005    -151.978317       1.309996       2.866829     -23.086424       2.139622      34.758793    -100.382744     -88.851891     -23.727695      89.764687      -2.645528       6.549647      -1.288146    -317.116211     -85.851952    -142.591064      -6.011786       0.512573     -20.525530
