HIERARCHY
ROOT root
{
   OFFSET       0.000000        0.000000        0.000000
   CHANNELS 6 Xposition Yposition Zposition Xrotation Yrotation Zrotation
   JOINT LowerSpineJoint
   {
      OFFSET       0.000000        3.328345        0.000000
      CHANNELS 3 Xrotation  Yrotation Zrotation
      JOINT MiddleSpineJoint
      {
         OFFSET       4.330709        0.000000        0.000000
         CHANNELS 3 Xrotation  Yrotation Zrotation
         JOINT UpperSpineJoint
         {
            OFFSET       6.102361        0.000000        0.000000
            CHANNELS 3 Xrotation  Yrotation Zrotation
            JOINT LowerNeckJoint
            {
               OFFSET      10.236220        1.809055        0.000000
               CHANNELS 3 Xrotation  Yrotation Zrotation
               JOINT UpperNeckJoint
               {
                  OFFSET       3.543308        0.000000        0.000000
                  CHANNELS 3 Xrotation  Yrotation Zrotation
                  End Site
                  {
                     OFFSET       7.874016        0.000000        0.000000
                  }
               }
            }
            JOINT RightClavicleJoint
            {
               OFFSET       9.448819        2.047244        1.259843
               CHANNELS 3 Xrotation  Yrotation Zrotation
               JOINT RightShoulderJoint
               {
                  OFFSET      -6.220472       -1.574802        0.393701
                  CHANNELS 3 Xrotation  Yrotation Zrotation
                  JOINT RightElbowJoint
                  {
                     OFFSET     -12.500000        0.000000        0.078740
                     CHANNELS 3 Xrotation  Yrotation Zrotation
                     JOINT RightForearmTwistJoint
                     {
                        OFFSET      -5.216535        0.000000        0.000000
                        CHANNELS 3 Xrotation  Yrotation Zrotation
                        JOINT RightWristJoint
                        {
                           OFFSET      -5.314960        0.000000        0.000000
                           CHANNELS 3 Xrotation  Yrotation Zrotation
                           JOINT RightFingersJoint
                           {
                              OFFSET      -3.149608       -0.393700        0.000000
                              CHANNELS 3 Xrotation  Yrotation Zrotation
                              End Site
                              {
                                 OFFSET       0.000000        3.149606        0.000000
                              }
                           }
                        }
                     }
                  }
               }
            }
            JOINT LeftClavicleJoint
            {
               OFFSET       9.448819        2.047244       -1.259843
               CHANNELS 3 Xrotation  Yrotation Zrotation
               JOINT LeftShoulderJoint
               {
                  OFFSET      -6.220472       -1.574802       -0.393701
                  CHANNELS 3 Xrotation  Yrotation Zrotation
                  JOINT LeftElbowJoint
                  {
                     OFFSET     -12.500000        0.000000       -0.078740
                     CHANNELS 3 Xrotation  Yrotation Zrotation
                     JOINT LeftForearmTwistJoint
                     {
                        OFFSET      -5.216535        0.000000        0.000000
                        CHANNELS 3 Xrotation  Yrotation Zrotation
                        JOINT LeftWristJoint
                        {
                           OFFSET      -5.314960        0.000000        0.000000
                           CHANNELS 3 Xrotation  Yrotation Zrotation
                           JOINT LeftFingersJoint
                           {
                              OFFSET      -3.149608       -0.393700        0.000000
                              CHANNELS 3 Xrotation  Yrotation Zrotation
                              End Site
                              {
                                 OFFSET       0.000000        3.149606        0.000000
                              }
                           }
                        }
                     }
                  }
               }
            }
         }
      }
   }
   JOINT RightHipJoint
   {
      OFFSET      -3.543307        0.178739        0.000000
      CHANNELS 3 Xrotation  Yrotation Zrotation
      JOINT RightKneeJoint
      {
         OFFSET      17.204723        0.000000       -0.196850
         CHANNELS 3 Xrotation  Yrotation Zrotation
         JOINT RightAnkleJoint
         {
            OFFSET       0.000000      -17.840551       -0.161417
            CHANNELS 3 Xrotation  Yrotation Zrotation
            JOINT RightMidFootJoint
            {
               OFFSET       0.000000       -1.568898        2.523622
               CHANNELS 3 Xrotation  Yrotation Zrotation
               JOINT RightToesJoint
               {
                  OFFSET       2.677163       -0.000000        0.000000
                  CHANNELS 3 Xrotation  Yrotation Zrotation
                  End Site
                  {
                     OFFSET       2.362204        0.000000        0.000000
                  }
               }
            }
         }
      }
   }
   JOINT LeftHipJoint
   {
      OFFSET       3.543307        0.178739        0.000000
      CHANNELS 3 Xrotation  Yrotation Zrotation
      JOINT LeftKneeJoint
      {
         OFFSET      17.204723        0.000000        0.196850
         CHANNELS 3 Xrotation  Yrotation Zrotation
         JOINT LeftAnkleJoint
         {
            OFFSET       0.000000      -17.840551        0.161417
            CHANNELS 3 Xrotation  Yrotation Zrotation
            JOINT LeftMidFootJoint
            {
               OFFSET       0.000000       -1.568898       -2.523622
               CHANNELS 3 Xrotation  Yrotation Zrotation
               JOINT LeftToesJoint
               {
                  OFFSET       2.677164       -0.000000        0.000000
                  CHANNELS 3 Xrotation  Yrotation Zrotation
                  End Site
                  {
                     OFFSET       2.362205        0.000000        0.000000
                  }
               }
            }
         }
      }
   }
}
MOTION
Frames:	221
Frame Time: 0.0166667
      -0.463866      34.872833       0.504298     -12.481940      10.435562      10.805516     -70.330688     -68.572029       4.257385     -10.748276     -16.706963      -0.599989       2.441391       6.524463      -9.785110      -3.115994      -9.585485     -23.697453      -1.444044       4.641591      27.225275      96.570877      -1.272569     -90.630089       5.858077     -52.183506      81.624687      -0.043506      43.444855       0.017405      -8.736884      -0.156384      -2.290702       3.070041      10.276159     -20.521070     -90.003143     -30.592529      89.994499    -101.850227      -1.817511    -100.010147     -19.107899     -43.127083      49.386086       0.124012     -69.795952       0.086496      35.767906      -1.313020      -2.067620      -0.732107      -7.548869      10.648220     -90.005043     -34.884544      89.992645      68.584885      72.730293    -158.184448      90.151764      51.878277      90.066154     -11.721730     -11.544188      13.771694    -167.409805      84.034492     -20.080349      -0.045197      -2.749379     -21.996016      38.642979      78.135002    -144.246567     -90.865036     -31.621929      90.210175       2.753448      -2.694561       3.065779     -89.067520     -89.054657      77.562988      -4.668213       4.789808     -25.653292
      -0.464293      34.812580       0.501695     -12.496149      10.446033      10.827471     -70.333496     -68.563004       4.247141     -10.752132     -16.704334      -0.606257       2.438804       6.528609      -9.787894      -3.117924      -9.583570     -23.720041      -1.444981       4.644457      27.228342      96.578140      -1.271059     -90.603226       5.831275     -52.188393      81.595222      -0.043941      43.445812       0.017705      -8.736887      -0.156838      -2.291041       3.069869      10.272848     -20.521349     -90.003159     -30.592585      89.994446    -101.862091      -1.816937     -99.983864     -19.122334     -43.111427      49.363621       0.121820     -69.790146       0.084710      35.767860      -1.313668      -2.067577      -0.732149      -7.547683      10.648024     -90.005051     -34.884541      89.992622      68.589539      72.721298    -158.179581      90.151070      51.949539      90.059525     -11.968608     -11.567987      13.750159    -167.426712      84.024155     -20.197212      -0.040604      -2.728317     -21.959692      38.670906      78.114349    -144.341949     -90.870003     -31.742226      90.212555       2.735508      -2.699441       3.064440     -89.347015     -89.054131      77.238937      -4.684947       4.755825     -25.445440
      -0.466198      34.725441       0.493117     -12.560849      10.457852      10.904570     -70.318459     -68.533401       4.228126     -10.757758     -16.689035      -0.628877       2.438426       6.541218      -9.801285      -3.126635      -9.572233     -23.834204      -1.448006       4.658272      27.219896      96.621597      -1.264024     -90.462898       5.725542     -52.190487      81.498711      -0.043655      43.441891       0.017330      -8.737270      -0.156749      -2.291147       3.070569      10.271925     -20.528149     -90.003136     -30.592564      89.994492    -101.906593      -1.813954     -99.843765     -19.171501     -43.057449      49.294750       0.121704     -69.763489       0.084514      35.765602      -1.313309      -2.067827      -0.734657      -7.536115      10.636006     -90.005058     -34.884537      89.992653      68.648308      72.681107    -158.181519      90.112541      52.105915      90.047394     -12.549404     -11.631142      13.697016    -167.497604      84.011139     -20.468367      -0.032147      -2.680125     -21.954725      38.738403      78.065308    -144.570496     -90.902588     -32.075760      90.221199       2.750914      -2.720233       3.085219     -90.015900     -89.051056      76.474571      -4.714270       4.694903     -25.082150
      -0.470706      34.625679       0.476747     -12.651785      10.463324      11.011818     -70.292557     -68.494766       4.206510     -10.764030     -16.669733      -0.661193       2.439789       6.558100      -9.822670      -3.140234      -9.549287     -24.025782      -1.452068       4.681756      27.183641      96.701393      -1.247526     -90.222328       5.589570     -52.166145      81.404930      -0.043471      43.435467       0.017142      -8.737607      -0.156725      -2.291204       3.071055      10.269936     -20.533445     -90.003136     -30.592558      89.994499    -101.960541      -1.805518     -99.595406     -19.224354     -42.995293      49.240635       0.121459     -69.725517       0.084199      35.762547      -1.312837      -2.068143      -0.738782      -7.518257      10.617426     -90.005066     -34.884529      89.992683      68.721405      72.631760    -158.186218      90.051636      52.287323      90.025986     -13.235393     -11.712627      13.625456    -167.576523      84.002663     -20.795752      -0.023109      -2.622606     -21.961088      38.823170      78.002846    -144.855118     -90.962250     -32.494740      90.236687       2.788317      -2.753976       3.112664     -90.975517     -89.042763      75.395462      -4.739098       4.642537     -24.771229
      -0.478975      34.525787       0.451776     -12.760947      10.466478      11.139800     -70.257072     -68.452454       4.184513     -10.770540     -16.649164      -0.701377       2.442849       6.576620      -9.850936      -3.157552      -9.519377     -24.271395      -1.456071       4.710218      27.119661      96.811501      -1.222722     -89.899963       5.463564     -52.110207      81.357964      -0.043363      43.426823       0.017157      -8.737917      -0.156755      -2.291184       3.070824      10.266307     -20.534498     -90.003136     -30.592554      89.994507    -102.018951      -1.790920     -99.261185     -19.262402     -42.947128      49.232407       0.121195     -69.684502       0.083936      35.759506      -1.312370      -2.068415      -0.743322      -7.497542      10.597707     -90.005066     -34.884521      89.992706      68.797554      72.578125    -158.194382      89.981636      52.474091      90.000397     -13.953407     -11.805675      13.540410    -167.645889      84.006523     -21.147991      -0.014975      -2.557118     -21.967663      38.917595      77.933289    -145.164886     -91.037956     -32.944111      90.256378       2.836152      -2.797795       3.145221     -92.113739     -89.031670      74.128334      -4.760030       4.597819     -24.506573
      -0.492329      34.433151       0.418248     -12.880519      10.487058      11.275137     -70.217155     -68.413506       4.161393     -10.778304     -16.631798      -0.747634       2.446219       6.593286      -9.884329      -3.179117      -9.492244     -24.546331      -1.458905       4.736882      27.033901      96.937820      -1.192627     -89.515663       5.374104     -52.026768      81.378654      -0.043302      43.415890       0.017344      -8.738332      -0.156821      -2.291092       3.069564      10.260462     -20.530230     -90.003120     -30.592546      89.994514    -102.085625      -1.770898     -98.869392     -19.275864     -42.926613      49.280312       0.120956     -69.645744       0.083801      35.756889      -1.311971      -2.068586      -0.747482      -7.476007      10.580483     -90.005074     -34.884510      89.992729      68.864960      72.528282    -158.196121      89.920868      52.651608      89.977661     -14.649031     -11.902320      13.452085    -167.684891      84.020432     -21.519894      -0.008312      -2.497752     -21.980888      39.073082      77.852547    -145.536407     -91.068695     -33.384106      90.265968       2.882249      -2.823509       3.180749     -92.759148     -89.022888      73.357101      -4.777904       4.559379     -24.281527
      -0.513448      34.351673       0.376607     -13.005494      10.533791      11.411995     -70.173927     -68.377716       4.138361     -10.786507     -16.617287      -0.797769       2.449973       6.607280      -9.921450      -3.204058      -9.475121     -24.829456      -1.459164       4.756093      26.934187      97.073441      -1.159482     -89.088814       5.336638     -51.923111      81.473305      -0.043275      43.402645       0.017645      -8.738666      -0.156933      -2.290936       3.067033      10.252315     -20.521732     -90.003128     -30.592541      89.994507    -102.157188      -1.747247     -98.447884     -19.262472     -42.937252      49.379532       0.120770     -69.612724       0.083794      35.754864      -1.311656      -2.068655      -0.750826      -7.455805      10.567675     -90.005058     -34.884510      89.992752      68.920418      72.493935    -158.191971      89.871552      52.814705      89.958984     -15.305701     -11.976869      13.374323    -167.539276      84.092888     -22.016640      -0.004379      -2.459965     -21.997272      39.252079      77.765388    -145.922012     -91.056755     -33.786369      90.265289       2.916259      -2.838287       3.215484     -93.007240     -89.019394      72.995071      -4.792789       4.526927     -24.090044
      -0.541785      34.282494       0.327801     -13.134195      10.592649      11.553801     -70.128677     -68.343826       4.116029     -10.794328     -16.603672      -0.849759       2.454432       6.620080      -9.960980      -3.228526      -9.459746     -25.104660      -1.458391       4.772413      26.828144      97.214622      -1.124730     -88.644447       5.349185     -51.804760      81.632988      -0.043240      43.388023       0.018005      -8.738762      -0.157071      -2.290754       3.063968      10.242343     -20.509380     -90.003143     -30.592546      89.994484    -102.224464      -1.721134     -98.016716     -19.227171     -42.972267      49.521164       0.120669     -69.586319       0.083931      35.753567      -1.311450      -2.068639      -0.753138      -7.438287      10.559438     -90.005043     -34.884506      89.992767      68.965523      72.471565    -158.187271      89.823067      52.962627      89.940414     -15.908904     -12.033464      13.308165    -167.230942      84.208771     -22.614681      -0.002217      -2.438278     -22.011505      39.404675      77.685188    -146.262222     -91.050728     -34.134743      90.265640       2.933562      -2.870389       3.255922     -93.560867     -89.017143      72.345360      -4.805328       4.499325     -23.927193
      -0.576705      34.224655       0.272648     -13.264608      10.657479      11.696934     -70.082886     -68.313469       4.095079     -10.801532     -16.591990      -0.901932       2.459418       6.631069     -10.001548      -3.250983      -9.445045     -25.360102      -1.457054       4.786790      26.722355      97.354523      -1.089969     -88.203735       5.402130     -51.679005      81.839523      -0.043213      43.372639       0.018379      -8.738659      -0.157221      -2.290559       3.060559      10.230999     -20.494068     -90.003143     -30.592554      89.994469    -102.284637      -1.693707     -97.594727     -19.174862     -43.025871      49.694019       0.120638     -69.566536       0.084168      35.752972      -1.311334      -2.068553      -0.754201      -7.423649      10.555180     -90.005035     -34.884502      89.992767      69.002434      72.455711    -158.182327      89.781021      53.092754      89.924171     -16.450474     -12.080532      13.247890    -166.939682      84.313934     -23.161867      -0.009168      -2.460195     -22.013233      39.533810      77.613892    -146.556931     -91.047623     -34.424816      90.266365       2.930819      -2.914185       3.300897     -94.299309     -89.016792      71.529648      -4.815940       4.475807     -23.788723
      -0.617851      34.176582       0.211905     -13.396859      10.722651      11.838609     -70.037636     -68.287201       4.075507     -10.808146     -16.582592      -0.953416       2.464676       6.640038     -10.042228      -3.271045      -9.431967     -25.589367      -1.455297       4.798880      26.621710      97.488045      -1.056554     -87.782867       5.483596     -51.552750      82.073235      -0.043184      43.357086       0.018733      -8.738403      -0.157369      -2.290374       3.056993      10.218843     -20.477083     -90.003151     -30.592564      89.994453    -102.336662      -1.666164     -97.196854     -19.111750     -43.091030      49.884399       0.120626     -69.552589       0.084421      35.752941      -1.311279      -2.068448      -0.754262      -7.411811      10.554290     -90.005035     -34.884506      89.992767      69.031273      72.444260    -158.177658      89.749382      53.206615      89.911713     -16.934444     -12.120809      13.195782    -166.653442      84.408646     -23.672750      -0.015403      -2.481261     -22.014099      39.639336      77.552925    -146.804398     -91.045670     -34.658001      90.267052       2.907208      -2.964586       3.348175     -95.123108     -89.018265      70.646828      -4.824968       4.455715     -23.670921
      -0.664886      34.136421       0.146381     -13.531892      10.783788      11.977371     -69.994209     -68.264854       4.056813     -10.814324     -16.575415      -1.003541       2.469901       6.647085     -10.082312      -3.288861      -9.421663     -25.790144      -1.453203       4.808245      26.529234      97.610893      -1.025720     -87.393661       5.582099     -51.431931      82.316017      -0.043169      43.341965       0.019062      -8.738030      -0.157504      -2.290205       3.053451      10.206499     -20.459595     -90.003151     -30.592581      89.994438    -102.380569      -1.639553     -96.833672     -19.043907     -43.161118      50.079071       0.120631     -69.543404       0.084662      35.753361      -1.311280      -2.068314      -0.753779      -7.402482      10.556122     -90.005035     -34.884510      89.992744      69.052803      72.436623    -158.173157      89.727417      53.307899      89.902924     -17.369562     -12.153379      13.151238    -166.379425      84.493248     -24.142405      -0.020856      -2.502341     -22.014174      39.721363      77.502884    -147.004700     -91.044235     -34.839333      90.267609       2.863780      -3.017886       3.396044     -95.968025     -89.021912      69.759346      -4.832616       4.438612     -23.570675
      -0.716864      34.102386       0.076900     -13.671761      10.828496      12.113659     -69.952522     -68.245628       4.039327     -10.819830     -16.569752      -1.051811       2.475232       6.652882     -10.121416      -3.303859      -9.411943     -25.962906      -1.451209       4.816431      26.446388      97.722145      -0.997854     -87.045921       5.685693     -51.320297      82.551765      -0.043128      43.327839       0.019306      -8.737548      -0.157640      -2.290058       3.050119      10.194564     -20.442549     -90.003151     -30.592581      89.994431    -102.413803      -1.614348     -96.510612     -18.977133     -43.229259      50.267876       0.120695     -69.537720       0.084940      35.754082      -1.311319      -2.068186      -0.752948      -7.395374      10.559684     -90.005020     -34.884510      89.992752      69.068863      72.427032    -158.172012      89.716629      53.400387      89.898323     -17.762875     -12.187869      13.109921    -166.108414      84.571426     -24.589470      -0.025376      -2.530243     -22.008274      39.764473      77.468445    -147.141556     -91.060730     -34.976078      90.272301       2.802283      -3.078816       3.445612     -96.959061     -89.026703      68.740364      -4.839121       4.424016     -23.485399
      -0.774231      34.072842       0.004067     -13.816689      10.873419      12.243093     -69.915749     -68.231064       4.021013     -10.825775     -16.567268      -1.098046       2.479519       6.656203     -10.158848      -3.318648      -9.410788     -26.108854      -1.448393       4.818916      26.374039      97.813797      -0.975092     -86.740936       5.789902     -51.223560      82.770058      -0.043091      43.314724       0.019486      -8.737164      -0.157750      -2.289953       3.046997      10.183293     -20.426863     -90.003151     -30.592588      89.994408    -102.444801      -1.591985     -96.233238     -18.913662     -43.294758      50.440823       0.120743     -69.534599       0.085154      35.754871      -1.311359      -2.068074      -0.752125      -7.389446      10.564482     -90.005005     -34.884514      89.992752      69.077156      72.424095    -158.166199      89.718918      53.487350      89.898857     -18.124256     -12.213389      13.074080    -165.860413      84.641167     -24.990835      -0.029394      -2.558264     -22.002386      39.814419      77.438263    -147.265060     -91.049736     -35.075645      90.270111       2.723026      -3.124320       3.492656     -97.557304     -89.036690      68.125938      -4.844628       4.411617     -23.412817
      -0.836335      34.046341      -0.071741     -13.967517      10.907591      12.370228     -69.883209     -68.218498       4.002337     -10.831562     -16.565754      -1.141687       2.483246       6.658681     -10.194388      -3.331893      -9.413240     -26.229567      -1.445448       4.818618      26.312593      97.888512      -0.957113     -86.482635       5.888393     -51.142506      82.963715      -0.043058      43.303055       0.019599      -8.736752      -0.157836      -2.289882       3.044267      10.173124     -20.413092     -90.003151     -30.592588      89.994392    -102.469147      -1.572709     -96.000969     -18.857145     -43.352722      50.592407       0.120775     -69.533249       0.085303      35.755711      -1.311412      -2.067969      -0.751327      -7.384959      10.569711     -90.005005     -34.884521      89.992760      69.081909      72.424423    -158.159912      89.723999      53.571117      89.900551     -18.465485     -12.229871      13.044076    -165.627884      84.704239     -25.359421      -0.033033      -2.586853     -21.996485      39.838352      77.419083    -147.343918     -91.045189     -35.144272      90.269264       2.628799      -3.171853       3.540655     -98.175407     -89.048943      67.501961      -4.849269       4.401114     -23.351000
      -0.902496      34.021709      -0.150286     -14.124829      10.931974      12.495742     -69.855225     -68.208122       3.983143     -10.837347     -16.565397      -1.182645       2.486248       6.660357     -10.227846      -3.343678      -9.418597     -26.327314      -1.442542       4.816236      26.261776      97.945320      -0.944117     -86.271362       5.976563     -51.078320      83.127052      -0.043018      43.292927       0.019649      -8.736411      -0.157891      -2.289841       3.041934      10.164204     -20.401545     -90.003136     -30.592588      89.994408    -102.488686      -1.556694     -95.812332     -18.809145     -43.401772      50.719627       0.120837     -69.532936       0.085443      35.756496      -1.311475      -2.067897      -0.750506      -7.381701      10.574792     -90.004997     -34.884514      89.992752      69.084038      72.427475    -158.152710      89.730949      53.653297      89.902969     -18.794117     -12.238773      13.018760    -165.406952      84.762184     -25.703199      -0.036392      -2.616188     -21.990877      39.845181      77.408562    -147.389603     -91.043549     -35.188107      90.269035       2.521354      -3.219126       3.589606     -98.766525     -89.063515      66.913422      -4.853214       4.392175     -23.298367
      -0.970540      33.977474      -0.241817     -14.369826      11.027128      12.808262     -69.927193     -67.962303       3.704892     -10.875535     -16.680971      -1.242104       2.461868       6.679564     -10.210871      -3.370381      -9.452505     -26.474155      -1.443306       4.815011      26.277231      98.000473      -0.930116     -85.978271       5.902272     -51.049755      83.098618      -0.043005      43.277878       0.019125      -8.737560      -0.157621      -2.290082       3.038293      10.141750     -20.394421     -90.003143     -30.592598      89.994423    -102.544968      -1.545779     -95.565315     -18.831163     -43.385063      50.718365       0.120650     -69.514557       0.084961      35.755009      -1.311675      -2.067901      -0.756655      -7.362979      10.570231     -90.005020     -34.884518      89.992737      69.141174      72.238174    -158.174454      89.755417      53.884308      89.912125     -19.486683     -12.257676      12.983523    -165.066071      84.835754     -26.197065      -0.043383      -2.666976     -21.934834      40.221546      77.233742    -147.944000     -91.040901     -35.535263      90.269569       2.516045      -3.282914       3.669590     -98.816521     -89.081192      66.773987      -4.856403       4.386172     -23.224222
      -1.038284      33.870266      -0.353845     -14.795708      11.231586      13.428464     -70.042397     -67.451950       3.167534     -10.967493     -16.800459      -1.420395       2.398153       6.684807     -10.151215      -3.413728      -9.528481     -26.638653      -1.441663       4.792898      26.316393      98.061501      -0.896506     -85.534737       5.644574     -51.022629      82.907784      -0.043025      43.264641       0.018390      -8.741502      -0.157063      -2.290455       3.030758      10.101281     -20.399652     -90.003143     -30.592588      89.994453    -102.669495      -1.556183     -95.220558     -18.900024     -43.311272      50.590660       0.120257     -69.467285       0.084031      35.750755      -1.311823      -2.068050      -0.777334      -7.292879      10.500941     -90.005035     -34.884525      89.992699      69.333656      71.775940    -158.271759      89.813347      54.423092      89.933640     -20.878433     -12.440276      12.646173    -165.224640      84.938736     -26.196911      -0.048467      -2.733248     -21.934786      41.194550      76.797600    -149.312561     -91.035561     -36.415447      90.271889       2.664150      -3.374124       3.789217     -98.499489     -89.099327      66.830017      -4.860044       4.381930     -23.153019
      -1.097436      33.711277      -0.477032     -15.165696      11.524250      13.892624     -70.098900     -67.581375       3.068409     -11.103936     -16.407711      -1.861705       2.322790       6.788375     -10.141343      -3.468078      -9.648437     -26.802273      -1.432372       4.740800      26.359720      98.163826      -0.837940     -84.982788       5.349516     -50.968132      82.727631      -0.043060      43.253269       0.017941      -8.747585      -0.156493      -2.290720       3.019712      10.068248     -20.421459     -90.003159     -30.592581      89.994461    -102.830620      -1.581750     -94.901367     -18.984049     -43.219479      50.395325       0.119887     -69.413376       0.083254      35.747105      -1.311863      -2.068195      -0.802144      -7.203925      10.386265     -90.005043     -34.884521      89.992691      69.262840      71.468826    -158.225357      89.914703      55.117382      89.973145     -22.514830     -12.768031      11.986478    -165.984589      85.054489     -25.573742      -0.038433      -2.729019     -21.863708      41.496349      76.412239    -150.293167     -91.015823     -37.656078      90.272537       2.916632      -3.471685       3.895473     -98.432549     -89.112717      66.568703      -4.863440       4.377505     -23.089668
      -1.150152      33.508629      -0.605491     -15.706833      11.847617      14.378607     -70.070786     -67.753105       2.933400     -11.245520     -16.118336      -2.356502       2.247285       7.011467     -10.190604      -3.520469      -9.746463     -26.988785      -1.426221       4.697005      26.395058      98.301079      -0.766987     -84.405312       5.053689     -50.886456      82.576942      -0.043068      43.242355       0.017666      -8.753518      -0.156020      -2.290884       3.009524      10.038646     -20.446894     -90.003166     -30.592588      89.994461    -103.026062      -1.617691     -94.542892     -19.075729     -43.117413      50.158978       0.119467     -69.350677       0.082522      35.742825      -1.311767      -2.068359      -0.830678      -7.102244      10.235868     -90.005051     -34.884518      89.992676      69.244560      71.189323    -158.124390      90.020729      55.975582      90.016800     -24.426262     -13.184530      11.123507    -166.977875      85.192085     -24.738897      -0.030279      -2.718748     -21.772545      41.788261      76.003685    -151.299500     -90.990509     -39.217201      90.273643       3.341681      -3.584753       4.004859     -99.269447     -89.118454      65.772766      -4.863729       4.376356     -23.074284
      -1.197159      33.261089      -0.738676     -16.384798      12.195986      14.884620     -69.985664     -67.951370       2.782808     -11.394960     -15.896708      -2.918145       2.175207       7.281335     -10.290130      -3.568248      -9.816570     -27.203316      -1.423907       4.671185      26.417982      98.461647      -0.687279     -83.820999       4.742559     -50.786007      82.429329      -0.043064      43.230743       0.017516      -8.759040      -0.155628      -2.290977       2.999648      10.005164     -20.464617     -90.003159     -30.592581      89.994476    -103.254387      -1.662051     -94.132645     -19.160048     -43.020184      49.914227       0.119025     -69.281242       0.081848      35.737839      -1.311574      -2.068555      -0.863133      -6.986742      10.050271     -90.005074     -34.884521      89.992653      69.254562      70.923553    -157.986832      90.124397      57.023281      90.063080     -26.678806     -13.642465      10.126162    -168.079361      85.347275     -23.816580      -0.024419      -2.709275     -21.674906      42.066025      75.571999    -152.350586     -90.957680     -41.072124      90.274727       3.861880      -3.707913       4.111530    -100.641792     -89.117401      64.428566      -4.866770       4.372036     -23.017355
      -1.297511      30.301085      -1.950226     -22.993010      18.060778      12.581133     -77.999748     -63.422615       1.066860     -14.948453     -36.616989      13.218195       9.003155      19.642300     -62.815624      -1.131028      -6.690845      31.261637      -0.178693      -1.682866     -35.479462     102.844368      23.296789    -114.461334      36.784702     -41.723011     122.619957       0.010609      45.961906      -0.000404      -8.693305      -0.168356      -2.291396       3.545426      10.083872     -22.635115     -90.003731     -30.592506      89.992218    -111.589325     -21.955061    -135.764099       8.813714     -43.911278      92.607780       0.155678     -69.209831       0.089981      35.780521      -1.322904      -2.067713      -0.991369      -6.672708       7.818127     -90.003403     -34.884411      89.991493      54.491085      71.091034    -142.905594      90.888779      68.226563      90.593407     -34.681225     -13.087596      10.029922    -169.865707      85.391441     -23.139179      -0.028079      -2.662099     -21.177773      23.098427      73.293610    -141.515533     -90.268997     -58.814888      90.163567       7.457247      -4.173844       4.461679    -108.219986     -89.009239      56.867580      -4.858693       4.398130     -23.007940
      -1.407796      28.875137      -3.339677     -30.292223      18.279829      12.177734     -76.938171     -64.748085       1.767083     -18.561495     -33.607094       1.894190       5.255814      15.148504     -51.639538      -1.467627      -5.720645      24.166901       0.074044      -0.763334     -34.981190     102.428047      20.003620    -113.122841      28.273737     -44.909286     114.052773      -0.006882      45.837650       0.003302      -8.668066      -0.162430      -2.288787       3.541110      10.210561     -22.432554     -89.953728     -29.051847      90.029602    -110.467285     -18.890890    -131.997101       7.388740     -44.905327      88.896927       0.131375     -69.179893       0.073630      35.730713      -1.316131      -2.070902      -1.016436      -6.678096       7.924887     -89.976372     -33.200378      90.033546      54.533291      72.971672    -140.669693      90.472900      73.660301      90.796516     -34.679958     -12.339448      10.461607    -167.492691      86.838440     -27.010023      -0.030502      -2.695302     -21.218451      21.291649      74.265053    -138.682709     -89.790947     -62.368519      89.938202       4.594356      -4.557536       4.553658    -113.327560     -88.910248      51.722927      -4.867597       4.322310     -22.955217
      -1.523794      27.885530      -4.722708     -36.936035      16.996204       9.986582     -75.606819     -68.122528       3.677931     -20.510923     -29.890184      -6.680853       3.136494      11.128116     -44.235516      -1.676054      -5.370498      19.601196       0.129398      -0.468490     -36.346401     102.284782      17.391619    -111.305267      20.437094     -43.788803     107.241463      -0.072319      43.984528       0.042718      -8.912724      -0.138068      -2.290264       3.501829      10.315752     -22.209045     -89.942291     -26.019632      90.058128    -109.450851     -16.416882    -128.702164       7.967607     -43.150387      88.719536      -0.058881     -63.348980      -0.035633      34.847050      -1.289075      -2.091280      -1.012287      -6.609708       7.948009     -89.920830     -29.889908      90.069992      51.965206      75.981148    -137.212265      89.969482      79.540794      90.963852     -34.531296     -11.770231      10.462747    -168.193024      87.615364     -26.612623      -0.027461      -2.695569     -21.211536      15.121369      76.259705    -130.588074     -89.316391     -65.681023      89.623642       2.565201      -4.818684       4.633279    -111.574753     -88.842354      53.509880      -4.879234       4.277682     -22.910662
      -1.583479      27.376062      -6.120054     -41.837402      14.769395       7.193656     -74.237709     -72.073936       5.912502     -20.764290     -25.769222     -10.816290       1.895912       6.711405     -39.853363      -1.962538      -5.070996      14.416894       0.140862      -0.458757     -35.488564     101.649063      14.988234    -110.483231      14.186491     -39.506157     102.351059      -0.139376      40.559528       0.078202     -11.383963       0.043273      -2.291793       3.396233      10.145058     -21.511837     -89.966438     -24.605621      90.055786    -108.701439     -14.437891    -125.105980       8.028815     -41.199356      88.446068      -0.134542     -57.942284      -0.069440      36.294712      -1.323605      -2.048752      -1.103781      -6.201435       7.665767     -89.933418     -28.344906      90.047150      48.573845      78.564621    -133.497528      89.789909      82.376984      90.632843     -34.395611     -11.416371      10.138768    -175.689270      87.517624     -18.809126      -0.026395      -2.703609     -21.108156       5.333712      78.167389    -118.391396     -89.176941     -66.159859      89.484497       0.003297      -4.475426       4.468584    -102.228745     -88.916977      62.848293      -4.884080       4.272658     -22.874126
      -1.573089      27.178144      -7.508800     -45.667343      13.357190       4.705874     -74.474548     -75.839165       6.503924     -20.802221     -22.439957     -12.547610       0.741910       3.030234     -36.926414      -2.180471      -4.853931      10.106864       0.141206      -0.483666     -34.623177     101.018555      13.086178    -109.583458      10.397093     -35.506130      99.285027      -0.165539      37.386585       0.078375     -13.752781       0.194729      -2.285064       3.239053       9.816394     -20.767202     -89.986191     -23.252037      90.054367    -108.011986     -12.852139    -121.768486       8.019298     -39.333675      88.330887      -0.166132     -53.105572      -0.076888      37.698162      -1.370678      -2.014376      -1.141136      -5.800242       7.498871     -89.947289     -26.865860      90.031723      44.029793      80.346504    -128.824539      89.824013      83.554459      90.339714     -34.091923     -10.681748      10.219678    -180.612213      87.311050     -13.553294      -0.029590      -2.687315     -21.078175      -5.566066      78.858788    -105.180580     -89.198524     -65.141403      89.505363      -2.606653      -4.099382       4.160588     -93.294022     -88.978050      72.015434      -4.884448       4.273895     -22.851269
      -1.489873      27.131334      -8.894918     -48.606857      13.739735       3.018595     -78.478333     -79.050514       3.449632     -21.215361     -20.301483     -12.990379      -0.632404       0.355701     -34.778484      -2.269364      -4.747582       7.770323       0.133917      -0.526268     -33.766472     100.358391      11.562614    -108.657700       8.223534     -32.032749      97.276482      -0.171847      34.460274       0.071115     -16.022722       0.328613      -2.276057       3.075590       9.430577     -20.106216     -90.000305     -21.943771      90.050819    -107.531761     -11.566091    -119.052971       8.122212     -37.673199      88.195602      -0.184137     -48.775696      -0.081446      39.052940      -1.424109      -1.984641      -1.169056      -5.469645       7.394110     -89.961578     -25.436609      90.021515      39.801006      81.153412    -124.665146      89.434891      83.677231      91.583839     -33.087910     -10.037329      10.639091    -182.472260      87.110947     -11.409047      -0.032101      -2.689766     -21.085909     -13.030615      78.460091     -96.005577     -89.170570     -63.200165      89.549095      -4.774587      -4.185065       3.863535     -93.565323     -88.968300      72.262894      -4.883443       4.278439     -22.765144
      -1.341716      27.145861     -10.296783     -50.847530      15.234795       1.907537     -87.438095     -81.647873      -4.250335     -21.850698     -19.239775     -12.762297      -2.047786      -1.364655     -33.179424      -2.235727      -4.696564       7.428093       0.129684      -0.558727     -32.842529      99.702705      10.204654    -107.671341       6.439654     -29.760983      95.726364      -0.164703      31.739954       0.057587     -18.194098       0.448703      -2.269011       2.928320       8.940387     -19.477505     -90.007538     -20.679386      90.048500    -107.262108     -10.526112    -116.931610       8.278877     -36.172932      87.870026      -0.193488     -44.873425      -0.086643      40.361385      -1.480198      -1.957126      -1.190462      -5.209053       7.296920     -89.975220     -24.055517      90.013863      33.526276      80.984726    -118.717552      89.317413      83.111015      92.336235     -31.389940      -9.688929      11.339429    -182.887863      87.030800     -10.805399      -0.031470      -2.687659     -21.095078     -17.801659      77.810547     -90.092186     -89.125107     -60.769497      89.607887      -5.781661      -4.761327       3.805275     -99.964828     -88.961830      66.348953      -4.883304       4.282610     -22.631922
      -1.122414      27.174593     -11.717319     -52.601921      17.416466       1.216780    -103.103203     -83.316216     -18.216618     -22.598669     -19.045027     -12.035084      -3.456208      -2.353210     -32.016384      -2.186570      -4.617211       7.266498       0.132372      -0.570012     -31.827913      99.100754       9.217109    -106.747459       4.486583     -28.439373      94.214684      -0.154691      29.236200       0.044573     -20.280401       0.563852      -2.266667       2.768219       8.414878     -18.958963     -90.007889     -19.457384      90.047653    -107.194550      -9.676390    -115.277184       8.455454     -34.805420      87.365700      -0.197972     -41.332970      -0.091345      41.625561      -1.536842      -1.931112      -1.209198      -4.975974       7.185651     -89.987999     -22.720953      90.008110      25.449097      80.017586    -111.159340      89.660110      82.045082      91.878952     -29.100574      -9.815828      12.052553    -182.381897      87.221519     -11.092335      -0.027349      -2.684668     -21.115156     -20.825380      77.243126     -86.387535     -89.079422     -58.098598      89.667969      -5.814368      -5.497486       3.906220    -109.933121     -88.915680      56.710190      -4.882887       4.318472     -22.517162
      -0.848257      27.172220     -13.165470     -54.196491      20.002888       0.886270    -123.586319     -84.064545     -36.833477     -23.272474     -19.171991     -11.029500      -4.747837      -2.959138     -30.877594      -2.133713      -4.525501       7.143937       0.136523      -0.569638     -30.818394      98.562973       8.590209    -105.903038       2.556016     -27.087185      92.761162      -0.145652      26.952597       0.041195     -22.282871       0.677285      -2.262596       2.620173       7.947092     -18.488333     -90.005051     -18.276491      90.043915    -107.235947      -8.984281    -114.002342       8.669114     -33.571529      86.723816      -0.199314     -38.113750      -0.097536      42.846802      -1.593053      -1.905594      -1.228685      -4.773810       7.064913     -90.000343     -21.431337      90.002632      19.459204      78.890671    -105.670403      89.963707      80.688080      91.505356     -26.580023     -10.276333      12.563653    -181.733185      87.508614     -11.413163      -0.021097      -2.673033     -21.109184     -22.916574      76.963196     -84.043625     -89.043739     -55.512745      89.717621      -5.539344      -5.913313       3.928831    -116.710335     -88.840378      50.257881      -4.879079       4.373837     -22.436064
      -0.522919      27.099117     -14.656389     -55.740135      22.882984       0.711207    -145.902420     -84.141640     -57.323074     -23.756216     -19.284275      -9.800176      -5.864487      -3.492934     -29.505314      -2.075094      -4.407306       7.065513       0.144221      -0.550070     -29.815916      98.081116       8.102965    -104.839722       1.391042     -26.122608      91.414063      -0.087549      27.715750       0.024516     -24.204212       0.787171      -2.271015       2.448378       7.127628     -18.106577     -89.993393     -17.135578      90.042168    -107.084457      -8.609028    -112.972862       9.010793     -32.519619      86.117607      -0.199652     -35.179329      -0.107175      44.026199      -1.647620      -1.880055      -1.253560      -4.578231       6.952614     -90.012833     -20.185194      89.995956      14.764751      77.719246    -101.475693      90.197350      79.203766      91.228439     -24.211523     -11.023173      12.833919    -181.638489      87.852943     -11.158788      -0.014377      -2.662967     -21.076561     -23.905617      77.028336     -83.201355     -88.786591     -53.149544      89.664810      -5.168581      -6.164588       3.964140    -118.987099     -88.808151      48.244473      -4.877795       4.398017     -22.375795
      -0.149431      26.946669     -16.195606     -57.257381      25.911179       0.716033    -164.030807     -83.515373     -73.647461     -24.110691     -19.358824      -8.432607      -6.871508      -4.088376     -28.033873      -2.013304      -4.265492       6.966941       0.155610      -0.513913     -28.854588      97.616295       7.815156    -103.838295       0.530595     -25.394468      89.973366      -0.009804      31.295069      -0.009485     -26.051109       0.899699      -2.282248       2.293236       6.556899     -17.685419     -89.974869     -16.033550      90.044395    -106.672539      -8.466715    -112.060791       9.355856     -31.522997      85.435684      -0.195789     -32.505955      -0.115808      45.167793      -1.701461      -1.853866      -1.266005      -4.449518       6.818212     -90.024040     -18.981001      89.989151      11.556809      76.583244     -98.797668      90.374344      77.645081      91.021454     -22.052391     -11.987775      12.913209    -182.314133      88.206337     -10.179888      -0.008656      -2.654877     -21.038248     -24.250975      77.330742     -83.240524     -88.874016     -51.189312      89.729355      -5.055787      -6.043250       3.888819    -119.964989     -88.788834      47.399944      -4.873985       4.428577     -22.348288
       0.265970      26.697157     -17.786089     -58.679985      29.078701       0.748393    -177.710999     -82.518387     -85.495338     -24.323803     -19.445374      -6.913546      -7.753935      -4.505320     -26.358406      -1.955717      -4.137140       6.850310       0.163424      -0.483312     -27.935427      97.184143       7.595942    -103.101776      -0.968909     -24.230642      88.615479       0.044642      34.677113      -0.045718     -27.827883       1.008937      -2.281083       2.166401       6.155970     -17.325554     -89.961830     -14.968650      90.044456    -106.262970      -8.331051    -111.221909       9.600718     -30.557102      84.545891      -0.187474     -30.054123      -0.120360      46.271786      -1.754517      -1.826749      -1.278281      -4.347173       6.649742     -90.032967     -17.817230      89.983154       9.066422      75.539597     -96.946106      90.509598      76.039467      90.864403     -20.136990     -13.044215      12.899686    -183.771423      88.504562      -8.446864      -0.003515      -2.632492     -21.002768     -23.285021      77.816429     -84.708961     -88.923233     -49.479897      89.764977      -4.961534      -5.879497       3.814472    -118.162125     -88.811821      49.304497      -4.874113       4.421082     -22.328876
       0.690264      26.336569     -19.423216     -59.970871      32.393356       0.690279    -187.210083     -81.467461     -93.086937     -24.295380     -19.592396      -5.204825      -8.415816      -4.949501     -24.653622      -1.900605      -4.016140       6.762138       0.168264      -0.453497     -27.028765      96.417343       7.399176    -102.455879      -3.130740     -22.552357      87.437202       0.086933      37.872871      -0.082180     -29.538202       1.114128      -2.269455       2.055240       5.822361     -17.017717     -89.953880     -13.939683      90.042976    -105.797005      -8.181615    -110.442482      10.538274     -30.198185      83.673409      -0.177520     -27.765337      -0.119803      47.340775      -1.806127      -1.801017      -1.292343      -4.162992       6.386822     -90.040222     -16.692425      89.979012       5.560568      74.857864     -94.324211      90.610092      74.415154      90.740562     -18.674606     -13.335906      13.367112    -181.225052      88.724747     -10.681584       0.004552      -2.515952     -20.975433     -21.444559      78.297272     -87.166100     -88.944359     -47.940556      89.782906      -4.853800      -5.747601       3.763080    -116.829987     -88.827904      50.715267      -4.874363       4.414679     -22.314560
       1.119366      25.852316     -21.102034     -61.100502      35.860020       0.455988    -194.135803     -80.503403     -98.008461     -24.078205     -19.769493      -3.356158      -8.887617      -5.376831     -22.879457      -1.844493      -3.886085       6.640330       0.174305      -0.415858     -26.170721      95.846786       7.215619    -101.870575      -5.555485     -20.628210      86.393196       0.122275      40.903896      -0.119714     -31.186043       1.214578      -2.248547       1.952386       5.550196     -16.721952     -89.950218     -12.945457      90.039841    -105.341888      -8.043868    -109.714035      12.287309     -30.492338      82.977219      -0.165394     -25.677197      -0.115426      48.374516      -1.858718      -1.774786      -1.305927      -4.016192       6.114033     -90.047020     -15.605232      89.976326       0.940894      74.536926     -90.856926      90.687782      72.804878      90.637268     -17.493223     -13.480541      13.796082    -178.152557      88.746399     -13.458996       0.015116      -2.453974     -20.951229     -18.946522      78.723274     -90.385506     -88.949791     -46.539383      89.791321      -4.729794      -5.629731       3.720445    -115.811638     -88.839348      51.793633      -4.874305       4.411199     -22.304358
       1.559188      25.240780     -22.804134     -62.192955      39.345680       0.262807    -199.194427     -79.680153    -101.182877     -23.699631     -19.853403      -1.412500      -9.164012      -5.694046     -20.792994      -1.788313      -3.746654       6.510057       0.180232      -0.371298     -25.346920      95.567558       7.052708    -101.302475      -7.909745     -18.682795      85.450615       0.148813      43.787052      -0.149762     -32.773315       1.307358      -2.220423       1.857249       5.306086     -16.370804     -89.949486     -11.984755      90.036499    -104.948700      -7.918749    -108.994324      14.068157     -30.841364      82.378746      -0.152088     -23.780447      -0.110526      49.374619      -1.909597      -1.746153      -1.313122      -3.925250       5.898787     -90.052208     -14.554512      89.973213      -3.519042      74.523636     -87.681778      90.744164      71.245529      90.554092     -16.540096     -13.593874      14.096965    -175.614716      88.687904     -15.726900       0.023268      -2.420665     -20.931763     -14.976713      79.111633     -95.010178     -88.971725     -45.249825      89.801437      -4.581108      -5.524427       3.689416    -114.900269     -88.849678      52.748043      -4.874393       4.406609     -22.299047
       2.008765      24.504580     -24.516670     -63.274666      42.824104       0.132219    -202.560837     -79.116196    -102.761139     -23.105690     -19.824873       0.635660      -9.225815      -6.029887     -18.657295      -1.729664      -3.593491       6.430104       0.186830      -0.316540     -24.520302      95.315315       6.911052    -100.790382     -10.184352     -16.750439      84.576706       0.168638      46.536922      -0.175271     -34.304302       1.393439      -2.187292       1.769973       5.122815     -16.012787     -89.951073     -11.056405      90.032928    -104.516716      -7.768952    -108.345581      15.484616     -31.017012      81.680405      -0.051119     -24.805088      -0.036991      50.339985      -1.960246      -1.727003      -1.374869      -3.501686       5.307823     -90.060921     -13.538815      89.969345      -7.393610      74.740532     -85.134109      90.786369      69.726402      90.488609     -15.794377     -13.697331      14.271239    -173.765762      88.581673     -17.320824       0.029300      -2.405262     -20.914190      -9.690161      79.375725    -100.836090     -89.061539     -44.072144      89.828407      -4.414595      -5.437539       3.669258    -114.460327     -88.854309      53.216125      -4.874005       4.405491     -22.297752
       2.414926      23.601540     -26.240696     -65.044899      46.276970       0.056411    -206.013474     -78.621277    -106.268639     -22.074492     -19.592577       3.452742      -8.957197      -7.112780     -16.181080      -1.675346      -3.464148       6.332308       0.190543      -0.272271     -23.730114      95.080299       6.779022    -100.346703     -12.364757     -14.850479      83.745552       0.184148      49.154404      -0.196320     -35.780163       1.472741      -2.151289       1.696199       4.949211     -15.676598     -89.954201     -10.159282      90.029572    -104.027534      -7.625505    -107.670967      17.109638     -31.328281      81.178055       0.101597     -28.805233       0.077451      51.278671      -2.016455      -1.706850      -1.380959      -3.224169       4.893908     -90.073112     -12.557175      89.966766     -12.034226      75.070229     -81.449081      90.815575      68.320328      90.443527     -15.166524     -13.798357      14.352683    -172.444061      88.458801     -18.402330       0.033366      -2.398020     -20.898895      -5.607523      79.568466    -104.999596     -89.142349     -43.086002      89.847939      -4.258907      -5.378599       3.664654    -114.718994     -88.851616      52.962887      -4.873210       4.410451     -22.301025
       2.774087      22.536243     -27.957611     -66.812370      49.746777      -0.041367    -209.523560     -78.079170    -109.901749     -21.239744     -18.368647       5.477915      -8.541999      -8.754180     -12.954163      -1.624861      -3.355582       6.227245       0.190946      -0.240826     -22.970753      94.931816       6.661620     -99.874672     -14.471951     -12.945820      83.038803       0.191231      51.653660      -0.206149     -37.204624       1.544739      -2.113792       1.619596       4.761995     -15.303037     -89.957741      -9.292295      90.027176    -103.622063      -7.506460    -106.988495      18.811270     -31.709591      80.793175       0.201740     -32.576733       0.150388      52.188404      -2.068143      -1.680642      -1.362763      -3.111859       4.652223     -90.079597     -11.608356      89.967667     -16.378529      75.440071     -78.188637      90.837189      67.016754      90.412682     -14.635509     -13.874500      14.401575    -171.594833      88.313927     -19.040178       0.035777      -2.400047     -20.889816      -1.492426      79.691101    -109.243477     -89.241165     -42.162708      89.872734      -4.110887      -5.324965       3.662306    -115.074944     -88.848068      52.615356      -4.872490       4.416018     -22.304035
       3.104388      21.338499     -29.659491     -68.387451      53.208946      -0.105065    -211.037201     -77.756706    -111.504738     -20.555923     -17.163790       7.066132      -8.036406     -10.136653      -9.438494      -1.575339      -3.247732       6.130670       0.190096      -0.210114     -22.230572      94.826233       6.553477     -99.392670     -16.497448     -11.061363      82.438782       0.192903      54.043980      -0.210697     -38.580177       1.610980      -2.075273       1.544458       4.584255     -14.924670     -89.961617      -8.454374      90.024796    -103.266022      -7.401611    -106.340736      20.519878     -32.121838      80.460037       0.266088     -36.119724       0.196703      53.069187      -2.114777      -1.651564      -1.343814      -3.043738       4.432048     -90.081734     -10.691278      89.970200     -19.499466      75.925713     -76.296616      90.857788      65.739563      90.387886     -14.241014     -13.934707      14.398700    -171.047180      88.152206     -19.379890       0.037359      -2.409094     -20.880615       3.418914      79.685852    -114.369438     -89.406586     -41.276363      89.915672      -3.956303      -5.275675       3.663022    -115.464020     -88.844147      52.240128      -4.871869       4.420717     -22.305929
       3.413605      20.021656     -31.341360     -69.789207      56.665642      -0.147554    -211.202759     -77.635368    -111.706757     -19.967348     -15.973062       8.389372      -7.476505     -11.131253      -5.873178      -1.526722      -3.139173       6.036649       0.188287      -0.178998     -21.512726      94.742348       6.452846     -98.921341     -18.445738      -9.210393      81.919151       0.192004      56.332729      -0.213643     -39.908642       1.672694      -2.036094       1.474867       4.423994     -14.559632     -89.965683      -7.644562      90.022171    -102.938576      -7.306454    -105.725212      22.217258     -32.551121      80.172958       0.306939     -39.456829       0.226868      53.921986      -2.157124      -1.620731      -1.326075      -2.999430       4.218169     -90.081009      -9.804929      89.973175     -21.136858      76.563736     -75.945129      90.878853      64.465225      90.366577     -14.002409     -13.971108      14.349959    -170.678909      87.981087     -19.533117       0.038439      -2.422406     -20.868654       8.861320      79.517120    -120.055641     -89.630013     -40.449783      89.972794      -3.791089      -5.236756       3.670540    -116.060760     -88.837746      51.652412      -4.871142       4.426337     -22.309011
       3.703604      18.591961     -32.999268     -71.055008      60.118553      -0.181391    -210.403748     -77.678772    -110.895042     -19.443630     -14.780149       9.534094      -6.910296     -11.680560      -2.424566      -1.479108      -3.029923       5.940676       0.185638      -0.147297     -20.819380      94.670700       6.359504     -98.470558     -20.323109      -7.398354      81.463661       0.190673      58.526737      -0.216913     -41.191795       1.730767      -1.996413       1.412863       4.285539     -14.213823     -89.969902      -6.861887      90.019318    -102.629486      -7.218134    -105.137115      23.895159     -32.989536      79.931038       0.332751     -42.608986       0.247500      54.747738      -2.195910      -1.588914      -1.309751      -2.968978       4.009198     -90.078522      -8.948332      89.975937     -21.053627      77.359177     -77.309532      90.900185      63.180447      90.347267     -13.954622     -13.970557      14.261278    -170.366699      87.815285     -19.618837       0.039194      -2.436218     -20.852421      14.422629      79.181328    -125.844391     -89.898071     -39.691368      90.039932      -3.615951      -5.209636       3.685562    -116.908974     -88.828110      50.804466      -4.870235       4.433685     -22.314110
       3.973702      17.052500     -34.628792     -72.213295      63.567757      -0.214719    -208.833878     -77.850845    -109.273170     -18.966396     -13.565036      10.551634      -6.386087     -11.775710       0.779419      -1.432498      -2.919942       5.839611       0.182262      -0.114899     -20.151730      94.606552       6.273200     -98.044441     -22.135031      -5.627611      81.062286       0.190392      60.632046      -0.221481     -42.431377       1.785726      -1.956344       1.359459       4.169201     -13.887372     -89.974236      -6.105456      90.016357    -102.332779      -7.134656    -104.571846      25.548590     -33.431499      79.733719       0.349344     -45.594105       0.262786      55.547394      -2.231678      -1.556675      -1.294780      -2.945992       3.805492     -90.075020      -8.120496      89.978294     -18.446690      78.218002     -81.122620      90.920296      61.877674      90.331108     -14.098583     -13.893555      14.147144    -170.375961      87.607986     -19.376871       0.038325      -2.462487     -20.833225      19.482477      78.764748    -131.117706     -90.335495     -39.024029      90.149498      -3.447777      -5.240916       3.725975    -119.426147     -88.790878      48.283699      -4.866154       4.457098     -22.319704
       4.225764      15.411311     -36.228107     -73.324196      67.015739      -0.261709    -206.695984     -78.101570    -107.060852     -18.529037     -12.323615      11.462306      -5.948191     -11.438773       3.638526      -1.386868      -2.809154       5.731332       0.178360      -0.081614     -19.510386      94.545792       6.193267     -97.644806     -23.885372      -3.899733      80.707603       0.191939      62.653919      -0.227593     -43.629066       1.837888      -1.916076       1.314879       4.072667     -13.578343     -89.978630      -5.374394      90.013489    -102.044930      -7.053895    -104.022987      27.174078     -33.872364      79.581902       0.360653     -48.427349       0.275271      56.321846      -2.264832      -1.524415      -1.280944      -2.925196       3.607671     -90.070961      -7.320481      89.980225     -13.481396      79.032440     -87.172020      90.898460      60.677044      90.302773     -14.172648     -13.836432      14.048426    -170.217285      87.438423     -19.346767       0.037611      -2.483577     -20.832426      24.028515      78.276520    -135.795792     -90.769501     -38.403717      90.256203      -3.263326      -5.250608       3.770242    -120.874405     -88.773125      46.819836      -4.865947       4.467851     -22.327877
       4.471410      13.695752     -37.806789     -74.511322      70.461388      -0.345936    -204.202835     -78.373009    -104.482941     -18.136898     -11.094248      12.256949      -5.634881     -10.750717       6.069391      -1.342224      -2.697886       5.614592       0.174156      -0.047507     -18.895752      94.479340       6.117606     -97.272110     -25.573263      -2.218214      80.392639       0.195232      64.596535      -0.234616     -44.786419       1.887392      -1.875973       1.278655       3.989725     -13.285760     -89.982971      -4.667850      90.010948    -101.763466      -6.971869    -103.476883      28.768566     -34.306683      79.482399       0.369358     -51.121357       0.286538      57.072041      -2.295669      -1.492428      -1.267754      -2.897346       3.417428     -90.066650      -6.547372      89.981865      -7.241363      79.647560     -94.226662      90.913155      59.713379      90.309891     -13.962130     -13.732918      14.072950    -169.906631      87.316406     -19.483856       0.037365      -2.492851     -20.833061      27.677101      77.792984    -139.391464     -91.108315     -37.825993      90.337379      -3.059468      -5.246984       3.804333    -121.950394     -88.758987      45.717632      -4.865374       4.476742     -22.340261
       4.714234      11.906185     -39.371181     -75.751350      73.905403      -0.481538    -201.370377     -78.648605    -101.564438     -17.783703      -9.868992      12.954944      -5.443142      -9.803868       8.078392      -1.298686      -2.587564       5.490983       0.169669      -0.013420     -18.305933      94.407074       6.045044     -96.920845     -27.200806      -0.583265      80.117104       0.200162      66.464043      -0.242083     -45.905090       1.934437      -1.836307       1.249408       3.915955     -13.007274     -89.987160      -3.985001      90.008865    -101.486832      -6.888091    -102.934975      30.329824     -34.731449      79.430527       0.377296     -53.687386       0.297277      57.798801      -2.324553      -1.460978      -1.255087      -2.860447       3.233775     -90.062347      -5.800268      89.983383      -0.219670      80.031731    -101.780174      90.939590      58.863419      90.324890     -13.740010     -13.631701      14.101130    -169.583420      87.206146     -19.631781       0.037848      -2.498030     -20.827852      31.015127      77.330124    -142.520828     -91.056595     -37.297523      90.318878      -2.854591      -5.235233       3.844517    -122.327965     -88.758652      45.308819      -4.866776       4.474239     -22.355808
       4.953744      10.043365     -40.925602     -76.956024      77.346413      -0.683187    -197.907318     -78.933586     -98.011765     -17.464272      -8.623981      13.577973      -5.356156      -8.687654       9.682498      -1.256347      -2.479191       5.361534       0.164915       0.019996     -17.739523      94.330856       5.974482     -96.583961     -28.770266       1.005301      79.881989       0.206608      68.260239      -0.249857     -46.986652       1.979179      -1.797242       1.225658       3.846740     -12.739705     -89.991127      -3.325056      90.007294    -101.214577      -6.803123    -102.401237      31.856842     -35.145138      79.419250       0.385739     -56.135376       0.308140      58.502884      -2.351773      -1.430238      -1.243139      -2.815278       3.055382     -90.058205      -5.078286      89.984863       7.251750      80.182785    -109.548653      90.936783      58.104137      90.326431     -13.532563     -13.540411      14.123593    -169.263702      87.106842     -19.789623       0.038525      -2.500041     -20.824207      33.538761      76.896194    -144.750870     -91.032852     -36.815266      90.307449      -2.664576      -5.224900       3.869691    -123.269844     -88.744843      44.341393      -4.865834       4.484352     -22.368372
       5.192833       8.103836     -42.475307     -78.041046      80.786285      -1.025909    -193.903931     -79.204178     -93.926483     -17.169760      -7.349231      14.134177      -5.350533      -7.440971      10.917252      -1.215125      -2.372725       5.227612       0.159996       0.052817     -17.194965      94.254097       5.905889     -96.258919     -30.286339       2.548895      79.686279       0.214542      69.988907      -0.258046     -48.032589       2.021801      -1.758899       1.206481       3.779343     -12.478769     -89.994835      -2.687236      90.006187    -100.946678      -6.717873    -101.878166      33.349945     -35.546967      79.442726       0.395442     -58.474144       0.319637      59.185066      -2.377619      -1.400286      -1.231937      -2.765129       2.880969     -90.054314      -4.380599      89.986328      14.771914      80.116989    -117.148224      90.922722      57.420273      90.322731     -13.338244     -13.458355      14.138645    -168.965775      87.014565     -19.936735       0.039056      -2.501253     -20.822170      35.537373      76.535065    -146.391281     -91.025085     -36.376350      90.300323      -2.485753      -5.211529       3.890725    -124.134628     -88.731438      43.453835      -4.864787       4.494978     -22.379953
       5.430748       6.084039     -44.024376     -78.760330      84.224876      -1.755567    -189.382751     -79.440910     -89.378654     -16.894117      -6.053053      14.613898      -5.398422      -6.122895      11.859217      -1.175008      -2.268581       5.090628       0.154964       0.084848     -16.670742      94.177719       5.839264     -95.945763     -31.752726       4.048456      79.527573       0.223697      71.653450      -0.266561     -49.044266       2.062399      -1.721398       1.190935       3.711220     -12.220742     -89.998222      -2.070810      90.005470    -100.683037      -6.632390    -101.365654      34.809673     -35.936111      79.498444       0.406801     -60.711510       0.332118      59.846096      -2.402252      -1.371111      -1.221137      -2.711744       2.710228     -90.050697      -3.706380      89.987801      21.878134      79.860565    -124.140686      90.889587      56.806168      90.310661     -13.151312     -13.384027      14.148556    -168.679062      86.929581     -20.081163       0.039560      -2.501263     -20.821213      37.118988      76.257973    -147.572937     -91.024391     -35.978065      90.295357      -2.317374      -5.193441       3.907824    -124.830070     -88.720604      42.737240      -4.863901       4.504425     -22.391029
       5.659654       6.092712     -45.448139     -84.765869      86.753296       2.104209    -182.510284     -77.306343     -82.071747     -18.947386      -8.536200      12.910423     -11.784127      -8.742372       9.297760      -1.015682      10.048316      16.655731       0.147675       0.158217     -16.075939      98.608643       5.878934     -95.568687     -38.960018       9.087403      88.352890       0.195767      73.265831      -0.181342     -49.997478       2.092755      -1.694693       1.338422       3.204905     -12.047571     -89.996590      -1.475642      90.022034     -87.935837      -6.572500    -100.681145      29.040903     -30.878616      75.163841       1.038549     -69.695183       0.886868      60.490841      -2.425776      -1.332727      -1.115280      -3.037009       3.410367     -90.033379      -3.669119      89.992508      -1.306411      82.456818     -99.645935      90.554581      55.897121      90.147163     -13.290692     -13.940424      13.489518    -168.027496      87.166420     -20.724516       0.015563      -2.420137     -20.871067      39.250957      79.966141    -148.357391     -91.023285     -35.180618      90.319160      -1.348962      -4.543635       3.673105    -102.966293     -89.024651      64.415550      -4.896048       4.446564     -22.461540
       5.862847       6.073685     -46.849518    -116.040009      88.317894      32.316040    -182.820023     -76.840660     -82.557411     -19.225512      -8.665043      12.305557     -12.221358      -8.503708       8.761773       1.526379      16.768234      20.707258       1.709537      -0.151429     -15.393186      98.364883       5.759521     -94.502785     -44.009308      11.671106      95.553436       0.181496      74.849655      -0.137306     -50.945854       2.129578      -1.656830       1.336876       3.255510     -11.703444     -90.001419      -0.900142      90.032005     -89.487358      -6.460272    -100.198822      20.540304     -25.263632      65.488731       0.863516     -71.521133       0.707462      61.120911      -2.440810      -1.291928      -0.959247      -3.754411       3.833517     -90.020332      -3.476814      89.996017     -15.395897      82.707260     -84.361542      90.969780      55.545998      90.358543     -13.307163     -13.537948      13.729485    -169.684525      86.790848     -19.010719      -0.003039      -2.517875     -20.882324      40.993267      81.716858    -149.243683     -91.030449     -34.802807      90.308121      -1.194463      -3.997741       3.422148     -77.362885     -89.089973      89.912445      -4.918328       4.294233     -22.532211
       6.087513       6.077672     -48.164894    -188.959686      88.561707     105.014343    -181.114258     -77.195282     -81.292427     -18.697615      -8.202837      12.016686     -11.876742      -7.913382       8.915355       1.623412      16.367546      19.937309       1.698659      -0.018634     -14.868873      98.888329       5.700726     -93.993942     -47.903549      13.526145      99.130920       0.195567      76.353333      -0.144465     -51.866512       2.162045      -1.616091       1.298755       3.086000     -11.360987     -90.007912      -0.343587      90.031609     -91.381371      -6.394465     -99.715431      19.499992     -22.480570      62.336159       0.461073     -69.435349       0.311247      61.711887      -2.458521      -1.272356      -1.047606      -3.832211       3.130440     -90.014641      -2.795080      89.998413     -21.734962      82.297882     -77.110390      90.940239      55.267174      90.366432     -13.425731     -13.081113      14.045764    -170.873917      86.403023     -17.826435      -0.014687      -2.604000     -20.910311      43.617085      82.385315    -151.615860     -91.034454     -34.577526      90.298470      -1.104510      -3.620560       3.218308     -62.775558     -89.034241     104.443962      -4.928187       4.213677     -22.561392
       6.352507       6.108340     -49.418427    -210.539597      87.872498     126.901703    -180.045807     -77.839577     -80.725204     -17.875576      -7.687694      11.929613     -11.253471      -7.135883       9.649106       1.651757      15.909844      19.473122       1.667936       0.047117     -14.281417     101.000244       5.775039     -93.600021     -50.585842      15.036803     100.074104       0.209557      77.798912      -0.165067     -52.756077       2.192808      -1.578367       1.267458       2.849621     -10.975904     -90.011848       0.194325      90.026985     -91.922119      -6.255132     -99.070435      20.766256     -23.172178      62.373138       0.378987     -70.583534       0.262505      62.294418      -2.486030      -1.254877      -1.096313      -3.516508       1.969272     -90.026970       0.490279      89.987747     -21.963543      82.198303     -76.002411      90.920486      54.977058      90.371208     -13.539245     -12.619459      14.336720    -172.030487      85.971893     -16.657007      -0.031252      -2.720914     -20.930492      45.069191      81.961830    -153.070862     -90.692528     -34.410431      90.198906      -0.941520      -3.085464       2.957848     -44.118572     -88.843300     123.017319      -4.948518       4.070885     -22.602371
       6.636242       6.135994     -50.605957    -217.984039      87.199684     134.957794    -179.578049     -78.532913     -80.579674     -16.998262      -7.041784      11.966910     -10.621789      -5.889791      10.352715       1.671902      15.471514      18.992447       1.628443       0.094586     -13.790118     103.502144       5.918705     -93.281334     -52.071995      16.121626     100.086578       0.210019      79.197021      -0.174694     -53.616112       2.220839      -1.543029       1.250208       2.666570     -10.518583     -90.014069       0.714339      90.022926     -92.113777      -6.095428     -98.371223      22.345615     -24.163689      62.748066       0.351766     -72.323471       0.263466      62.858635      -2.513650      -1.226357      -1.102768      -3.359558       1.606695     -90.021751       1.022529      89.987755     -20.173113      82.277267     -76.868820      90.908783      54.739143      90.371269     -13.619442     -12.367995      14.485558    -172.409058      85.724541     -16.283661      -0.038856      -2.778484     -20.960089      45.913414      81.234604    -153.866470     -90.619835     -34.188812      90.172188      -0.715203      -2.796092       2.792208     -38.598354     -88.735909     128.455093      -4.953650       4.020044     -22.630648
       6.915733       6.161290     -51.726391    -222.020218      86.510765     139.685425    -178.975006     -79.221817     -80.182091     -16.141478      -6.312508      11.972769     -10.051984      -4.452159      10.774896       1.689780      15.036032      18.487480       1.584882       0.132722     -13.345151     105.399879       6.019888     -92.973854     -53.247990      17.082924      99.924652       0.188714      80.537506      -0.162526     -54.449852       2.246259      -1.511460       1.223636       2.439656     -10.107145     -90.014816       1.216996      90.019211     -92.286789      -5.953315     -97.690559      23.945700     -25.155531      63.187138       0.343431     -74.010208       0.273372      63.405418      -2.538274      -1.198689      -1.100411      -3.264506       1.449209     -90.018166       1.515114      89.987663     -18.024708      82.373840     -78.042313      90.903305      54.524399      90.370956     -13.665385     -12.182392      14.588403    -172.596420      85.542862     -16.095104      -0.044633      -2.813431     -20.988361      46.753525      80.445419    -154.640091     -90.598358     -33.993107      90.161400      -0.480094      -2.587596       2.670639     -35.748592     -88.668266     131.217773      -4.956514       3.993513     -22.658569
       7.180981       6.181199     -52.776440    -223.993378      85.917625     142.238647    -178.426514     -79.869019     -79.800262     -15.344701      -5.613434      11.867915      -9.548368      -3.131366      10.933804       1.703673      14.616380      18.002371       1.542602       0.170065     -12.910178     106.585579       6.075217     -92.676811     -54.386658      18.009844      99.784584       0.145052      81.831673      -0.127580     -55.257927       2.270477      -1.482285       1.191193       2.201762      -9.695174     -90.014183       1.702824      90.015831     -92.418968      -5.813329     -96.998016      25.519981     -26.103994      63.672436       0.345729     -75.635643       0.287304      63.935631      -2.560419      -1.172700      -1.097814      -3.194240       1.298214     -90.015404       1.991131      89.987572     -16.903479      82.472687     -78.193901      90.900879      54.323635      90.370613     -13.688051     -12.007749      14.682404    -172.741409      85.377670     -15.934720      -0.050526      -2.846266     -21.011896      47.371769      79.791138    -155.155212     -90.610916     -33.806599      90.160583      -0.603071      -2.498008       2.742668     -27.611225     -88.592232     139.243835      -4.950099       3.982421     -22.739243
       7.439341       6.191789     -53.751019    -225.371246      85.662003     143.802505    -179.237854     -80.518372     -80.585449     -14.629032      -5.167683      11.604181      -9.051660      -2.148538      10.970683       1.753708      14.574351      17.514168       1.536220       0.254690     -12.633938     107.520309       6.089975     -92.643723     -55.546192      18.793310      99.830246       0.047295      82.709396      -0.042847     -55.764198       2.280377      -1.466655       1.177344       2.069453      -9.250174     -90.011909       2.056015      90.011559     -92.437706      -5.657434     -95.923409      26.918673     -26.780773      64.159058       0.344782     -76.925819       0.293997      64.258293      -2.573427      -1.153674      -1.116790      -3.321372       1.422227     -90.012497       2.337123      89.988297     -18.234907      82.419228     -76.008705      90.900772      54.089428      90.369736     -13.732775     -11.781796      14.804499    -173.010513      85.225410     -15.639837      -0.062587      -2.911177     -21.015886      47.574093      79.551132    -155.182648     -90.567810     -33.574211      90.147629      -1.846142      -2.831552       3.333142      -6.841491     -87.736748     159.791229      -4.923970       4.065645     -22.894060
       7.679269       6.169106     -54.676880    -227.358612      85.723289     145.423203    -182.081039     -81.143250     -83.303169     -13.980165      -5.226576      11.294956      -8.528038      -1.613577      11.081874       1.833169      15.225245      17.000591       1.579984       0.630808     -12.631208     108.907112       6.099360     -93.019325     -56.739391      19.435625     100.143349      -0.075625      82.995293       0.065956     -55.942646       2.277247      -1.464471       1.299458       1.882906      -9.036503     -90.009491       2.283934      90.007622     -92.255867      -5.397300     -93.853394      27.881111     -26.878057      64.676208       0.332486     -77.679794       0.287016      64.344498      -2.576876      -1.144895      -1.282940      -3.856341       1.847144     -90.010254       2.560300      89.989082     -22.266451      82.010490     -71.275314      90.902130      53.806480      90.368515     -13.801023     -11.486546      14.991696    -173.332153      85.096184     -15.287587      -0.077898      -2.998726     -21.002966      47.479572      79.780411    -155.041641     -90.231514     -33.389606      90.065079      -2.781413      -3.046672       3.770088       1.203272     -85.939346     168.679459      -4.928315       4.060263     -23.049360
       7.899513       6.110569     -55.547573    -229.251205      85.885796     146.560959    -186.836945     -81.727943     -87.949806     -13.302403      -5.549291      10.990281      -7.961504      -1.252085      11.086647       1.901328      16.234385      16.536283       1.638923       1.242156     -12.652161     110.343224       6.105685     -93.464348     -57.968124      20.083122     100.555206      -0.167275      83.212868       0.148227     -56.112598       2.277206      -1.461315       1.436135       1.494025      -9.072883     -90.007881       2.508018      90.005196     -92.035751      -5.030165     -91.099602      28.579447     -26.780643      65.123337       0.326298     -78.302330       0.284609      64.431343      -2.579878      -1.138263      -1.438941      -4.457984       2.083127     -90.008820       2.779730      89.989250     -27.283136      81.473381     -65.546829      91.179611      53.541214      90.477982     -13.902891     -11.206809      15.150371    -173.640472      84.959152     -14.953121      -0.092875      -3.098611     -20.992010      46.596252      80.224213    -154.102280     -89.712448     -33.207638      89.939301      -3.541117      -2.938792       4.047688       3.194047     -84.716690     172.683548      -4.950570       3.900606     -23.254930
       8.080809       6.031692     -56.342430    -230.657135      86.122917     146.796890    -193.226700     -82.324532     -94.316277     -12.516437      -6.081298      10.593000      -7.251794      -1.105483      10.961987       1.933051      17.565744      16.186855       1.700577       2.071466     -12.640360     111.248070       6.072697     -94.113289     -59.449856      20.749603     101.354126      -0.236144      83.377045       0.210843     -56.286407       2.279645      -1.456980       1.537429       1.006515      -9.187860     -90.006828       2.728346      90.003792     -92.075584      -4.634714     -88.032326      29.235409     -26.759163      65.521973       0.319504     -78.781303       0.279600      64.541817      -2.583229      -1.132138      -1.519636      -5.049838       1.986612     -90.007668       2.995485      89.989296     -33.676571      80.579979     -58.365170      91.049057      52.970867      90.416428     -14.435169     -10.797998      15.151481    -173.739532      84.803001     -14.728509      -0.085158      -3.105387     -20.926891      44.620914      80.963356    -152.140869     -89.067627     -33.143639      89.785278      -4.426590      -2.871594       4.305737       3.850343     -83.810036     175.665436      -4.967645       3.779499     -23.379662
       8.197308       6.049041     -57.049252    -237.883469      85.831253     152.719711    -194.366364     -82.861488     -95.528793     -11.883461      -6.772071      10.212349      -6.634180      -1.443193      10.664343       1.999165      19.046350      15.778002       1.780024       2.998991     -12.641191     111.532204       5.989504     -94.859764     -61.034767      21.374521     102.398911      -0.284493      83.573700       0.255774     -56.467541       2.284065      -1.451465       1.568375       0.502702      -9.266814     -90.006119       2.944981      90.003006     -92.605415      -4.295712     -85.020660      29.873369     -26.891632      65.814148       0.311433     -79.139702       0.272001      64.664238      -2.586723      -1.126315      -1.592980      -5.461490       1.497575     -90.006615       3.207636      89.989532     -42.407436      79.503723     -48.757072      90.910957      50.871883      90.322090     -15.911462     -11.348580      14.085876    -173.757553      84.649559     -14.555925      -0.072221      -3.159518     -20.803755      39.194218      82.036674    -146.982422     -89.016182     -33.220135      89.774597      -4.756214      -2.883002       4.290356       2.359689     -83.972115     177.189682      -4.985804       3.769760     -23.353172
       8.273251       6.056118     -57.654888    -244.795013      85.343681     157.937866    -199.680145     -83.280167    -100.910164     -11.257736      -7.350034       9.764709      -6.044647      -1.670999      10.368626       2.096358      20.556664      15.323702       1.867434       3.935849     -12.626135     111.805717       5.938251     -95.579559     -62.626312      21.942884     103.389610      -0.321164      83.777069       0.290167     -56.652142       2.289779      -1.445345       1.579617       0.073107      -9.342631     -90.005608       3.157995      90.002563     -93.320740      -4.075610     -82.263855      30.586458     -27.120224      66.057236       0.305348     -79.438599       0.265512      64.788246      -2.590468      -1.120840      -1.677737      -5.703533       0.711224     -90.005760       3.416245      89.989952     -51.506367      78.095299     -38.456249      90.784798      47.387966      90.223534     -17.734339     -11.817148      12.790731    -173.914337      84.562332     -14.378549      -0.076505      -3.173545     -20.760784      30.875757      83.125755    -138.868912     -88.625359     -33.061932      89.682564      -6.435220      -3.160966       4.903212       4.249141     -83.983490     180.539063      -4.970301       3.672906     -23.488890
       8.298632       6.058186     -58.161892    -249.124451      85.113434     160.700516    -206.542999     -83.792061    -107.871796     -10.461403      -7.959440       9.304955      -5.353938      -1.407155      10.042448       2.202365      21.819887      14.824338       1.937343       4.744965     -12.619415     112.002403       5.939233     -96.129745     -64.304848      22.473106     104.358955      -0.349495      83.990402       0.316959     -56.838318       2.296326      -1.438781       1.585947      -0.221004      -9.428419     -90.005249       3.367437      90.002327     -94.706886      -4.168428     -81.011429      31.104063     -26.678448      67.033157       0.304814     -79.822556       0.263805      64.878220      -2.594397      -1.116616      -1.836158      -6.334368      -0.250392     -90.005272       3.621356      89.990242     -59.080807      76.683174     -29.684616      90.544609      43.907299      90.119270     -19.140251     -11.937014      11.979756    -174.330811      84.446381     -14.066061      -0.104087      -3.240356     -20.834826      19.587049      83.588104    -127.894897     -88.768341     -33.100880      89.712181      -6.809038      -2.772794       4.684998       2.801886     -83.207733     181.811523      -5.004933       3.699891     -23.446283
       8.280248       6.053814     -58.563931    -253.053040      84.783951     163.169266    -217.472794     -84.017792    -118.905357      -9.627679      -8.525373       8.846849      -4.731902      -0.206419       9.750554       2.319393      22.791420      14.338960       1.990148       5.318186     -12.588357     112.142365       5.968183     -96.531456     -66.136971      22.961620     105.452522      -0.372544      84.199142       0.338856     -57.021126       2.303068      -1.431999       1.606645      -0.317184      -9.505480     -90.005051       3.573374      90.002197     -96.581680      -4.412359     -81.256615      31.382780     -25.985920      68.474068       0.304591     -80.183556       0.262866      64.996910      -2.598742      -1.111137      -1.944882      -7.376712      -1.335687     -90.004616       3.823051      89.990349     -64.361443      75.150246     -23.427057      90.217468      40.882065      90.014786     -20.212040     -11.920746      11.468127    -174.631058      84.322769     -13.851472      -0.123214      -3.308770     -20.917749       8.090493      83.937225    -116.842270     -88.918488     -33.284164      89.747238      -6.928370      -2.426957       4.454991       1.510596     -82.640175     182.479065      -5.015680       3.607940     -23.356251
       8.249784       6.070088     -58.865105    -254.649918      84.604561     163.442413    -229.271118     -83.990921    -130.843140      -8.810033      -8.961789       8.255296      -4.120986       1.057771       9.371676       2.454500      23.839106      13.870708       2.048775       5.906325     -12.515311     112.359100       5.962162     -97.112610     -68.097557      23.453096     106.695229      -0.394429      84.369270       0.359705     -57.206997       2.309973      -1.424902       1.612358      -0.421856      -9.582255     -90.005081       3.775863      90.002075     -98.117401      -4.612320     -81.661812      31.911350     -25.717009      69.799896       0.303459     -80.462830       0.261168      65.123924      -2.602863      -1.105491      -2.040003      -8.068316      -2.496832     -90.003815       4.021385      89.990669     -68.614563      73.678284     -18.249687      89.834770      38.246876      89.914558     -20.216270     -12.030599      10.839422    -176.129822      84.095070     -12.548452      -0.138622      -3.467988     -21.176214      -2.951105      84.164169    -106.115150     -88.935944     -33.468212      89.749428      -7.018065      -1.863541       4.136569       1.146826     -82.741982     182.893585      -5.043658       3.490932     -23.255718
       8.214179       6.079938     -59.063099    -254.597321      84.613968     162.242950    -240.778381     -83.665573    -142.485443      -8.011763      -9.279073       7.558498      -3.499711       2.315861       8.909534       2.623283      24.975681      13.331439       2.114578       6.543722     -12.447850     112.647865       5.922352     -97.906105     -70.190857      23.939981     108.049316      -0.415516      84.498405       0.379692     -57.399406       2.317193      -1.417485       1.588732      -0.632104      -9.700428     -90.005241       3.974967      90.001884     -99.283440      -4.796866     -82.106941      32.753262     -25.787876      71.008728       0.304240     -80.711891       0.261348      65.253822      -2.607106      -1.099831      -2.138909      -8.462574      -3.740986     -90.003120       4.216406      89.991142     -71.706772      72.396423     -14.355736      89.411804      36.126583      89.818054     -19.009483     -12.308211      10.187198    -177.576736      84.038498     -11.082923      -0.176911      -3.643977     -21.355640     -13.287237      84.272377     -95.919075     -88.944031     -33.558704      89.751167      -7.026375      -1.419937       3.869854       1.338758     -82.768166     182.687881      -5.060465       3.411681     -23.162365
       8.178654       6.078071     -59.185722    -253.479599      84.659332     160.298325    -250.336212     -83.344246    -152.162552      -7.188396      -9.481479       6.867076      -2.803720       3.498486       8.368964       2.854993      26.187952      12.504639       2.187792       7.226083     -12.574586     112.932640       5.797822     -98.659279     -71.948364      25.076452     108.072189      -0.434623      84.764229       0.400380     -57.677055       2.328296      -1.405045       1.321725      -0.920950      -9.518959     -90.005722       4.170727      90.001045    -100.486412      -5.008340     -82.639183      33.783234     -26.018038      72.189857       0.305310     -80.928040       0.261744      65.378822      -2.611304      -1.094471      -2.255156      -8.705181      -5.039339     -90.002586       4.408169      89.991653     -73.745598      71.424316     -11.734308      88.987556      34.735252      89.728043     -18.096741     -12.451222       9.776645    -178.329514      84.025040     -10.191072      -0.195802      -3.723476     -21.361580     -21.485741      84.357849     -87.774437     -88.783966     -33.666035      89.713707      -7.007867      -1.173000       3.755930       1.970724     -82.809151     182.123505      -5.076881       3.337445     -23.105415
       8.150447       6.083764     -59.250065    -251.746506      84.825356     157.999725    -257.512604     -83.019287    -159.515991      -6.486118      -9.712468       6.182705      -2.216815       4.507540       7.891337       3.145141      27.468714      11.663425       2.285736       7.935743     -12.699683     113.246696       5.683912     -99.642235     -73.515488      26.125559     108.088081      -0.455079      84.971443       0.420577     -57.905987       2.336658      -1.395606       1.170089      -1.463752      -9.066923     -90.005928       4.363195      89.999969    -101.051849      -5.128703     -82.981277      35.041351     -26.505503      73.245094       0.310335     -81.171860       0.266461      65.503632      -2.615509      -1.088992      -2.357837      -8.798204      -6.268733     -90.002243       4.596732      89.992126     -75.685432      70.794083      -9.471209      88.794174      33.987545      89.694588     -17.541286     -12.502171       9.402017    -178.818924      84.002075      -9.568053      -0.211372      -3.819960     -21.333818     -28.051355      84.145195     -81.172729     -88.867554     -33.743301      89.732788      -6.892343      -0.916068       3.571986       2.841491     -82.704185     181.179886      -5.083878       3.335738     -23.043949
       8.127909       6.080378     -59.281124    -250.289520      84.987587     156.254120    -262.824951     -82.757820    -165.015686      -5.893768      -9.881807       5.600110      -1.707448       5.313653       7.497383       3.493964      28.878300      10.676721       2.398683       8.718542     -12.928038     113.468323       5.607769    -100.460045     -74.667862      26.795164     108.070709      -0.480305      85.164001       0.443361     -58.092339       2.343988      -1.389528       1.230849      -1.161876      -9.211952     -90.004440       4.552505      89.999352    -101.132828      -5.168203     -83.092857      36.451347     -27.126999      74.261917       0.316029     -81.396156       0.271872      65.626060      -2.619620      -1.083655      -2.442657      -8.782424      -7.357405     -90.002037       4.782123      89.992554     -77.218719      70.550034      -7.783293      88.874184      33.584713      89.723961     -17.183741     -12.357564       9.279968    -179.096115      83.983856      -9.194726      -0.228074      -3.906195     -21.306749     -30.981688      83.842979     -78.112617     -88.946716     -33.642185      89.753151      -6.817502      -0.467131       3.306555       3.990999     -82.937698     180.114746      -5.096577       3.222422     -23.027290
       8.103165       6.071340     -59.295090    -248.988724      85.196449     154.824234    -266.915619     -82.598221    -169.294144      -5.390662      -9.984444       5.158895      -1.255657       5.784179       7.111001       3.913728      30.422182       9.549971       2.534818       9.598922     -13.271920     113.527023       5.554904    -100.744148     -75.321220      27.070833     108.031418      -0.523838      85.479210       0.485180     -58.259949       2.350641      -1.384331       1.404923       0.188255      -9.692181     -90.002159       4.738671      89.999115    -101.051361      -5.179592     -83.105141      37.820538     -27.635145      75.228493       0.323788     -81.652412       0.279039      65.741287      -2.623756      -1.078536      -2.535311      -8.868012      -8.351735     -90.001961       4.964433      89.992828     -78.276901      70.476921      -6.676229      88.915749      33.391823      89.740738     -16.938547     -12.177950       9.314725    -179.216553      83.969864      -9.007414      -0.241274      -3.973174     -21.277443     -31.107765      83.452576     -77.876961     -88.948624     -33.569645      89.751831      -6.667270       0.178482       2.944923       5.272388     -83.327950     179.213379      -5.120611       3.110819     -23.041225
       8.084331       6.068783     -59.301815    -247.732132      85.344963     153.497742    -269.958649     -82.628944    -172.472885      -4.988524     -10.141869       4.780273      -0.859748       5.993684       6.631235       4.378601      32.035286       8.368135       2.682140      10.527121     -13.671259     113.508507       5.481844    -100.703072     -75.823662      27.319637     108.012619      -0.581611      85.810387       0.542194     -58.435410       2.357198      -1.378394       1.529803       1.350806      -9.781874     -90.000626       4.921695      89.998993    -100.948418      -5.184861     -83.082314      39.131996     -28.065361      76.149384       0.332937     -81.932549       0.287653      65.850899      -2.627747      -1.073561      -2.637833      -9.076746      -9.266033     -90.001923       5.143664      89.993004     -79.031097      70.430847      -5.889139      88.934052      33.292004      89.749107     -16.779734     -12.052547       9.351378    -179.249985      83.964043      -8.943251      -0.238371      -4.008649     -21.276237     -31.840553      83.264648     -77.052383     -88.786049     -33.521252      89.714523      -6.783970       0.540808       2.828180       7.049079     -83.922523     178.755585      -5.124113       3.023841     -23.117340
       8.067592       6.073256     -59.302868    -246.584641      85.479820     152.327805    -272.697998     -82.785492    -175.309235      -4.630386     -10.331584       4.468386      -0.497330       6.108854       6.117692       4.894492      33.634586       7.116039       2.836427      11.443550     -14.109974     113.438194       5.412315    -100.443390     -76.227150      27.534515     108.003433      -0.647824      86.136284       0.607945     -58.612545       2.363702      -1.372132       1.625047       2.336789      -9.658675     -89.999626       5.101642      89.998878    -100.912949      -5.181660     -83.081474      40.346096     -28.435841      76.988831       0.343360     -82.225975       0.297728      65.957779      -2.631575      -1.068652      -2.740870      -9.332845     -10.106339     -90.001862       5.319900      89.993111     -79.669212      70.411514      -5.250014      88.941193      33.259533      89.753159     -16.677519     -11.973190       9.382752    -179.235214      83.960442      -8.939996      -0.236562      -4.034744     -21.277214     -32.299065      83.024460     -76.520119     -88.868050     -33.463924      89.734337      -7.120301       0.900244       2.713419       8.790652     -84.536621     178.884567      -5.128083       2.985926     -23.236650
       8.042040       6.075558     -59.301003    -245.229248      85.697449     150.976929    -275.671844     -82.925438    -178.385696      -4.251519     -10.510529       4.221934      -0.127652       6.259208       5.692080       5.576417      34.933620       5.449662       3.000583      12.572272     -14.393650     113.331032       5.346112    -100.043449     -76.514900      27.691927     107.997391      -0.719453      86.446877       0.679128     -58.790199       2.370243      -1.365664       1.700081       3.209675      -9.455533     -89.999016       5.278563      89.998734    -101.011124      -5.174561     -83.137505      41.394924     -28.716127      77.712425       0.354917     -82.522263       0.309075      66.063461      -2.635285      -1.063798      -2.838499      -9.587955     -10.879570     -90.001732       5.493188      89.993195     -80.284103      70.452644      -4.693851      88.943954      33.303215      89.755219     -16.599669     -11.849030       9.492212    -179.181076      83.958717      -8.986862      -0.235200      -4.054224     -21.282095     -32.012943      82.756912     -76.757996     -88.910645     -33.419071      89.744362      -7.289525       1.199192       2.620332       9.997283     -84.917274     179.334274      -5.135856       2.929231     -23.330284
       8.025922       6.068367     -59.299839    -243.874252      85.817429     149.624359    -278.306244     -83.004318    -181.069901      -3.919324     -10.682067       3.989475       0.196740       6.468440       5.232965       6.320295      36.133678       3.698684       3.174298      13.662657     -14.716529     113.207848       5.288081     -99.596954     -76.764282      27.833237     107.995216      -0.797780      86.747566       0.757073     -58.968090       2.376839      -1.359018       1.760511       4.013839      -9.241761     -89.998650       5.452522      89.998573    -101.168724      -5.169596     -83.217979      42.354111     -28.953791      78.356827       0.368009     -82.824661       0.322034      66.167709      -2.638888      -1.059013      -2.931302      -9.827798     -11.593915     -90.001610       5.663597      89.993240     -80.697281      70.486473      -4.296139      88.945145      33.352367      89.756271     -16.555365     -11.772371       9.577744    -179.089905      83.956757      -9.072966      -0.232508      -4.068908     -21.284840     -31.939129      82.659744     -76.772972     -88.888611     -33.395771      89.740654      -7.400511       1.403258       2.537424      10.790607     -85.115433     179.798294      -5.140822       2.897892     -23.382587
       8.022615       6.080542     -59.296101    -242.941574      85.816055     148.710159    -280.766846     -83.242058    -183.542084      -3.643166     -10.908504       3.775388       0.483016       6.586268       4.727293       7.108796      37.051113       2.098457       3.351381      14.140074     -14.804679     113.079498       5.241712     -99.157898     -76.990723      27.957968     107.993149      -0.885132      87.042244       0.844051     -59.142063       2.383378      -1.352408       1.822183       4.768143      -9.053571     -89.998436       5.623586      89.998428    -101.369240      -5.168067     -83.318214      43.270588     -29.166683      78.982269       0.383031     -83.133293       0.336962      66.270271      -2.642376      -1.054315      -3.020758     -10.046686     -12.258535     -90.001480       5.831136      89.993271     -81.062042      70.455673      -3.913473      88.945717      33.384518      89.756332     -16.550985     -11.827715       9.533005    -178.982300      83.954033      -9.173958      -0.229134      -4.080605     -21.279852     -32.999142      82.593781     -75.667244     -89.125626     -33.371822      89.799530      -7.533360       1.515307       2.439724      11.245757     -85.304352     180.115005      -5.137384       2.920844     -23.401066
       8.017970       6.079479     -59.293621    -242.220749      85.839668     148.006958    -283.529816     -83.374847    -186.290298      -3.337520     -11.081125       3.591866       0.788429       6.764601       4.199513       7.729766      37.436543       1.193889       3.422179      13.794703     -14.065755     112.931580       5.205499     -98.674805     -77.191986      28.075678     107.991989      -0.995713      87.353745       0.954474     -59.311684       2.389820      -1.345796       1.885855       5.506898      -8.848215     -89.998299       5.791775      89.998344    -101.619843      -5.169711     -83.440521      44.178410     -29.387684      79.618813       0.399720     -83.440811       0.353674      66.369255      -2.645681      -1.049791      -3.109407     -10.224523     -12.885167     -90.001358       5.995862      89.993309     -81.302711      70.477669      -3.658105      88.971283      33.394753      89.763275     -16.536905     -11.807821       9.584930    -178.917618      83.951859      -9.233667      -0.231044      -4.093297     -21.276278     -32.295578      82.590324     -76.328064     -88.942657     -33.374931      89.754753      -7.520997       1.727781       2.377577      11.543101     -85.173523     180.619232      -5.153459       2.835344     -23.438139
       8.006384       6.095760     -59.290764    -241.330307      85.930077     147.132431    -286.520538     -83.547279    -189.318130      -3.029259     -11.260293       3.433443       1.087670       6.866679       3.807403       7.959010      37.605705       0.801998       3.379087      13.656457     -13.525644     112.792564       5.155212     -98.223640     -77.347679      28.182489     107.995918      -1.124003      87.645035       1.082551     -59.487881       2.396471      -1.338846       1.921990       6.249537      -8.602386     -89.998245       5.957154      89.998215    -101.836121      -5.158116     -83.548866      45.001827     -29.561497      80.217239       0.418472     -83.743408       0.372422      66.469559      -2.648992      -1.045252      -3.184942     -10.363255     -13.470325     -90.001228       6.157836      89.993332     -81.514748      70.464584      -3.458916      88.919914      33.415752      89.751350     -16.514351     -11.809802       9.632031    -178.828568      83.949287      -9.317819      -0.230534      -4.101349     -21.272776     -32.406372      82.540680     -76.199867     -88.945015     -33.363750      89.755371      -7.499306       1.908482       2.287429      11.768209     -85.206375     181.184937      -5.164376       2.774065     -23.456665
       7.996737       6.105724     -59.289242    -240.587234      86.003456     146.390396    -289.288422     -83.666977    -192.128265      -2.744789     -11.428410       3.294880       1.361716       6.934656       3.481589       8.119198      37.746773       0.491911       3.326005      13.590085     -13.058901     112.672447       5.102771     -97.849419     -77.474281      28.280882     108.000893      -1.272369      87.915718       1.230591     -59.664242       2.403113      -1.331879       1.947196       6.934784      -8.387780     -89.998230       6.119769      89.998062    -102.022697      -5.139055     -83.648148      45.757404     -29.671837      80.810982       0.439388     -84.046783       0.393257      66.568626      -2.652293      -1.040794      -3.258276     -10.507234     -14.024200     -90.001152       6.317094      89.993355     -81.811012      70.463333      -3.183141      88.935387      33.437363      89.755043     -16.500477     -11.793986       9.666873    -178.737961      83.946030      -9.401823      -0.229379      -4.108597     -21.269861     -32.542015      82.500069     -76.050438     -88.945862     -33.353760      89.755844      -7.475488       2.095340       2.184518      11.949719     -85.267899     181.786453      -5.174153       2.720236     -23.468946
       7.988761       6.111544     -59.288582    -240.139130      86.071709     145.931671    -291.885132     -83.763374    -194.762405      -2.480813     -11.615384       3.184837       1.610049       6.995940       3.194012       8.261543      37.877541       0.207334       3.273224      13.544535     -12.618674     112.564598       5.054008     -97.525230     -77.593384      28.380205     108.006813      -1.453771      88.175003       1.411654     -59.839760       2.409720      -1.324902       1.967258       7.554791      -8.211496     -89.998245       6.279661      89.997902    -102.174171      -5.115673     -83.730202      46.464890     -29.749409      81.385880       0.462911     -84.353607       0.416685      66.666656      -2.655560      -1.036383      -3.329517     -10.650178     -14.553072     -90.001076       6.473694      89.993355     -82.087807      70.451859      -2.937718      88.941643      33.452713      89.756569     -16.488752     -11.791996       9.693696    -178.649429      83.942574      -9.483129      -0.228606      -4.115065     -21.265814     -32.736938      82.471397     -75.860039     -88.946121     -33.346184      89.756165      -7.447182       2.283450       2.075976      12.100590     -85.339165     182.403961      -5.183664       2.668737     -23.476383
       7.982526       6.114550     -59.288712    -239.865036      86.130440     145.640167    -294.332306     -83.843132    -197.250732      -2.234044     -11.814935       3.096280       1.837436       7.056256       2.936982       8.396250      38.003269      -0.066384       3.220871      13.508640     -12.190572     112.465134       5.010207     -97.235352     -77.707916      28.481188     108.013451      -1.684472      88.425873       1.642032     -60.013332       2.416244      -1.317964       1.985766       8.116013      -8.062040     -89.998306       6.436886      89.997711    -102.295479      -5.088920     -83.796547      47.134651     -29.805460      81.942535       0.489346     -84.660606       0.443017      66.763832      -2.658799      -1.032012      -3.398073     -10.789662     -15.054810     -90.001007       6.627659      89.993370     -82.339798      70.434143      -2.716536      88.944107      33.459248      89.757195     -16.478300     -11.799710       9.711879    -178.564102      83.938858      -9.560341      -0.228175      -4.121257     -21.260506     -32.956795      82.459023     -75.652405     -88.936783     -33.341949      89.754219      -7.407124       2.435184       1.984221      12.162892     -85.381615     182.950668      -5.193005       2.615879     -23.478779
       7.979320       6.114789     -59.288784    -239.755875      86.160271     145.513168    -296.605591     -83.912567    -199.568588      -2.007224     -12.014146       3.018540       2.044888       7.114141       2.700299       8.525923      38.125675      -0.334151       3.168475      13.477609     -11.771262     112.372742       4.972482     -96.973885     -77.817711      28.581116     108.020264      -1.990673      88.669411       1.947930     -60.184772       2.422694      -1.311088       2.004310       8.628954      -7.933410     -89.998383       6.591473      89.997551    -102.395531      -5.061332     -83.851822      47.775196     -29.843271      82.486343       0.519076     -84.967026       0.472641      66.860039      -2.661980      -1.027684      -3.464755     -10.925481     -15.532772     -90.000961       6.779057      89.993378     -82.611046      70.404587      -2.477630      88.945023      33.476269      89.757164     -16.482180     -11.846830       9.689356    -178.467606      83.934875      -9.648300      -0.226980      -4.127030     -21.253033     -33.514748      82.425606     -75.114677     -89.061600     -33.336067      89.784851      -7.378498       2.507930       1.912705      12.074268     -85.408958     183.299454      -5.197549       2.583878     -23.471720
       7.978105       6.098040     -59.290894    -239.688904      86.175903     145.417053    -298.487427     -83.902374    -201.496216      -1.786715     -12.224480       2.951226       2.237449       7.228054       2.476213       8.657541      38.247952      -0.605448       3.117428      13.459456     -11.353053     112.291695       4.933376     -96.747589     -77.928024      28.681416     108.027191      -2.416141      88.904892       2.373111     -60.354763       2.429075      -1.304244       2.022458       9.105152      -7.827335     -89.998444       6.743471      89.997368    -102.469528      -5.032969     -83.891685      48.398705     -29.864189      83.033821       0.552461     -85.272415       0.505909      66.954979      -2.665128      -1.023421      -3.531498     -11.061980     -15.992929     -90.000908       6.927927      89.993362     -82.782646      70.387550      -2.322863      88.923729      33.488514      89.752129     -16.485180     -11.891231       9.692182    -178.375320      83.931938      -9.733420      -0.227491      -4.133454     -21.244614     -33.600021      82.437538     -75.045273     -89.060364     -33.356049      89.784760      -7.324508       2.604951       1.854429      12.081054     -85.406807     183.720917      -5.207964       2.525904     -23.468777
       7.976901       6.084422     -59.293816    -239.582794      86.188934     145.278641    -300.416473     -83.913467    -203.493881      -1.571958     -12.457676       2.896688       2.423561       7.321393       2.279370       8.787619      38.366676      -0.873541       3.068197      13.453842     -10.941340     112.214828       4.892053     -96.535454     -78.038193      28.784559     108.034782      -3.058153      89.135605       3.014887     -60.522751       2.435369      -1.297458       2.040354       9.547012      -7.729496     -89.998512       6.892932      89.997246    -102.522911      -5.003942     -83.919434      49.004986     -29.871958      83.581764       0.590715     -85.577888       0.544055      67.048607      -2.668230      -1.019211      -3.594334     -11.164238     -16.432541     -90.000862       7.074285      89.993393     -82.991051      70.373604      -2.123605      88.937363      33.485947      89.755386     -16.483410     -11.921008       9.687221    -178.298706      83.920883      -9.802669      -0.228712      -4.138572     -21.232836     -33.701996      82.451836     -74.955109     -89.041229     -33.370346      89.780342      -7.292332       2.682723       1.809949      12.029865     -85.354546     184.023727      -5.217758       2.474286     -23.464956
       7.978155       6.094661     -59.294376    -239.655167      86.181648     145.336700    -302.886353     -84.034065    -206.041290      -1.373337     -12.678719       2.847665       2.602563       7.317284       2.101738       8.906903      38.478493      -1.127722       3.017885      13.438402     -10.549201     112.133011       4.853618     -96.314026     -78.145348      28.884336     108.041946      -4.165798      89.366020       4.122346     -60.687992       2.441578      -1.290755       2.060047       9.970289      -7.627046     -89.998581       7.039885      89.997124    -102.581863      -4.976173     -83.952141      49.590050     -29.871908      84.116310       0.634688     -85.882202       0.587931      67.141373      -2.671274      -1.015049      -3.651224     -11.231534     -16.850790     -90.000786       7.218215      89.993385     -83.233521      70.318291      -1.883914      88.942467      33.461712      89.756599     -16.485594     -12.004023       9.623587    -178.232315      83.918526      -9.856466      -0.229626      -4.145184     -21.222076     -34.244755      82.453506     -74.426964     -89.104828     -33.376183      89.795715      -7.248023       2.678430       1.804457      11.893442     -85.281403     184.162918      -5.226096       2.429594     -23.454298
       7.978652       6.085115     -59.296062    -239.755402      86.183640     145.415955    -304.847382     -84.038338    -208.072739      -1.165916     -12.869877       2.804021       2.782207       7.384850       1.922859       9.029077      38.589863      -1.386077       2.968043      13.429724     -10.153406     112.060295       4.816810     -96.119637     -78.252045      28.978477     108.048225      -6.486959      89.592659       6.443306     -60.852478       2.447769      -1.284067       2.077789      10.374609      -7.531504     -89.998650       7.184376      89.997025    -102.626587      -4.951679     -83.976532      50.172234     -29.859856      84.659142       0.685321     -86.184402       0.638430      67.232895      -2.674289      -1.010940      -3.705180     -11.275756     -17.256886     -90.000748       7.359721      89.993393     -83.390327      70.298256      -1.736224      88.937576      33.453705      89.755615     -16.488102     -12.052800       9.613781    -178.155121      83.916039      -9.924382      -0.230631      -4.151443     -21.213360     -34.264439      82.467827     -74.425804     -89.082352     -33.398357      89.790321      -7.202963       2.724026       1.783903      11.924197     -85.233047     184.415405      -5.237413       2.367651     -23.450512
       7.976863       6.076468     -59.298321    -239.797501      86.209198     145.430084    -306.893280     -84.042534    -210.201813      -0.954007     -13.082439       2.769209       2.964064       7.439866       1.765396       9.156189      38.699230      -1.647758       2.921125      13.437861      -9.753218     111.989822       4.783150     -95.934746     -78.361862      29.072062     108.053940     -14.427596      89.815376      14.383772     -61.016541       2.453957      -1.277374       2.090315      10.685444      -7.447862     -89.998749       7.326446      89.996964    -102.650116      -4.926784     -83.987808      50.748184     -29.838608      85.207962       0.743182     -86.480949       0.696152      67.322845      -2.677240      -1.006881      -3.755010     -11.301492     -17.643906     -90.000694       7.498873      89.993408     -83.524651      70.272369      -1.617181      88.911247      33.443501      89.749466     -16.483213     -12.094801       9.613764    -178.075211      83.913269      -9.995244      -0.231472      -4.157088     -21.204643     -34.379208      82.479866     -74.338425     -89.061066     -33.419209      89.785225      -7.178966       2.765688       1.765883      11.989931     -85.190681     184.640823      -5.247602       2.313297     -23.447144
       7.973773       6.091154     -59.299976    -239.810257      86.249535     145.418579    -309.372009     -84.129478    -212.787735      -0.764923     -13.292157       2.744110       3.122630       7.407437       1.658088       9.294684      38.801510      -1.908958       2.881463      13.460607      -9.338770     111.912796       4.752199     -95.743248     -78.429726      29.126225     108.055161     -90.617966      89.954086      90.574516     -61.164612       2.459408      -1.271427       2.138039      10.872473      -7.101637     -89.998947       7.466069      89.996826    -102.623543      -4.910306     -83.971367      51.273438     -29.753708      85.702797       0.798619     -86.723961       0.751130      67.413368      -2.680076      -1.002743      -3.784618     -11.303595     -17.934458     -90.000664       7.635691      89.993408     -83.782135      70.224525      -1.374664      88.931732      33.400387      89.754616     -16.466225     -12.128514       9.583974    -178.030045      83.908943     -10.026846      -0.233312      -4.163633     -21.195492     -34.634281      82.497055     -74.105827     -88.980942     -33.429070      89.765587      -7.136397       2.782301       1.782815      12.031815     -85.091843     184.797195      -5.261304       2.247371     -23.444101
       7.970378       6.099972     -59.301891    -239.847717      86.293129     145.424515    -311.194275     -84.159607    -214.713409      -0.599488     -13.455605       2.722803       3.254465       7.402673       1.578876       9.440177      38.900970      -2.173826       2.844537      13.490274      -8.912785     111.845467       4.721557     -95.580383     -78.495239      29.179234     108.056351    -165.254822      89.819839     165.210266     -61.315060       2.464923      -1.265303       2.147866      11.002443      -6.765025     -89.999077       7.603366      89.996719    -102.554993      -4.900882     -83.931229      51.737690     -29.601299      86.133263       0.854593     -86.937325       0.806478      67.503799      -2.682970      -0.998669      -3.809438     -11.309332     -18.201984     -90.000664       7.770208      89.993423     -84.061203      70.172791      -1.126007      88.940056      33.380985      89.756477     -16.456940     -12.175477       9.543066    -177.961761      83.904083     -10.081404      -0.232574      -4.168663     -21.187450     -35.304489      82.470009     -73.468498     -89.064140     -33.425541      89.786064      -7.139805       2.752564       1.785215      12.046440     -85.050896     184.847610      -5.266325       2.213653     -23.437307
       7.965361       6.088204     -59.306522    -239.625336      86.348328     145.154358    -312.106293     -84.100403    -215.737228      -0.443868     -13.620999       2.714269       3.365324       7.476919       1.519587       9.592342      39.001579      -2.448807       2.809425      13.534023      -8.483707     111.796631       4.687396     -95.462250     -78.556427      29.231407     108.058159    -172.238861      89.660721     172.193909     -61.466629       2.470460      -1.259128       2.148869      11.085345      -6.478296     -89.999199       7.738372      89.996597    -102.448128      -4.893832     -83.868217      52.152451     -29.393126      86.523521       0.913780     -87.135544       0.865028      67.593758      -2.685897      -0.994640      -3.833979     -11.316451     -18.468039     -90.000664       7.902488      89.993416     -84.267113      70.134628      -0.943243      88.903481      33.376308      89.747849     -16.443802     -12.217234       9.530719    -177.890961      83.900162     -10.140505      -0.233106      -4.174663     -21.178848     -35.597641      82.470421     -73.198921     -89.067017     -33.438274      89.786743      -7.133339       2.785862       1.776911      12.205468     -85.015373     185.031387      -5.276067       2.160269     -23.437441
       7.958430       6.077065     -59.312557    -239.278107      86.415962     144.742859    -312.743530     -84.044411    -216.492722      -0.307196     -13.807310       2.719869       3.451481       7.556386       1.498457       9.751121      39.103176      -2.734926       2.777598      13.575966      -8.069092     111.758057       4.638746     -95.363213     -78.604675      29.273426     108.062683    -174.553741      89.517647     174.508484     -61.616604       2.475873      -1.253096       2.150869      11.130278      -6.222709     -89.999313       7.871120      89.996422    -102.313896      -4.897104     -83.790489      52.492352     -29.099358      86.850517       0.950706     -87.258255       0.901124      67.677658      -2.688573      -0.990712      -3.839975     -11.317741     -18.627323     -90.000656       8.032543      89.993431     -84.594261      70.100891      -0.643756      88.928139      33.360508      89.753616     -16.417805     -12.220408       9.520404    -177.825668      83.895615     -10.195044      -0.234339      -4.183216     -21.172249     -35.975773      82.463631     -72.840889     -89.053185     -33.445816      89.783363      -7.136872       2.825286       1.769557      12.379473     -84.975807     185.215073      -5.286052       2.108174     -23.438799
       7.955215       6.069442     -59.316444    -239.001083      86.445061     144.424850    -313.183197     -84.012451    -217.035767      -0.203447     -13.931240       2.727010       3.511212       7.607638       1.484838       9.891060      39.201893      -3.007950       2.741382      13.585369      -7.699127     111.715767       4.590093     -95.253342     -78.643532      29.306293     108.065979    -175.751328      89.383041     175.705811     -61.760517       2.481047      -1.247319       2.166406      11.134703      -6.012037     -89.999390       8.001630      89.996231    -102.202187      -4.909565     -83.729294      52.760303     -28.744377      87.111542       0.971842     -87.330070       0.921589      67.759369      -2.691323      -0.987175      -3.850525     -11.331601     -18.790716     -90.000656       8.160419      89.993431     -84.924530      70.064934      -0.330874      88.950798      33.351433      89.758957     -16.399290     -12.260844       9.495476    -177.724884      83.891289     -10.288005      -0.234282      -4.197399     -21.168430     -36.276554      82.468460     -72.551872     -89.072037     -33.456642      89.787025      -7.112539       2.850771       1.788374      12.478015     -84.874016     185.308121      -5.298616       2.048109     -23.440218
       7.946568       6.061424     -59.321476    -238.454636      86.527435     143.823929    -313.615540     -83.967682    -217.572968      -0.087551     -14.085145       2.751009       3.577240       7.675996       1.479598      10.020092      39.296394      -3.269484       2.702721      13.595571      -7.343913     111.676262       4.544873     -95.149025     -78.688202      29.342779     108.068726    -176.481415      89.256271     176.435715     -61.901634       2.486126      -1.241641       2.184637      11.094938      -5.842175     -89.999466       8.129939      89.996078    -102.098839      -4.915441     -83.672180      53.005508     -28.397152      87.341537       1.002806     -87.415726       0.952128      67.847092      -2.694255      -0.983331      -3.868111     -11.340267     -19.001682     -90.000641       8.286165      89.993431     -85.167702      70.022438      -0.115657      88.916603      33.347366      89.750893     -16.370419     -12.282824       9.487313    -177.628784      83.886497     -10.374271      -0.234100      -4.211268     -21.164833     -36.621574      82.468033     -72.225647     -89.052574     -33.465473      89.782249      -7.107782       2.887851       1.787742      12.665562     -84.823433     185.478455      -5.310035       1.986842     -23.444513
       7.941320       6.073921     -59.324139    -237.927979      86.569473     143.257355    -314.789978     -84.040634    -218.855988       0.003257     -14.275908       2.768936       3.629423       7.667464       1.482104      10.138205      39.386723      -3.519901       2.662155      13.593653      -7.008832     111.632515       4.504658     -95.037514     -78.735199      29.377996     108.070313    -176.972046      89.136703     176.926147     -62.039406       2.491080      -1.236059       2.204931      11.013220      -5.700511     -89.999535       8.256116      89.995956    -102.015038      -4.918500     -83.626648      53.230591     -28.057573      87.544899       1.038155     -87.505348       0.987245      67.935806      -2.697174      -0.979387      -3.883615     -11.338299     -19.213713     -90.000587       8.409795      89.993439     -85.564240      69.950516       0.263645      88.933853      33.331169      89.754288     -16.340773     -12.343007       9.436355    -177.507416      83.883553     -10.493422      -0.233700      -4.226046     -21.163349     -37.941307      82.401794     -70.919312     -89.303062     -33.446793      89.843422      -7.155000       2.795957       1.806216      12.664966     -84.801712     185.394302      -5.309074       1.983636     -23.434935
       7.934438       6.068823     -59.327770    -237.350052      86.630577     142.638931    -315.272034     -84.015366    -219.425751       0.107351     -14.412696       2.791850       3.688210       7.726180       1.467823      10.250616      39.477276      -3.770642       2.619821      13.568768      -6.697810     111.600578       4.458716     -94.948730     -78.819855      29.448671     108.076668    -177.423309      88.984520     177.377457     -62.193577       2.496719      -1.229634       2.204779      11.025437      -5.816238     -89.999451       8.380254      89.995880    -101.960251      -4.922346     -83.596848      53.438442     -27.717545      87.731712       1.078228     -87.598442       1.027151      68.026405      -2.700126      -0.975318      -3.899361     -11.330824     -19.423183     -90.000542       8.531370      89.993431     -85.878906      69.918320       0.555012      88.944466      33.329689      89.756935     -16.320829     -12.365952       9.419683    -177.409348      83.878761     -10.581791      -0.233537      -4.241945     -21.161037     -38.103867      82.405235     -70.762062     -89.258163     -33.453621      89.832344      -7.138232       2.832533       1.816424      12.830672     -84.723091     185.534897      -5.322197       1.916285     -23.440733
       7.925448       6.085071     -59.329540    -236.631821      86.712662     141.893692    -316.594269     -84.071915    -220.844894       0.212004     -14.561509       2.823231       3.750683       7.709351       1.472721      10.354844      39.563713      -4.011441       2.577471      13.527190      -6.409558     111.574539       4.412989     -94.874451     -78.923607      29.538977     108.084129    -177.764709      88.828331     177.718903     -62.351936       2.502520      -1.222995       2.207644      11.098243      -6.049175     -89.999405       8.502321      89.995827    -101.926041      -4.925035     -83.579231      53.625095     -27.384415      87.890495       1.122333     -87.693710       1.071142      68.114143      -2.702938      -0.971329      -3.913523     -11.317397     -19.622400     -90.000496       8.650896      89.993439     -86.196289      69.866158       0.850907      88.944832      33.306763      89.757210     -16.286619     -12.388876       9.402069    -177.316238      83.874207     -10.665761      -0.233730      -4.258872     -21.160313     -38.453983      82.407043     -70.420654     -89.199516     -33.455376      89.817856      -7.121975       2.844436       1.841684      12.957911     -84.633720     185.624817      -5.334781       1.854831     -23.444508
       7.915649       6.095176     -59.330891    -235.737885      86.796997     140.976974    -317.564331     -84.092590    -221.907867       0.313813     -14.676971       2.846675       3.811280       7.715067       1.474462      10.456772      39.646973      -4.247507       2.535493      13.487233      -6.123536     111.559677       4.373061     -94.829018     -79.036797      29.633677     108.090302    -178.021408      88.676117     177.975571     -62.509911       2.508307      -1.216379       2.218969      11.168736      -6.344289     -89.999390       8.622338      89.995796    -101.892860      -4.925340     -83.562454      53.800419     -27.061890      88.029121       1.174804     -87.797020       1.123579      68.200996      -2.705744      -0.967389      -3.928010     -11.303493     -19.818380     -90.000450       8.768426      89.993454     -86.428719      69.812836       1.056065      88.886818      33.315384      89.743301     -16.259501     -12.434745       9.381121    -177.193359      83.870132     -10.782739      -0.232253      -4.275454     -21.160721     -39.099586      82.378052     -69.785606     -89.288177     -33.443962      89.839561      -7.143418       2.820020       1.848956      13.048852     -84.595375     185.647369      -5.339392       1.824134     -23.443338
       7.906895       6.082403     -59.335262    -234.688080      86.864647     139.883011    -317.584625     -84.027702    -222.013992       0.414026     -14.804770       2.864007       3.863997       7.820431       1.459356      10.561574      39.729141      -4.486480       2.494946      13.457932      -5.835968     111.556511       4.333415     -94.809875     -79.151009      29.727381     108.096062    -178.219269      88.528748     178.173355     -62.666843       2.514022      -1.209815       2.236700      11.230886      -6.672113     -89.999382       8.740359      89.995758    -101.851395      -4.922406     -83.539253      53.971581     -26.742519      88.165634       1.233692     -87.903076       1.182436      68.285561      -2.708477      -0.963530      -3.942738     -11.289165     -20.004957     -90.000412       8.883991      89.993454     -86.792564      69.797905       1.394953      88.920815      33.339363      89.751213     -16.251011     -12.438993       9.362879    -177.094757      83.864906     -10.869917      -0.231442      -4.290841     -21.158413     -39.265656      82.364609     -69.608841     -89.286018     -33.440567      89.839035      -7.151398       2.864166       1.839856      13.248051     -84.563904     185.809402      -5.348629       1.774081     -23.448141
       7.902427       6.071607     -59.337921    -234.038010      86.894531     139.204285    -317.681610     -83.990356    -222.182205       0.496126     -14.907902       2.879388       3.903000       7.896272       1.442070      10.661135      39.809055      -4.720732       2.454086      13.418547      -5.562789     111.552193       4.296074     -94.789444     -79.262970      29.819117     108.101242    -178.379456      88.383797     178.333481     -62.821888       2.519662      -1.203330       2.260375      11.286614      -7.020007     -89.999382       8.856404      89.995720    -101.819832      -4.918237     -83.522079      54.131439     -26.423838      88.296638       1.299746     -88.010590       1.248452      68.369743      -2.711149      -0.959657      -3.956574     -11.272477     -20.180298     -90.000374       8.997619      89.993469     -87.125427      69.772087       1.707226      88.938187      33.359478      89.755348     -16.244974     -12.485620       9.330033    -176.974579      83.860474     -10.983101      -0.230896      -4.310280     -21.157528     -39.378819      82.371475     -69.493271     -89.295448     -33.442387      89.840508      -7.147868       2.896985       1.855170      13.307406     -84.441971     185.827255      -5.359729       1.723804     -23.452688
       7.895959       6.083023     -59.340015    -233.324890      86.948410     138.459106    -318.814240     -84.049751    -223.402206       0.582798     -15.088162       2.915695       3.946258       7.904489       1.448885      10.755462      39.884930      -4.946266       2.414076      13.381246      -5.299932     111.544312       4.257760     -94.760445     -79.373802      29.912653     108.106926    -178.512741      88.239098     178.466705     -62.975224       2.525200      -1.196892       2.286506      11.332389      -7.368547     -89.999374       8.970509      89.995689    -101.788696      -4.911678     -83.504791      54.283890     -26.111485      88.423294       1.375147     -88.120415       1.323852      68.452461      -2.713781      -0.955855      -3.969682     -11.254162     -20.345911     -90.000320       9.109347      89.993469     -87.459663      69.709999       2.021230      88.942856      33.347359      89.756279     -16.218407     -12.533605       9.289362    -176.860352      83.856743     -11.092340      -0.231154      -4.329747     -21.157335     -40.092297      82.348328     -68.787857     -89.359688     -33.437252      89.856239      -7.150643       2.862287       1.879213      13.344261     -84.365707     185.821152      -5.367006       1.682393     -23.452843
       7.888695       6.093131     -59.341156    -232.625320      87.013031     137.735641    -319.738373     -84.079796    -224.402863       0.670923     -15.205108       2.945215       3.994235       7.904893       1.454626      10.844266      39.956970      -5.162808       2.373915      13.342298      -5.043404     111.533501       4.222718     -94.725983     -79.483330      30.002934     108.111778    -178.625168      88.095161     178.579071     -63.126972       2.530673      -1.190498       2.313556      11.372030      -7.706134     -89.999390       9.082711      89.995674    -101.763268      -4.905900     -83.491669      54.431347     -25.806009      88.541100       1.463735     -88.234734       1.412446      68.534431      -2.716357      -0.952098      -3.982521     -11.235830     -20.505583     -90.000305       9.219206      89.993492     -87.780235      69.660194       2.309584      88.944511      33.347389      89.756538     -16.198088     -12.573563       9.258781    -176.741806      83.852287     -11.203631      -0.229995      -4.348763     -21.158014     -40.661934      82.320381     -68.231285     -89.427048     -33.426262      89.872757      -7.157556       2.835931       1.892524      13.390404     -84.303894     185.819839      -5.372980       1.645641     -23.452463
       7.880964       6.081137     -59.345024    -231.636734      87.074516     136.708313    -319.773224     -84.025009    -224.518784       0.765866     -15.326224       2.972713       4.040964       7.999534       1.447363      10.937531      40.027664      -5.382546       2.335633      13.317216      -4.780955     111.530045       4.187002     -94.707741     -79.591026      30.090805     108.116493    -178.719528      87.953911     178.673355     -63.278095       2.536110      -1.184117       2.340603      11.406891      -8.044553     -89.999382       9.193035      89.995651    -101.725075      -4.899317     -83.470375      54.579765     -25.499247      88.664253       1.565924     -88.350357       1.514589      68.615196      -2.718920      -0.948400      -3.996278     -11.219796     -20.659101     -90.000275       9.327219      89.993500     -88.073578      69.637032       2.576395      88.945328      33.369137      89.756744     -16.187725     -12.595439       9.239496    -176.632431      83.847305     -11.303404      -0.229103      -4.366264     -21.157076     -40.793972      82.313362     -68.096626     -89.418045     -33.426609      89.870567      -7.158923       2.875589       1.885194      13.556522     -84.267311     185.960358      -5.382135       1.595491     -23.457268
       7.876944       6.070637     -59.347328    -231.010056      87.101418     136.056915    -319.868469     -83.990456    -224.684525       0.845818     -15.420506       2.992595       4.078261       8.068507       1.438101      11.026172      40.096279      -5.597605       2.297212      13.284369      -4.530297     111.522964       4.152597     -94.681709     -79.694687      30.174730     108.120918    -178.803146      87.811882     178.756912     -63.427174       2.541467      -1.177823       2.370748      11.437339      -8.384780     -89.999359       9.301499      89.995636    -101.695984      -4.894387     -83.454643      54.722401     -25.187855      88.787956       1.682646     -88.464447       1.631244      68.695503      -2.721456      -0.944727      -4.009353     -11.202615     -20.803101     -90.000259       9.433438      89.993492     -88.371208      69.608963       2.851466      88.950867      33.390724      89.758087     -16.183250     -12.648569       9.203225    -176.505829      83.842812     -11.423512      -0.228468      -4.387949     -21.156887     -40.875748      82.323174     -68.017281     -89.423225     -33.431175      89.871017      -7.153498       2.906722       1.901409      13.589063     -84.139145     185.959808      -5.392997       1.546867     -23.461929
       7.869426       6.082527     -59.349247    -230.131424      87.165016     135.147949    -321.056091     -84.041885    -225.962189       0.936579     -15.593832       3.033399       4.124904       8.072433       1.454947      11.111073      40.161182      -5.804714       2.259935      13.256900      -4.285829     111.511429       4.116475     -94.644447     -79.795227      30.258869     108.125885    -178.875931      87.670082     178.829605     -63.574642       2.546721      -1.171565       2.399382      11.464275      -8.701334     -89.999352       9.408157      89.995621    -101.664131      -4.888743     -83.437263      54.861454     -24.877501      88.910194       1.819670     -88.580132       1.768218      68.775391      -2.723977      -0.941059      -4.022056     -11.185134     -20.941397     -90.000237       9.537879      89.993492     -88.621941      69.538589       3.078019      88.909248      33.384918      89.747993     -16.154486     -12.708619       9.160476    -176.378677      83.839111     -11.546941      -0.228611      -4.410474     -21.157398     -41.631935      82.301231     -67.277847     -89.495522     -33.430260      89.888641      -7.152890       2.870261       1.926006      13.607078     -84.060585     185.946381      -5.400037       1.506514     -23.462095
       7.862874       6.092695     -59.350330    -229.399506      87.221039     134.393478    -321.985077     -84.066963    -226.966156       1.023919     -15.702746       3.061908       4.173537       8.072294       1.463695      11.190018      40.223255      -6.003736       2.222114      13.224070      -4.049895     111.494392       4.082886     -94.595528     -79.893379      30.338402     108.130157    -178.941849      87.525314     178.895447     -63.720222       2.551920      -1.165386       2.428745      11.488767      -9.004611     -89.999344       9.513019      89.995628    -101.643227      -4.885866     -83.426704      54.998478     -24.569298      89.028397       1.983355     -88.696808       1.931840      68.854362      -2.726486      -0.937448      -4.034623     -11.168756     -21.074034     -90.000221       9.640563      89.993492     -88.956985      69.491325       3.381424      88.931007      33.383286      89.753067     -16.137690     -12.745180       9.128306    -176.262756      83.834503     -11.655217      -0.227517      -4.430070     -21.158653     -42.141579      82.269203     -66.779602     -89.557266     -33.419300      89.903831      -7.156081       2.843724       1.939167      13.636154     -83.996925     185.940353      -5.405878       1.470545     -23.461647
       7.856025       6.080751     -59.354065    -228.393982      87.272835     133.351334    -321.997101     -84.010124    -227.057526       1.119019     -15.813583       3.089388       4.221434       8.166746       1.457805      11.274329      40.284599      -6.207700       2.186207      13.202636      -3.808750     111.484276       4.048186     -94.561531     -79.988312      30.414101     108.134193    -178.998795      87.384148     178.952316     -63.865417       2.557081      -1.159218       2.456141      11.512522      -9.301423     -89.999344       9.616130      89.995621    -101.611092      -4.882898     -83.409103      55.136707     -24.254705      89.153702       2.173639     -88.811218       2.122041      68.932190      -2.728957      -0.933893      -4.048532     -11.154864     -21.200916     -90.000214       9.741537      89.993500     -89.242973      69.468887       3.642350      88.940056      33.402390      89.755257     -16.129364     -12.767175       9.107926    -176.153809      83.829475     -11.754448      -0.226574      -4.448220     -21.158310     -42.222897      82.261955     -66.695656     -89.542084     -33.420807      89.900169      -7.154698       2.882878       1.931323      13.783580     -83.961411     186.072037      -5.414752       1.421850     -23.466217
       7.852866       6.070364     -59.356220    -227.828369      87.292686     132.762924    -322.079803     -83.972412    -227.208557       1.199874     -15.896946       3.109448       4.260585       8.234900       1.450313      11.354959      40.344475      -6.408423       2.150271      13.172462      -3.578808     111.470612       4.014416     -94.520401     -80.079582      30.485941     108.137833    -179.049881      87.243416     179.003326     -64.008835       2.562169      -1.153117       2.485403      11.533450      -9.598602     -89.999336       9.717521      89.995621    -101.588181      -4.881849     -83.397079      55.269848     -23.934097      89.280670       2.394641     -88.921547       2.342921      69.009079      -2.731376      -0.930362      -4.061736     -11.141103     -21.319664     -90.000183       9.840813      89.993507     -89.524597      69.440605       3.902449      88.948860      33.421150      89.757416     -16.126293     -12.821138       9.070531    -176.027908      83.824883     -11.873809      -0.225914      -4.470543     -21.158554     -42.265060      82.271492     -66.657028     -89.542465     -33.426811      89.899483      -7.146179       2.913499       1.946881      13.804929     -83.835678     186.068649      -5.425319       1.374660     -23.470598
       7.846115       6.082309     -59.358055    -226.961945      87.349899     131.867767    -323.293610     -84.014824    -228.510147       1.293300     -16.059639       3.151154       4.310525       8.238183       1.468909      11.431311      40.401089      -6.600905       2.115152      13.146951      -3.355327     111.452927       3.979717     -94.469383     -80.170837      30.560287     108.141983    -179.096497      87.100853     179.049881     -64.150772       2.567173      -1.147060       2.514260      11.550151      -9.887392     -89.999336       9.817217      89.995613    -101.564323      -4.879134     -83.384262      55.401756     -23.617599      89.408913       2.668780     -89.032204       2.616996      69.084930      -2.733752      -0.926899      -4.075011     -11.127543     -21.435692     -90.000160       9.938420      89.993507     -89.755981      69.369766       4.110546      88.908714      33.412357      89.747688     -16.098381     -12.882336       9.026701    -175.901642      83.821075     -11.996343      -0.226044      -4.493664     -21.159389     -42.985104      82.248306     -65.955757     -89.611450     -33.429340      89.916359      -7.147982       2.900230       1.965511      13.893560     -83.831497     186.175491      -5.433067       1.329017     -23.479118
       7.840193       6.092499     -59.359131    -226.238708      87.400658     131.122864    -324.227203     -84.031464    -229.517303       1.383054     -16.158485       3.180640       4.361948       8.237914       1.480645      11.503074      40.455429      -6.786864       2.079807      13.116201      -3.139124     111.431137       3.947011     -94.410202     -80.259132      30.629536     108.145363    -179.139084      86.958160     179.092407     -64.290970       2.572113      -1.141053       2.542736      11.567187     -10.158413     -89.999336       9.915228      89.995621    -101.549721      -4.878815     -83.377281      55.531212     -23.302725      89.532120       3.008499     -89.141579       2.956627      69.160019      -2.736105      -0.923455      -4.087308     -11.113995     -21.545221     -90.000145      10.034395      89.993515     -90.071587      69.321289       4.395192      88.931023      33.407280      89.752937     -16.081877     -12.919436       8.993894    -175.787445      83.816391     -12.102790      -0.224960      -4.513724     -21.160868     -43.459576      82.215668     -65.495155     -89.668243     -33.422134      89.930351      -7.152723       2.886109       1.970257      13.926381     -83.820717     186.248230      -5.438339       1.297618     -23.480076
       7.833942       6.080456     -59.362858    -225.221710      87.446594     130.070099    -324.220856     -83.969391    -229.589645       1.481503     -16.259550       3.208676       4.413889       8.332582       1.476254      11.579422      40.509018      -6.976878       2.046061      13.097157      -2.917870     111.416176       3.913591     -94.365677     -80.345741      30.696199     108.148544    -179.177399      86.815956     179.130661     -64.430756       2.577028      -1.135075       2.570365      11.583402     -10.432626     -89.999336      10.011612      89.995628    -101.525070      -4.877914     -83.363869      55.663830     -22.983084      89.664932       3.439620     -89.249168       3.387661      69.233932      -2.738439      -0.920063      -4.100429     -11.102784     -21.651234     -90.000137      10.128768      89.993515     -90.338722      69.298195       4.638269      88.940292      33.423004      89.755211     -16.073780     -12.941534       8.973225    -175.680603      83.811302     -12.199834      -0.224022      -4.532159     -21.160698     -43.511814      82.208961     -65.442482     -89.648033     -33.426514      89.925522      -7.146932       2.927284       1.956697      14.021937     -83.803307     186.401047      -5.446451       1.253945     -23.482454
       7.831620       6.070165     -59.365078    -224.593582      87.457451     129.422699    -324.315491     -83.928093    -229.758499       1.565139     -16.333694       3.227092       4.456807       8.400298       1.471921      11.652677      40.561432      -7.164289       2.012414      13.069485      -2.707002     111.398026       3.880776     -94.314987     -80.427940      30.758425     108.151230    -179.211884      86.675819     179.165054     -64.568771       2.581869      -1.129167       2.598800      11.598305     -10.700737     -89.999329      10.106365      89.995628    -101.508789      -4.878824     -83.355492      55.791023     -22.657059      89.798439       3.983185     -89.351982       3.931115      69.307007      -2.740711      -0.916715      -4.112501     -11.091556     -21.749388     -90.000122      10.221568      89.993523     -90.597374      69.271248       4.883740      88.948555      33.438545      89.757240     -16.071127     -12.996168       8.935109    -175.556732      83.806686     -12.317193      -0.223375      -4.554662     -21.161110     -43.521343      82.220291     -65.430222     -89.648552     -33.440197      89.924812      -7.120718       2.981675       1.961905      14.117187     -83.778999     186.573761      -5.458188       1.196433     -23.491840
       7.825356       6.082091     -59.366936    -223.683044      87.509254     128.483734    -325.524261     -83.959305    -231.054184       1.661439     -16.485672       3.268736       4.509790       8.404172       1.493609      11.722856      40.611099      -7.344928       1.979704      13.046368      -2.501051     111.376778       3.846654     -94.256805     -80.508842      30.821711     108.154366    -179.243500      86.536819     179.196625     -64.705513       2.586645      -1.123274       2.625248      11.610977     -10.951627     -89.999321      10.199544      89.995621    -101.490204      -4.878073     -83.345711      55.916298     -22.334187      89.931633       4.725490     -89.454163       4.673346      69.379211      -2.742952      -0.913400      -4.123868     -11.080037     -21.843491     -90.000107      10.312807      89.993515     -90.811966      69.199959       5.076307      88.909454      33.426418      89.747787     -16.043211     -13.056818       8.891418    -175.433578      83.802803     -12.436491      -0.223545      -4.577841     -21.162024     -44.207397      82.195518     -64.763687     -89.711113     -33.443867      89.940186      -7.121888       2.955872       1.976459      14.131224     -83.763535     186.640533      -5.464221       1.164424     -23.490843
       7.819861       6.092254     -59.368061    -222.953064      87.556686     127.732010    -326.445709     -83.966537    -232.048416       1.753998     -16.574888       3.298517       4.564617       8.403505       1.508058      11.787879      40.658634      -7.518132       1.946573      13.019220      -2.301480     111.351547       3.815444     -94.191338     -80.588867      30.882051     108.156647    -179.273209      86.395432     179.226273     -64.840553       2.591343      -1.117452       2.651893      11.621776     -11.193203     -89.999313      10.291163      89.995621    -101.480133      -4.878765     -83.341263      56.040844     -22.015676      90.061600       5.843041     -89.558090       5.790838      69.450554      -2.745182      -0.910148      -4.134929     -11.068858     -21.935419     -90.000092      10.402535      89.993523     -91.109978      69.150017       5.343704      88.931320      33.418026      89.752937     -16.026403     -13.093627       8.858569    -175.322357      83.798080     -12.539843      -0.222487      -4.597909     -21.163542     -44.664146      82.161446     -64.322914     -89.765640     -33.437595      89.953636      -7.123113       2.937131       1.981010      14.122704     -83.746689     186.690613      -5.469032       1.135023     -23.489174
       7.814080       6.080185     -59.371849    -221.924377      87.598305     126.667336    -326.399811     -83.900223    -232.081390       1.853979     -16.666433       3.326971       4.618406       8.496412       1.507508      11.858983      40.705486      -7.696687       1.915349      13.005411      -2.094623     111.334351       3.783427     -94.143372     -80.668144      30.941212     108.158836    -179.300201      86.255684     179.253189     -64.975601       2.596035      -1.111621       2.677007      11.631625     -11.442157     -89.999313      10.381248      89.995621    -101.456322      -4.878385     -83.328613      56.167194     -21.691170      90.199951       7.591577     -89.659546       7.539271      69.520920      -2.747360      -0.906897      -4.145721     -11.059073     -22.020679     -90.000076      10.490746      89.993523     -91.361496      69.125587       5.571632      88.940323      33.430210      89.755165     -16.017942     -13.115617       8.837768    -175.218506      83.792984     -12.633893      -0.221580      -4.616300     -21.163410     -44.707161      82.154434     -64.281685     -89.743744     -33.442886      89.948387      -7.115836       2.974991       1.968051      14.195195     -83.727745     186.825424      -5.476916       1.092392     -23.490047
       7.812201       6.069856     -59.374172    -221.357300      87.606140     126.080772    -326.456726     -83.854897    -232.213638       1.938279     -16.731304       3.345584       4.662516       8.561078       1.508619      11.926966      40.751175      -7.872170       1.884200      12.984812      -1.896635     111.314690       3.752637     -94.091263     -80.745171      30.998413     108.160667    -179.325394      86.117020     179.278320     -65.109062       2.600649      -1.105853       2.703478      11.638575     -11.694430     -89.999313      10.469828      89.995621    -101.438400      -4.878950     -83.319695      56.288250     -21.361616      90.339226      10.722721     -89.758278      10.670311      69.590416      -2.749519      -0.903699      -4.155893     -11.049763     -22.100193     -90.000069      10.577475      89.993515     -91.605606      69.097260       5.802953      88.948723      33.442081      89.757256     -16.014811     -13.169967       8.799468    -175.098038      83.788338     -12.747774      -0.220967      -4.638701     -21.163851     -44.713371      82.166344     -64.275452     -89.741425     -33.457626      89.947014      -7.093442       3.027258       1.974828      14.284244     -83.705368     186.986191      -5.488466       1.035810     -23.498772
       7.806318       6.081777     -59.376148    -220.428894      87.655067     125.123138    -327.640930     -83.877853    -233.485840       2.035152     -16.874128       3.388230       4.716184       8.560541       1.537450      11.991779      40.794231      -8.040345       1.853864      12.970506      -1.702001     111.292854       3.720833     -94.033989     -80.821678      31.058058     108.163086    -179.348709      85.978020     179.301590     -65.241226       2.605187      -1.100124       2.728530      11.642915     -11.936196     -89.999306      10.556916      89.995621    -101.415627      -4.877349     -83.308113      56.407539     -21.035473      90.478485      18.401190     -89.857521      18.348732      69.659508      -2.751668      -0.900524      -4.165581     -11.039779     -22.177086     -90.000053      10.662770      89.993523     -91.803993      69.024651       5.979308      88.909355      33.426426      89.747757     -15.986319     -13.229965       8.755549    -174.978867      83.784393     -12.862887      -0.221177      -4.661767     -21.164774     -45.387623      82.138893     -63.623173     -89.802490     -33.462086      89.962013      -7.096742       2.999594       1.990281      14.296494     -83.692726     187.042099      -5.494286       1.004927     -23.496929
       7.800994       6.091909     -59.377453    -219.791168      87.710709     124.458160    -328.494202     -83.876144    -234.403458       2.128674     -16.954834       3.422580       4.771900       8.554730       1.557904      12.052201      40.835484      -8.202001       1.823244      12.952909      -1.512810     111.268135       3.690852     -93.971489     -80.893730      31.112461     108.164696    -179.370651      85.838936     179.323456     -65.371666       2.609659      -1.094456       2.752504      11.647670     -12.155445     -89.999290      10.642550      89.995598    -101.398552      -4.877040     -83.300354      56.524651     -20.711460      90.613480      57.875580     -89.946861      57.823269      69.728333      -2.753803      -0.897349      -4.174908     -11.030310     -22.252275     -90.000038      10.746631      89.993523     -92.102730      68.968826       6.237182      88.931129      33.413059      89.752914     -15.967551     -13.265346       8.722821    -174.872055      83.779610     -12.961570      -0.220166      -4.681665     -21.166235     -45.877228      82.100945     -63.162354     -89.855110     -33.456726      89.975014      -7.100800       2.979712       1.995531      14.293398     -83.680443     187.082611      -5.498874       0.976591     -23.494703
       7.795475       6.079732     -59.381470    -218.738358      87.750763     123.367393    -328.375793     -83.807625    -234.366028       2.227528     -17.037592       3.453574       4.824461       8.643102       1.565936      12.118757      40.876041      -8.368964       1.794510      12.949003      -1.316288     111.251945       3.659485     -93.927078     -80.962433      31.163708     108.166275    -179.390213      85.705864     179.342941     -65.502068       2.614131      -1.088771       2.773250      11.653274     -12.366920     -89.999290      10.726748      89.995605    -101.366516      -4.875546     -83.283882      56.641495     -20.380693      90.753731     149.922089     -89.910271     149.869522      69.796303      -2.755919      -0.894207      -4.183738     -11.022910     -22.319096     -90.000023      10.829087      89.993515     -92.345528      68.941887       6.455685      88.940376      33.420502      89.755211     -15.957436     -13.286581       8.701963    -174.772308      83.774467     -13.051380      -0.219294      -4.699866     -21.166040     -45.922707      82.092674     -63.121807     -89.831253     -33.462502      89.969299      -7.097296       3.016741       1.983279      14.374734     -83.666725     187.208633      -5.506501       0.935291     -23.495327
       7.793651       6.069330     -59.383945    -218.342743      87.767860     122.946358    -328.350769     -83.757370    -234.407425       2.312083     -17.094042       3.477078       4.868985       8.702409       1.572445      12.181540      40.915741      -8.532563       1.765520      12.937576      -1.129231     111.232826       3.629789     -93.877388     -81.030251      31.213999     108.167557    -179.408737      85.571342     179.361404     -65.630875       2.618522      -1.083175       2.796478      11.654922     -12.591179     -89.999275      10.809543      89.995590    -101.342087      -4.874793     -83.271873      56.753910     -20.046185      90.896408     166.172226     -89.811813     166.119476      69.863350      -2.757989      -0.891110      -4.192138     -11.016189     -22.379210     -90.000015      10.910157      89.993515     -92.590996      68.907341       6.677304      88.948029      33.427197      89.757141     -15.951793     -13.339459       8.664001    -174.656525      83.769798     -13.160364      -0.218730      -4.721987     -21.166452     -45.966152      82.099915     -63.092255     -89.828270     -33.478622      89.967766      -7.078527       3.068777       1.990294      14.475396     -83.650368     187.360580      -5.517857       0.879879     -23.503607
       7.787994       6.081219     -59.386112    -217.369202      87.815506     121.942070    -329.503540     -83.773384    -235.649673       2.409601     -17.229067       3.521985       4.923612       8.696522       1.608509      12.239827      40.952984      -8.687450       1.736878      12.931994      -0.946228     111.210510       3.600096     -93.820427     -81.101494      31.269773     108.169594    -179.426712      85.433243     179.379333     -65.758514       2.622857      -1.077609       2.819857      11.652334     -12.820674     -89.999275      10.890948      89.995583    -101.315239      -4.871737     -83.258377      56.866417     -19.717730      91.041069     171.176483     -89.706375     171.123657      69.929474      -2.760026      -0.888055      -4.200443     -11.009907     -22.435331     -90.000000      10.989878      89.993515     -92.778755      68.832672       6.842803      88.908386      33.407146      89.747589     -15.921697     -13.399037       8.619859    -174.541092      83.765785     -13.271583      -0.218971      -4.744953     -21.167257     -46.633282      82.069450     -62.449547     -89.887589     -33.483517      89.982353      -7.086258       3.040774       2.006457      14.502363     -83.643547     187.410492      -5.523401       0.850393     -23.501818
       7.782928       6.091332     -59.387577    -216.695496      87.870056     121.239777    -330.307556     -83.767006    -236.519211       2.501777     -17.301760       3.557536       4.977721       8.685671       1.637747      12.297070      40.988956      -8.839800       1.708709      12.922542      -0.766400     111.187119       3.571236     -93.762352     -81.168312      31.320341     108.171043    -179.442871      85.301796     179.395432     -65.885010       2.627147      -1.072062       2.840397      11.653879     -13.022351     -89.999275      10.970985      89.995575    -101.291321      -4.870386     -83.247421      56.973694     -19.389023      91.176689     173.531433     -89.600670     173.478516      69.995270      -2.762036      -0.885001      -4.206195     -11.003226     -22.481703     -89.999992      11.068247      89.993515     -93.067558      68.774666       7.090538      88.930664      33.389885      89.752876     -15.901770     -13.433895       8.586882    -174.438202      83.761002     -13.366230      -0.218017      -4.764630     -21.168659     -47.113438      82.029381     -62.000217     -89.938278     -33.478546      89.994881      -7.094673       3.020591       2.012450      14.514116     -83.636810     187.445984      -5.527726       0.823447     -23.499731
       7.777699       6.079106     -59.391712    -215.595810      87.907616     120.101448    -330.141815     -83.697304    -236.435226       2.599774     -17.375914       3.589435       5.030424       8.769099       1.650951      12.357127      41.024014      -8.993627       1.681586      12.926348      -0.581670     111.171677       3.542744     -93.720879     -81.233955      31.369255     108.172203    -179.457733      85.171585     179.410233     -66.010918       2.631404      -1.066551       2.860744      11.653423     -13.230444     -89.999275      11.049683      89.995567    -101.256195      -4.866953     -83.229614      57.082867     -19.059092      91.319786     174.922913     -89.491447     174.869919      70.059845      -2.764037      -0.882024      -4.213760     -11.000290     -22.527781     -89.999985      11.145314      89.993515     -93.301064      68.746017       7.299911      88.939987      33.393837      89.755196     -15.890699     -13.454969       8.565639    -174.341904      83.755898     -13.452575      -0.217186      -4.782622     -21.168419     -47.155022      82.020233     -61.965252     -89.913254     -33.484543      89.988892      -7.095255       3.057156       2.000882      14.607947     -83.628075     187.566391      -5.535074       0.783638     -23.500555
       7.776134       6.068692     -59.394287    -215.229416      87.923882     119.708862    -330.070679     -83.645813    -236.430984       2.682849     -17.423954       3.613472       5.074145       8.823577       1.663259      12.414931      41.058540      -9.146030       1.654488      12.922116      -0.405303     111.153671       3.515246     -93.674934     -81.298386      31.417057     108.173264    -179.471985      85.041809     179.424438     -66.135529       2.635603      -1.061084       2.882813      11.651257     -13.448718     -89.999275      11.127064      89.995567    -101.227707      -4.864725     -83.215805      57.186127     -18.723982      91.463135     175.805115     -89.384666     175.752014      70.123848      -2.765992      -0.879047      -4.219496     -10.996580     -22.563293     -89.999985      11.221096      89.993515     -93.536049      68.709900       7.511135      88.947250      33.397434      89.757050     -15.884238     -13.507647       8.527340    -174.229828      83.751183     -13.557846      -0.216670      -4.804507     -21.168804     -47.197495      82.026970     -61.938450     -89.908821     -33.500805      89.987015      -7.081019       3.109020       2.008633      14.720456     -83.616211     187.713791      -5.546189       0.729613     -23.509096
       7.770693       6.080591     -59.396580    -214.178665      87.969429     118.626511    -331.167908     -83.656708    -237.618103       2.778467     -17.550432       3.659637       5.126795       8.813329       1.706268      12.469408      41.090984      -9.291144       1.627906      12.923358      -0.231938     111.133247       3.487102     -93.623428     -81.364403      31.468843     108.175064    -179.485535      84.912109     179.437943     -66.259140       2.639753      -1.055650       2.903617      11.646983     -13.661579     -89.999268      11.203158      89.995552    -101.195435      -4.860439     -83.199928      57.287838     -18.393808      91.605736     176.434891     -89.276108     176.381714      70.187119      -2.767922      -0.876118      -4.224320     -10.992995     -22.593262     -89.999969      11.295619      89.993500     -93.713730      68.633766       7.666921      88.907440      33.374416      89.747482     -15.853245     -13.566974       8.482794    -174.117935      83.747177     -13.665491      -0.216976      -4.827287     -21.169558     -47.855564      81.994339     -61.306007     -89.966713     -33.505924      90.001251      -7.092002       3.080644       2.025434      14.757260     -83.612999     187.760056      -5.551487       0.701458     -23.507483
       7.767196       6.071022     -59.399399    -213.468353      88.001701     117.888611    -331.035492     -83.592110    -237.554367       2.869434     -17.578991       3.684406       5.178475       8.865135       1.722183      12.522037      41.122604      -9.433631       1.601137      12.922915      -0.061286     111.112930       3.461547     -93.573006     -81.431351      31.518755     108.176247    -179.498795      84.778130     179.451111     -66.381683       2.643854      -1.050267       2.926266      11.642184     -13.886908     -89.999260      11.277971      89.995552    -101.167854      -4.857731     -83.186874      57.389961     -18.063887      91.750099     176.899429     -89.166946     176.846161      70.249702      -2.769837      -0.873197      -4.228598     -10.990298     -22.616903     -89.999962      11.368875      89.993507     -93.950874      68.609558       7.875992      88.930359      33.374458      89.753204     -15.846449     -13.591519       8.462014    -174.020981      83.741768     -13.751790      -0.215871      -4.846718     -21.170019     -47.760044      81.997887     -61.414009     -89.919418     -33.512920      89.989510      -7.080853       3.132458       2.019345      14.850996     -83.600166     187.894577      -5.561184       0.651126     -23.512880
       7.765660       6.080167     -59.400970    -213.098602      88.012489     117.493294    -331.957031     -83.606972    -238.559158       2.949158     -17.687887       3.717182       5.221087       8.858053       1.757285      12.575056      41.153343      -9.575882       1.575325      12.923273       0.106507     111.092697       3.435379     -93.523689     -81.495087      31.567587     108.177521    -179.510849      84.649879     179.463150     -66.503220       2.647924      -1.044913       2.947222      11.637766     -14.100245     -89.999268      11.351529      89.995537    -101.137558      -4.854727     -83.172417      57.486801     -17.729883      91.893211     177.255997     -89.059143     177.202652      70.311661      -2.771723      -0.870323      -4.231540     -10.988243     -22.632311     -89.999939      11.440912      89.993515     -94.210358      68.535034       8.116114      88.939720      33.362583      89.754898     -15.830056     -13.666805       8.397955    -173.895538      83.738251     -13.875826      -0.215146      -4.867602     -21.171524     -48.664330      81.916283     -60.528759     -90.145340     -33.505291      90.044662      -7.122118       3.045256       2.033306      14.814014     -83.611046     187.820786      -5.558197       0.657895     -23.502893
       7.761536       6.071930     -59.404408    -212.090042      88.044968     116.454071    -332.011902     -83.553986    -238.696564       3.042405     -17.755552       3.752433       5.269198       8.912836       1.783106      12.629951      41.182987      -9.718106       1.550563      12.930202       0.276271     111.076920       3.408349     -93.482956     -81.555901      31.614149     108.178871    -179.521622      84.527939     179.473846     -66.624313       2.651959      -1.039537       2.965410      11.635315     -14.299571     -89.999260      11.423867      89.995552    -101.098969      -4.850710     -83.153809      57.580620     -17.393921      92.035538     177.544632     -88.950096     177.491211      70.372971      -2.773594      -0.867478      -4.233840     -10.987850     -22.643850     -89.999924      11.511754      89.993507     -94.323318      68.493927       8.213273      88.887436      33.358910      89.742790     -15.811565     -13.717000       8.372904    -173.789276      83.733582     -13.975270      -0.215007      -4.889209     -21.171961     -48.711113      81.933815     -60.497074     -90.084457     -33.523609      90.029816      -7.117123       3.090031       2.037506      14.928709     -83.598259     187.974640      -5.569045       0.603672     -23.510460
       7.755630       6.085646     -59.406475    -210.920807      88.099365     115.254677    -332.990112     -83.550888    -239.754501       3.136973     -17.836241       3.793429       5.324819       8.884602       1.829800      12.677054      41.210796      -9.848868       1.525003      12.934555       0.438396     111.054153       3.383290     -93.428139     -81.619598      31.663876     108.180382    -179.532700      84.401512     179.484879     -66.743538       2.655916      -1.034251       2.984830      11.629270     -14.496563     -89.999268      11.494985      89.995529    -101.067848      -4.846183     -83.139404      57.674194     -17.068434      92.173851     177.782883     -88.837097     177.729401      70.433754      -2.775432      -0.864650      -4.235222     -10.987188     -22.651337     -89.999924      11.581388      89.993515     -94.600990      68.434387       8.460379      88.921150      33.323997      89.751007     -15.784573     -13.735715       8.342768    -173.708389      83.728577     -14.045835      -0.215380      -4.910237     -21.172337     -48.961243      81.927719     -60.271660     -90.010735     -33.531914      90.011734      -7.102417       3.116132       2.054257      15.013219     -83.584717     188.102737      -5.580047       0.551212     -23.515726
       7.751304       6.074297     -59.409622    -209.958191      88.137520     114.261742    -332.665070     -83.476089    -239.496643       3.228262     -17.849255       3.818983       5.377332       8.942506       1.845557      12.726187      41.238163      -9.981451       1.500039      12.942144       0.602389     111.036621       3.359850     -93.384872     -81.680313      31.708355     108.181015    -179.542816      84.277672     179.494949     -66.861961       2.659849      -1.029006       3.003864      11.624960     -14.689938     -89.999260      11.564915      89.995522    -101.034477      -4.842360     -83.123878      57.767262     -16.741537      92.312958     177.981812     -88.722092     177.928253      70.493713      -2.777264      -0.861862      -4.236306     -10.989016     -22.655161     -89.999901      11.649877      89.993515     -94.822487      68.411575       8.649570      88.935707      33.326923      89.754723     -15.777073     -13.755033       8.325776    -173.615219      83.723083     -14.127825      -0.213916      -4.928241     -21.172813     -48.858200      81.925987     -60.389248     -89.969109     -33.535774      90.001396      -7.096879       3.166961       2.042457      15.106035     -83.575157     188.224915      -5.588215       0.507903     -23.518661
       7.749232       6.082200     -59.411510    -209.547958      88.158920     113.818626    -333.447662     -83.479843    -240.351974       3.308620     -17.952681       3.853513       5.421038       8.938958       1.879709      12.774724      41.264881     -10.113254       1.475607      12.950271       0.762541     111.018066       3.336248     -93.340286     -81.740875      31.754417     108.182007    -179.552567      84.154472     179.504639     -66.979370       2.663733      -1.023808       3.023560      11.617909     -14.891701     -89.999245      11.633675      89.995506    -101.000298      -4.837738     -83.107582      57.856647     -16.411821      92.454857     178.146454     -88.608414     178.092819      70.553146      -2.779070      -0.859092      -4.235361     -10.990053     -22.649845     -89.999870      11.717222      89.993523     -95.085083      68.331421       8.882442      88.941818      33.314758      89.755623     -15.758867     -13.827789       8.261950    -173.495514      83.719551     -14.245843      -0.213262      -4.948458     -21.174032     -49.793568      81.835831     -59.482765     -90.201378     -33.527401      90.058090      -7.141507       3.081025       2.055423      15.079701     -83.589027     188.149933      -5.584798       0.516758     -23.508545
       7.745024       6.072916     -59.415253    -208.414505      88.192062     112.651352    -333.418396     -83.423187    -240.403809       3.401482     -18.016949       3.890958       5.469078       8.995022       1.906877      12.825331      41.290653     -10.245530       1.452235      12.963913       0.923951     111.003242       3.311327     -93.302551     -81.799103      31.799442     108.183296    -179.561386      84.036827     179.513412     -67.096519       2.667588      -1.018590       3.040639      11.612400     -15.084382     -89.999237      11.701298      89.995491    -100.957794      -4.831962     -83.087303      57.942265     -16.079390      92.597122     178.288986     -88.494446     178.235291      70.612160      -2.780857      -0.856338      -4.233622     -10.991868     -22.639380     -89.999863      11.783428      89.993530     -95.190956      68.288254       8.970733      88.885201      33.309341      89.742470     -15.738583     -13.877813       8.236819    -173.393234      83.714966     -14.341412      -0.213233      -4.969591     -21.174202     -49.861267      81.850380     -59.432781     -90.145782     -33.545212      90.044502      -7.137384       3.126274       2.058665      15.204467     -83.579689     188.300491      -5.595379       0.463952     -23.515785
       7.741413       6.084847     -59.416904    -207.628891      88.226929     111.839050    -334.286896     -83.422119    -241.347900       3.485911     -18.086601       3.925875       5.518266       8.965171       1.952523      12.867866      41.315117     -10.367117       1.427877      12.971069       1.076141     110.980537       3.288779     -93.249626     -81.859978      31.846922     108.184586    -179.570297      83.914589     179.522293     -67.211746       2.671373      -1.013454       3.059489      11.603484     -15.277822     -89.999245      11.767770      89.995491    -100.925964      -4.826904     -83.073006      58.026787     -15.754670      92.735970     178.411438     -88.377945     178.357666      70.670631      -2.782618      -0.853596      -4.229433     -10.992885     -22.625023     -89.999863      11.848532      89.993523     -95.464485      68.223915       9.215857      88.919807      33.281445      89.750633     -15.717571     -13.916269       8.192062    -173.299362      83.710342     -14.427725      -0.213134      -4.990954     -21.174822     -50.322357      81.816231     -58.995090     -90.185684     -33.544109      90.054054      -7.142454       3.114207       2.075724      15.246653     -83.576302     188.351791      -5.601470       0.432481     -23.516701
       7.737266       6.074474     -59.420898    -206.465622      88.255882     110.639046    -334.125305     -83.357933    -241.266220       3.578981     -18.139771       3.958113       5.569386       9.027774       1.975058      12.912898      41.338936     -10.490021       1.404321      12.987760       1.231902     110.963570       3.266784     -93.208168     -81.921051      31.893497     108.185692    -179.578949      83.789970     179.530899     -67.326614       2.675133      -1.008348       3.078660      11.593485     -15.484332     -89.999229      11.833131      89.995483    -100.886566      -4.820815     -83.054306      58.112835     -15.428477      92.881943     178.516754     -88.260155     178.462906      70.728264      -2.784363      -0.850908      -4.226372     -10.996292     -22.607647     -89.999847      11.912536      89.993523     -95.676033      68.192795       9.405798      88.935127      33.275311      89.754471     -15.705424     -13.936440       8.170298    -173.213043      83.705292     -14.504018      -0.212497      -5.008654     -21.174610     -50.317245      81.810616     -59.009399     -90.142166     -33.551853      90.043594      -7.145253       3.150838       2.067689      15.349221     -83.570511     188.469360      -5.608950       0.392632     -23.518852
       7.736354       6.065412     -59.423431    -206.182419      88.271347     110.330635    -334.004242     -83.308823    -241.210403       3.656335     -18.165306       3.982556       5.609914       9.065353       1.998206      12.959169      41.362438     -10.615008       1.381582      12.997965       1.383710     110.945892       3.244357     -93.166382     -81.977570      31.937004     108.186691    -179.586716      83.674171     179.538589     -67.440704       2.678864      -1.003238       3.095578      11.586802     -15.673841     -89.999229      11.897400      89.995483    -100.848358      -4.816262     -83.037140      58.190636     -15.095237      93.022987     178.611176     -88.144722     178.557236      70.785713      -2.786086      -0.848215      -4.220397     -10.998541     -22.583033     -89.999847      11.975467      89.993507     -95.884521      68.154930       9.590899      88.944359      33.271492      89.756851     -15.698065     -13.986622       8.132323    -173.111389      83.700592     -14.598676      -0.212040      -5.029764     -21.175070     -50.333775      81.817856     -59.012276     -90.126122     -33.568275      90.038956      -7.136974       3.201099       2.077247      15.466784     -83.562096     188.608704      -5.619531       0.341720     -23.527765
       7.732594       6.078031     -59.425827    -205.210419      88.303627     109.327034    -334.995209     -83.313477    -242.286728       3.743789     -18.268536       4.028401       5.657503       9.041744       2.048759      13.000069      41.384605     -10.731259       1.358534      13.011608       1.530639     110.924950       3.222101     -93.117485     -82.035431      31.983709     108.188225    -179.594345      83.555656     179.546188     -67.553284       2.682530      -0.998207       3.112960      11.576207     -15.861125     -89.999214      11.960599      89.995468    -100.810036      -4.809421     -83.019615      58.268124     -14.769739      93.165070     178.694763     -88.024979     178.640762      70.842514      -2.787794      -0.845567      -4.215663     -11.002651     -22.558802     -89.999832      12.037347      89.993515     -96.091003      68.080933       9.778331      88.944710      33.236221      89.756897     -15.668980     -14.035148       8.088059    -173.018784      83.696541     -14.685827      -0.212498      -5.050273     -21.175718     -50.884380      81.780281     -58.483891     -90.164886     -33.570869      90.048653      -7.151344       3.170985       2.094234      15.505221     -83.561546     188.646774      -5.624112       0.317171     -23.525816
       7.726727       6.089349     -59.427292    -203.778046      88.368156     107.865746    -335.737305     -83.290672    -243.090469       3.839102     -18.311869       4.068936       5.717070       9.009996       2.091900      13.037014      41.405720     -10.840873       1.334996      13.023428       1.675216     110.900597       3.202889     -93.062447     -82.097794      32.031765     108.189423    -179.602203      83.429848     179.554001     -67.664909       2.686156      -0.993209       3.131712      11.564381     -16.059702     -89.999222      12.022741      89.995461    -100.777969      -4.804595     -83.005814      58.348175     -14.449340      93.306580     178.767944     -87.904686     178.713898      70.899071      -2.789484      -0.842912      -4.209856     -11.006053     -22.526484     -89.999817      12.098207      89.993515     -96.226196      68.009888       9.870369      88.886040      33.214767      89.743073     -15.638079     -14.088687       8.058303    -172.915115      83.692085     -14.783535      -0.211612      -5.070374     -21.177393     -51.418549      81.739426     -57.996197     -90.220116     -33.569569      90.062309      -7.167474       3.146055       2.101648      15.531123     -83.562149     188.669052      -5.627179       0.296266     -23.523426
       7.721419       6.076902     -59.431755    -202.263504      88.412331     106.302971    -335.352448     -83.215370    -242.773605       3.933264     -18.358637       4.102961       5.768964       9.081429       2.113997      13.082447      41.426079     -10.957985       1.313683      13.050155       1.830080     110.887100       3.181416     -93.029297     -82.154549      32.076092     108.190636    -179.608978      83.316505     179.560730     -67.776787       2.689793      -0.988166       3.147567      11.557611     -16.235378     -89.999229      12.083828      89.995476    -100.726639      -4.797686     -82.982246      58.425102     -14.122442      93.448990     178.836731     -87.784248     178.782578      70.955292      -2.791176      -0.840277      -4.204083     -11.012184     -22.489065     -89.999802      12.158040      89.993523     -96.485497      67.975578      10.089107      88.920097      33.211933      89.751198     -15.627501     -14.094165       8.034923    -172.837830      83.686806     -14.849236      -0.210993      -5.087617     -21.176340     -51.478851      81.722374     -57.959496     -90.186882     -33.576660      90.054291      -7.171741       3.185130       2.090388      15.640587     -83.558846     188.783752      -5.634129       0.259301     -23.524628
       7.720316       6.065883     -59.435280    -201.837921      88.424355     105.843719    -334.782745     -83.134750    -242.265335       4.003558     -18.332594       4.110839       5.807771       9.128633       2.137513      13.121693      41.446159     -11.069015       1.291590      13.065998       1.973372     110.866867       3.161133     -92.983475     -82.209557      32.119881     108.191788    -179.615417      83.204697     179.567093     -67.886688       2.693343      -0.983226       3.164653      11.548654     -16.403141     -89.999222      12.143898      89.995468    -100.687164      -4.791375     -82.965019      58.496651     -13.799784      93.586388     178.898941     -87.660950     178.844727      71.011139      -2.792852      -0.837663      -4.198210     -11.018855     -22.447966     -89.999794      12.216873      89.993515     -96.693703      67.934532      10.279104      88.934982      33.201996      89.754898     -15.616882     -14.138633       7.999118    -172.744904      83.682045     -14.934236      -0.210624      -5.107679     -21.176514     -51.509552      81.723030     -57.943474     -90.172913     -33.590931      90.050163      -7.165801       3.237932       2.097844      15.767482     -83.552505     188.923859      -5.644389       0.210081     -23.533562
       7.719777       6.075483     -59.437958    -201.574844      88.425652     105.545578    -334.951019     -83.096420    -242.506256       4.066494     -18.325018       4.116302       5.844648       9.111175       2.180919      13.155264      41.465218     -11.171773       1.269145      13.078185       2.109258     110.840378       3.141711     -92.925552     -82.265709      32.165779     108.193214    -179.621918      83.091629     179.573563     -67.994926       2.696834      -0.978331       3.179898      11.538808     -16.562523     -89.999214      12.202972      89.995453    -100.654564      -4.785116     -82.951195      58.566856     -13.484864      93.719353     178.955490     -87.535202     178.901245      71.066742      -2.794498      -0.835056      -4.190929     -11.025327     -22.400116     -89.999786      12.274707      89.993523     -96.903358      67.847565      10.482541      88.941170      33.171135      89.755959     -15.592777     -14.214583       7.933519    -172.634186      83.678337     -15.042653      -0.210269      -5.128765     -21.177692     -52.396339      81.633514     -57.070564     -90.386253     -33.583401      90.102386      -7.208560       3.149643       2.114988      15.739772     -83.564980     188.852768      -5.641500       0.216946     -23.524788
       7.717573       6.069087     -59.441216    -200.670425      88.436417     104.613350    -335.120789     -83.046349    -242.747192       4.144620     -18.386951       4.134048       5.885392       9.153989       2.206501      13.192213      41.484211     -11.278329       1.247176      13.097378       2.249323     110.821350       3.125368     -92.883141     -82.324341      32.209274     108.193787    -179.628403      82.971649     179.580002     -68.103287       2.700317      -0.973483       3.197531      11.525893     -16.759647     -89.999207      12.261063      89.995438    -100.618011      -4.780910     -82.934822      58.639954     -13.158957      93.865654     179.003403     -87.411995     178.949051      71.121361      -2.796146      -0.832496      -4.184645     -11.034910     -22.345318     -89.999771      12.331589      89.993530     -97.063019      67.810394      10.635914      88.943253      33.155113      89.756760     -15.578436     -14.251196       7.902657    -172.547958      83.673553     -15.120456      -0.210326      -5.149280     -21.177610     -52.359493      81.650444     -57.111435     -90.309196     -33.597866      90.083611      -7.204682       3.193735       2.121468      15.847560     -83.552841     188.997147      -5.652120       0.164875     -23.533064
       7.712310       6.062406     -59.445236    -198.973526      88.466583     102.875153    -335.285187     -82.984818    -242.982361       4.227060     -18.471537       4.153654       5.926753       9.204145       2.246557      13.232368      41.501858     -11.384999       1.226583      13.126854       2.395360     110.805016       3.106740     -92.845718     -82.382561      32.255714     108.195236    -179.634155      82.860588     179.585724     -68.211563       2.703783      -0.968586       3.210381      11.515697     -16.935364     -89.999199      12.318181      89.995430    -100.567108      -4.774588     -82.912025      58.709999     -12.830846      94.010666     179.049759     -87.289093     178.995300      71.176003      -2.797774      -0.829942      -4.176876     -11.044825     -22.284697     -89.999771      12.387513      89.993523     -97.241920      67.768600      10.794324      88.943962      33.140366      89.757133     -15.559145     -14.270921       7.880717    -172.470596      83.668709     -15.188039      -0.210210      -5.166905     -21.177179     -52.430538      81.640602     -57.053673     -90.260979     -33.607113      90.072029      -7.209710       3.225448       2.113505      15.945816     -83.547249     189.109726      -5.658738       0.130186     -23.533226
       7.710487       6.058472     -59.447590    -198.313538      88.476868     102.192108    -335.410522     -82.938751    -243.171448       4.296544     -18.502077       4.161499       5.964175       9.231112       2.275995      13.266503      41.518997     -11.484319       1.205240      13.146839       2.532846     110.783478       3.090465     -92.799362     -82.438698      32.298969     108.195961    -179.639801      82.750229     179.591309     -68.318077       2.707192      -0.963766       3.227847      11.505350     -17.093632     -89.999191      12.374335      89.995422    -100.528290      -4.769766     -82.896004      58.778252     -12.511168      94.148087     179.092880     -87.162071     179.038345      71.230408      -2.799400      -0.827394      -4.168633     -11.054998     -22.222069     -89.999756      12.442496      89.993530     -97.419128      67.724083      10.957720      88.944160      33.128571      89.757347     -15.545832     -14.321136       7.842178    -172.376083      83.664146     -15.275788      -0.209884      -5.187560     -21.177691     -52.503536      81.641777     -56.993870     -90.250946     -33.620476      90.068901      -7.205151       3.268218       2.125689      16.052029     -83.538826     189.237869      -5.668531       0.083451     -23.541668
       7.705653       6.072235     -59.450623    -196.613571      88.502785     100.454750    -335.665344     -82.882278    -243.501572       4.371296     -18.477119       4.166859       6.012370       9.194996       2.331390      13.293008      41.534649     -11.571000       1.183633      13.165881       2.662009     110.753922       3.074123     -92.735939     -82.499908      32.349430     108.197861    -179.645477      82.635162     179.596970     -68.422852       2.710517      -0.959016       3.241809      11.491965     -17.252264     -89.999191      12.429542      89.995407    -100.494530      -4.762445     -82.881859      58.846916     -12.203810      94.282761     179.131851     -87.031464     179.077301      71.284615      -2.801006      -0.824841      -4.159667     -11.065028     -22.154898     -89.999748      12.496558      89.993523     -97.554428      67.641785      11.084791      88.912285      33.087887      89.749855     -15.508969     -14.372393       7.802757    -172.288239      83.660057     -15.357946      -0.210313      -5.207984     -21.178610     -53.082478      81.598610     -56.430614     -90.286514     -33.621185      90.077805      -7.219535       3.239474       2.142989      16.086939     -83.537094     189.276810      -5.672907       0.059809     -23.540148
       7.701963       6.066665     -59.453224    -195.213226      88.523415      99.029846    -335.787781     -82.826553    -243.684097       4.447339     -18.515184       4.173872       6.054998       9.232131       2.355545      13.322194      41.549030     -11.656322       1.163481      13.194510       2.795978     110.736732       3.060593     -92.699440     -82.557014      32.390556     108.197884    -179.650589      82.525742     179.602005     -68.528259       2.713889      -0.954232       3.257431      11.483701     -17.408430     -89.999184      12.483837      89.995415    -100.451538      -4.758540     -82.864235      58.916756     -11.886852      94.421127     179.168518     -86.902466     179.113876      71.338593      -2.802608      -0.822303      -4.149694     -11.076212     -22.079142     -89.999733      12.549731      89.993530     -97.751839      67.611702      11.262485      88.931351      33.078053      89.754570     -15.497832     -14.393268       7.778389    -172.206970      83.654800     -15.428521      -0.209352      -5.226686     -21.178652     -53.015942      81.598885     -56.505280     -90.241966     -33.625378      90.066742      -7.212657       3.282957       2.139251      16.173195     -83.527603     189.391708      -5.681265       0.016579     -23.544464
       7.700330       6.075877     -59.455441    -194.612671      88.534630      98.394424    -335.939362     -82.782722    -243.898849       4.510654     -18.497362       4.173189       6.095666       9.203157       2.399762      13.349546      41.563889     -11.742452       1.142796      13.216298       2.923975     110.709808       3.046262     -92.643173     -82.618469      32.440098     108.199348    -179.655899      82.411964     179.607300     -68.632042       2.717173      -0.949528       3.272815      11.468982     -17.578056     -89.999184      12.537214      89.995407    -100.414558      -4.752568     -82.848991      58.981949     -11.573503      94.560089     179.201401     -86.772858     179.146683      71.392242      -2.804185      -0.819765      -4.139343     -11.087196     -21.998304     -89.999733      12.602000      89.993538     -97.966934      67.527969      11.458447      88.939224      33.057007      89.756004     -15.477789     -14.460890       7.716664    -172.102798      83.651031     -15.529852      -0.208743      -5.246067     -21.179979     -53.852425      81.501091     -55.689232     -90.458984     -33.614983      90.119835      -7.257452       3.197115       2.152939      16.144951     -83.541145     189.316116      -5.677335       0.027768     -23.534729
       7.697797       6.068946     -59.458736    -193.486130      88.543800      97.239258    -336.088867     -82.731339    -244.118500       4.583319     -18.560471       4.187873       6.131758       9.243501       2.431663      13.383561      41.578888     -11.836930       1.123142      13.245809       3.058601     110.691917       3.031674     -92.605095     -82.675247      32.484882     108.200333    -179.660629      82.305687     179.611969     -68.735756       2.720458      -0.944815       3.286287      11.456695     -17.743675     -89.999191      12.589702      89.995415    -100.366356      -4.746135     -82.828568      59.043510     -11.250382      94.703918     179.232819     -86.643242     179.177994      71.445389      -2.805778      -0.817274      -4.129781     -11.100685     -21.914398     -89.999718      12.653401      89.993546     -98.126938      67.490860      11.609980      88.942245      33.043186      89.757011     -15.464349     -14.494032       7.686430    -172.024109      83.646721     -15.601375      -0.205466      -5.256205     -21.175858     -53.822887      81.514915     -55.723091     -90.387444     -33.628448      90.102394      -7.254332       3.240226       2.158023      16.258215     -83.531685     189.455521      -5.687390      -0.021545     -23.542160
       7.692288       6.082317     -59.461708    -191.364777      88.582153      95.078026    -336.310211     -82.663536    -244.396347       4.654519     -18.522020       4.185497       6.178331       9.203567       2.490387      13.402330      41.591228     -11.905398       1.102919      13.271335       3.177943     110.662666       3.016987     -92.544136     -82.735451      32.535175     108.202293    -179.665421      82.196838     179.616730     -68.837517       2.723652      -0.940162       3.298518      11.443854     -17.884573     -89.999176      12.641315      89.995399    -100.327293      -4.738372     -82.813232      59.106224     -10.948071      94.837379     179.262619     -86.507683     179.207779      71.498871      -2.807357      -0.814757      -4.118119     -11.112394     -21.827343     -89.999718      12.703933      89.993553     -98.308495      67.417221      11.771986      88.943039      32.992825      89.757553     -15.427320     -14.518156       7.660087    -171.960175      83.642746     -15.658006      -0.199343      -5.257735     -21.168682     -54.100460      81.502953     -55.469612     -90.306419     -33.636841      90.082542      -7.245040       3.263759       2.174651      16.348669     -83.522530     189.572510      -5.697155      -0.067740     -23.547253
       7.688247       6.073166     -59.464493    -189.704086      88.602356      93.391441    -336.416473     -82.604973    -244.560501       4.729859     -18.576963       4.194077       6.219026       9.251361       2.514730      13.427712      41.603416     -11.980433       1.083755      13.308972       3.307351     110.648346       3.005547     -92.514488     -82.791824      32.576424     108.202309    -179.669815      82.091934     179.621078     -68.939713       2.726884      -0.935534       3.312020      11.433900     -18.035851     -89.999176      12.692059      89.995392    -100.276390      -4.732472     -82.792496      59.170399     -10.633162      94.980400     179.290176     -86.373520     179.235229      71.551704      -2.808934      -0.812264      -4.107347     -11.126781     -21.734068     -89.999695      12.753632      89.993538     -98.474319      67.390572      11.915111      88.943283      32.989414      89.757813     -15.416912     -14.540189       7.638937    -171.881409      83.638275     -15.728853      -0.192274      -5.260288     -21.162117     -54.009567      81.502907     -55.570530     -90.268562     -33.639111      90.073120      -7.244722       3.308401       2.164898      16.441772     -83.516869     189.679688      -5.704088      -0.104323     -23.549969
       7.685081       6.080382     -59.466812    -188.378174      88.632469      92.022766    -336.561218     -82.545433    -244.751419       4.795821     -18.569845       4.193429       6.261771       9.227564       2.562631      13.450603      41.616585     -12.057337       1.063449      13.337158       3.429416     110.620583       2.993530     -92.457626     -82.855522      32.628666     108.204102    -179.674622      81.976234     179.625854     -69.040161       2.730024      -0.930967       3.327370      11.413518     -18.216370     -89.999168      12.741959      89.995377    -100.235718      -4.724613     -82.775780      59.230457     -10.322677      95.126556     179.313995     -86.239502     179.259003      71.604271      -2.810479      -0.809786      -4.095868     -11.139850     -21.634569     -89.999687      12.802487      89.993546     -98.586472      67.294678      11.994009      88.868530      32.975975      89.739746     -15.386570     -14.621491       7.582705    -171.772903      83.635712     -15.839783      -0.185239      -5.263211     -21.156349     -54.966194      81.398804     -54.657570     -90.507927     -33.634739      90.131599      -7.292469       3.221645       2.177054      16.425684     -83.534279     189.601089      -5.699455      -0.090075     -23.539883
       7.682485       6.071139     -59.470432    -187.184891      88.646820      90.792038    -336.662079     -82.489059    -244.911819       4.868089     -18.648180       4.208199       6.297587       9.277165       2.594416      13.481923      41.629887     -12.145004       1.044460      13.372449       3.559375     110.600388       2.980773     -92.416199     -82.915565      32.677795     108.205627    -179.679062      81.865761     179.630264     -69.141258       2.733184      -0.926358       3.340730      11.395796     -18.397009     -89.999168      12.791022      89.995369    -100.182999      -4.716669     -82.753876      59.285763      -9.999766      95.277794     179.337204     -86.107590     179.282074      71.656624      -2.812019      -0.807310      -4.083759     -11.153802     -21.528973     -89.999664      12.850535      89.993546     -98.812355      67.257347      12.197701      88.911438      32.963692      89.750031     -15.379078     -14.640314       7.547637    -171.703354      83.631325     -15.901139      -0.178394      -5.267217     -21.146997     -54.957207      81.406776     -54.680134     -90.437119     -33.649193      90.114311      -7.290370       3.269871       2.181731      16.549276     -83.525925     189.745560      -5.709819      -0.140054     -23.548294
       7.679939       6.082173     -59.472988    -186.050156      88.671661      89.620949    -336.836548     -82.431107    -245.138443       4.930995     -18.610683       4.204155       6.338200       9.239723       2.649214      13.500086      41.641487     -12.212085       1.024838      13.397379       3.673259     110.565987       2.967682     -92.347343     -82.979012      32.732857     108.208199    -179.683655      81.750519     179.634857     -69.240456       2.736270      -0.921795       3.354073      11.377621     -18.559469     -89.999168      12.839270      89.995354    -100.143456      -4.708794     -82.739052      59.339897      -9.693038      95.419426     179.359375     -85.972099     179.304184      71.709465      -2.813547      -0.804810      -4.068911     -11.164966     -21.418631     -89.999664      12.897768      89.993538     -99.009804      67.182053      12.375289      88.930542      32.919037      89.754631     -15.351098     -14.681756       7.506240    -171.628265      83.627647     -15.971149      -0.171704      -5.270779     -21.140295     -55.395641      81.363548     -54.265881     -90.468849     -33.647678      90.121971      -7.299261       3.254942       2.197666      16.590837     -83.525070     189.786682      -5.714543      -0.165001     -23.548721
       7.676573       6.073129     -59.476471    -184.448486      88.690140      87.983078    -336.952667     -82.370354    -245.311111       5.004886     -18.686264       4.218858       6.375837       9.290764       2.677922      13.527630      41.653431     -12.290902       1.005840      13.438032       3.802659     110.548027       2.956510     -92.311104     -83.038254      32.781281     108.209442    -179.687531      81.648239     179.638672     -69.339378       2.739360      -0.917269       3.364012      11.364251     -18.715170     -89.999153      12.886705      89.995346    -100.088959      -4.699265     -82.717140      59.393944      -9.381087      95.571495     179.371689     -85.893112     179.316437      71.777008      -2.815465      -0.801910      -4.016495     -11.166835     -21.352612     -89.999664      12.944202      89.993500     -99.179680      67.145264      12.522190      88.938545      32.908031      89.756721     -15.338759     -14.704778       7.480047    -171.555267      83.623550     -16.037027      -0.165257      -5.274479     -21.133223     -55.398891      81.356499     -54.277740     -90.427162     -33.656097      90.111916      -7.302040       3.286929       2.190857      16.689686     -83.521812     189.890427      -5.721018      -0.199399     -23.550442
       7.676525       6.065040     -59.478813    -184.213837      88.697296      87.726334    -337.050934     -82.321854    -245.463837       5.072673     -18.722044       4.227160       6.415018       9.318778       2.694273      13.548868      41.665119     -12.361911       0.985860      13.473491       3.924069     110.523514       2.949071     -92.263519     -83.103912      32.832855     108.210373    -179.691849      81.536789     179.642944     -69.437141       2.742389      -0.912809       3.375710      11.343881     -18.895903     -89.999146      12.933351      89.995338    -100.049393      -4.688452     -82.701607      59.452534      -9.088656      95.730820     179.374283     -85.865730     179.319031      71.853302      -2.817497      -0.798637      -3.963187     -11.112214     -21.425665     -89.999611      12.989861      89.993523     -99.333885      67.106575      12.661938      88.941597      32.897526      89.757614     -15.330845     -14.755833       7.438241    -171.469315      83.619835     -16.119062      -0.158064      -5.278646     -21.125689     -55.402813      81.364204     -54.289692     -90.411896     -33.671608      90.107498      -7.290518       3.335416       2.202819      16.816063     -83.516632     190.024460      -5.724064      -0.204176     -23.554415
       7.673441       6.076158     -59.481991    -182.701721      88.713509      86.173851    -337.249329     -82.265144    -245.727173       5.136179     -18.703993       4.228133       6.454059       9.280980       2.748464      13.574097      41.675602     -12.434472       0.967242      13.511744       4.051775     110.492180       2.938184     -92.203041     -83.173836      32.895382     108.213417    -179.695587      81.431923     179.646698     -69.535782       2.745425      -0.908253       3.379824      11.326568     -19.049364     -89.999146      12.979214      89.995331    -100.002136      -4.669264     -82.683701      59.512058      -8.833459      95.874817     179.380005     -85.834213     179.325012      71.925095      -2.819301      -0.795368      -3.929092     -11.032857     -21.532028     -89.999588      13.034760      89.993523     -99.493690      67.026955      12.810511      88.942406      32.853710      89.757858     -15.300076     -14.798771       7.394051    -171.396118      83.616447     -16.188166      -0.151702      -5.282512     -21.118357     -55.914997      81.318398     -53.795956     -90.441940     -33.674053      90.115097      -7.309003       3.306438       2.219921      16.880745     -83.522537     190.062653      -5.726805      -0.216988     -23.552460
       7.668840       6.086225     -59.484348    -180.522903      88.735649      83.961723    -337.387268     -82.209007    -245.912552       5.193439     -18.668905       4.223358       6.490210       9.241736       2.787923      13.597633      41.684532     -12.499742       0.949708      13.553033       4.179261     110.462540       2.930417     -92.149147     -83.244598      32.954742     108.215424    -179.699402      81.320930     179.650467     -69.634308       2.748457      -0.903732       3.383005      11.308171     -19.207605     -89.999146      13.024298      89.995323     -99.962494      -4.637589     -82.669304      59.585251      -8.663786      95.992645     179.385513     -85.798851     179.331024      71.993629      -2.820883      -0.792061      -3.900109     -10.936765     -21.618383     -89.999542      13.078923      89.993515     -99.663651      66.959724      12.958961      88.942719      32.819569      89.757996     -15.272416     -14.830719       7.360511    -171.322754      83.612411     -16.254948      -0.144600      -5.286469     -21.111946     -56.317013      81.270210     -53.415524     -90.480774     -33.669102      90.124809      -7.328834       3.284332       2.227064      16.925117     -83.527115     190.087204      -5.729212      -0.233837     -23.551292
       7.663753       6.075285     -59.487648    -178.017593      88.743286      81.421188    -337.430573     -82.159126    -246.003586       5.253731     -18.759659       4.241613       6.515534       9.289596       2.798474      13.633913      41.694454     -12.584685       0.933635      13.603188       4.316666     110.441521       2.921979     -92.127388     -83.309494      33.007561     108.216690    -179.702774      81.222176     179.653763     -69.732758       2.751496      -0.899225       3.384784      11.295306     -19.363956     -89.999146      13.068638      89.995308     -99.914116      -4.600246     -82.649452      59.656006      -8.520763      96.099564     179.391968     -85.762016     179.337921      72.061844      -2.822564      -0.788759      -3.871506     -10.840433     -21.698887     -89.999512      13.122334      89.993523     -99.840057      66.925949      13.110984      88.942932      32.824070      89.758148     -15.263156     -14.849321       7.335091    -171.252457      83.608360     -16.318052      -0.138349      -5.290270     -21.104908     -56.340408      81.261230     -53.401459     -90.454948     -33.676342      90.118607      -7.336462       3.317996       2.216608      17.035130     -83.527184     190.188965      -5.734824      -0.264159     -23.552822
       7.660287       6.065564     -59.489693    -176.174271      88.740875      79.556816    -337.446930     -82.121887    -246.062149       5.302431     -18.816528       4.254190       6.535641       9.317807       2.802078      13.664700      41.704880     -12.665807       0.916647      13.642063       4.442308     110.415283       2.913646     -92.085419     -83.372368      33.059753     108.218384    -179.706314      81.117310     179.657227     -69.828926       2.754451      -0.894821       3.391451      11.277943     -19.524622     -89.999146      13.112223      89.995300     -99.881279      -4.562026     -82.635918      59.722824      -8.413045      96.185562     179.397308     -85.722672     179.343704      72.130386      -2.824305      -0.785426      -3.841753     -10.739866     -21.776628     -89.999466      13.165024      89.993530     -99.952339      66.885849      13.206197      88.891731      32.839191      89.746117     -15.253846     -14.903255       7.295494    -171.161240      83.604698     -16.406431      -0.130876      -5.294827     -21.096663     -56.444729      81.270676     -53.311104     -90.463005     -33.695442      90.119766      -7.326402       3.370191       2.226411      17.169296     -83.522888     190.326630      -5.737730      -0.267116     -23.557247
       7.655452       6.075279     -59.492599    -173.756577      88.746170      77.094452    -337.524902     -82.084663    -246.176407       5.339372     -18.832470       4.264026       6.554921       9.292068       2.827161      13.690937      41.714806     -12.740491       0.899471      13.674409       4.560489     110.385017       2.901327     -92.011124     -83.433540      33.119057     108.222382    -179.709763      81.014107     179.660645     -69.923325       2.757326      -0.890436       3.397166      11.261516     -19.661503     -89.999130      13.155103      89.995285     -99.853180      -4.520335     -82.624687      59.784050      -8.343548      96.246933     179.403091     -85.684891     179.349960      72.201004      -2.826119      -0.782019      -3.802015     -10.651227     -21.813334     -89.999496      13.206985      89.993538    -100.191864      66.804329      13.424127      88.921577      32.812424      89.753090     -15.230444     -14.934683       7.251174    -171.097244      83.601440     -16.465675      -0.125324      -5.298417     -21.089525     -56.973183      81.217628     -52.797443     -90.501450     -33.697952      90.129387      -7.343445       3.345469       2.240706      17.233524     -83.527985     190.367538      -5.740464      -0.279713     -23.555483
       7.651178       6.066573     -59.494690    -171.690170      88.736076      75.009216    -337.518646     -82.056290    -246.206604       5.384317     -18.890911       4.281312       6.572375       9.327430       2.813073      13.713341      41.724472     -12.808967       0.882102      13.709356       4.674043     110.361366       2.892452     -91.954140     -83.490166      33.166901     108.224304    -179.713058      80.909531     179.663864     -70.017075       2.760206      -0.886122       3.404837      11.248041     -19.801508     -89.999123      13.197249      89.995285     -99.831215      -4.483562     -82.615280      59.846153      -8.286679      96.302406     179.406540     -85.653717     179.353729      72.273499      -2.828056      -0.778549      -3.754680     -10.582074     -21.800913     -89.999481      13.248233      89.993568    -100.380486      66.778587      13.598260      88.934326      32.820686      89.756287     -15.226423     -14.957766       7.225562    -171.025818      83.597275     -16.529833      -0.118730      -5.302293     -21.082798     -56.871223      81.228294     -52.895432     -90.458931     -33.704586      90.118797      -7.338100       3.394429       2.233721      17.339243     -83.522690     190.483902      -5.748269      -0.319619     -23.561007
       7.647856       6.074241     -59.496342    -170.062073      88.734665      73.345360    -337.545807     -82.032364    -246.262695       5.410131     -18.903723       4.295240       6.597493       9.307309       2.813818      13.733327      41.734604     -12.877498       0.864327      13.733082       4.779241     110.320869       2.880556     -91.876572     -83.549599      33.221516     108.227905    -179.716461      80.800545     179.667236     -70.109596       2.763041      -0.881828       3.411819      11.235250     -19.932800     -89.999123      13.238689      89.995285     -99.819458      -4.446786     -82.609856      59.902523      -8.249725      96.348793     179.410461     -85.621613     179.357986      72.346275      -2.830004      -0.775059      -3.709073     -10.513063     -21.787989     -89.999481      13.288792      89.993568    -100.605247      66.691917      13.794649      88.939835      32.820110      89.757072     -15.213338     -15.021041       7.161432    -170.934769      83.594368     -16.620653      -0.112101      -5.306090     -21.076559     -57.673443      81.122849     -52.114319     -90.684616     -33.699936      90.174019      -7.382722       3.312361       2.244337      17.327436     -83.539574     190.412735      -5.743765      -0.305536     -23.551954
       7.644104       6.067032     -59.497227    -168.171112      88.723717      71.442093    -337.528351     -82.001663    -246.282196       5.437715     -18.914927       4.311556       6.618185       9.290285       2.813119      13.758220      41.744709     -12.951849       0.847479      13.765203       4.888052     110.289864       2.870072     -91.814964     -83.605110      33.270802     108.230324    -179.719772      80.689758     179.670471     -70.201576       2.765831      -0.877599       3.421931      11.219169     -20.080936     -89.999107      13.279440      89.995277     -99.799057      -4.412690     -82.600060      59.954983      -8.206006      96.403366     179.413437     -85.591064     179.361130      72.418205      -2.831963      -0.771603      -3.668253     -10.445466     -21.774538     -89.999466      13.328681      89.993576    -100.785995      66.664268      13.954583      88.941994      32.840668      89.757729     -15.215291     -15.054391       7.126994    -170.860733      83.590981     -16.690857      -0.106344      -5.309865     -21.068968     -57.618492      81.146431     -52.172062     -90.627663     -33.717495      90.160088      -7.363957       3.357982       2.246280      17.450123     -83.533302     190.547775      -5.746121      -0.304292     -23.552057
       7.639037       6.078212     -59.499065    -165.736588      88.716286      68.977844    -337.622528     -81.973167    -246.409760       5.466588     -18.917883       4.327396       6.649449       9.276654       2.810820      13.768118      41.753487     -13.002701       0.829595      13.785068       4.982029     110.241333       2.856814     -91.723778     -83.662704      33.324581     108.234367    -179.723145      80.576866     179.673828     -70.291634       2.768567      -0.873382       3.429196      11.209288     -20.181753     -89.999100      13.319490      89.995277     -99.793396      -4.379631     -82.597984      60.007725      -8.200205      96.434326     179.417725     -85.557152     179.365692      72.490738      -2.833951      -0.768133      -3.626583     -10.377023     -21.762068     -89.999474      13.367897      89.993591    -100.975128      66.590195      14.126111      88.942650      32.824051      89.757881     -15.193908     -15.094279       7.085499    -170.789993      83.587524     -16.757189      -0.100204      -5.313584     -21.062292     -58.059628      81.106323     -51.740623     -90.667374     -33.717693      90.169647      -7.369418       3.346297       2.260928      17.500158     -83.533203     190.593826      -5.747770      -0.306347     -23.550249
       7.632354       6.070759     -59.499813    -162.603897      88.699898      65.833977    -337.623566     -81.933212    -246.448135       5.499316     -18.927664       4.344175       6.676604       9.262347       2.809358      13.789762      41.762276     -13.067681       0.813098      13.823850       5.090706     110.207664       2.845638     -91.676315     -83.715538      33.371071     108.236359    -179.726074      80.481133     179.676697     -70.381981       2.771324      -0.869182       3.435209      11.205544     -20.272604     -89.999084      13.358890      89.995270     -99.768364      -4.349350     -82.586555      60.059628      -8.176855      96.481621     179.422928     -85.523842     179.370987      72.563118      -2.835973      -0.764697      -3.588530     -10.313902     -21.753887     -89.999458      13.406460      89.993599    -101.066673      66.563477      14.190689      88.874321      32.859482      89.741867     -15.190737     -15.136703       7.060192    -170.705475      83.584213     -16.839306      -0.094242      -5.317193     -21.055738     -58.089500      81.114906     -51.721687     -90.652405     -33.732185      90.166061      -7.366733       3.377682       2.253824      17.609978     -83.532349     190.698303      -5.746832      -0.293271     -23.546381
       7.626480       6.080246     -59.501492    -160.082260      88.681587      63.283669    -337.684021     -81.907028    -246.545837       5.527578     -18.931856       4.355844       6.708019       9.247735       2.805633      13.796092      41.769634     -13.108014       0.795331      13.854083       5.187148     110.172089       2.834680     -91.584961     -83.772301      33.424389     108.240044    -179.729370      80.370674     179.679962     -70.469872       2.773964      -0.865097       3.446006      11.191460     -20.372629     -89.999084      13.397623      89.995270     -99.752968      -4.320024     -82.580887      60.111588      -8.180965      96.512810     179.426331     -85.488800     179.374557      72.635521      -2.837959      -0.761232      -3.550184     -10.245239     -21.743139     -89.999458      13.444368      89.993584    -101.323257      66.496239      14.422576      88.913651      32.855476      89.750946     -15.178666     -15.159566       7.015925    -170.642548      83.580635     -16.896442      -0.088587      -5.320836     -21.048563     -58.494804      81.070480     -51.321980     -90.701050     -33.731464      90.177757      -7.376250       3.370434       2.265885      17.673693     -83.535347     190.745743      -5.751187      -0.315486     -23.548109
       7.621536       6.071421     -59.502014    -158.047348      88.658958      61.240547    -337.651367     -81.877708    -246.553055       5.555633     -18.942106       4.372565       6.732416       9.234147       2.799316      13.815894      41.778206     -13.170327       0.779044      13.892034       5.290557     110.133034       2.823087     -91.537971     -83.824593      33.470566     108.242119    -179.731934      80.276764     179.682465     -70.558571       2.776664      -0.860959       3.451454      11.188748     -20.454000     -89.999077      13.435711      89.995270     -99.729469      -4.293759     -82.570030      60.157921      -8.163438      96.560379     179.431473     -85.455490     179.379730      72.707275      -2.839977      -0.757825      -3.516133     -10.182575     -21.736197     -89.999451      13.481646      89.993576    -101.535187      66.477905      14.605267      88.931519      32.892765      89.755157     -15.188792     -15.179895       6.986917    -170.573471      83.577209     -16.960798      -0.083594      -5.324067     -21.042080     -58.418430      81.078392     -51.399220     -90.681091     -33.743843      90.172974      -7.378062       3.402587       2.256226      17.777391     -83.534920     190.842896      -5.756977      -0.346711     -23.550425
       7.620122       6.063613     -59.501728    -157.516891      88.639534      60.712063    -337.617737     -81.863525    -246.554688       5.573431     -18.944166       4.385341       6.750223       9.225668       2.781631      13.830812      41.786716     -13.226881       0.762473      13.921155       5.386026     110.091766       2.811960     -91.472122     -83.876694      33.517197     108.244560    -179.734756      80.176483     179.685242     -70.645828       2.779304      -0.856916       3.459920      11.179585     -20.544567     -89.999077      13.473157      89.995262     -99.713638      -4.270215     -82.563240      60.199860      -8.152138      96.602776     179.435440     -85.422508     179.383728      72.778503      -2.841961      -0.754428      -3.483443     -10.116809     -21.728024     -89.999466      13.518297      89.993591    -101.717873      66.453995      14.770324      88.938896      32.927315      89.756874     -15.201513     -15.230016       6.942565    -170.491455      83.574089     -17.041109      -0.077867      -5.327696     -21.035076     -58.370934      81.100990     -51.446728     -90.683670     -33.764339      90.172859      -7.354386       3.450535       2.263812      17.886940     -83.528870     190.963623      -5.760177      -0.349446     -23.552937
       7.615549       6.074163     -59.503033    -155.504181      88.621819      58.672478    -337.721924     -81.838463    -246.690811       5.599408     -18.953674       4.399593       6.770301       9.208210       2.783803      13.840927      41.794216     -13.273473       0.745528      13.946946       5.480374     110.052086       2.799442     -91.374428     -83.930969      33.573299     108.248932    -179.737549      80.075996     179.688049     -70.730820       2.781831      -0.852948       3.469307      11.166493     -20.620716     -89.999069      13.509974      89.995262     -99.695457      -4.245466     -82.557167      60.240269      -8.158978      96.633957     179.439194     -85.388016     179.387604      72.850273      -2.843944      -0.751011      -3.451026     -10.049510     -21.720762     -89.999458      13.554328      89.993576    -101.903793      66.381584      14.934427      88.941628      32.924877      89.757431     -15.188753     -15.270826       6.898130    -170.422897      83.571175     -17.107218      -0.072991      -5.330966     -21.028311     -58.845905      81.061478     -50.983093     -90.726425     -33.771938      90.183533      -7.363422       3.424412       2.278482      17.940449     -83.532333     191.000473      -5.760362      -0.344246     -23.548878
       7.609489       6.083542     -59.504494    -153.070679      88.598862      56.214100    -337.802673     -81.809189    -246.805573       5.628921     -18.953985       4.414002       6.805258       9.198298       2.773378      13.839196      41.800076     -13.297452       0.728713      13.977457       5.564153     110.006172       2.787812     -91.292618     -83.985580      33.622982     108.252327    -179.740387      79.971909     179.690842     -70.815971       2.784393      -0.848942       3.475866      11.161613     -20.682127     -89.999069      13.546179      89.995262     -99.682159      -4.223520     -82.552818      60.286411      -8.178030      96.664177     179.443466     -85.351730     179.391998      72.921677      -2.845921      -0.747610      -3.419724      -9.981751     -21.714285     -89.999451      13.589759      89.993584    -102.084602      66.319115      15.093718      88.942665      32.919689      89.757637     -15.172666     -15.299076       6.865736    -170.357056      83.567520     -17.167349      -0.067457      -5.334289     -21.022316     -59.216805      81.017082     -50.620548     -90.774429     -33.770088      90.195442      -7.376282       3.404403       2.283590      17.978886     -83.535263     191.025726      -5.759019      -0.337086     -23.544785
       7.604031       6.073983     -59.504841    -151.078079      88.569084      54.215157    -337.775421     -81.777870    -246.818863       5.658581     -18.963671       4.430816       6.833389       9.186695       2.764467      13.853717      41.807549     -13.348654       0.712756      14.018998       5.661586     109.964539       2.777698     -91.248009     -84.038139      33.668156     108.254066    -179.742783      79.877663     179.693161     -70.901283       2.786951      -0.844994       3.481982      11.157525     -20.753756     -89.999077      13.581767      89.995270     -99.656357      -4.204134     -82.541534      60.327721      -8.168390      96.715202     179.447266     -85.318542     179.395752      72.991661      -2.847903      -0.744275      -3.392599      -9.918491     -21.709368     -89.999458      13.624601      89.993591    -102.269089      66.302849      15.247265      88.943253      32.963295      89.757706     -15.183582     -15.320929       6.837619    -170.287674      83.564178     -17.232536      -0.062806      -5.337379     -21.015863     -59.163986      81.025688     -50.676670     -90.764275     -33.782726      90.193039      -7.374468       3.435427       2.273486      18.081932     -83.534683     191.122757      -5.757887      -0.322788     -23.540304
       7.602249       6.065407     -59.504410    -150.520279      88.547150      53.660538    -337.748566     -81.761581    -246.828278       5.678020     -18.966066       4.443660       6.854035       9.179158       2.746663      13.865037      41.815063     -13.396854       0.696823      14.050802       5.751140     109.917725       2.766835     -91.182854     -84.091385      33.715656     108.256630    -179.745361      79.778198     179.695709     -70.985657       2.789486      -0.841059       3.489307      11.149214     -20.832867     -89.999062      13.616774      89.995262     -99.638321      -4.186769     -82.534218      60.364243      -8.162706      96.761040     179.451279     -85.285286     179.399734      73.061165      -2.849838      -0.740955      -3.365075      -9.852194     -21.704071     -89.999458      13.658858      89.993591    -102.424713      66.280418      15.383978      88.933563      33.003384      89.755371     -15.196899     -15.373866       6.794518    -170.205627      83.561203     -17.313660      -0.057524      -5.340816     -21.008995     -59.136620      81.050240     -50.706581     -90.772385     -33.804623      90.194244      -7.350741       3.482965       2.280785      18.192976     -83.529205     191.242538      -5.760866      -0.323255     -23.542545
       7.597681       6.075311     -59.505611    -148.752838      88.523293      51.867222    -337.851440     -81.736267    -246.964371       5.704618     -18.975777       4.457925       6.875699       9.162879       2.748696      13.872385      41.821781     -13.436949       0.680568      14.077889       5.839474     109.869225       2.753315     -91.091087     -84.145256      33.771961     108.261169    -179.747772      79.686386     179.698135     -71.067650       2.791911      -0.837194       3.495437      11.142292     -20.874870     -89.999054      13.651187      89.995262     -99.618744      -4.167479     -82.527954      60.399513      -8.174976      96.794357     179.456573     -85.245483     179.405121      73.130402      -2.851768      -0.737653      -3.340030      -9.774874     -21.734320     -89.999428      13.692555      89.993584    -102.609627      66.210365      15.546124      88.939865      33.004459      89.756752     -15.186770     -15.411760       6.750565    -170.140137      83.558350     -17.376719      -0.053146      -5.343884     -21.002264     -59.602497      81.010773     -50.251961     -90.817528     -33.813000      90.205505      -7.358944       3.456952       2.295152      18.245417     -83.532501     191.279053      -5.760961      -0.317445     -23.538527
       7.591734       6.084280     -59.506908    -146.685364      88.492279      49.777214    -337.925049     -81.709885    -247.071609       5.731679     -18.976662       4.467549       6.902538       9.152492       2.741740      13.869426      41.826340     -13.453711       0.664703      14.114362       5.923648     109.834015       2.742434     -91.001892     -84.198013      33.823395     108.264908    -179.750183      79.588043     179.700531     -71.149445       2.794335      -0.833361       3.502618      11.134639     -20.928543     -89.999046      13.685024      89.995255     -99.593987      -4.150096     -82.520470      60.440147      -8.196425      96.822960     179.462326     -85.195015     179.410950      73.196693      -2.853592      -0.734442      -3.329721      -9.666443     -21.832102     -89.999397      13.725698      89.993599    -102.786415      66.150047      15.702310      88.942291      33.002979      89.757240     -15.173134     -15.439084       6.718915    -170.076538      83.554794     -17.434870      -0.048112      -5.346968     -20.996485     -59.961529      80.967514     -49.899479     -90.867851     -33.811893      90.217987      -7.371094       3.436520       2.300004      18.281967     -83.535294     191.303055      -5.759501      -0.309727     -23.534485
       7.586376       6.074448     -59.507122    -145.022629      88.456886      48.109833    -337.898560     -81.679970    -247.085922       5.760878     -18.986393       4.485004       6.931061       9.142415       2.732349      13.880448      41.833305     -13.498834       0.649242      14.154288       6.012598     109.786156       2.731243     -90.958427     -84.249153      33.868252     108.267075    -179.752258      79.502495     179.702530     -71.231857       2.796804      -0.829511       3.506515      11.135713     -20.975183     -89.999046      13.718290      89.995247     -99.569221      -4.136176     -82.509926      60.474987      -8.187690      96.871788     179.468765     -85.143661     179.417328      73.261131      -2.855435      -0.731370      -3.326583      -9.557702     -21.953829     -89.999367      13.758292      89.993599    -102.966721      66.135506      15.851953      88.943382      33.049309      89.757423     -15.185932     -15.459966       6.691710    -170.009613      83.551552     -17.497776      -0.043939      -5.349846     -20.990252     -59.901455      80.977989     -49.962299     -90.858093     -33.825748      90.215691      -7.373641       3.466549       2.288387      18.378246     -83.535027     191.392685      -5.764562      -0.337687     -23.536032
       7.584967       6.065509     -59.506496    -144.728958      88.435005      47.821259    -337.866150     -81.665611    -247.089203       5.779572     -18.989262       4.500896       6.954062       9.138162       2.709936      13.888118      41.840576     -13.541827       0.633869      14.180589       6.091564     109.742805       2.702926     -90.927620     -84.310242      33.947182     108.277031    -179.754898      79.395042     179.705338     -71.316101       2.799207      -0.825420       3.479308      11.064456     -20.969645     -89.999084      13.751003      89.995224     -99.556633      -4.125040     -82.505066      60.505318      -8.181214      96.915443     179.475021     -85.090828     179.423538      73.325150      -2.857251      -0.728314      -3.322490      -9.445015     -22.082998     -89.999374      13.790327      89.993607    -103.130798      66.115494      15.996687      88.943924      33.091457      89.757469     -15.202430     -15.509542       6.648771    -169.931534      83.548622     -17.574841      -0.039156      -5.353052     -20.983557     -59.858124      81.004395     -50.007721     -90.865448     -33.848873      90.216743      -7.347980       3.514460       2.295479      18.483147     -83.528442     191.510376      -5.767648      -0.340151     -23.538832
       7.579929       6.075553     -59.507484    -142.933868      88.405334      46.002159    -337.984619     -81.636597    -247.238754       5.807969     -18.999533       4.520290       6.980848       9.126450       2.708433      13.892817      41.847137     -13.578636       0.618515      14.198968       6.168127     109.715416       2.663938     -90.894226     -84.386703      34.060421     108.293526    -179.757736      79.281113     179.708420     -71.400810       2.801585      -0.821287       3.426230      10.918181     -20.911362     -89.999130      13.783175      89.995178     -99.545105      -4.112588     -82.502243      60.533009      -8.190002      96.944633     179.481033     -85.036041     179.429596      73.389297      -2.859033      -0.725237      -3.314893      -9.327168     -22.212507     -89.999367      13.821839      89.993599    -103.247322      66.045174      16.091455      88.906883      33.095867      89.748642     -15.188695     -15.558393       6.608913    -169.861679      83.546005     -17.643911      -0.035053      -5.355914     -20.977272     -60.355362      80.968155     -49.525940     -90.912567     -33.858597      90.228485      -7.354891       3.486721       2.308972      18.515928     -83.528603     191.539993      -5.769423      -0.344955     -23.535580
       7.573982       6.084252     -59.508644    -141.170227      88.368881      44.216782    -338.047943     -81.610817    -247.336227       5.835385     -19.001036       4.534635       7.011919       9.121151       2.699201      13.888313      41.851967     -13.595040       0.603793      14.224527       6.238756     109.713715       2.628031     -90.880142     -84.475708      34.182568     108.310516    -179.760727      79.153656     179.711578     -71.486908       2.804013      -0.817153       3.359047      10.714353     -20.850370     -89.999153      13.814809      89.995148     -99.530518      -4.101916     -82.498688      60.563370      -8.204958      96.967201     179.485428     -84.981094     179.434006      73.452583      -2.860745      -0.722170      -3.304965      -9.203267     -22.334414     -89.999352      13.852834      89.993599    -103.446350      65.988220      16.267580      88.929062      33.097271      89.753738     -15.179448     -15.576468       6.576853    -169.803772      83.542435     -17.695648      -0.030468      -5.358880     -20.971308     -60.696121      80.923973     -49.191090     -90.963478     -33.857895      90.241150      -7.366110       3.466947       2.313499      18.549894     -83.531082     191.562698      -5.768003      -0.338443     -23.531958
       7.569074       6.074309     -59.508602    -139.879288      88.332130      42.923294    -338.018463     -81.582451    -247.346344       5.863926     -19.010925       4.558402       7.042683       9.117236       2.689080      13.899196      41.859566     -13.644261       0.589905      14.248081       6.310030     109.709091       2.587543     -90.927017     -84.571716      34.312344     108.328606    -179.763550      79.030190     179.714508     -71.574669       2.806525      -0.812934       3.280505      10.493366     -20.779255     -89.999199      13.845916      89.995117     -99.520744      -4.094964     -82.493614      60.583725      -8.187180      97.005447     179.490738     -84.930161     179.439194      73.514580      -2.862482      -0.719192      -3.298207      -9.087711     -22.456430     -89.999344      13.883291      89.993614    -103.630936      65.976112      16.421049      88.938560      33.145054      89.755905     -15.195159     -15.594587       6.550917    -169.740524      83.539268     -17.754852      -0.026838      -5.361458     -20.965420     -60.618092      80.936218     -49.272068     -90.952667     -33.872608      90.238579      -7.362863       3.497285       2.303012      18.649477     -83.530418     191.656479      -5.766783      -0.324160     -23.527662
       7.568103       6.065537     -59.507782    -139.796478      88.311760      42.847908    -337.991211     -81.570045    -247.353989       5.881440     -19.012108       4.576632       7.064065       9.117314       2.671190      13.903960      41.867081     -13.685038       0.575946      14.263818       6.371150     109.687706       2.560750     -90.955688     -84.647331      34.401371     108.338768    -179.765411      78.943466     179.716141     -71.655640       2.808969      -0.809306       3.259638      10.377226     -20.783493     -89.999130      13.876495      89.995163     -99.517380      -4.088183     -82.491722      60.600998      -8.175251      97.039467     179.495743     -84.878639     179.444153      73.576302      -2.864177      -0.716217      -3.289791      -8.970867     -22.581078     -89.999336      13.913243      89.993599    -103.791588      65.957611      16.563065      88.942207      33.188087      89.756699     -15.213547     -15.643501       6.508514    -169.665161      83.536430     -17.829351      -0.022504      -5.364430     -20.958975     -60.565151      80.964561     -49.326862     -90.959366     -33.896744      90.239487      -7.337437       3.543839       2.310433      18.756847     -83.524818     191.772705      -5.769696      -0.324632     -23.530157
       7.564464       6.057363     -59.507771    -138.817123      88.281090      41.865334    -337.998108     -81.541908    -247.399612       5.909152     -19.021101       4.596845       7.088306       9.109857       2.669519      13.910237      41.874355     -13.726073       0.561377      14.290972       6.439774     109.641861       2.542641     -90.952156     -84.705132      34.462383     108.344139    -179.767105      78.864471     179.717636     -71.733315       2.811306      -0.805734       3.264051      10.364085     -20.852869     -89.999107      13.906571      89.995171     -99.502686      -4.078347     -82.485115      60.621979      -8.163658      97.086136     179.501648     -84.825455     179.450043      73.637741      -2.865911      -0.713288      -3.281113      -8.857171     -22.711170     -89.999336      13.942699      89.993599    -103.943741      65.942284      16.690552      88.944038      33.226479      89.757149     -15.226923     -15.667197       6.482201    -169.602905      83.533455     -17.888338      -0.019151      -5.367049     -20.952513     -60.509178      80.991005     -49.387409     -90.918335     -33.917358      90.229622      -7.326671       3.574599       2.302819      18.845476     -83.519417     191.873032      -5.771090      -0.321511     -23.526800
       7.561993       6.067491     -59.507923    -138.093994      88.261955      41.121372    -338.078735     -81.525505    -247.508575       5.930604     -19.028122       4.610711       7.110862       9.099813       2.667035      13.909998      41.880745     -13.755463       0.546153      14.307087       6.506658     109.606750       2.506780     -90.924660     -84.776154      34.565228     108.359161    -179.769485      78.759903     179.720139     -71.813316       2.813590      -0.801868       3.226850      10.244201     -20.833229     -89.999130      13.936142      89.995140     -99.493416      -4.068351     -82.483513      60.644615      -8.173568      97.117493     179.507309     -84.769966     179.455780      73.699509      -2.867609      -0.710331      -3.268843      -8.738649     -22.841537     -89.999336      13.971652      89.993599    -104.120705      65.863503      16.837374      88.944916      33.245575      89.756783     -15.227128     -15.728963       6.422394    -169.521896      83.530998     -17.970695      -0.014955      -5.369700     -20.947319     -61.261066      80.883804     -48.658100     -91.159317     -33.923531      90.288818      -7.369866       3.479630       2.313739      18.811651     -83.535439     191.787109      -5.769156      -0.316724     -23.516951
       7.558029       6.062776     -59.507725    -136.947800      88.228424      39.973450    -338.120331     -81.494781    -247.584381       5.958503     -19.033636       4.633643       7.141151       9.098018       2.653546      13.915505      41.887554     -13.794401       0.532088      14.327166       6.573477     109.580254       2.465533     -90.950615     -84.854340      34.677883     108.375999    -179.771698      78.652855     179.722443     -71.896187       2.815947      -0.797872       3.164874      10.075562     -20.775759     -89.999161      13.965220      89.995110     -99.485779      -4.062099     -82.480804      60.666676      -8.168382      97.157608     179.512650     -84.715782     179.461075      73.760063      -2.869298      -0.707432      -3.257781      -8.620166     -22.971836     -89.999336      14.000113      89.993599    -104.175865      65.840111      16.874302      88.882538      33.279072      89.742119     -15.230312     -15.775049       6.397787    -169.449280      83.528229     -18.042519      -0.011219      -5.372429     -20.940969     -61.281120      80.917679     -48.648735     -91.109657     -33.949173      90.276665      -7.344706       3.518463       2.316898      18.902922     -83.524986     191.906296      -5.772561      -0.325896     -23.518591
       7.551323       6.076191     -59.509583    -135.243454      88.181046      38.241955    -338.245544     -81.464005    -247.749100       5.990097     -19.035448       4.646085       7.172257       9.089478       2.654902      13.905247      41.891167     -13.796896       0.517810      14.358120       6.638781     109.555725       2.449140     -90.904953     -84.911064      34.740162     108.382347    -179.773376      78.566704     179.723877     -71.970642       2.818178      -0.794535       3.173356      10.028346     -20.828297     -89.999100      13.993797      89.995163     -99.464592      -4.051497     -82.475357      60.696613      -8.192148      97.184334     179.516586     -84.659691     179.465103      73.820450      -2.870869      -0.704479      -3.242296      -8.493880     -23.092253     -89.999329      14.028123      89.993599    -104.377129      65.777138      17.058989      88.918541      33.262043      89.750786     -15.213327     -15.776680       6.373471    -169.412399      83.524811     -18.071589      -0.008166      -5.374996     -20.934244     -61.496052      80.910614     -48.436958     -91.032646     -33.959515      90.257683      -7.325531       3.546112       2.333462      18.994352     -83.515274     192.022675      -5.775684      -0.332087     -23.521240
       7.546597       6.068403     -59.509762    -134.307220      88.141396      37.305210    -338.219696     -81.439034    -247.762817       6.016714     -19.035976       4.662540       7.205892       9.089242       2.633732      13.901913      41.896030     -13.813779       0.504129      14.393847       6.704473     109.532776       2.417448     -90.923355     -84.978844      34.829037     108.394676    -179.775421      78.463547     179.725937     -72.051407       2.820509      -0.790643       3.130748       9.914128     -20.816551     -89.999123      14.021905      89.995140     -99.446983      -4.045759     -82.468910      60.725670      -8.194233      97.224739     179.522202     -84.604668     179.470673      73.879974      -2.872540      -0.701634      -3.229582      -8.376374     -23.218750     -89.999329      14.055634      89.993599    -104.551964      65.766655      17.211624      88.934662      33.295712      89.754631     -15.223778     -15.788569       6.355334    -169.355499      83.521233     -18.122189      -0.004422      -5.377460     -20.929045     -61.341656      80.928513     -48.587765     -91.004745     -33.967663      90.250671      -7.316157       3.587857       2.322762      19.071480     -83.508026     192.118484      -5.777038      -0.332153     -23.520082
       7.546102       6.075200     -59.510727    -134.300018      88.121239      37.276821    -338.258850     -81.429688    -247.834427       6.032825     -19.047098       4.671751       7.227939       9.077003       2.624485      13.899269      41.901546     -13.835901       0.490427      14.415179       6.763547     109.497307       2.390965     -90.909431     -85.045059      34.911671     108.405060    -179.777084      78.377243     179.727463     -72.127640       2.822743      -0.787142       3.113752       9.828766     -20.826385     -89.999092      14.049536      89.995163     -99.436569      -4.037934     -82.465752      60.747074      -8.200183      97.260551     179.526596     -84.550232     179.475052      73.939331      -2.874144      -0.698762      -3.215370      -8.254578     -23.343668     -89.999329      14.082702      89.993607    -104.675705      65.701950      17.333576      88.941383      33.295506      89.755882     -15.220086     -15.837152       6.306209    -169.288437      83.518707     -18.188543      -0.000999      -5.379802     -20.923931     -62.084671      80.907448     -47.839615     -91.083359     -33.962399      90.271118      -7.344996       3.513625       2.342746      19.062557     -83.518318     192.074463      -5.775575      -0.328038     -23.514301
       7.545774       6.066957     -59.510971    -134.249100      88.106606      37.222771    -338.254211     -81.410019    -247.862488       6.053819     -19.056343       4.692887       7.249027       9.070565       2.611960      13.903319      41.908531     -13.873395       0.477067      14.438067       6.820823     109.446175       2.361175     -90.910728     -85.105766      34.990128     108.415604    -179.779053      78.276260     179.729431     -72.204849       2.824959      -0.783467       3.089232       9.745797     -20.852716     -89.999100      14.076714      89.995163     -99.428741      -4.030724     -82.461685      60.764893      -8.190060      97.313248     179.531052     -84.497322     179.479446      73.997429      -2.875739      -0.695964      -3.203255      -8.135260     -23.468637     -89.999329      14.109313      89.993622    -104.771492      65.688858      17.423347      88.944016      33.314137      89.756592     -15.230801     -15.865352       6.279454    -169.229141      83.515694     -18.244320       0.002195      -5.382267     -20.917894     -62.100853      80.946815     -47.827656     -91.038437     -33.986988      90.260178      -7.341424       3.534044       2.337683      19.165895     -83.518379     192.168777      -5.774262      -0.315483     -23.510817
       7.546920       6.060354     -59.510262    -134.595551      88.099846      37.575832    -338.257019     -81.398872    -247.896088       6.069656     -19.055893       4.711410       7.269422       9.071113       2.589781      13.904299      41.915195     -13.905757       0.463975      14.452672       6.873794     109.403893       2.324740     -90.915764     -85.179466      35.091061     108.430450    -179.781143      78.163094     179.731613     -72.283936       2.827184      -0.779638       3.035427       9.591109     -20.822672     -89.999130      14.103433      89.995117     -99.427231      -4.025654     -82.461380      60.782135      -8.186775      97.358192     179.535477     -84.443977     179.483841      74.055214      -2.877315      -0.693176      -3.189026      -8.012812     -23.592325     -89.999321      14.135480      89.993614    -104.885651      65.668571      17.530134      88.945007      33.339054      89.756821     -15.245187     -15.917415       6.237797    -169.158371      83.512878     -18.314129       0.006224      -5.385074     -20.911695     -62.082165      80.979660     -47.851658     -91.036308     -34.015194      90.258759      -7.315559       3.575413       2.349515      19.239872     -83.506615     192.275497      -5.781393      -0.342973     -23.517059
       7.543972       6.053432     -59.510334    -133.868408      88.071999      36.844540    -338.278137     -81.369011    -247.953247       6.098117     -19.064438       4.735916       7.297385       9.067274       2.584638      13.911229      41.922050     -13.947497       0.451383      14.470601       6.930942     109.373726       2.287164     -90.935532     -85.266304      35.207806     108.447403    -179.783463      78.040085     179.733994     -72.364105       2.829432      -0.775779       2.967636       9.386416     -20.778259     -89.999146      14.129705      89.995094     -99.421097      -4.020765     -82.458473      60.796490      -8.174118      97.406662     179.539078     -84.392563     179.487350      74.112175      -2.878853      -0.690415      -3.175128      -7.890138     -23.710930     -89.999313      14.161217      89.993607    -105.010056      65.653687      17.635303      88.945366      33.366520      89.756973     -15.255523     -15.938091       6.214984    -169.102203      83.509888     -18.366505       0.009159      -5.387436     -20.905649     -62.033062      81.007492     -47.908001     -90.987091     -34.037651      90.246811      -7.304039       3.605384       2.343675      19.327162     -83.501114     192.374527      -5.782863      -0.342446     -23.514849
       7.542099       6.064759     -59.511593    -133.360535      88.044846      36.310158    -338.372986     -81.349640    -248.079300       6.119255     -19.074383       4.744602       7.319079       9.056161       2.590419      13.909540      41.927502     -13.971475       0.438354      14.486217       6.985776     109.339394       2.261797     -90.910286     -85.342903      35.300896     108.459122    -179.785294      77.944313     179.735657     -72.437950       2.831610      -0.772383       2.945748       9.257033     -20.781477     -89.999084      14.155541      89.995125     -99.411423      -4.012891     -82.456367      60.811653      -8.183356      97.437294     179.543365     -84.339417     179.491699      74.169556      -2.880350      -0.687610      -3.156952      -7.764588     -23.826353     -89.999306      14.186515      89.993599    -105.048195      65.581573      17.674341      88.902039      33.358284      89.746361     -15.241499     -15.993090       6.169629    -169.030319      83.507317     -18.438513       0.012863      -5.389950     -20.900263     -62.928288      80.974930     -47.018837     -91.076141     -34.037052      90.269798      -7.334549       3.521304       2.366247      19.298391     -83.509239     192.320297      -5.783006      -0.348402     -23.509272
       7.541562       6.059650     -59.512047    -133.278839      88.028954      36.222961    -338.383026     -81.330521    -248.122543       6.140396     -19.081196       4.764094       7.340645       9.051236       2.579302      13.910202      41.933842     -14.001801       0.425354      14.508217       7.038619     109.289375       2.234561     -90.906746     -85.404518      35.378113     108.469170    -179.787201      77.844330     179.737534     -72.511795       2.833738      -0.768876       2.922702       9.165754     -20.810242     -89.999084      14.180937      89.995117     -99.403633      -4.006361     -82.452965      60.828449      -8.179727      97.485893     179.547974     -84.285851     179.496292      74.226135      -2.881919      -0.684901      -3.141048      -7.645199     -23.951542     -89.999313      14.211390      89.993599    -105.166725      65.566315      17.788654      88.928062      33.367924      89.752617     -15.250896     -16.009470       6.147403    -168.980255      83.504242     -18.483578       0.015574      -5.392114     -20.894724     -62.938931      81.007835     -47.011147     -91.022888     -34.061039      90.256783      -7.330351       3.540075       2.362784      19.385586     -83.505791     192.412064      -5.784314      -0.348245     -23.507099
       7.542423       6.055475     -59.511513    -133.543869      88.020821      36.492542    -338.399261     -81.319328    -248.169235       6.156449     -19.078854       4.781349       7.362586       9.052699       2.555937      13.907630      41.939739     -14.025964       0.412676      14.523571       7.087957     109.248291       2.200197     -90.910866     -85.477226      35.475945     108.483482    -179.789108      77.734360     179.739471     -72.588089       2.835886      -0.765186       2.871046       9.012166     -20.778856     -89.999107      14.205911      89.995102     -99.401512      -4.002288     -82.452927      60.846199      -8.182434      97.528450     179.552429     -84.231514     179.500763      74.282410      -2.883457      -0.682194      -3.123544      -7.521280     -24.077168     -89.999306      14.235857      89.993599    -105.287918      65.543594      17.904215      88.938957      33.385624      89.755234     -15.262671     -16.054211       6.109695    -168.915985      83.501350     -18.545841       0.019301      -5.394688     -20.889057     -62.922359      81.034737     -47.032345     -91.016869     -34.087696      90.254425      -7.306807       3.580211       2.375586      19.457621     -83.494087     192.516556      -5.790630      -0.376732     -23.514288
       7.539178       6.050053     -59.511745    -132.795029      87.990547      35.738064    -338.429321     -81.289215    -248.235413       6.185182     -19.085342       4.803285       7.392012       9.048921       2.548885      13.909855      41.945557     -14.056142       0.400268      14.546652       7.143100     109.202965       2.175121     -90.923454     -85.543137      35.553066     108.492706    -179.790497      77.650726     179.740692     -72.660881       2.838027      -0.761844       2.849869       8.922999     -20.776735     -89.999062      14.230465      89.995132     -99.391342      -3.997384     -82.448860      60.864117      -8.177790      97.578201     179.556580     -84.177719     179.504837      74.338020      -2.884964      -0.679510      -3.106706      -7.397320     -24.203930     -89.999306      14.259904      89.993614    -105.414192      65.526604      18.012728      88.943001      33.408211      89.756279     -15.270496     -16.070393       6.089442    -168.864716      83.498329     -18.592606       0.021994      -5.396875     -20.883375     -62.873047      81.058090     -47.088120     -90.966087     -34.109047      90.242050      -7.296867       3.609196       2.370167      19.545191     -83.488991     192.614334      -5.791969      -0.375948     -23.512201
       7.538241       6.062255     -59.513100    -132.570343      87.969963      35.486263    -338.521210     -81.274323    -248.358627       6.204705     -19.094261       4.810838       7.415255       9.036846       2.547264      13.903055      41.950222     -14.068739       0.386952      14.567557       7.197011     109.153824       2.148093     -90.889893     -85.604858      35.636055     108.502541    -179.792206      77.559029     179.742401     -72.731361       2.840015      -0.758444       2.828910       8.839964     -20.776995     -89.999077      14.254621      89.995110     -99.379059      -3.989409     -82.446198      60.885651      -8.195614      97.616585     179.561478     -84.120682     179.509842      74.394333      -2.886485      -0.676795      -3.086010      -7.272159     -24.334332     -89.999290      14.283563      89.993599    -105.511894      65.453140      18.111317      88.944748      33.392143      89.756393     -15.258728     -16.113932       6.045122    -168.805496      83.495804     -18.650337       0.024944      -5.398955     -20.878656     -63.695427      81.015984     -46.267097     -91.053818     -34.105297      90.264717      -7.329079       3.524427       2.391627      19.514715     -83.497574     192.557037      -5.791893      -0.380887     -23.506325
       7.537055       6.057843     -59.513538    -132.268860      87.951195      35.177925    -338.540802     -81.250298    -248.409332       6.228196     -19.100513       4.831336       7.442453       9.033362       2.531232      13.902851      41.955837     -14.094820       0.374493      14.590292       7.249574     109.102997       2.110512     -90.909760     -85.677376      35.728767     108.524750    -179.793808      77.460632     179.744080     -72.805740       2.842088      -0.754826       2.779938       8.699862     -20.734570     -89.999092      14.278362      89.995102     -99.371277      -3.984504     -82.443253      60.905731      -8.196187      97.668381     179.566040     -84.065323     179.514359      74.449356      -2.887991      -0.674143      -3.068024      -7.147989     -24.465261     -89.999298      14.306820      89.993599    -105.596077      65.435425      18.190660      88.945473      33.400288      89.756653     -15.263316     -16.134146       6.024349    -168.754684      83.492729     -18.696424       0.027692      -5.401131     -20.873123     -63.732899      81.046669     -46.237019     -91.001656     -34.130424      90.251930      -7.323380       3.543534       2.388370      19.600199     -83.494041     192.647339      -5.793277      -0.381022     -23.504057
       7.535647       6.054278     -59.513229    -131.960526      87.929955      34.870674    -338.572083     -81.228951    -248.471741       6.249921     -19.097748       4.846617       7.470606       9.034412       2.512233      13.898499      41.960640     -14.111218       0.362466      14.612304       7.299556     109.059601       2.087752     -90.913345     -85.740295      35.802299     108.531288    -179.795227      77.376038     179.745300     -72.876663       2.844152      -0.751555       2.758420       8.610175     -20.725048     -89.999062      14.301702      89.995132     -99.362938      -3.980785     -82.441055      60.926598      -8.201698      97.713905     179.569824     -84.010109     179.518127      74.503952      -2.889437      -0.671487      -3.047964      -7.018289     -24.592047     -89.999306      14.329679      89.993599    -105.646378      65.408920      18.232367      88.897934      33.422993      89.745323     -15.266740     -16.186466       5.988691    -168.683960      83.489792     -18.766159       0.031841      -5.403968     -20.866964     -63.819183      81.068230     -46.165154     -91.008850     -34.159424      90.252769      -7.305869       3.584235       2.402390      19.677834     -83.483261     192.753448      -5.799474      -0.410309     -23.512630
       7.532233       6.048776     -59.513672    -131.270676      87.898201      34.172634    -338.590729     -81.198746    -248.528366       6.279548     -19.105019       4.866537       7.502717       9.029090       2.505143      13.898766      41.965874     -14.135708       0.350121      14.640881       7.354794     109.008209       2.063256     -90.913826     -85.801666      35.877789     108.539040    -179.796799      77.279861     179.746841     -72.947342       2.846147      -0.748177       2.734462       8.530519     -20.736042     -89.999069      14.324656      89.995117     -99.348900      -3.975982     -82.435677      60.947491      -8.198943      97.769783     179.573563     -83.955620     179.521805      74.557846      -2.890898      -0.668887      -3.029369      -6.892542     -24.720203     -89.999306      14.352162      89.993607    -105.807053      65.391411      18.373384      88.926300      33.444054      89.752151     -15.276279     -16.192907       5.969713    -168.641525      83.486847     -18.803112       0.033926      -5.405859     -20.861620     -63.736881      81.086533     -46.251499     -90.955856     -34.178810      90.239845      -7.296812       3.615038       2.396279      19.765974     -83.478134     192.851746      -5.800650      -0.408866     -23.510792
       7.529589       6.061091     -59.514233    -130.639969      87.876740      33.515827    -338.684204     -81.178673    -248.648148       6.303039     -19.111076       4.878891       7.531074       9.019575       2.501986      13.892160      41.970211     -14.147344       0.337376      14.659425       7.407108     108.966400       2.028244     -90.894714     -85.873024      35.980980     108.553490    -179.798523      77.180122     179.748688     -73.018211       2.848092      -0.744697       2.687125       8.381946     -20.682346     -89.999084      14.347222      89.995110     -99.338295      -3.970396     -82.434158      60.968918      -8.216002      97.808212     179.577866     -83.898941     179.526169      74.612457      -2.892360      -0.666244      -3.006924      -6.764733     -24.850582     -89.999298      14.374265      89.993599    -105.975540      65.308792      18.514462      88.938576      33.449253      89.754539     -15.271345     -16.242643       5.916333    -168.577133      83.484421     -18.867207       0.037013      -5.407842     -20.857552     -64.455383      80.964569     -45.555889     -91.189163     -34.182358      90.297379      -7.342108       3.517349       2.406411      19.712036     -83.491318     192.757980      -5.800111      -0.413387     -23.501583
       7.526491       6.057320     -59.514473    -130.036285      87.845695      32.906063    -338.712067     -81.150810    -248.711502       6.330646     -19.116070       4.900271       7.564906       9.017925       2.486921      13.890839      41.975189     -14.169101       0.325546      14.682041       7.457930     108.928314       1.989884     -90.927139     -85.948349      36.086487     108.569962    -179.800079      77.080856     179.750320     -73.091286       2.850096      -0.741146       2.625216       8.203114     -20.611717     -89.999100      14.369420      89.995079     -99.330139      -3.967918     -82.431496      60.989006      -8.215887      97.856636     179.581940     -83.843842     179.530197      74.665894      -2.893818      -0.663666      -2.986480      -6.637736     -24.982161     -89.999290      14.396005      89.993599    -106.106712      65.284912      18.629196      88.943382      33.468174      89.755791     -15.276663     -16.262758       5.893116    -168.529465      83.481575     -18.910767       0.039360      -5.409899     -20.851851     -64.406555      80.992271     -45.609745     -91.124237     -34.204273      90.281403      -7.321768       3.557883       2.410155      19.805410     -83.481537     192.875961      -5.803225      -0.422639     -23.504402
       7.519701       6.072140     -59.516594    -128.656097      87.793289      31.495676    -338.857819     -81.115318    -248.893433       6.364247     -19.116753       4.910153       7.598739       9.009409       2.491948      13.874287      41.977295     -14.154742       0.313302      14.715661       7.509235     108.890007       1.981196     -90.882233     -86.001732      36.134922     108.573051    -179.801178      77.014618     179.751083     -73.154434       2.851991      -0.738331       2.640182       8.190081     -20.648359     -89.999023      14.391229      89.995140     -99.306175      -3.960124     -82.425682      61.017330      -8.245792      97.890961     179.585419     -83.785538     179.533752      74.719772      -2.895187      -0.661023      -2.960958      -6.502496     -25.109026     -89.999298      14.417366      89.993599    -106.239349      65.216675      18.750656      88.944885      33.439602      89.756401     -15.249644     -16.270411       5.876607    -168.500244      83.478561     -18.932728       0.041378      -5.411786     -20.846470     -64.641708      80.980003     -45.381794     -91.044441     -34.214325      90.261665      -7.306672       3.581923       2.426728      19.893505     -83.473236     192.983887      -5.806054      -0.428059     -23.506905
       7.514410       6.064939     -59.517124    -127.819778      87.748268      30.654408    -338.841919     -81.084816    -248.916443       6.394298     -19.116762       4.923258       7.637295       9.008556       2.475191      13.863818      41.980461     -14.152949       0.301307      14.757730       7.562557     108.852592       1.960641     -90.884903     -86.060158      36.200630     108.580986    -179.802597      76.917236     179.752472     -73.223534       2.853930      -0.735004       2.615147       8.117878     -20.657635     -89.999046      14.412686      89.995117     -99.283424      -3.956789     -82.417908      61.046371      -8.251551      97.943054     179.589020     -83.729729     179.537277      74.772247      -2.896612      -0.658480      -2.939766      -6.374213     -25.237413     -89.999275      14.438386      89.993584    -106.381149      65.202332      18.871586      88.945534      33.465778      89.756577     -15.253817     -16.279394       5.861810    -168.453506      83.475121     -18.972761       0.044307      -5.413845     -20.841732     -64.513275      80.993416     -45.510418     -91.017456     -34.221657      90.254829      -7.299986       3.623059       2.415807      19.968227     -83.466591     193.074677      -5.807274      -0.427939     -23.505903
       7.513459       6.072139     -59.518444    -127.730026      87.726257      30.538721    -338.883850     -81.070297    -248.990448       6.413594     -19.129105       4.931206       7.665297       8.996239       2.468138      13.856258      41.984547     -14.161486       0.289326      14.782317       7.610127     108.809555       1.926632     -90.877205     -86.129562      36.298862     108.595039    -179.804092      76.819664     179.754059     -73.292915       2.855814      -0.731594       2.567897       7.978855     -20.610935     -89.999069      14.433783      89.995102     -99.271118      -3.952088     -82.414513      61.067390      -8.260929      97.987701     179.592987     -83.673805     179.541229      74.824936      -2.898037      -0.655934      -2.917078      -6.245881     -25.368353     -89.999275      14.459041      89.993591    -106.482597      65.134598      18.971972      88.946014      33.458855      89.756393     -15.245508     -16.322882       5.815942    -168.398026      83.472763     -19.026979       0.046762      -5.415705     -20.837202     -65.273911      80.962158     -44.746765     -91.091797     -34.214954      90.274307      -7.329604       3.548074       2.434628      19.939617     -83.473663     193.024323      -5.807369      -0.433642     -23.500740
       7.512987       6.063874     -59.518898    -127.651726      87.711906      30.454277    -338.879028     -81.047073    -249.017792       6.437123     -19.139175       4.953585       7.692529       8.991580       2.456169      13.856832      41.990261     -14.189362       0.278267      14.803276       7.652318     108.756561       1.886731     -90.913788     -86.205956      36.399490     108.617447    -179.805603      76.722282     179.755661     -73.363892       2.857735      -0.728131       2.507391       7.803709     -20.547844     -89.999084      14.454528      89.995064     -99.266403      -3.948648     -82.411690      61.081795      -8.251288      98.045830     179.596725     -83.619781     179.544876      74.876419      -2.899437      -0.653450      -2.896448      -6.117244     -25.500149     -89.999290      14.479347      89.993599    -106.564728      65.120399      19.048553      88.946121      33.472504      89.756470     -15.253457     -16.346533       5.791877    -168.349167      83.469940     -19.071991       0.049016      -5.417666     -20.831802     -65.299194      80.997086     -44.727726     -91.046638     -34.238613      90.263260      -7.328137       3.566809       2.427748      20.022158     -83.471062     193.108597      -5.808521      -0.432885     -23.497696
       7.512563       6.057561     -59.518452    -127.572441      87.697350      30.377516    -338.897491     -81.026299    -249.066864       6.458458     -19.138088       4.969472       7.719240       8.992505       2.442353      13.852380      41.995235     -14.206444       0.267319      14.822598       7.692149     108.706383       1.863807     -90.925621     -86.270576      36.474052     108.624847    -179.806732      76.640244     179.756592     -73.430313       2.859650      -0.725080       2.484806       7.698547     -20.534109     -89.999039      14.474909      89.995102     -99.261108      -3.945487     -82.410004      61.097435      -8.249687      98.097664     179.599808     -83.565384     179.547928      74.927643      -2.900768      -0.650946      -2.873274      -5.982266     -25.628767     -89.999283      14.499334      89.993599    -106.608009      65.097252      19.083029      88.897675      33.498631      89.744919     -15.260000     -16.402655       5.753477    -168.280228      83.467209     -19.140764       0.052723      -5.420312     -20.825747     -65.366249      81.023727     -44.675560     -91.056137     -34.268749      90.264656      -7.308559       3.609144       2.439890      20.095953     -83.459984     193.212097      -5.815029      -0.463133     -23.505613
       7.511375       6.068685     -59.520443    -127.310043      87.676262      30.085897    -339.008972     -81.004280    -249.211258       6.482555     -19.148479       4.982026       7.743209       8.980094       2.447439      13.843364      41.999355     -14.213161       0.255810      14.843116       7.733074     108.652908       1.838601     -90.899338     -86.322815      36.555401     108.623489    -179.808182      76.552788     179.758026     -73.494804       2.861430      -0.721955       2.464501       7.618139     -20.525749     -89.999054      14.494954      89.995110     -99.250137      -3.937867     -82.407410      61.115543      -8.265231      98.143875     179.603546     -83.508347     179.551743      74.979286      -2.902125      -0.648431      -2.847874      -5.848440     -25.762001     -89.999275      14.518969      89.993591    -106.712555      65.035339      19.193434      88.926109      33.465179      89.751785     -15.245080     -16.420465       5.724592    -168.246597      83.464676     -19.169592       0.054328      -5.421957     -20.820732     -65.834602      81.019669     -44.204754     -91.005798     -34.273464      90.253044      -7.316932       3.579473       2.457191      20.138020     -83.460831     193.247314      -5.815816      -0.464566     -23.503555
       7.509464       6.062074     -59.520775    -127.027077      87.653534      29.800734    -339.012085     -80.979568    -249.248718       6.507964     -19.147747       4.998261       7.775434       8.981065       2.429917      13.833984      42.003399     -14.217569       0.244480      14.872659       7.775603     108.603088       1.807337     -90.918205     -86.389473      36.639305     108.638916    -179.809616      76.452667     179.759491     -73.562569       2.863277      -0.718679       2.419306       7.474870     -20.491583     -89.999062      14.514678      89.995087     -99.238022      -3.934236     -82.403542      61.138580      -8.269969      98.200905     179.606613     -83.452682     179.554733      75.029633      -2.903459      -0.645976      -2.824451      -5.713869     -25.891758     -89.999275      14.538277      89.993599    -106.827370      65.023277      19.299101      88.938194      33.477177      89.754784     -15.251143     -16.436716       5.706528    -168.200012      83.461403     -19.210253       0.057188      -5.423964     -20.816093     -65.710457      81.045464     -44.330399     -90.966614     -34.288124      90.243080      -7.305100       3.618382       2.451408      20.210640     -83.453659     193.337799      -5.818132      -0.470937     -23.504076
       7.505090       6.071618     -59.522087    -126.180206      87.617043      28.926493    -339.123383     -80.947403    -249.393158       6.539663     -19.156834       5.014390       7.808431       8.971014       2.435946      13.827036      42.007107     -14.225145       0.233248      14.895716       7.821207     108.562599       1.773593     -90.913719     -86.471237      36.745453     108.658966    -179.811172      76.345261     179.761108     -73.630447       2.865100      -0.715352       2.361704       7.282303     -20.441559     -89.999077      14.534063      89.995071     -99.224167      -3.928844     -82.400261      61.158524      -8.282160      98.248215     179.609756     -83.397102     179.557892      75.080177      -2.904762      -0.643502      -2.798424      -5.576900     -26.017591     -89.999275      14.557273      89.993599    -106.964836      64.956032      19.415756      88.943039      33.471436      89.755806     -15.239283     -16.462326       5.672094    -168.157898      83.458961     -19.249132       0.059030      -5.425633     -20.811390     -66.122795      80.990059     -43.932953     -91.021500     -34.295769      90.256676      -7.318693       3.588817       2.461781      20.238249     -83.455666     193.355881      -5.819165      -0.473475     -23.500002
       7.501754       6.063827     -59.522392    -125.734123      87.583931      28.478205    -339.119873     -80.919891    -249.428268       6.567897     -19.156410       5.028015       7.842385       8.970914       2.425332      13.818543      42.010689     -14.228533       0.222347      14.930336       7.865494     108.507004       1.759407     -90.921432     -86.526138      36.795609     108.664566    -179.812119      76.277611     179.761810     -73.692497       2.866916      -0.712498       2.360766       7.247275     -20.464617     -89.999031      14.553137      89.995094     -99.206490      -3.924593     -82.394157      61.181850      -8.285949      98.304970     179.613480     -83.341209     179.561569      75.129921      -2.906096      -0.641088      -2.773820      -5.443989     -26.149075     -89.999268      14.575943      89.993591    -107.089798      64.942390      19.525057      88.944946      33.494186      89.756325     -15.245800     -16.479504       5.652849    -168.111298      83.455826     -19.290392       0.061636      -5.427598     -20.806530     -66.011101      81.012543     -44.046539     -90.992912     -34.309063      90.249352      -7.304991       3.630930       2.455253      20.309280     -83.447281     193.448975      -5.821651      -0.480795     -23.500940
       7.501948       6.071143     -59.523605    -125.810104      87.570480      28.529903    -339.177490     -80.905838    -249.517624       6.587069     -19.167208       5.035773       7.868730       8.959282       2.422693      13.810849      42.014862     -14.237281       0.210974      14.951984       7.906756     108.456253       1.732697     -90.897118     -86.591553      36.884377     108.672501    -179.813629      76.171753     179.763336     -73.757187       2.868659      -0.709373       2.324664       7.114032     -20.462469     -89.999046      14.571880      89.995087     -99.196228      -3.919324     -82.391579      61.200108      -8.294124      98.356888     179.615814     -83.286156     179.563904      75.179474      -2.907360      -0.638649      -2.747628      -5.305896     -26.275969     -89.999275      14.594302      89.993591    -107.174416      64.876030      19.611328      88.945908      33.484177      89.756248     -15.238844     -16.526632       5.605301    -168.056244      83.453552     -19.344685       0.064008      -5.429378     -20.802164     -66.763374      80.977242     -43.293537     -91.074318     -34.305389      90.270554      -7.334120       3.552879       2.474843      20.276459     -83.454704     193.393585      -5.822008      -0.488635     -23.495974
       7.502145       6.062995     -59.524006    -125.817757      87.561226      28.532293    -339.184052     -80.882202    -249.556290       6.611030     -19.176052       5.057886       7.895576       8.955245       2.413611      13.812033      42.020386     -14.265483       0.200667      14.971326       7.944808     108.391510       1.697750     -90.918358     -86.665810      36.976276     108.693100    -179.814941      76.073059     179.764725     -73.823891       2.870464      -0.706085       2.270293       6.952095     -20.413122     -89.999062      14.590307      89.995071     -99.192368      -3.915432     -82.389214      61.213364      -8.285917      98.419998     179.619461     -83.232201     179.567490      75.228157      -2.908665      -0.636294      -2.723481      -5.172041     -26.406736     -89.999275      14.612350      89.993599    -107.243752      64.863564      19.677134      88.946144      33.495018      89.756401     -15.247419     -16.551109       5.581100    -168.009262      83.450813     -19.387989       0.066116      -5.431228     -20.796961     -66.777145      81.014221     -43.287388     -91.025047     -34.331303      90.258453      -7.330331       3.572134       2.468918      20.357344     -83.451836     193.477066      -5.823444      -0.489374     -23.493259
       7.503642       6.056585     -59.523495    -126.078201      87.560684      28.797058    -339.199280     -80.867393    -249.601288       6.629466     -19.174789       5.075474       7.921227       8.957219       2.395550      13.808509      42.025505     -14.285051       0.190440      14.985244       7.979046     108.334587       1.663605     -90.938423     -86.746185      37.073975     108.714882    -179.816345      75.967873     179.766159     -73.890167       2.872239      -0.702848       2.210651       6.756820     -20.351450     -89.999077      14.608435      89.995041     -99.192345      -3.913182     -82.389542      61.227276      -8.284562      98.476326     179.622391     -83.177971     179.570374      75.276573      -2.909935      -0.633934      -2.697315      -5.033294     -26.536173     -89.999275      14.630099      89.993584    -107.328529      64.843338      19.756578      88.942413      33.512829      89.755531     -15.259363     -16.599817       5.542141    -167.950958      83.448219     -19.445190       0.069060      -5.433412     -20.791729     -66.761757      81.043900     -43.311283     -91.021523     -34.359310      90.256676      -7.306413       3.613902       2.480263      20.423761     -83.440346     193.575272      -5.830031      -0.518901     -23.500128
       7.501111       6.049785     -59.523838    -125.623833      87.533958      28.336029    -339.230621     -80.834488    -249.669510       6.660605     -19.181187       5.096280       7.952959       8.953560       2.396330      13.809156      42.030445     -14.309317       0.180134      15.008772       8.020330     108.265877       1.648683     -90.942360     -86.798805      37.130058     108.714066    -179.817261      75.900795     179.766815     -73.949936       2.873978      -0.700101       2.210566       6.724710     -20.372389     -89.999023      14.626249      89.995087     -99.182251      -3.908422     -82.385338      61.242508      -8.279570      98.539551     179.625839     -83.123367     179.573776      75.324593      -2.911213      -0.631600      -2.671626      -4.897522     -26.669273     -89.999268      14.647554      89.993591    -107.434677      64.827866      19.845882      88.944946      33.532906      89.756233     -15.267732     -16.615593       5.521324    -167.907455      83.445480     -19.484583       0.070921      -5.435184     -20.786503     -66.703354      81.068657     -43.378086     -90.970291     -34.380939      90.244141      -7.297038       3.643119       2.473714      20.506124     -83.435562     193.666565      -5.831470      -0.518712     -23.497789
       7.500920       6.061224     -59.525295    -125.557076      87.519409      28.240932    -339.324829     -80.816689    -249.794662       6.682195     -19.190481       5.104344       7.979564       8.942661       2.400351      13.802264      42.034565     -14.319674       0.168966      15.025945       8.060379     108.211578       1.622433     -90.907669     -86.855988      37.221882     108.711586    -179.818726      75.800453     179.768326     -74.011742       2.875640      -0.697081       2.176363       6.597393     -20.351736     -89.999039      14.643772      89.995079     -99.173492      -3.902207     -82.383965      61.259712      -8.293822      98.589516     179.628601     -83.067055     179.576599      75.373070      -2.912447      -0.629225      -2.641889      -4.756117     -26.800224     -89.999268      14.664712      89.993599    -107.508110      64.755714      19.921381      88.945862      33.513119      89.756165     -15.256160     -16.658440       5.477320    -167.856537      83.443169     -19.534184       0.073058      -5.436831     -20.782381     -67.502907      81.018776     -42.582100     -91.056244     -34.377827      90.266479      -7.330147       3.557698       2.494390      20.473854     -83.444725     193.605789      -5.831316      -0.523655     -23.491684
       7.500570       6.056135     -59.525822    -125.437027      87.506920      28.113251    -339.350250     -80.790718    -249.851105       6.707487     -19.196375       5.125255       8.009742       8.940316       2.389611      13.801445      42.039532     -14.342552       0.158715      15.045258       8.098380     108.149994       1.590826     -90.920456     -86.921158      37.312889     108.720314    -179.820023      75.698875     179.769669     -74.075867       2.877354      -0.693962       2.124723       6.434973     -20.305994     -89.999054      14.661003      89.995056     -99.169212      -3.898599     -82.382187      61.275486      -8.291607      98.652397     179.631271     -83.012413     179.579224      75.420280      -2.913679      -0.626916      -2.614722      -4.615862     -26.931211     -89.999252      14.681583      89.993599    -107.571800      64.739906      19.982141      88.946136      33.517101      89.756340     -15.260931     -16.677988       5.456997    -167.813522      83.440361     -19.572712       0.075058      -5.438592     -20.777452     -67.530327      81.049454     -42.563835     -91.002327     -34.403439      90.253227      -7.325339       3.576248       2.490310      20.555267     -83.441666     193.690109      -5.832691      -0.523799     -23.489105
       7.501546       6.051904     -59.525520    -125.594246      87.503311      28.272312    -339.376160     -80.774300    -249.906738       6.727155     -19.193445       5.141494       8.038805       8.942661       2.369616      13.796765      42.044052     -14.357617       0.148661      15.061143       8.133789     108.094109       1.561490     -90.928108     -87.000763      37.407112     108.738411    -179.821457      75.586731     179.771118     -74.139992       2.879055      -0.690844       2.067159       6.234772     -20.260351     -89.999062      14.677938      89.995041     -99.167374      -3.896640     -82.382294      61.292397      -8.294965      98.709938     179.633591     -82.957825     179.581512      75.467224      -2.914872      -0.624600      -2.585444      -4.470339     -27.058277     -89.999260      14.698170      89.993591    -107.658585      64.716621      20.064018      88.946419      33.529030      89.756447     -15.269723     -16.720942       5.420942    -167.760071      83.437706     -19.624155       0.077859      -5.440653     -20.772472     -67.525345      81.072792     -42.577740     -90.996544     -34.429901      90.250908      -7.304324       3.616553       2.502781      20.623701     -83.430717     193.788116      -5.838929      -0.551860     -23.496262
       7.497209       6.046289     -59.525997    -124.805969      87.464195      27.474550    -339.417450     -80.733467    -249.983780       6.762615     -19.199831       5.163620       8.077950       8.940770       2.369165      13.798784      42.048588     -14.382536       0.138784      15.083699       8.176625     108.043892       1.532061     -90.948730     -87.091530      37.507114     108.763268    -179.822876      75.473198     179.772537     -74.204468       2.880776      -0.687708       2.004883       6.019990     -20.210726     -89.999069      14.694597      89.995026     -99.157944      -3.894214     -82.378799      61.308243      -8.289041      98.771950     179.636002     -82.904343     179.583847      75.513573      -2.916068      -0.622324      -2.557032      -4.327448     -27.185287     -89.999252      14.714475      89.993591    -107.712212      64.699127      20.098896      88.906975      33.550873      89.747108     -15.271381     -16.741283       5.403228    -167.712173      83.434921     -19.668516       0.080063      -5.442576     -20.767143     -67.534851      81.091385     -42.583981     -90.953278     -34.453022      90.240295      -7.296611       3.645324       2.496646      20.708197     -83.426231     193.880112      -5.840202      -0.550898     -23.494017
       7.494837       6.058531     -59.526745    -124.343269      87.443619      26.983509    -339.509827     -80.710854    -250.102295       6.788000     -19.205784       5.175186       8.108617       8.932566       2.375032      13.793892      42.052433     -14.395132       0.128498      15.097245       8.215698     108.003372       1.502968     -90.932526     -87.185684      37.618355     108.786583    -179.824371      75.357330     179.774078     -74.266983       2.882428      -0.684646       1.944009       5.787362     -20.145330     -89.999077      14.710976      89.995018     -99.150673      -3.890397     -82.378304      61.322819      -8.300947      98.815933     179.638458     -82.849190     179.586334      75.560654      -2.917250      -0.620002      -2.524098      -4.180975     -27.312950     -89.999260      14.730514      89.993599    -107.875717      64.616104      20.234262      88.930351      33.552364      89.752159     -15.266993     -16.783415       5.351686    -167.660339      83.432686     -19.719431       0.082204      -5.444083     -20.763638     -68.191704      80.959473     -41.950680     -91.184135     -34.455936      90.297493      -7.342421       3.548105       2.505869      20.654305     -83.439682     193.785828      -5.839421      -0.554470     -23.484612
       7.492359       6.054581     -59.527107    -123.970352      87.416000      26.603434    -339.541901     -80.681953    -250.169556       6.816575     -19.209455       5.194197       8.142311       8.931348       2.369186      13.792232      42.056686     -14.413577       0.118859      15.117893       8.253413     107.947769       1.484222     -90.943970     -87.259995      37.690659     108.801018    -179.825409      75.273254     179.774887     -74.325890       2.884124      -0.681928       1.922838       5.667377     -20.135082     -89.999016      14.727073      89.995049     -99.143097      -3.888053     -82.375641      61.337708      -8.299236      98.871033     179.641525     -82.794693     179.589371      75.606750      -2.918464      -0.617753      -2.493553      -4.038378     -27.445225     -89.999260      14.746283      89.993607    -107.994965      64.592743      20.338604      88.940300      33.566723      89.754646     -15.272367     -16.799971       5.329891    -167.621704      83.430092     -19.753767       0.083799      -5.445717     -20.758642     -68.124710      80.986008     -42.022926     -91.117401     -34.477055      90.281013      -7.322343       3.587971       2.508580      20.741714     -83.430244     193.896606      -5.842459      -0.562915     -23.486757
       7.486093       6.069330     -59.529354    -122.973297      87.363739      25.574923    -339.684082     -80.644791    -250.346573       6.851399     -19.209995       5.204004       8.178766       8.924677       2.377684      13.775194      42.058517     -14.396560       0.108189      15.147333       8.293725     107.908325       1.467951     -90.901810     -87.311539      37.765831     108.794540    -179.826569      75.181778     179.775970     -74.382622       2.885684      -0.679191       1.905055       5.574465     -20.141764     -89.999001      14.742904      89.995049     -99.122215      -3.882054     -82.371384      61.363060      -8.327927      98.912003     179.644592     -82.735802     179.592514      75.653786      -2.919671      -0.615453      -2.457880      -3.891678     -27.580986     -89.999260      14.761794      89.993591    -108.109589      64.524704      20.443333      88.943970      33.533222      89.755791     -15.244583     -16.804853       5.314964    -167.601059      83.427338     -19.767056       0.085079      -5.447187     -20.753862     -68.335861      80.970139     -41.820354     -91.035645     -34.486889      90.260704      -7.308648       3.611075       2.524774      20.825788     -83.422379     193.998642      -5.845217      -0.567952     -23.488920
       7.481360       6.061957     -59.529999    -122.395966      87.321518      24.991766    -339.672424     -80.613007    -250.372849       6.882939     -19.209482       5.217748       8.221342       8.925948       2.361908      13.764430      42.061211     -14.391852       0.097881      15.185353       8.336209     107.863312       1.447312     -90.910004     -87.378944      37.840439     108.805107    -179.827774      75.077438     179.777115     -74.443352       2.887312      -0.676255       1.863627       5.430666     -20.131067     -89.999023      14.758470      89.995041     -99.102898      -3.880300     -82.365150      61.389713      -8.332179      98.972267     179.647064     -82.679901     179.594910      75.699127      -2.920863      -0.613236      -2.426500      -3.745987     -27.713003     -89.999252      14.777042      89.993591    -108.234489      64.510887      20.548731      88.945610      33.554615      89.756233     -15.248141     -16.811296       5.301469    -167.563156      83.424133     -19.798086       0.087327      -5.448847     -20.749737     -68.191437      80.983398     -41.966370     -91.007614     -34.493660      90.253593      -7.303307       3.651552       2.513352      20.896578     -83.416176     194.083862      -5.846339      -0.567500     -23.487701
       7.480856       6.069264     -59.531448    -122.373947      87.304131      24.942282    -339.721588     -80.596031    -250.453400       6.904097     -19.221029       5.224970       8.251817       8.914706       2.360979      13.758162      42.064724     -14.399994       0.087915      15.206706       8.373672     107.813911       1.420367     -90.894363     -87.450989      37.938820     108.812584    -179.829086      74.973579     179.778473     -74.503708       2.888915      -0.673270       1.812390       5.253582     -20.086378     -89.999031      14.773771      89.995033     -99.092560      -3.876328     -82.362488      61.407368      -8.340140      99.024612     179.650070     -82.624062     179.597916      75.744751      -2.922051      -0.611008      -2.393182      -3.599517     -27.846247     -89.999260      14.792035      89.993599    -108.317398      64.442780      20.631212      88.946236      33.543129      89.756081     -15.238931     -16.852938       5.256251    -167.516464      83.421967     -19.843403       0.089108      -5.450318     -20.745821     -68.931358      80.941147     -41.225544     -91.084106     -34.486786      90.273674      -7.334498       3.575237       2.531451      20.865948     -83.423912     194.029556      -5.846236      -0.572550     -23.482227
       7.480907       6.060917     -59.532043    -122.365616      87.294624      24.926666    -339.724335     -80.570999    -250.488724       6.929514     -19.230206       5.246675       8.281502       8.910867       2.355067      13.759435      42.069733     -14.426623       0.078884      15.225041       8.405100     107.750954       1.390049     -90.915993     -87.523506      38.034554     108.822937    -179.830276      74.871773     179.779694     -74.564728       2.890522      -0.670276       1.755608       5.065704     -20.028769     -89.999046      14.788821      89.995026     -99.089592      -3.873705     -82.360214      61.417995      -8.329416      99.091019     179.652893     -82.570099     179.600677      75.789139      -2.923218      -0.608849      -2.362445      -3.453878     -27.981541     -89.999260      14.806767      89.993591    -108.384171      64.429024      20.694223      88.946373      33.551945      89.756203     -15.245923     -16.875002       5.232833    -167.476028      83.419373     -19.879953       0.090699      -5.451901     -20.741028     -68.948158      80.974449     -41.215805     -91.037064     -34.509754      90.262108      -7.333763       3.593920       2.524269      20.945242     -83.421471     194.109650      -5.847317      -0.571587     -23.479130
       7.482623       6.054330     -59.531647    -122.608727      87.297325      25.172619    -339.736053     -80.555458    -250.529419       6.948542     -19.228825       5.263275       8.308965       8.913148       2.339268      13.755400      42.074402     -14.443693       0.069777      15.238073       8.432823     107.691986       1.360022     -90.937569     -87.592903      38.133812     108.827667    -179.831406      74.771370     179.780823     -74.624710       2.892100      -0.667342       1.698707       4.867160     -19.955851     -89.999046      14.803631      89.995010     -99.090332      -3.872294     -82.360619      61.430298      -8.327348      99.151382     179.655518     -82.515137     179.603256      75.833473      -2.924368      -0.606675      -2.329532      -3.304748     -28.118841     -89.999245      14.821268      89.993584    -108.468025      64.407928      20.772781      88.946602      33.566830      89.756302     -15.257181     -16.921097       5.194060    -167.424728      83.416946     -19.929913       0.093146      -5.453810     -20.736172     -68.926231      81.002121     -41.246265     -91.033394     -34.536453      90.260292      -7.310485       3.635953       2.534701      21.009289     -83.410118     194.204926      -5.853749      -0.600001     -23.485600
       7.479065       6.047382     -59.532032    -122.013382      87.262787      24.568878    -339.772034     -80.515289    -250.600754       6.983763     -19.235682       5.286186       8.347499       8.912036       2.341228      13.757073      42.079002     -14.468687       0.060599      15.257707       8.468521     107.637138       1.328979     -90.974373     -87.662148      38.239574     108.828651    -179.832458      74.676414     179.781891     -74.684853       2.893711      -0.664388       1.639395       4.667368     -19.875505     -89.999062      14.818172      89.995010     -99.083748      -3.869986     -82.357803      61.443535      -8.319679      99.216507     179.658615     -82.460434     179.606308      75.877419      -2.925525      -0.604537      -2.297172      -3.158301     -28.257912     -89.999252      14.835531      89.993591    -108.515038      64.392128      20.801725      88.906769      33.589436      89.746849     -15.260521     -16.944595       5.174103    -167.378662      83.414337     -19.973095       0.095034      -5.455578     -20.730997     -68.927742      81.023972     -41.260513     -90.991264     -34.559746      90.249954      -7.302470       3.664984       2.527827      21.091070     -83.405571     194.294434      -5.855140      -0.599690     -23.483191
       7.479414       6.058925     -59.533672    -122.055054      87.252617      24.580517    -339.861115     -80.498276    -250.721634       7.005383     -19.244387       5.291788       8.373776       8.901058       2.351639      13.750250      42.082684     -14.477354       0.050785      15.274173       8.501269     107.576729       1.320005     -90.936676     -87.704323      38.309559     108.803368    -179.833374      74.604713     179.782547     -74.736420       2.895182      -0.662035       1.641208       4.619700     -19.876295     -89.999008      14.832483      89.995049     -99.075035      -3.863003     -82.356140      61.458515      -8.333328      99.270424     179.660950     -82.403419     179.608704      75.921852      -2.926625      -0.602340      -2.260119      -3.004426     -28.395384     -89.999245      14.849550      89.993591    -108.607918      64.319267      20.897158      88.930290      33.565102      89.752220     -15.250278     -16.979500       5.131112    -167.338608      83.412231     -20.011070       0.096406      -5.456831     -20.727339     -69.685600      80.969803     -40.503006     -91.068146     -34.554024      90.270142      -7.335901       3.580790       2.548159      21.059801     -83.414627     194.235062      -5.854805      -0.603730     -23.477114
