HIERARCHY
ROOT root
{
   OFFSET       0.000000        0.000000        0.000000
   CHANNELS 6 Xposition Yposition Zposition Xrotation Yrotation Zrotation
   JOINT LowerSpineJoint
   {
      OFFSET       0.000000        3.328345        0.000000
      CHANNELS 3 Xrotation  Yrotation Zrotation
      JOINT MiddleSpineJoint
      {
         OFFSET       4.330709        0.000000        0.000000
         CHANNELS 3 Xrotation  Yrotation Zrotation
         JOINT UpperSpineJoint
         {
            OFFSET       6.102361        0.000000        0.000000
            CHANNELS 3 Xrotation  Yrotation Zrotation
            JOINT LowerNeckJoint
            {
               OFFSET      10.236220        1.809055        0.000000
               CHANNELS 3 Xrotation  Yrotation Zrotation
               JOINT UpperNeckJoint
               {
                  OFFSET       3.543308        0.000000        0.000000
                  CHANNELS 3 Xrotation  Yrotation Zrotation
                  End Site
                  {
                     OFFSET       7.874016        0.000000        0.000000
                  }
               }
            }
            JOINT RightClavicleJoint
            {
               OFFSET       9.448819        2.047244        1.259843
               CHANNELS 3 Xrotation  Yrotation Zrotation
               JOINT RightShoulderJoint
               {
                  OFFSET      -6.220472       -1.574802        0.393701
                  CHANNELS 3 Xrotation  Yrotation Zrotation
                  JOINT RightElbowJoint
                  {
                     OFFSET     -12.500000        0.000000        0.078740
                     CHANNELS 3 Xrotation  Yrotation Zrotation
                     JOINT RightForearmTwistJoint
                     {
                        OFFSET      -5.216535        0.000000        0.000000
                        CHANNELS 3 Xrotation  Yrotation Zrotation
                        JOINT RightWristJoint
                        {
                           OFFSET      -5.314960        0.000000        0.000000
                           CHANNELS 3 Xrotation  Yrotation Zrotation
                           JOINT RightFingersJoint
                           {
                              OFFSET      -3.149608       -0.393700        0.000000
                              CHANNELS 3 Xrotation  Yrotation Zrotation
                              End Site
                              {
                                 OFFSET       0.000000        3.149606        0.000000
                              }
                           }
                        }
                     }
                  }
               }
            }
            JOINT LeftClavicleJoint
            {
               OFFSET       9.448819        2.047244       -1.259843
               CHANNELS 3 Xrotation  Yrotation Zrotation
               JOINT LeftShoulderJoint
               {
                  OFFSET      -6.220472       -1.574802       -0.393701
                  CHANNELS 3 Xrotation  Yrotation Zrotation
                  JOINT LeftElbowJoint
                  {
                     OFFSET     -12.500000        0.000000       -0.078740
                     CHANNELS 3 Xrotation  Yrotation Zrotation
                     JOINT LeftForearmTwistJoint
                     {
                        OFFSET      -5.216535        0.000000        0.000000
                        CHANNELS 3 Xrotation  Yrotation Zrotation
                        JOINT LeftWristJoint
                        {
                           OFFSET      -5.314960        0.000000        0.000000
                           CHANNELS 3 Xrotation  Yrotation Zrotation
                           JOINT LeftFingersJoint
                           {
                              OFFSET      -3.149608       -0.393700        0.000000
                              CHANNELS 3 Xrotation  Yrotation Zrotation
                              End Site
                              {
                                 OFFSET       0.000000        3.149606        0.000000
                              }
                           }
                        }
                     }
                  }
               }
            }
         }
      }
   }
   JOINT RightHipJoint
   {
      OFFSET      -3.543307        0.178739        0.000000
      CHANNELS 3 Xrotation  Yrotation Zrotation
      JOINT RightKneeJoint
      {
         OFFSET      17.204723        0.000000       -0.196850
         CHANNELS 3 Xrotation  Yrotation Zrotation
         JOINT RightAnkleJoint
         {
            OFFSET       0.000000      -17.840551       -0.161417
            CHANNELS 3 Xrotation  Yrotation Zrotation
            JOINT RightMidFootJoint
            {
               OFFSET       0.000000       -1.568898        2.523622
               CHANNELS 3 Xrotation  Yrotation Zrotation
               JOINT RightToesJoint
               {
                  OFFSET       2.677163       -0.000000        0.000000
                  CHANNELS 3 Xrotation  Yrotation Zrotation
                  End Site
                  {
                     OFFSET       2.362204        0.000000        0.000000
                  }
               }
            }
         }
      }
   }
   JOINT LeftHipJoint
   {
      OFFSET       3.543307        0.178739        0.000000
      CHANNELS 3 Xrotation  Yrotation Zrotation
      JOINT LeftKneeJoint
      {
         OFFSET      17.204723        0.000000        0.196850
         CHANNELS 3 Xrotation  Yrotation Zrotation
         JOINT LeftAnkleJoint
         {
            OFFSET       0.000000      -17.840551        0.161417
            CHANNELS 3 Xrotation  Yrotation Zrotation
            JOINT LeftMidFootJoint
            {
               OFFSET       0.000000       -1.568898       -2.523622
               CHANNELS 3 Xrotation  Yrotation Zrotation
               JOINT LeftToesJoint
               {
                  OFFSET       2.677164       -0.000000        0.000000
                  CHANNELS 3 Xrotation  Yrotation Zrotation
                  End Site
                  {
                     OFFSET       2.362205        0.000000        0.000000
                  }
               }
            }
         }
      }
   }
}
MOTION
Frames:	105
Frame Time: 0.0166667
      -0.463866      34.872833       0.504298     -12.481940      10.435562      10.805516     -70.330688     -68.572029       4.257385     -10.748276     -16.706963      -0.599989       2.441391       6.524463      -9.785110      -3.115994      -9.585485     -23.697453      -1.444044       4.641591      27.225275      96.570877      -1.272569     -90.630089       5.858077     -52.183506      81.624687      -0.043506      43.444855       0.017405      -8.736884      -0.156384      -2.290702       3.070041      10.276159     -20.521070     -90.003143     -30.592529      89.994499    -101.850227      -1.817511    -100.010147     -19.107899     -43.127083      49.386086       0.124012     -69.795952       0.086496      35.767906      -1.313020      -2.067620      -0.732107      -7.548869      10.648220     -90.005043     -34.884544      89.992645      68.584885      72.730293    -158.184448      90.151764      51.878277      90.066154     -11.721730     -11.544188      13.771694    -167.409805      84.034492     -20.080349      -0.045197      -2.749379     -21.996016      38.642979      78.135002    -144.246567     -90.865036     -31.621929      90.210175       2.753448      -2.694561       3.065779     -89.067520     -89.054657      77.562988      -4.668213       4.789808     -25.653292
      -0.464293      34.812580       0.501695     -12.496149      10.446033      10.827471     -70.333496     -68.563004       4.247141     -10.752132     -16.704334      -0.606257       2.438804       6.528609      -9.787894      -3.117924      -9.583570     -23.720041      -1.444981       4.644457      27.228342      96.578140      -1.271059     -90.603226       5.831275     -52.188393      81.595222      -0.043941      43.445812       0.017705      -8.736887      -0.156838      -2.291041       3.069869      10.272848     -20.521349     -90.003159     -30.592585      89.994446    -101.862091      -1.816937     -99.983864     -19.122334     -43.111427      49.363621       0.121820     -69.790146       0.084710      35.767860      -1.313668      -2.067577      -0.732149      -7.547683      10.648024     -90.005051     -34.884541      89.992622      68.589539      72.721298    -158.179581      90.151070      51.949539      90.059525     -11.968608     -11.567987      13.750159    -167.426712      84.024155     -20.197212      -0.040604      -2.728317     -21.959692      38.670906      78.114349    -144.341949     -90.870003     -31.742226      90.212555       2.735508      -2.699441       3.064440     -89.347015     -89.054131      77.238937      -4.684947       4.755825     -25.445440
      -0.466198      34.725441       0.493117     -12.560849      10.457852      10.904570     -70.318459     -68.533401       4.228126     -10.757758     -16.689035      -0.628877       2.438426       6.541218      -9.801285      -3.126635      -9.572233     -23.834204      -1.448006       4.658272      27.219896      96.621597      -1.264024     -90.462898       5.725542     -52.190487      81.498711      -0.043655      43.441891       0.017330      -8.737270      -0.156749      -2.291147       3.070569      10.271925     -20.528149     -90.003136     -30.592564      89.994492    -101.906593      -1.813954     -99.843765     -19.171501     -43.057449      49.294750       0.121704     -69.763489       0.084514      35.765602      -1.313309      -2.067827      -0.734657      -7.536115      10.636006     -90.005058     -34.884537      89.992653      68.648308      72.681107    -158.181519      90.112541      52.105915      90.047394     -12.549404     -11.631142      13.697016    -167.497604      84.011139     -20.468367      -0.032147      -2.680125     -21.954725      38.738403      78.065308    -144.570496     -90.902588     -32.075760      90.221199       2.750914      -2.720233       3.085219     -90.015900     -89.051056      76.474571      -4.714270       4.694903     -25.082150
      -0.470706      34.625679       0.476747     -12.651785      10.463324      11.011818     -70.292557     -68.494766       4.206510     -10.764030     -16.669733      -0.661193       2.439789       6.558100      -9.822670      -3.140234      -9.549287     -24.025782      -1.452068       4.681756      27.183641      96.701393      -1.247526     -90.222328       5.589570     -52.166145      81.404930      -0.043471      43.435467       0.017142      -8.737607      -0.156725      -2.291204       3.071055      10.269936     -20.533445     -90.003136     -30.592558      89.994499    -101.960541      -1.805518     -99.595406     -19.224354     -42.995293      49.240635       0.121459     -69.725517       0.084199      35.762547      -1.312837      -2.068143      -0.738782      -7.518257      10.617426     -90.005066     -34.884529      89.992683      68.721405      72.631760    -158.186218      90.051636      52.287323      90.025986     -13.235393     -11.712627      13.625456    -167.576523      84.002663     -20.795752      -0.023109      -2.622606     -21.961088      38.823170      78.002846    -144.855118     -90.962250     -32.494740      90.236687       2.788317      -2.753976       3.112664     -90.975517     -89.042763      75.395462      -4.739098       4.642537     -24.771229
      -0.478975      34.525787       0.451776     -12.760947      10.466478      11.139800     -70.257072     -68.452454       4.184513     -10.770540     -16.649164      -0.701377       2.442849       6.576620      -9.850936      -3.157552      -9.519377     -24.271395      -1.456071       4.710218      27.119661      96.811501      -1.222722     -89.899963       5.463564     -52.110207      81.357964      -0.043363      43.426823       0.017157      -8.737917      -0.156755      -2.291184       3.070824      10.266307     -20.534498     -90.003136     -30.592554      89.994507    -102.018951      -1.790920     -99.261185     -19.262402     -42.947128      49.232407       0.121195     -69.684502       0.083936      35.759506      -1.312370      -2.068415      -0.743322      -7.497542      10.597707     -90.005066     -34.884521      89.992706      68.797554      72.578125    -158.194382      89.981636      52.474091      90.000397     -13.953407     -11.805675      13.540410    -167.645889      84.006523     -21.147991      -0.014975      -2.557118     -21.967663      38.917595      77.933289    -145.164886     -91.037956     -32.944111      90.256378       2.836152      -2.797795       3.145221     -92.113739     -89.031670      74.128334      -4.760030       4.597819     -24.506573
      -0.492329      34.433151       0.418248     -12.880519      10.487058      11.275137     -70.217155     -68.413506       4.161393     -10.778304     -16.631798      -0.747634       2.446219       6.593286      -9.884329      -3.179117      -9.492244     -24.546331      -1.458905       4.736882      27.033901      96.937820      -1.192627     -89.515663       5.374104     -52.026768      81.378654      -0.043302      43.415890       0.017344      -8.738332      -0.156821      -2.291092       3.069564      10.260462     -20.530230     -90.003120     -30.592546      89.994514    -102.085625      -1.770898     -98.869392     -19.275864     -42.926613      49.280312       0.120956     -69.645744       0.083801      35.756889      -1.311971      -2.068586      -0.747482      -7.476007      10.580483     -90.005074     -34.884510      89.992729      68.864960      72.528282    -158.196121      89.920868      52.651608      89.977661     -14.649031     -11.902320      13.452085    -167.684891      84.020432     -21.519894      -0.008312      -2.497752     -21.980888      39.073082      77.852547    -145.536407     -91.068695     -33.384106      90.265968       2.882249      -2.823509       3.180749     -92.759148     -89.022888      73.357101      -4.777904       4.559379     -24.281527
      -0.513448      34.351673       0.376607     -13.005494      10.533791      11.411995     -70.173927     -68.377716       4.138361     -10.786507     -16.617287      -0.797769       2.449973       6.607280      -9.921450      -3.204058      -9.475121     -24.829456      -1.459164       4.756093      26.934187      97.073441      -1.159482     -89.088814       5.336638     -51.923111      81.473305      -0.043275      43.402645       0.017645      -8.738666      -0.156933      -2.290936       3.067033      10.252315     -20.521732     -90.003128     -30.592541      89.994507    -102.157188      -1.747247     -98.447884     -19.262472     -42.937252      49.379532       0.120770     -69.612724       0.083794      35.754864      -1.311656      -2.068655      -0.750826      -7.455805      10.567675     -90.005058     -34.884510      89.992752      68.920418      72.493935    -158.191971      89.871552      52.814705      89.958984     -15.305701     -11.976869      13.374323    -167.539276      84.092888     -22.016640      -0.004379      -2.459965     -21.997272      39.252079      77.765388    -145.922012     -91.056755     -33.786369      90.265289       2.916259      -2.838287       3.215484     -93.007240     -89.019394      72.995071      -4.792789       4.526927     -24.090044
      -0.541785      34.282494       0.327801     -13.134195      10.592649      11.553801     -70.128677     -68.343826       4.116029     -10.794328     -16.603672      -0.849759       2.454432       6.620080      -9.960980      -3.228526      -9.459746     -25.104660      -1.458391       4.772413      26.828144      97.214622      -1.124730     -88.644447       5.349185     -51.804760      81.632988      -0.043240      43.388023       0.018005      -8.738762      -0.157071      -2.290754       3.063968      10.242343     -20.509380     -90.003143     -30.592546      89.994484    -102.224464      -1.721134     -98.016716     -19.227171     -42.972267      49.521164       0.120669     -69.586319       0.083931      35.753567      -1.311450      -2.068639      -0.753138      -7.438287      10.559438     -90.005043     -34.884506      89.992767      68.965523      72.471565    -158.187271      89.823067      52.962627      89.940414     -15.908904     -12.033464      13.308165    -167.230942      84.208771     -22.614681      -0.002217      -2.438278     -22.011505      39.404675      77.685188    -146.262222     -91.050728     -34.134743      90.265640       2.933562      -2.870389       3.255922     -93.560867     -89.017143      72.345360      -4.805328       4.499325     -23.927193
      -0.576705      34.224655       0.272648     -13.264608      10.657479      11.696934     -70.082886     -68.313469       4.095079     -10.801532     -16.591990      -0.901932       2.459418       6.631069     -10.001548      -3.250983      -9.445045     -25.360102      -1.457054       4.786790      26.722355      97.354523      -1.089969     -88.203735       5.402130     -51.679005      81.839523      -0.043213      43.372639       0.018379      -8.738659      -0.157221      -2.290559       3.060559      10.230999     -20.494068     -90.003143     -30.592554      89.994469    -102.284637      -1.693707     -97.594727     -19.174862     -43.025871      49.694019       0.120638     -69.566536       0.084168      35.752972      -1.311334      -2.068553      -0.754201      -7.423649      10.555180     -90.005035     -34.884502      89.992767      69.002434      72.455711    -158.182327      89.781021      53.092754      89.924171     -16.450474     -12.080532      13.247890    -166.939682      84.313934     -23.161867      -0.009168      -2.460195     -22.013233      39.533810      77.613892    -146.556931     -91.047623     -34.424816      90.266365       2.930819      -2.914185       3.300897     -94.299309     -89.016792      71.529648      -4.815940       4.475807     -23.788723
      -0.617851      34.176582       0.211905     -13.396859      10.722651      11.838609     -70.037636     -68.287201       4.075507     -10.808146     -16.582592      -0.953416       2.464676       6.640038     -10.042228      -3.271045      -9.431967     -25.589367      -1.455297       4.798880      26.621710      97.488045      -1.056554     -87.782867       5.483596     -51.552750      82.073235      -0.043184      43.357086       0.018733      -8.738403      -0.157369      -2.290374       3.056993      10.218843     -20.477083     -90.003151     -30.592564      89.994453    -102.336662      -1.666164     -97.196854     -19.111750     -43.091030      49.884399       0.120626     -69.552589       0.084421      35.752941      -1.311279      -2.068448      -0.754262      -7.411811      10.554290     -90.005035     -34.884506      89.992767      69.031273      72.444260    -158.177658      89.749382      53.206615      89.911713     -16.934444     -12.120809      13.195782    -166.653442      84.408646     -23.672750      -0.015403      -2.481261     -22.014099      39.639336      77.552925    -146.804398     -91.045670     -34.658001      90.267052       2.907208      -2.964586       3.348175     -95.123108     -89.018265      70.646828      -4.824968       4.455715     -23.670921
      -0.664886      34.136421       0.146381     -13.531892      10.783788      11.977371     -69.994209     -68.264854       4.056813     -10.814324     -16.575415      -1.003541       2.469901       6.647085     -10.082312      -3.288861      -9.421663     -25.790144      -1.453203       4.808245      26.529234      97.610893      -1.025720     -87.393661       5.582099     -51.431931      82.316017      -0.043169      43.341965       0.019062      -8.738030      -0.157504      -2.290205       3.053451      10.206499     -20.459595     -90.003151     -30.592581      89.994438    -102.380569      -1.639553     -96.833672     -19.043907     -43.161118      50.079071       0.120631     -69.543404       0.084662      35.753361      -1.311280      -2.068314      -0.753779      -7.402482      10.556122     -90.005035     -34.884510      89.992744      69.052803      72.436623    -158.173157      89.727417      53.307899      89.902924     -17.369562     -12.153379      13.151238    -166.379425      84.493248     -24.142405      -0.020856      -2.502341     -22.014174      39.721363      77.502884    -147.004700     -91.044235     -34.839333      90.267609       2.863780      -3.017886       3.396044     -95.968025     -89.021912      69.759346      -4.832616       4.438612     -23.570675
      -0.716864      34.102386       0.076900     -13.671761      10.828496      12.113659     -69.952522     -68.245628       4.039327     -10.819830     -16.569752      -1.051811       2.475232       6.652882     -10.121416      -3.303859      -9.411943     -25.962906      -1.451209       4.816431      26.446388      97.722145      -0.997854     -87.045921       5.685693     -51.320297      82.551765      -0.043128      43.327839       0.019306      -8.737548      -0.157640      -2.290058       3.050119      10.194564     -20.442549     -90.003151     -30.592581      89.994431    -102.413803      -1.614348     -96.510612     -18.977133     -43.229259      50.267876       0.120695     -69.537720       0.084940      35.754082      -1.311319      -2.068186      -0.752948      -7.395374      10.559684     -90.005020     -34.884510      89.992752      69.068863      72.427032    -158.172012      89.716629      53.400387      89.898323     -17.762875     -12.187869      13.109921    -166.108414      84.571426     -24.589470      -0.025376      -2.530243     -22.008274      39.764473      77.468445    -147.141556     -91.060730     -34.976078      90.272301       2.802283      -3.078816       3.445612     -96.959061     -89.026703      68.740364      -4.839121       4.424016     -23.485399
      -0.774231      34.072842       0.004067     -13.816689      10.873419      12.243093     -69.915749     -68.231064       4.021013     -10.825775     -16.567268      -1.098046       2.479519       6.656203     -10.158848      -3.318648      -9.410788     -26.108854      -1.448393       4.818916      26.374039      97.813797      -0.975092     -86.740936       5.789902     -51.223560      82.770058      -0.043091      43.314724       0.019486      -8.737164      -0.157750      -2.289953       3.046997      10.183293     -20.426863     -90.003151     -30.592588      89.994408    -102.444801      -1.591985     -96.233238     -18.913662     -43.294758      50.440823       0.120743     -69.534599       0.085154      35.754871      -1.311359      -2.068074      -0.752125      -7.389446      10.564482     -90.005005     -34.884514      89.992752      69.077156      72.424095    -158.166199      89.718918      53.487350      89.898857     -18.124256     -12.213389      13.074080    -165.860413      84.641167     -24.990835      -0.029394      -2.558264     -22.002386      39.814419      77.438263    -147.265060     -91.049736     -35.075645      90.270111       2.723026      -3.124320       3.492656     -97.557304     -89.036690      68.125938      -4.844628       4.411617     -23.412817
      -0.836335      34.046341      -0.071741     -13.967517      10.907591      12.370228     -69.883209     -68.218498       4.002337     -10.831562     -16.565754      -1.141687       2.483246       6.658681     -10.194388      -3.331893      -9.413240     -26.229567      -1.445448       4.818618      26.312593      97.888512      -0.957113     -86.482635       5.888393     -51.142506      82.963715      -0.043058      43.303055       0.019599      -8.736752      -0.157836      -2.289882       3.044267      10.173124     -20.413092     -90.003151     -30.592588      89.994392    -102.469147      -1.572709     -96.000969     -18.857145     -43.352722      50.592407       0.120775     -69.533249       0.085303      35.755711      -1.311412      -2.067969      -0.751327      -7.384959      10.569711     -90.005005     -34.884521      89.992760      69.081909      72.424423    -158.159912      89.723999      53.571117      89.900551     -18.465485     -12.229871      13.044076    -165.627884      84.704239     -25.359421      -0.033033      -2.586853     -21.996485      39.838352      77.419083    -147.343918     -91.045189     -35.144272      90.269264       2.628799      -3.171853       3.540655     -98.175407     -89.048943      67.501961      -4.849269       4.401114     -23.351000
      -0.902496      34.021709      -0.150286     -14.124829      10.931974      12.495742     -69.855225     -68.208122       3.983143     -10.837347     -16.565397      -1.182645       2.486248       6.660357     -10.227846      -3.343678      -9.418597     -26.327314      -1.442542       4.816236      26.261776      97.945320      -0.944117     -86.271362       5.976563     -51.078320      83.127052      -0.043018      43.292927       0.019649      -8.736411      -0.157891      -2.289841       3.041934      10.164204     -20.401545     -90.003136     -30.592588      89.994408    -102.488686      -1.556694     -95.812332     -18.809145     -43.401772      50.719627       0.120837     -69.532936       0.085443      35.756496      -1.311475      -2.067897      -0.750506      -7.381701      10.574792     -90.004997     -34.884514      89.992752      69.084038      72.427475    -158.152710      89.730949      53.653297      89.902969     -18.794117     -12.238773      13.018760    -165.406952      84.762184     -25.703199      -0.036392      -2.616188     -21.990877      39.845181      77.408562    -147.389603     -91.043549     -35.188107      90.269035       2.521354      -3.219126       3.589606     -98.766525     -89.063515      66.913422      -4.853214       4.392175     -23.298367
      -0.970540      33.977474      -0.241817     -14.369826      11.027128      12.808262     -69.927193     -67.962303       3.704892     -10.875535     -16.680971      -1.242104       2.461868       6.679564     -10.210871      -3.370381      -9.452505     -26.474155      -1.443306       4.815011      26.277231      98.000473      -0.930116     -85.978271       5.902272     -51.049755      83.098618      -0.043005      43.277878       0.019125      -8.737560      -0.157621      -2.290082       3.038293      10.141750     -20.394421     -90.003143     -30.592598      89.994423    -102.544968      -1.545779     -95.565315     -18.831163     -43.385063      50.718365       0.120650     -69.514557       0.084961      35.755009      -1.311675      -2.067901      -0.756655      -7.362979      10.570231     -90.005020     -34.884518      89.992737      69.141174      72.238174    -158.174454      89.755417      53.884308      89.912125     -19.486683     -12.257676      12.983523    -165.066071      84.835754     -26.197065      -0.043383      -2.666976     -21.934834      40.221546      77.233742    -147.944000     -91.040901     -35.535263      90.269569       2.516045      -3.282914       3.669590     -98.816521     -89.081192      66.773987      -4.856403       4.386172     -23.224222
      -1.038284      33.870266      -0.353845     -14.795708      11.231586      13.428464     -70.042397     -67.451950       3.167534     -10.967493     -16.800459      -1.420395       2.398153       6.684807     -10.151215      -3.413728      -9.528481     -26.638653      -1.441663       4.792898      26.316393      98.061501      -0.896506     -85.534737       5.644574     -51.022629      82.907784      -0.043025      43.264641       0.018390      -8.741502      -0.157063      -2.290455       3.030758      10.101281     -20.399652     -90.003143     -30.592588      89.994453    -102.669495      -1.556183     -95.220558     -18.900024     -43.311272      50.590660       0.120257     -69.467285       0.084031      35.750755      -1.311823      -2.068050      -0.777334      -7.292879      10.500941     -90.005035     -34.884525      89.992699      69.333656      71.775940    -158.271759      89.813347      54.423092      89.933640     -20.878433     -12.440276      12.646173    -165.224640      84.938736     -26.196911      -0.048467      -2.733248     -21.934786      41.194550      76.797600    -149.312561     -91.035561     -36.415447      90.271889       2.664150      -3.374124       3.789217     -98.499489     -89.099327      66.830017      -4.860044       4.381930     -23.153019
      -1.097436      33.711277      -0.477032     -15.165696      11.524250      13.892624     -70.098900     -67.581375       3.068409     -11.103936     -16.407711      -1.861705       2.322790       6.788375     -10.141343      -3.468078      -9.648437     -26.802273      -1.432372       4.740800      26.359720      98.163826      -0.837940     -84.982788       5.349516     -50.968132      82.727631      -0.043060      43.253269       0.017941      -8.747585      -0.156493      -2.290720       3.019712      10.068248     -20.421459     -90.003159     -30.592581      89.994461    -102.830620      -1.581750     -94.901367     -18.984049     -43.219479      50.395325       0.119887     -69.413376       0.083254      35.747105      -1.311863      -2.068195      -0.802144      -7.203925      10.386265     -90.005043     -34.884521      89.992691      69.262840      71.468826    -158.225357      89.914703      55.117382      89.973145     -22.514830     -12.768031      11.986478    -165.984589      85.054489     -25.573742      -0.038433      -2.729019     -21.863708      41.496349      76.412239    -150.293167     -91.015823     -37.656078      90.272537       2.916632      -3.471685       3.895473     -98.432549     -89.112717      66.568703      -4.863440       4.377505     -23.089668
      -1.150152      33.508629      -0.605491     -15.706833      11.847617      14.378607     -70.070786     -67.753105       2.933400     -11.245520     -16.118336      -2.356502       2.247285       7.011467     -10.190604      -3.520469      -9.746463     -26.988785      -1.426221       4.697005      26.395058      98.301079      -0.766987     -84.405312       5.053689     -50.886456      82.576942      -0.043068      43.242355       0.017666      -8.753518      -0.156020      -2.290884       3.009524      10.038646     -20.446894     -90.003166     -30.592588      89.994461    -103.026062      -1.617691     -94.542892     -19.075729     -43.117413      50.158978       0.119467     -69.350677       0.082522      35.742825      -1.311767      -2.068359      -0.830678      -7.102244      10.235868     -90.005051     -34.884518      89.992676      69.244560      71.189323    -158.124390      90.020729      55.975582      90.016800     -24.426262     -13.184530      11.123507    -166.977875      85.192085     -24.738897      -0.030279      -2.718748     -21.772545      41.788261      76.003685    -151.299500     -90.990509     -39.217201      90.273643       3.341681      -3.584753       4.004859     -99.269447     -89.118454      65.772766      -4.863729       4.376356     -23.074284
      -1.197159      33.261089      -0.738676     -16.384798      12.195986      14.884620     -69.985664     -67.951370       2.782808     -11.394960     -15.896708      -2.918145       2.175207       7.281335     -10.290130      -3.568248      -9.816570     -27.203316      -1.423907       4.671185      26.417982      98.461647      -0.687279     -83.820999       4.742559     -50.786007      82.429329      -0.043064      43.230743       0.017516      -8.759040      -0.155628      -2.290977       2.999648      10.005164     -20.464617     -90.003159     -30.592581      89.994476    -103.254387      -1.662051     -94.132645     -19.160048     -43.020184      49.914227       0.119025     -69.281242       0.081848      35.737839      -1.311574      -2.068555      -0.863133      -6.986742      10.050271     -90.005074     -34.884521      89.992653      69.254562      70.923553    -157.986832      90.124397      57.023281      90.063080     -26.678806     -13.642465      10.126162    -168.079361      85.347275     -23.816580      -0.024419      -2.709275     -21.674906      42.066025      75.571999    -152.350586     -90.957680     -41.072124      90.274727       3.861880      -3.707913       4.111530    -100.641792     -89.117401      64.428566      -4.866770       4.372036     -23.017355
      -1.107798      33.519428      -0.697064     -15.992412       9.922332      15.192223     -71.176628     -69.953545       2.664347     -12.135633     -17.904037      -2.502355       1.751157      -0.673513     -12.182909       0.663830     -39.999954      12.402088      -7.359334     -17.788256      -0.701836      97.178307      -0.773833     -85.346825      -1.102665     -50.243591      77.194542      -0.016177      43.942966      -0.019828      -8.643303      -0.146356      -2.308744       3.331948      10.768491     -20.768347     -89.999908     -30.592024      89.998039     -99.764732      -0.923583     -84.731888     -20.186047     -43.101845      45.170033       0.137460     -69.187775       0.118439      35.767841      -1.304469      -2.065284      -0.817694      -7.129889      10.529058     -90.004822     -34.884670      89.990837      70.758446      70.436890    -159.881439      89.304123      56.535637      89.707527     -26.655416     -13.821032       9.763903    -168.827393      85.331581     -23.019323      -0.030944      -2.734244     -21.711485      43.968800      75.736366    -153.785233     -91.705711     -40.496201      90.472931       3.821174      -3.150671       3.843826     -80.792366     -89.141411      84.379654      -4.871644       4.360091     -22.985056
      -1.179029      34.379169      -0.434672     -15.136248       5.543309      15.339570     -69.584190     -78.724960       6.641783     -12.198508     -21.333233      -1.369211       1.540162      -5.566925     -10.849781      -0.137566     -38.074993      10.792692      -6.326686     -15.532774       2.004789      97.061600      -0.700339     -87.479263      -1.420619     -50.645557      76.394714      -0.026398      43.950626      -0.011302      -8.656536      -0.148169      -2.304356       3.326356      10.807718     -20.761324     -90.062263     -29.057650      90.048172     -99.553856      -0.360971     -84.508461     -20.690559     -42.784519      46.423107       0.136355     -69.122047       0.129178      35.791931      -1.300962      -2.059177      -0.799828      -7.051482      10.744011     -89.844849     -33.212784      90.097931      73.061432      69.709457    -162.924103      88.575401      55.453068      89.431618     -25.361338     -14.012857       9.427264    -170.432404      85.011086     -20.826660      -0.033343      -2.782006     -21.640202      45.992149      75.862373    -154.607971     -91.491913     -39.290806      90.377342       3.606298      -2.573491       3.570549     -50.972580     -88.955383     114.377007      -4.879150       4.337649     -22.943954
      -1.637398      35.524124      -0.135646     -13.775703       1.565147      13.816834      80.947777     -85.910347     159.931351     -11.976969     -21.320402      -0.640482       1.289954      -7.728553     -10.428433       0.014917     -35.672859      11.038103      -5.876319     -13.575070       3.307338      96.521233      -0.642950     -88.544022      -1.770021     -48.566990      75.861664      -0.163648      42.099972       0.036166      -8.929375      -0.127601      -2.286963       3.252398      10.735319     -20.535448     -90.181984     -26.037313      90.090492     -98.968895       0.220468     -86.793762     -18.919985     -40.665485      48.306072      -0.107594     -63.264812       0.196708      34.922344      -1.308489      -2.118140      -0.804199      -6.877418      10.905931     -89.589500     -29.930937      90.236633      72.803864      71.025635    -163.846130      88.772064      54.498531      89.556808     -24.197031     -14.120946       9.384285    -170.112534      85.104622     -20.542158      -0.045857      -2.780960     -21.523663      41.870453      77.850006    -149.505142     -91.289482     -38.293118      90.305252       3.199879      -2.594360       3.567608     -50.482658     -88.955597     115.206657      -4.885072       4.313574     -22.890989
      -2.620230      36.832302       0.169733     -12.529222      -2.241071      13.380803      96.780586     -72.823235     177.459137     -12.231655     -21.342340      -0.869965       0.722586      -9.537958     -10.615718      -0.000435     -33.249138      10.810354      -5.690390     -12.971109       3.360960      96.323692      -0.406257     -90.619667      -2.233122     -44.354965      75.147835      -0.305775      38.718163       0.077094     -11.396859       0.089469      -2.182513       3.066421      10.065632     -19.886927     -90.187874     -24.623940      90.079666     -98.076630       0.789144     -89.420715     -18.362547     -37.397938      48.706242      -0.264692     -57.670517       0.232688      36.349213      -1.269060      -2.003344      -1.004110      -5.988532      10.678485     -89.606316     -28.389685      90.208611      71.777344      72.569397    -163.807693      88.904831      53.919113      89.622406     -23.410944     -14.242453       9.364669    -169.512390      85.256592     -20.786673      -0.046780      -2.727607     -21.466988      36.924103      79.791550    -143.296829     -91.177559     -37.427750      90.268372       2.703885      -2.814068       3.701919     -56.804394     -89.036568     109.278488      -4.893218       4.332336     -22.811514
      -4.117626      38.144234       0.438976     -11.262464      -5.962306      14.306164      98.196854     -61.940411     179.721939     -12.484111     -21.405094      -1.679229       0.218063     -11.321312     -11.341988      -0.081773     -32.100780      10.563649      -5.521624     -12.423729       3.374254      96.136940      -0.141828     -92.914932      -2.882912     -40.363831      74.373550      -0.353192      35.657944       0.091159     -13.767739       0.256831      -2.124832       2.863395       9.463783     -19.156870     -90.184128     -23.269852      90.064644     -97.071487       1.274302     -92.095589     -18.127287     -33.926449      48.490593      -0.359255     -52.573074       0.222716      37.732956      -1.261261      -1.936188      -1.205380      -4.970695      10.303682     -89.639206     -26.914108      90.179817      70.823936      74.023087    -163.622757      88.985298      53.575516      89.653076     -22.916477     -14.365074       9.319613    -169.032257      85.378395     -21.093269      -0.047751      -2.681504     -21.456978      31.590714      81.332878    -136.589081     -91.119293     -36.740017      90.251297       2.262250      -3.048202       3.849333     -64.314262     -89.105164     102.107712      -4.901473       4.351211     -22.739634
      -6.152720      39.169743       0.673645     -10.158463     -10.018586      21.117857      98.905594     -62.830944     181.159698     -13.190572     -21.570108      -4.126421      -0.466467     -19.048029     -13.059173      -0.179761     -31.069359      10.282288      -5.366083     -11.935169       3.358741      95.925545       0.226930     -96.966881      -3.485593     -36.832008      73.447685      -0.352554      32.858585       0.098963     -16.041348       0.392153      -2.097263       2.667244       8.878242     -18.464872     -90.174316     -21.960745      90.046478     -96.389969       1.569984     -93.831192     -17.509151     -30.982958      48.448055      -0.398902     -47.982849       0.195726      39.073486      -1.281624      -1.896556      -1.382474      -4.027085       9.717967     -89.680977     -25.488140      90.152054      73.746101      70.830734    -166.968063      89.034943      53.714134      89.645653     -23.171286     -14.624808       9.020529    -168.730377      85.486343     -21.620113      -0.049855      -2.661997     -21.529943      44.974064      79.399330    -148.355789     -91.102745     -36.090473      90.244888       1.806105      -3.462409       4.158553     -75.867828     -89.170624      90.913330      -4.913921       4.348567     -22.668814
      -8.483713      39.932316       0.824026      -8.807624     -13.867782      28.943539      99.142326     -63.403000     181.125488     -13.064678     -21.655472      -5.053211      -1.148112     -22.640406     -14.875353      -0.414696     -33.145885       9.910598      -5.232412     -11.611293       3.211236      95.691528       0.414999     -98.635078      -4.838968     -33.967346      72.501213      -0.331043      30.270302       0.093131     -18.213717       0.509389      -2.088215       2.527073       8.303876     -17.856510     -90.159920     -20.695490      90.033844     -95.146942       1.810102     -96.945053     -17.239588     -27.769686      47.671833      -0.420980     -43.833485       0.137630      40.367756      -1.318418      -1.872500      -1.561826      -3.152424       9.105826     -89.729729     -24.110498      90.122215      75.036102      67.289116    -168.414749      89.056625      53.598244      89.652458     -23.025694     -14.794610       8.895463    -168.202637      85.602211     -22.207645      -0.047649      -2.627852     -21.593994      52.693985      76.667313    -154.513336     -91.087204     -35.663887      90.242577       1.459887      -3.801108       4.360066     -90.995796     -89.181099      76.025482      -4.914498       4.391934     -22.622644
     -10.931141      40.429512       0.910581      -6.831491     -17.335363      37.942375      99.241348     -63.797165     180.465378     -12.654801     -21.709972      -5.377778      -1.374824     -22.254150     -15.070942      -1.535025     -35.616009       7.135576      -5.066669     -12.451124       2.987454      95.455017       0.447042     -98.074020      -6.896143     -31.415693      71.914749      -0.305336      27.872593       0.076588     -20.297749       0.619991      -2.091957       2.391046       7.687852     -17.365522     -90.141243     -19.472734      90.030937     -93.214333       1.945702    -100.508217     -17.211727     -24.162600      46.390945      -0.431662     -40.035366       0.060625      41.621964      -1.368885      -1.862071      -1.715073      -2.327894       8.293024     -89.785461     -22.779270      90.090904      75.618782      63.108032    -169.334457      89.061363      53.344486      89.661461     -22.627247     -14.970512       8.821327    -167.296341      85.765411     -23.024607      -0.040132      -2.574642     -21.620470      57.721458      73.302147    -158.324097     -91.077003     -35.319828      90.244316       1.166871      -4.168705       4.558275    -107.676979     -89.112717      59.554531      -4.909258       4.454354     -22.576231
     -13.555157      40.608986       0.943543      -4.219007     -20.195349      46.462437      98.792549     -64.159294     179.448334     -12.035928     -21.671734      -5.537586      -1.322316     -21.952938     -15.145055      -2.233469     -36.729023       5.489926      -4.943673     -12.254749       2.800771      95.249329       0.492182     -97.473335      -8.862831     -28.873241      71.499626      -0.276413      25.707325       0.068595     -22.300722       0.724755      -2.094486       2.252312       7.186384     -16.812689     -90.123634     -18.291224      90.026558     -91.441910       1.791633    -103.870918     -16.688572     -21.190111      45.183777      -0.416657     -36.643433       0.004443      42.839157      -1.432595      -1.853533      -1.799917      -1.759118       7.434252     -89.837830     -21.492311      90.065514      75.590836      60.365322    -169.645920      89.057007      52.961662      89.672256     -22.009687     -15.136232       8.804994    -166.074295      85.965538     -24.021128      -0.030081      -2.498198     -21.614140      59.753574      71.215782    -159.218903     -91.071098     -35.011913      90.246292       0.943257      -4.522786       4.731634    -121.874916     -88.967819      45.518372      -4.899643       4.539235     -22.544935
     -16.303188      40.452824       1.015479      -1.520185     -22.611496      54.267788      98.227333     -64.455986     178.694199     -11.497849     -21.546429      -5.726234      -1.491630     -21.489182     -15.882261      -2.367884     -36.733223       5.184899      -4.814019     -12.015860       2.669556      95.035255       0.462051     -96.379662      -9.302904     -27.864639      70.708488      -0.161653      26.420658       0.044160     -24.220987       0.812584      -2.100535       2.114758       6.546414     -15.945705     -90.103073     -17.149410      90.024208     -89.702225       1.213691    -108.157379     -15.799276     -19.062931      44.729145      -0.384695     -33.608395      -0.026151      44.018471      -1.502289      -1.840920      -1.842455      -1.359083       6.666927     -89.881622     -20.247911      90.046974      75.502312      58.950886    -169.292343      89.055038      52.627682      89.677925     -21.207909     -15.249982       8.876807    -164.720520      86.148575     -25.059767      -0.018303      -2.421983     -21.586409      60.658726      70.322197    -158.360977     -91.068016     -34.721066      90.247772       0.679140      -4.778893       4.826480    -130.373993     -88.813927      37.204796      -4.889777       4.616996     -22.511700
     -19.064568      39.940941       1.036271       1.391000     -24.566593      61.217224      97.679756     -64.721588     177.919464     -10.985188     -21.354252      -5.951056      -1.648566     -20.982508     -16.713589      -2.415446     -35.974461       4.922843      -4.683863     -11.771331       2.557686      94.808365       0.393514     -94.784126      -9.317280     -27.312889      69.819542      -0.032526      30.078531       0.015748     -26.067142       0.902741      -2.117055       1.998435       6.051217     -15.305693     -90.076775     -16.046083      90.027153     -87.817215       0.126450    -114.250099     -14.777589     -17.664402      45.200439      -0.353253     -30.882660      -0.040357      45.159939      -1.570239      -1.824299      -1.868717      -0.991651       6.119930     -89.917450     -19.044960      90.034538      75.273727      58.925987    -168.583344      89.054771      52.348534      89.680946     -20.344162     -15.297035       9.018492    -163.513672      86.284981     -25.910154      -0.007881      -2.356644     -21.538219      60.624615      70.695137    -156.335281     -91.037834     -34.503170      90.242622       0.283996      -4.945054       4.854290    -135.055939     -88.695076      32.761021      -4.883236       4.675465     -22.463974
     -21.788410      39.097805       1.020765       4.361629     -26.173199      67.312958      97.205200     -64.965950     177.126999     -10.514971     -21.098372      -6.262915      -1.754143     -20.489136     -17.480721      -2.435688     -35.043114       4.676221      -4.556399     -11.483238       2.455023      94.579788       0.309163     -93.081032      -9.218396     -26.903526      68.904343       0.033830      33.520451      -0.000766     -27.843304       0.986278      -2.121138       1.903482       5.724237     -14.654599     -90.057579     -14.979835      90.029205     -86.132576      -1.277724    -121.181328     -13.802202     -16.405872      45.609756      -0.325750     -28.400108      -0.048800      46.263458      -1.635638      -1.806922      -1.886584      -0.669710       5.612937     -89.947388     -17.882208      90.025940      74.994957      60.017651    -167.523392      89.154152      52.117245      89.722282     -19.420910     -15.273944       9.223767    -162.572021      86.365227     -26.459942       0.000505      -2.310359     -21.475746      59.778896      72.086311    -153.175552     -90.824295     -34.303650      90.187775      -0.220977      -5.014763       4.818892    -137.170013     -88.633163      30.943985      -4.881375       4.708065     -22.400248
     -24.447472      37.962467       0.966890       7.387556     -27.462988      72.814476      96.711441     -65.193451     176.198578     -10.023124     -20.819769      -6.599232      -1.709712     -20.141020     -17.939920      -2.440220     -34.038460       4.440815      -4.432371     -11.147936       2.362776      94.351166       0.220329     -91.410149      -8.910176     -26.726475      67.960876       0.064766      36.772255      -0.010147     -29.553043       1.065586      -2.116218       1.820826       5.436405     -14.081882     -90.044037     -13.949386      90.030006     -85.643486      -2.160812    -125.172791     -13.795926     -13.294167      41.862732      -0.306520     -26.165794      -0.049578      47.333641      -1.694843      -1.787493      -1.884290      -0.355664       5.320390     -89.972641     -16.758646      90.021706      74.687248      61.825527    -166.235016      89.422455      51.900593      89.828804     -18.477346     -15.204829       9.463474    -161.837555      86.408188     -26.780508       0.007469      -2.277486     -21.402126      57.913586      74.122391    -148.803375     -90.423752     -34.094788      90.084259      -0.843077      -5.012410       4.731951    -137.838959     -88.615479      30.640112      -4.882985       4.721762     -22.319096
     -27.031590      36.562531       0.874118      10.425074     -28.483740      77.889313      96.287354     -65.417984     175.307114      -9.558372     -20.493509      -6.974572      -1.631996     -19.801334     -18.345392      -2.428502     -33.063416       4.244291      -4.308626     -10.822786       2.285529      94.132294       0.128803     -89.802879      -8.614785     -26.531651      67.086586       0.075847      39.846123      -0.014684     -31.200096       1.141899      -2.104728       1.739244       5.126650     -13.551184     -90.034317     -12.953547      90.029694     -85.682236      -2.275445    -124.947029     -13.712769      -8.495983      32.714436      -0.295446     -24.081068      -0.051861      48.365486      -1.750061      -1.771549      -1.899507      -0.045826       4.868791     -89.995392     -15.672988      90.019722      74.265450      64.102013    -164.675339      89.833282      51.697876      89.987473     -17.532232     -15.101950       9.724833    -161.252151      86.427025     -26.942425       0.013622      -2.252563     -21.322386      54.401745      76.538727    -142.668015     -89.873688     -33.898968      89.944611      -1.539157      -4.958525       4.609989    -137.622833     -88.627373      31.269556      -4.887125       4.723148     -22.220938
     -29.509027      34.946114       0.753721      13.401690     -29.326605      82.523582      95.964951     -65.698990     174.472763      -9.154240     -20.088842      -7.473046      -1.551177     -19.488678     -18.713627      -2.409789     -32.103329       4.062998      -4.187679     -10.499791       2.214656      93.921349       0.039480     -88.334869      -8.265693     -26.403076      66.235832       0.071341      42.759670      -0.014089     -32.787277       1.214308      -2.088670       1.662494       4.855778     -12.994943     -90.026634     -11.991148      90.028809     -85.503601      -2.400372    -124.476936     -12.393928      -4.646069      23.061430      -0.281425     -22.161449      -0.053440      49.365383      -1.807380      -1.754743      -1.911947       0.216182       4.325730     -90.015312     -14.623113      90.016876      73.627892      66.661606    -162.752472      90.416664      51.531387      90.207703     -16.581198     -14.955951      10.015472    -160.858994      86.416656     -26.906271       0.018896      -2.237748     -21.237753      47.980709      79.105309    -133.520874     -89.151970     -33.734585      89.764221      -2.264634      -4.846485       4.453280    -136.391647     -88.669136      32.926331      -4.892752       4.713015     -22.116993
     -31.873346      33.158154       0.606782      16.348192     -29.905191      87.105194      95.637337     -66.383591     173.619461      -8.794782     -19.645632      -8.019610      -1.472807     -19.249245     -18.987471      -2.384305     -31.157370       3.892100      -4.069310     -10.178890       2.145316      93.724434      -0.043517     -87.016357      -7.791082     -26.423475      65.382004       0.057117      45.523594      -0.008757     -34.317043       1.282681      -2.069798       1.594726       4.612997     -12.450208     -90.020638     -11.061124      90.027267     -85.606903      -2.548080    -124.452744     -10.707647      -0.856848      13.904271      -0.138838     -22.622440      -0.025605      50.331867      -1.868056      -1.740279      -1.937719       0.581860       3.587458     -90.034866     -13.607440      90.013397      72.722511      69.071526    -160.634109      91.100456      51.418205      90.459732     -15.665735     -14.785363      10.315508    -160.576828      86.390640     -26.777451       0.024100      -2.227490     -21.153109      36.534325      81.306625    -119.481331     -88.802483     -33.599987      89.685898      -3.023617      -4.712303       4.253436    -135.440933     -88.687668      34.321850      -4.893332       4.722531     -22.002394
     -34.132526      31.225855       0.432721      19.075214     -29.952251      91.689346      95.267921     -67.512291     172.858780      -8.477767     -19.222191      -8.502264      -1.358653     -19.165510     -19.006813      -2.348714     -30.192223       3.742719      -3.953852      -9.840560       2.089854      93.556190      -0.144779     -85.495987      -6.801250     -27.035299      64.412743       0.035925      48.116898       0.003545     -35.795650       1.341934      -2.047252       1.500057       4.347353     -11.942511     -90.018379     -10.162442      90.026199     -85.763008      -2.712300    -124.552856      -8.668639       3.014154       4.995504       0.123030     -26.677816       0.041609      51.269199      -1.933785      -1.725228      -1.939470       0.860700       2.926463     -90.054832     -12.624901      90.011337      70.182892      71.347122    -157.338913      91.025337      51.409184      90.415672     -14.731359     -14.558103      10.705983    -160.040115      86.386665     -26.928787       0.034902      -2.187238     -21.081074      18.187662      82.808090     -99.011543     -88.876366     -33.488514      89.715477      -3.774957      -4.570174       4.064903    -134.017685     -88.718788      36.189976      -4.896107       4.723282     -21.881052
     -36.281151      29.251953       0.222753      21.434900     -27.770576      97.481392      93.708740     -69.783226     172.327087      -7.906260     -18.423555      -8.073845      -1.119677     -19.224548     -18.778858      -2.318031     -29.237236       3.554376      -3.843475      -9.502652       2.006915      93.368355      -0.277314     -83.678452      -5.444560     -28.078131      63.407330       0.019601      50.614254       0.014548     -37.220753       1.404093      -2.020428       1.429891       3.988252     -11.675722     -90.017784      -9.293731      90.024948     -85.922096      -2.883482    -124.673843      -5.918604       4.708611      -3.555309       0.282087     -30.477957       0.097300      52.176170      -1.996230      -1.704725      -1.933722       1.021873       2.378483     -90.069366     -11.674805      90.010040      68.082924      72.197075    -156.609863      90.973373      51.367966      90.385887     -14.014146     -14.329088      11.027332    -160.001938      86.324066     -26.649927       0.042039      -2.177884     -21.002348       5.365137      83.250671     -86.382584     -88.921028     -33.265366      89.732903      -4.543836      -4.388064       3.877988    -130.943161     -88.788918      39.734398      -4.904251       4.693655     -21.749172
     -38.365662      27.205435       0.000804      23.052914     -25.239864     103.333801      92.462440     -72.269325     171.941422      -7.418870     -17.304384      -7.277561      -0.914349     -19.495958     -18.153353      -2.277613     -28.261333       3.373420      -3.735409      -9.144886       1.925612      93.236610      -0.319931     -82.840233      -3.660222     -29.096554      63.281887       0.005901      53.001179       0.024763     -38.595623       1.467312      -1.993202       1.370504       3.704198     -11.359564     -90.016335      -8.454319      90.024246     -86.103401      -3.062032    -124.829987      -3.071791       4.425876     -11.244250       0.374040     -34.040234       0.143529      53.053875      -2.054905      -1.680982      -1.929612       1.161972       1.841336     -90.079460     -10.756098      90.008514      66.696922      72.594780    -156.747726      90.943085      51.203217      90.367867     -13.402582     -14.159022      11.268223    -159.907578      86.277550     -26.460350       0.047627      -2.170115     -20.936687      -4.627980      83.312744     -76.976875     -88.941887     -33.024479      89.742607      -5.160343      -4.246632       3.730362    -128.465607     -88.835136      42.616287      -4.910848       4.670821     -21.627768
     -40.203747      25.452480      -0.030306      24.554255     -23.899183     107.559631      87.011429     -77.165405     168.325424      -6.515997     -15.862616      -6.249327      -0.369647     -19.745029     -17.566538      -2.255486     -27.495974       3.260365      -3.850439     -34.208660       0.347178      93.130020      -0.296324     -82.920021      -0.477401     -30.827400      64.090942      -0.056725      55.264233       0.053198     -39.929718       1.522152      -1.984451       1.228967       2.920573     -10.914314     -90.003319      -7.643265      90.015617     -94.316002      -2.099221    -133.435425      -9.842433      11.363712      -9.412490       0.086526     -42.184135      -0.143144      53.872921      -2.110827      -1.606188      -2.281582       1.715370       3.728172     -90.002899      -2.392948      90.230202      65.364159      73.257942    -155.834976      90.932419      51.240864      90.361275     -12.814951     -13.750061      11.692841    -160.818481      86.064728     -25.286655       0.049224      -2.218358     -20.868635     -18.941603      82.992195     -62.041359     -88.944229     -33.149609      89.745583      -5.258076      -3.824595       3.456967    -118.804901     -88.970009      52.302551      -4.915397       4.616518     -21.593258
     -41.987061      24.023872      -0.012747      26.261635     -22.511732     110.854393      79.539528     -81.381996     162.435532      -6.068316     -15.187685      -5.876194      -0.198938     -19.993786     -17.102303      -4.457482     -42.842251       2.431714      -3.625084     -32.918533       0.509966      93.005997      -0.277637     -82.963364      -0.005980     -31.600088      62.285534      -0.117468      57.483055       0.084261     -41.209911       1.585079      -1.978799       1.197533       2.502619     -11.017087     -89.982063      -6.611240      90.014633     -94.189552      -2.141333    -132.608704     -10.247922       8.659665      -9.534683       0.046869     -45.247578      -0.059354      54.668358      -2.178269      -1.555761      -2.442205       1.592263       4.171837     -90.015640      -1.161421      90.133972      64.260338      73.873451    -155.433533      90.927559      51.291935      90.356911     -12.247747     -13.382456      12.060033    -161.609573      85.858589     -24.247355       0.049624      -2.274381     -20.799732     -31.497414      82.377426     -48.872326     -88.945892     -33.275928      89.747574      -5.351219      -3.360711       3.177049    -103.344444     -89.088585      67.748703      -4.922334       4.534025     -21.586628
     -43.743015      22.995472       0.119777      29.185030     -20.425220     113.012100      73.683990     -85.182159     157.545013      -6.609741     -15.695028      -5.702141      -0.560040     -20.894981     -15.041575     -10.134380     -45.597012      -9.661274      -2.538225     -32.190609       3.559287      92.990440      -0.255556     -82.967186      -1.983331     -31.411196      58.023071      -0.182313      59.623352       0.159091     -42.435417       1.649763      -1.975014       1.246152       2.273725     -11.023376     -89.966202      -5.858388      90.025375     -94.065956      -2.145822    -130.905869      -9.438071       5.241970      -8.101435       0.097848     -48.112038       0.104121      55.455040      -2.219521      -1.521160      -2.498176       1.741459       4.607541     -90.038002       0.240968      90.043488      63.714245      74.710098    -156.318604      90.925064      51.349667      90.354660     -11.816324     -12.962461      12.408677    -162.891266      85.557060     -22.764866       0.042432      -2.377213     -20.728607     -43.146778      81.722885     -36.445351     -88.947304     -33.430019      89.749588      -5.211931      -2.787611       2.884638     -77.290222     -89.121956      93.647537      -4.936038       4.397275     -21.620775
     -45.486576      22.227709       0.351976      32.813324     -18.082836     114.813011      66.619019     -87.330185     151.960754      -6.811098     -15.951881      -4.886263      -0.879267     -21.044783     -14.380253     -12.142241     -45.049442     -14.576077      -2.521401     -31.516006       3.336001      92.241318      -0.277592     -83.274414      -4.674576     -29.208321      55.783966      -0.209520      61.677536       0.200160     -43.629341       1.721553      -1.958592       1.244669       2.344666     -11.071157     -89.958313      -5.134897      90.035072     -93.881630      -2.135162    -128.568466      -8.473305       2.046850      -6.992304       0.144285     -50.878277       0.208812      56.225204      -2.260198      -1.487559      -2.497753       1.417069       5.126157     -90.036659       0.759014      90.009972      63.374634      74.911514    -157.543579      90.924774      51.405796      90.352310     -11.650896     -12.637152      12.665360    -163.899414      85.292709     -21.697433       0.035888      -2.467674     -20.697527     -48.243023      81.296165     -30.167276     -88.947342     -33.589294      89.752617      -5.043158      -2.362217       2.667677     -58.960114     -89.023956     111.793671      -4.944491       4.287051     -21.671333
     -47.206390      21.544731       0.614509      36.334354     -15.809587     116.607300      55.401993     -88.349915     142.590195      -6.590028     -15.648460      -3.704531      -1.014837     -20.848890     -14.439070     -11.888684     -44.284740     -14.554897      -2.511111     -31.038811       3.092436      91.713791      -0.236959     -83.629402      -6.608870     -26.643253      55.487110      -0.202439      63.658188       0.203598     -44.786907       1.791520      -1.927043       1.220162       2.463677     -11.017601     -89.958549      -4.445910      90.038918     -93.731079      -2.082782    -126.064117      -7.422027      -1.020084      -6.098844       0.172722     -53.526894       0.261065      56.971836      -2.298469      -1.454557      -2.487199       1.001852       5.697218     -90.034416       1.252447      89.991211      63.080910      74.487442    -158.677490      90.925835      51.457645      90.350060     -11.652765     -12.466461      12.809813    -164.383636      85.145691     -21.267538       0.033796      -2.509982     -20.707325     -48.342449      81.241531     -28.792366     -88.946838     -33.728523      89.755287      -4.951402      -2.162796       2.553928     -52.509075     -88.950912     118.112274      -4.945442       4.240350     -21.706154
     -48.907467      20.854836       0.856014      39.496151     -13.637838     118.394157      42.269054     -88.834076     131.357376      -6.230418     -15.210326      -2.395432      -1.015261     -20.421032     -14.448980     -11.555988     -43.743065     -14.141275      -2.473517     -30.343126       2.957289      91.649063      -0.156848     -83.674751      -8.386463     -24.082508      55.440636      -0.186925      65.554710       0.196663     -45.906246       1.854219      -1.890195       1.178586       2.391859     -10.869836     -89.961578      -3.793102      90.038826     -93.591072      -1.970586    -123.203278      -6.365568      -4.014064      -5.141134       0.192281     -56.064896       0.293032      57.693871      -2.332289      -1.421648      -2.483150       0.635559       6.428498     -90.031898       1.720059      89.980484      62.905373      73.781319    -159.808136      90.953194      51.476147      90.358482     -11.697299     -12.396131      12.879789    -164.562820      85.079941     -21.175911       0.033991      -2.520900     -20.733280     -46.087452      81.421524     -29.934111     -88.946465     -33.835369      89.756729      -4.922283      -2.097641       2.504049     -51.413349     -88.929565     119.124809      -4.943086       4.232829     -21.723867
     -50.594986      20.126875       1.065841      42.267879     -11.617701     120.127197      26.476017     -89.060349     117.423286      -5.794039     -14.840411      -1.031123      -0.895098     -20.030478     -14.316571     -11.235430     -43.220963     -13.716036      -2.431287     -29.629671       2.850169      91.660713      -0.066826     -83.665833     -10.099433     -21.544798      55.504547      -0.173643      67.380455       0.187732     -46.989079       1.911434      -1.852008       1.131579       2.276608     -10.669447     -89.965103      -3.174164      90.036995     -93.456993      -1.792436    -119.854233      -5.296006      -6.931100      -4.116353       0.207824     -58.498596       0.314656      58.393433      -2.362643      -1.389258      -2.474548       0.339548       7.304454     -90.029312       2.163419      89.974632      62.726532      72.994453    -160.791382      90.937546      51.468891      90.352020     -11.739320     -12.365394      12.926292    -164.582504      85.056076     -21.242674       0.035846      -2.513818     -20.762449     -42.803997      81.684883     -32.312885     -88.946625     -33.919258      89.757317      -4.908196      -2.087181       2.480980     -52.293102     -88.933167     118.180260      -4.939600       4.242143     -21.733744
     -52.270069      19.351433       1.247632      44.670448      -9.803464     121.788635      10.716469     -89.136742     103.491753      -5.328490     -14.564702       0.340570      -0.723823     -19.754150     -14.143876     -10.937186     -42.728943     -13.300818      -2.387810     -28.937941       2.759794      91.710175       0.029723     -83.651505     -11.763723     -19.054804      55.628765      -0.163830      69.138329       0.178642     -48.036613       1.964128      -1.813833       1.086182       2.158663     -10.461665     -89.968613      -2.586973      90.034355     -93.317978      -1.548589    -115.996651      -4.212817      -9.751455      -3.023691       0.221770     -60.830902       0.331741      59.071110      -2.389978      -1.357857      -2.464689       0.157854       8.282489     -90.026794       2.584081      89.971756      62.665550      72.188210    -161.704010      90.931435      51.451988      90.349243     -11.778978     -12.351086      12.958013    -164.564667      85.044579     -21.340586       0.037763      -2.503037     -20.790510     -39.150730      81.940521     -35.250877     -88.947029     -33.990910      89.757370      -4.883933      -2.094745       2.467034     -53.874947     -88.944984     116.532440      -4.935675       4.258009     -21.742542
     -53.933174      18.525278       1.406130      46.752686      -8.223082     123.390076      -1.565201     -89.126144      93.019058      -4.852536     -14.370185       1.697183      -0.537308     -19.572762     -13.996170     -10.722926     -42.426449     -12.932547      -2.343410     -28.267351       2.685362      91.782066       0.129271     -83.636223     -13.381754     -16.623257      55.802097      -0.157620      70.830772       0.170879     -49.050110       2.012923      -1.776138       1.043907       2.041850     -10.262311     -89.971909      -2.029513      90.031380     -93.174660      -1.237543    -111.631485      -3.114626     -12.464282      -1.864193       0.235986     -63.066006       0.348288      59.727360      -2.414658      -1.327679      -2.459311       0.109323       9.323736     -90.024475       2.983466      89.970543      62.716949      71.379387    -162.526230      90.929199      51.436611      90.347878     -11.817039     -12.344842      12.982451    -164.529297      85.039253     -21.451855       0.039693      -2.490672     -20.817692     -35.553265      82.155396     -38.295967     -88.947556     -34.053425      89.757126      -4.845011      -2.105941       2.456054     -55.602287     -88.957741     114.733368      -4.931759       4.275357     -21.752661
     -55.585423      17.647398       1.545158      48.541828      -6.901628     124.944832      -9.598548     -89.077606      86.782669      -4.375671     -14.229562       3.033196      -0.350408     -19.452543     -13.893743     -10.648496     -42.474293     -12.639602      -2.297296     -27.616320       2.630042      91.861771       0.227740     -83.618385     -14.952702     -14.259919      56.018673      -0.154850      72.460060       0.165131     -50.030842       2.058405      -1.739150       1.004881       1.925806     -10.081257     -89.975029      -1.499933      90.028305     -93.019188      -0.872752    -106.911415      -2.013369     -15.072456      -0.459540       0.250721     -65.196297       0.365678      60.362301      -2.436060      -1.299815      -2.477357       0.389943      10.293061     -90.022057       3.362976      89.970741      62.856045      70.566292    -163.224442      90.928734      51.425835      90.347145     -11.853655     -12.344370      13.002059    -164.479553      85.038780     -21.574394       0.041674      -2.477012     -20.844347     -32.266544      82.342918     -41.179073     -88.845856     -34.109154      89.731880      -4.793756      -2.114495       2.451378     -56.821407     -88.966316     113.436897      -4.929181       4.286922     -21.764862
     -57.233803      16.730024       1.657383      50.248734      -5.887512     126.430473     -21.380396     -88.989792      76.887398      -3.948738     -14.160922       4.189509      -0.396839     -19.810350     -14.597542     -10.691271     -42.938774     -12.309222      -2.227492     -26.996162       2.683884      91.909912       0.225430     -83.381294     -14.103841     -14.245482      56.955780      -0.164781      73.459488       0.170816     -50.987873       2.076360      -1.702121       0.843536       0.795619     -11.012663     -89.998100       3.565791      90.096809     -92.636620      -0.448022    -101.612061      -0.896015     -17.400330       0.804864       0.260545     -67.206497       0.373383      60.978127      -2.455259      -1.275210      -2.521800       1.027854      10.911755     -90.019012       3.723930      89.972389      63.184605      69.821869    -163.856552      90.883278      51.430153      90.329964     -11.862748     -12.347066      13.016870    -164.427582      85.040245     -21.685717       0.043281      -2.464777     -20.867361     -29.516068      82.446472     -43.544540     -88.901474     -34.171623      89.744820      -4.740952      -2.114692       2.431112     -58.470619     -88.975800     111.707634      -4.924853       4.306091     -21.777224
     -58.887886      15.801663       1.754372      52.067772      -5.008657     127.753090     -35.431404     -89.062965      64.548576      -3.810080     -14.292494       4.956606      -0.846397     -20.819456     -15.802415     -10.513021     -42.780903     -11.895520      -2.163275     -26.766100       2.700127      91.941650       0.226772     -82.944748     -12.647042     -15.604351      56.092777      -0.219469      74.891258       0.216333     -51.917603       2.098622      -1.668497       0.689011       0.093764     -11.901123     -90.006050       9.497459      90.137177     -91.093582       0.149857     -95.520401       0.234714     -19.600416       2.117656       0.269234     -69.126526       0.379185      61.573444      -2.472924      -1.250768      -2.596399       1.819042      11.429552     -90.016129       4.067330      89.974350      63.629230      69.207657    -164.520187      90.762650      51.450546      90.285782     -11.839696     -12.332103      13.040147    -164.445084      85.025215     -21.708021       0.043713      -2.461294     -20.882820     -27.596901      82.624565     -45.095127     -88.929443     -34.242588      89.751144      -4.661811      -2.080747       2.410528     -57.778687     -88.967377     112.303078      -4.924211       4.303131     -21.795036
     -60.561123      14.906104       1.879453      54.225605      -4.463798     128.892441     -21.156059     -89.383629      79.477661      -3.681468     -15.560330       5.616932      -1.295756     -20.371367     -16.730755     -10.371370     -42.666962     -11.541615      -2.103728     -26.940161       2.683315      92.012466       0.279749     -82.983131     -11.125763     -17.101681      55.191158      -0.276990      76.269684       0.265687     -52.814487       2.122715      -1.636204       0.544625      -0.722574     -12.666889     -90.011269      14.368616      90.140503     -88.572731       1.038323     -89.333885       1.375892     -21.681297       3.481412       0.283583     -70.967735       0.392029      62.148808      -2.488988      -1.226302      -2.702310       2.760782      11.963396     -90.013741       4.394184      89.976242      64.280296      68.547920    -165.098831      90.606949      51.503838      90.229301     -11.802170     -12.278547      13.089751    -164.582626      84.977203     -21.597933       0.042931      -2.472135     -20.891930     -24.759333      82.858246     -47.284088     -88.941757     -34.359257      89.753845      -4.535864      -2.002093       2.367171     -55.473106     -88.941444     114.474670      -4.924048       4.288224     -21.823690
     -62.220032      14.019385       2.023260      56.447113      -4.111331     130.060806      46.301216     -89.317757     146.754608      -3.315409     -16.475195       6.945081      -1.417105     -20.048407     -17.232561     -10.258609     -42.574375     -11.223834      -2.046333     -27.228977       2.673162      91.978325       0.332031     -83.064682      -9.233298     -19.176147      54.129990      -0.329685      77.606949       0.310112     -53.682343       2.150850      -1.603982       0.402811      -1.444675     -13.464033     -90.010017      16.053019      90.105743     -87.207039       1.590317     -86.042152       2.232343     -22.428764       8.705532       0.285612     -72.756348       0.392131      62.705219      -2.509957      -1.200881      -2.797126       3.256761      12.465152     -90.012093       4.705510      89.976196      64.888596      67.694984    -165.577576      90.407181      51.586372      90.156395     -11.837997     -12.256539      13.113676    -164.678284      84.945374     -21.569004       0.042661      -2.477066     -20.909269     -20.426243      83.098015     -50.988686     -88.946976     -34.466534      89.754997      -4.397882      -1.971321       2.349519     -54.752235     -88.930267     115.055099      -4.922418       4.283327     -21.855145
     -63.848347      13.101489       2.191302      58.536819      -3.939076     131.243774      71.805290     -88.612694     172.124954      -2.827924     -17.359568       8.495197      -1.462941     -19.803677     -17.608984     -10.144135     -42.495136     -10.909098      -1.991865     -27.208630       2.667661      91.883202       0.384710     -83.174202      -7.022677     -21.794443      52.949448      -0.373480      78.901520       0.346021     -54.519363       2.181947      -1.571825       0.295564      -1.954611     -14.136018     -90.004974      15.733740      90.062622     -87.528221       1.499048     -86.064522       2.404891     -21.254316      17.666727       0.279075     -74.481384       0.386538      63.249355      -2.528965      -1.173461      -2.865113       3.703717      13.120386     -90.009407       5.002122      89.976067      65.489136      66.746658    -165.954468      90.215874      51.664970      90.086433     -11.923086     -12.264474      13.116014    -164.706238      84.935043     -21.641123       0.043153      -2.473011     -20.940125     -15.889176      83.260620     -55.009106     -88.949150     -34.544689      89.755142      -4.259220      -1.972349       2.346126     -55.381348     -88.933899     114.292046      -4.919516       4.290699     -21.886332
     -65.454300      12.163399       2.365937      60.773567      -4.011759     132.545349      84.064491     -87.298164     184.241592      -2.633515     -17.663820       9.170084      -1.619424     -19.612400     -17.930799     -10.040040     -42.426804     -10.612924      -1.942652     -27.054932       2.661609      91.735779       0.436494     -83.302826      -5.242368     -23.966776      51.923908      -0.423985      80.155350       0.391322     -55.328899       2.214142      -1.541038       0.206559      -2.283926     -14.810908     -90.001541      15.203168      90.032768     -87.782539       1.435744     -86.058716       1.825504     -19.001945      26.104080       0.275373     -76.141869       0.379913      63.776154      -2.545660      -1.146756      -2.956457       4.253343      13.824630     -90.006813       5.284961      89.976822      66.297737      65.694145    -166.369690      89.921829      51.756199      89.979095     -12.002357     -12.286947      13.104809    -164.708496      84.934349     -21.738529       0.043552      -2.467064     -20.971308     -10.303601      83.442642     -60.013729     -88.950134     -34.618736      89.755104      -4.151422      -1.984581       2.352122     -56.137371     -88.939880     113.421761      -4.917311       4.297238     -21.913351
     -67.032326      11.191613       2.538419      63.215046      -4.304996     133.978104      89.039574     -85.630836     188.980530      -2.708995     -17.554701       9.101314      -1.795716     -19.483013     -18.128094     -10.433460     -42.349506     -10.853573      -2.132167     -27.445414       2.764820      91.178574       0.347645     -83.656746      -4.363412     -25.366802      51.082447      -0.411908      80.697632       0.374200     -55.847328       2.237242      -1.514946       0.106754      -2.446123     -15.858366     -90.000504      15.213433      90.019226     -87.989014       1.531012     -86.115379       0.264126     -16.210737      33.887764       0.268464     -77.519051       0.354619      64.083954      -2.557822      -1.133162      -3.104397       4.534698      15.859313     -90.003426       6.966516      89.947273      67.217949      64.547806    -166.751465      89.516563      51.890781      89.830330     -12.101278     -12.336568      13.067155    -164.681915      84.945038     -21.841185       0.043699      -2.461440     -21.004601      -3.770350      83.582603     -65.851646     -88.993195     -34.714752      89.765373      -4.074090      -2.016148       2.371829     -61.111649     -88.984070     108.296600      -4.916213       4.298716     -21.927593
     -68.586548      10.135503       2.691560      65.796356      -4.581339     135.333450      92.100800     -83.999649     191.721756      -2.978683     -17.658686       8.826135      -2.115277     -19.411486     -18.243080     -11.694599     -42.270184     -12.132934      -2.960035     -28.548124       2.210231      90.433937       0.176141     -84.359482      -4.507235     -26.086979      49.931767      -0.322505      80.260147       0.278181     -56.058189       2.247865      -1.498471      -0.016347      -3.119150     -18.929804     -89.999802      15.221302      90.010361     -88.236198       2.017831     -86.232948      -2.437009     -13.245093      40.830795       0.251286     -78.330627       0.307901      64.105804      -2.560843      -1.135057      -3.504606       4.653088      20.755617     -89.982201      11.372629      89.889824      68.084106      63.555885    -167.100159      89.080734      52.070549      89.668404     -12.173388     -12.407925      13.006538    -164.640991      84.962433     -21.918140       0.042936      -2.456127     -21.032045       1.286202      83.661491     -70.148811     -89.155556     -34.827221      89.803970      -4.043451      -2.052980       2.396698     -80.272491     -89.068054      88.965050      -4.916029       4.295963     -21.937960
     -70.124680       9.004992       2.841154      68.526848      -4.761401     136.642654      95.345360     -82.250168     194.547226      -3.451919     -17.876978       8.437763      -2.586873     -19.404293     -18.270914     -13.212454     -42.146332     -13.762415      -3.959571     -28.478687       1.467920      90.020851       0.109599     -85.212044      -5.121203     -26.471354      48.329399      -0.258984      79.782410       0.210102     -56.250431       2.257097      -1.486050      -0.228891      -4.346176     -23.908291     -89.999298      15.229046      90.004570     -88.717186       2.654937     -86.115158      -5.905399     -10.099818      47.072655       0.238752     -78.893562       0.271262      64.079834      -2.560721      -1.138675      -4.119216       5.493782      26.107252     -89.935959      16.710081      89.847549      69.244545      62.576969    -167.793030      88.910225      52.252701      89.600853     -12.229529     -12.470178      12.906886    -164.730240      84.952400     -21.850822       0.036949      -2.485566     -21.043177       5.868960      83.737434     -73.939911     -89.380539     -34.940075      89.857742      -4.014727      -2.085581       2.421850    -104.062027     -89.017197      65.082207      -4.916290       4.295883     -21.948696
     -71.645882       7.801812       2.986960      71.370956      -4.894775     137.956635      97.795212     -80.377502     196.444412      -3.970271     -18.074476       8.081442      -3.095966     -19.381212     -18.340664     -14.395875     -41.955143     -14.789074      -4.804427     -27.808731       0.956081      89.609535       0.156765     -86.264069      -5.953702     -26.631550      46.685181      -0.224690      79.401215       0.173558     -56.435223       2.265995      -1.475597      -0.484099      -5.276111     -29.850702     -89.998978      15.236673      90.000908     -89.344200       3.330395     -85.848793      -9.638710      -7.275080      52.778137       0.236960     -79.352875       0.251029      64.074608      -2.560554      -1.140603      -4.712574       7.220459      28.596037     -89.972244      15.824232      89.914917      70.403244      61.481647    -168.531906      89.001808      52.442703      89.628937     -12.281555     -12.528660      12.824210    -164.805283      84.948235     -21.801466       0.030551      -2.509430     -21.056683      10.368464      83.790039     -77.619514     -89.623566     -35.059315      89.916313      -3.995707      -2.127583       2.452482    -124.153999     -88.801727      44.974110      -4.916370       4.296801     -21.960331
     -73.143715       6.524032       3.116317      74.348160      -4.912655     139.338745      99.666878     -78.500954     197.632538      -4.486681     -18.217657       7.795829      -3.612770     -19.294531     -18.465811     -15.280400     -41.747860     -15.280629      -5.445750     -26.880730       0.829442      89.193390       0.245976     -87.508492      -6.720452     -26.555758      45.374893      -0.238619      79.496994       0.190687     -56.603012       2.274863      -1.465546      -0.538249      -5.315291     -34.169357     -89.998894      15.266680      89.999115     -90.115723       3.961479     -85.445358     -13.351192      -4.886244      57.993832       0.239567     -79.580032       0.239041      64.145973      -2.562166      -1.138803      -5.466660       9.862754      30.835163     -90.007210      14.404893      89.964310      71.319016      60.338696    -169.175797      89.051186      52.655540      89.641899     -12.335172     -12.598618      12.744337    -164.818253      84.956001     -21.819391       0.027174      -2.518573     -21.074413      15.121790      83.822960     -81.552032     -89.928017     -35.160316      89.989891      -3.994976      -2.186358       2.494363    -138.961563     -88.423210      30.302816      -4.916418       4.298006     -21.975222
     -74.615913       5.173791       3.219188      77.462402      -4.844822     140.822784     101.304680     -76.680077     198.466797      -5.025513     -18.368904       7.500700      -4.159678     -19.033781     -18.638235     -16.018463     -41.528374     -15.444590      -5.988912     -25.968451       0.989344      88.877808       0.399195     -88.778038      -7.553340     -26.244600      44.230549      -0.263458      79.775780       0.219335     -56.775703       2.283736      -1.456181      -0.492576      -5.033937     -36.624084     -89.998924      15.273616      89.997780     -91.099312       4.738344     -84.951607     -17.156797      -3.097661      62.895100       0.232773     -79.876366       0.224283      64.032318      -2.557832      -1.144895      -6.526533      11.778502      32.814987     -89.997948      14.804637      89.971542      72.109955      59.154713    -169.793365      89.076141      52.875233      89.646385     -12.390498     -12.688194      12.649802    -164.801407      84.972290     -21.870884       0.024383      -2.521008     -21.094833      20.165123      83.812248     -85.767822     -90.278961     -35.250980      90.074966      -4.015553      -2.261796       2.547054    -149.257843     -87.879982      20.361490      -4.916559       4.300317     -21.991825
     -76.194023       3.816582       3.268018      81.104263      -4.252326     141.845444     101.305367     -73.562798     196.740433      -5.237224     -18.375677       7.459397      -4.370637     -18.376020     -18.472710     -16.120974     -41.283146     -14.707474      -6.266765     -25.058319       1.286455      88.590851       0.836812     -90.289253      -8.866446     -26.120646      42.477715      -0.228536      79.456306       0.178898     -57.052376       2.294894      -1.448119      -0.848471      -4.585183     -39.109966     -89.998993      15.280245      89.996887     -92.466866       5.213547     -84.182785     -21.694557      -1.701220      68.190933       0.221971     -80.003632       0.209034      63.789669      -2.548655      -1.157777      -7.062964      11.871296      34.736732     -89.977448      16.900192      89.963020      74.726135      58.902431    -167.067780      88.916367      44.002102      89.823563     -13.898602     -12.886161      12.391809    -165.104126      85.004318     -21.797197       0.020724      -2.412671     -20.875969      25.450258      84.073112     -90.291252     -90.758629     -35.353313      90.190590      -4.135459      -2.277062       2.561373    -152.095001     -87.683815      18.345953      -4.915673       4.310392     -22.019781
     -77.684059       3.121444       3.328943      90.736694      -0.231955     143.879242      89.739830     -72.149475     179.382111      -3.403905     -17.730970       1.176077      -3.909344     -18.898397     -12.807802     -15.009942     -41.295776     -11.813123      -6.313357     -24.333775       1.367699      88.839539       1.669775     -91.665596     -11.039421     -25.613939      40.043663      -0.171767      78.666161       0.116102     -57.348885       2.306318      -1.439392      -1.182199      -3.934434     -41.736904     -89.999153      15.286900      89.996292     -93.979599       5.318491     -83.419312     -25.510439      -0.841592      73.533096       0.222869     -79.926216       0.203872      63.573078      -2.542086      -1.170049      -7.331831      11.561408      35.752934     -89.985222      16.896687      89.974274      88.257729      58.088417    -178.703568      88.879227      39.767498      89.878517     -14.411361     -12.613934      12.513534    -165.844437      84.800812     -21.165333       0.003903      -2.579753     -20.981295     101.256927      85.622948    -163.946884     -91.200584     -36.860325      90.331276      -3.967149      -2.432774       2.730133    -150.868683     -87.819740      19.795956      -4.929349       4.266449     -21.980288
     -79.092064       3.122350       3.311537      91.038162      -0.108439     146.660141      89.009834     -71.833359     178.127548      -2.990626     -17.882452       0.985331      -3.119527     -18.508745     -12.310640     -13.883622     -40.711655      -9.024592      -5.428529     -25.522278       4.760732      88.723129       2.513285     -92.512596     -14.383514     -27.237566      37.314247      -0.169018      78.197533       0.111158     -57.628101       2.319168      -1.429366      -1.322244      -2.677024     -44.021698     -89.999123      15.293456      89.995804     -99.878647       4.383414     -83.135437     -27.179937      -0.605403      76.537285       0.236066     -79.928154       0.211344      63.695557      -2.546812      -1.163830      -6.970983      11.696951      34.906490     -89.991425      16.810293      89.981293      84.046547      55.236786    -175.575058      89.542542      36.265251      90.065453     -14.686685     -12.406881      12.681026    -166.105057      84.720680     -20.967312      -0.000370      -2.627299     -21.030006      80.343796      84.133453    -150.573135     -90.622879     -44.496407      90.351822      -3.670116      -2.668067       2.885262    -157.801422     -86.822693      10.851685      -4.937028       4.247375     -21.933632
     -80.258614       3.134727       3.277970      92.027710       0.752288     148.347412      88.905510     -70.509521     176.902054      -2.656428     -18.156183       0.715215      -2.441406     -17.489187     -12.073757     -12.512501     -39.922489      -6.825720      -4.515594     -25.752754       6.572355      89.073921       3.335752     -93.512222     -16.381216     -27.904589      35.216732      -0.180854      77.924973       0.122275     -57.950489       2.333791      -1.416167      -1.519121      -1.940243     -45.119957     -89.999313      15.299930      89.995743    -101.711761       4.316873     -82.559349     -27.204376      -2.687993      76.763214       0.243326     -79.814537       0.218262      63.705276      -2.545060      -1.163805      -6.695835      12.321945      33.783100     -90.001282      16.230230      89.984535      82.406425      54.144745    -175.229431      90.209221      33.260799      90.211792     -15.123116     -12.351790      12.707390    -166.239273      84.700035     -20.922235      -0.003690      -2.617197     -21.072371      72.951584      84.549286    -149.735489     -90.371193     -50.121712      90.348839      -3.780125      -3.124253       3.125875    -162.474716     -85.419006       4.955348      -4.921670       4.373398     -22.014418
     -81.195656       3.179441       3.268549      92.997093       1.832858     149.662140      89.232956     -69.022957     176.019226      -2.408760     -18.496754       0.437756      -1.865287     -15.752921     -11.851900     -11.362217     -39.022278      -5.425146      -3.862444     -25.697699       7.414393      89.376968       3.918214     -94.321136     -17.559423     -27.752068      33.990875      -0.194856      77.859024       0.138626     -58.260025       2.346978      -1.401762      -1.727689      -1.961936     -45.401993     -89.999413      15.306251      89.995621    -101.742538       4.504556     -82.574852     -26.731432      -5.016581      76.801491       0.241995     -79.664909       0.217316      63.689384      -2.542709      -1.164662      -6.339884      12.598948      32.920444     -90.002975      15.946229      89.988083      81.045601      53.747074    -175.368851      90.885811      30.641447      90.345467     -15.757636     -12.199244      12.785805    -166.582352      84.624763     -20.699930      -0.012607      -2.645814     -21.121796      60.955578      85.846146    -143.868576     -90.314606     -54.214069      90.359299      -3.720697      -3.775618       3.481962    -163.299927     -85.231506       4.784841      -4.894555       4.613979     -22.150230
     -81.935524       3.244667       3.287868      94.162125       2.874838     150.854248      89.877876     -67.617134     175.157272      -2.244619     -18.509974       0.033801      -1.328480     -13.953889     -11.590830     -10.415932     -38.029232      -4.522999      -3.399280     -25.619436       7.680801      89.793564       4.186002     -94.898148     -18.456148     -27.313133      33.261078      -0.206343      77.933243       0.152959     -58.535023       2.358467      -1.388109      -1.874644      -2.046675     -45.503887     -89.999405      15.312446      89.995506    -101.545448       4.657690     -82.542870     -26.322554      -6.273324      76.854095       0.238475     -79.675499       0.212296      63.679016      -2.542182      -1.164853      -6.179725      12.720281      32.409313     -90.003593      15.506674      89.989525      79.637108      53.714901    -175.335327      91.192764      28.260143      90.389687     -16.420292     -11.985738      12.955498    -166.936310      84.538063     -20.481752      -0.020603      -2.674173     -21.189510      32.805916      87.417137    -121.052055     -90.321114     -56.623337      90.352798      -4.082687      -4.135019       3.693441    -165.187042     -84.646530       4.176277      -4.893516       4.680265     -22.183825
     -82.591736       3.318147       3.272873      94.823196       4.420256     153.072617      89.612106     -67.308716     174.031784      -1.970974     -18.139694      -0.298543      -0.731616     -12.183087     -11.523174      -9.747431     -37.380440      -3.942322      -3.039854     -25.567322       7.834750      90.032005       4.316345     -95.057648     -19.229618     -26.806091      32.665596      -0.211300      77.932953       0.160260     -58.780922       2.368220      -1.376135      -1.962088      -2.037744     -45.497555     -89.999405      15.318496      89.995407    -101.302032       4.727185     -82.498253     -25.907433      -7.091663      76.784294       0.236320     -79.618752       0.208343      63.729729      -2.544538      -1.162965      -5.984583      12.845856      32.111671     -90.002228      15.477106      89.991425      77.842262      52.933094    -175.715195      91.114693      25.916584      90.351845     -16.839029     -11.728019      13.158570    -167.283936      84.434738     -20.224527      -0.028128      -2.724835     -21.248238      21.884426      87.391174    -109.844009     -89.641006     -48.308384      89.768745      -3.609688      -4.267601       4.010983    -162.194550     -85.699188       5.794877      -4.972366       4.628860     -21.773512
     -83.061073       3.404529       3.291106      95.367805       6.125999     154.578979      89.124908     -66.751808     172.710907      -1.567106     -17.444065      -0.601494      -0.002028     -10.935096     -11.391966      -9.338730     -36.821476      -3.693300      -2.780508     -25.400335       8.012135      90.156090       4.372000     -95.193756     -19.684814     -26.458885      32.365017      -0.214669      77.971016       0.165630     -59.009167       2.377047      -1.365148      -2.011291      -1.996286     -45.454094     -89.999359      15.324448      89.995331    -101.060524       4.728808     -82.476540     -25.621397      -7.646034      76.661835       0.237346     -79.613541       0.207377      63.804562      -2.547942      -1.159922      -5.817050      12.953559      31.873604     -90.001183      15.480303      89.992584      76.036049      53.118111    -176.162018      91.080757      23.693510      90.328377     -17.213148     -11.457757      13.362665    -167.666534      84.321190     -19.904137      -0.038746      -2.786420     -21.278393      -8.351817      87.297035     -79.508812     -88.798706     -40.468559      89.445747      -3.800440      -4.120973       3.924090    -148.660538     -87.801155      19.097275      -4.968848       4.657157     -21.890240
     -83.344925       3.511374       3.320676      95.797836       8.176993     155.638290      87.869232     -66.705940     170.755432      -0.957060     -16.960392      -0.909158       0.726298     -10.314498     -11.179336      -9.076830     -36.354683      -3.510518      -2.658063     -25.048340       8.073013      90.243523       4.385512     -95.338264     -19.959658     -26.209988      32.188091      -0.217026      78.036560       0.169581     -59.222870       2.385189      -1.355146      -2.037594      -1.966117     -45.378738     -89.999336      15.330283      89.995277    -100.839745       4.689581     -82.464806     -25.435465      -8.030658      76.595131       0.238585     -79.622643       0.206981      63.884350      -2.551504      -1.156677      -5.702973      13.027731      31.692238     -90.000488      15.483455      89.993271      74.199020      54.066639    -176.862335      91.071388      21.665352      90.313553     -17.552160     -11.148250      13.595320    -168.088058      84.188484     -19.534163      -0.051577      -2.863111     -21.304041     -41.640900      85.847237     -46.034111     -88.973190     -32.508984      89.524384      -4.257068      -3.835368       3.643561     -48.236324     -88.724983     121.553490      -4.950966       4.706589     -22.012951
     -83.469604       3.604395       3.379089      96.009956      10.036145     156.614273      86.196236     -67.410309     168.601166      -0.281778     -16.675562      -0.817159       1.197507     -10.308637     -11.284298      -8.899674     -36.000546      -3.300631      -2.617612     -24.644379       8.085057      90.285294       4.382072     -95.438828     -20.166887     -26.001209      32.058403      -0.218715      78.106415       0.172392     -59.427235       2.392957      -1.345919      -2.054405      -1.939476     -45.289425     -89.999290      15.336036      89.995232    -100.653442       4.634070     -82.495773     -25.282904      -8.332769      76.554733       0.239985     -79.642693       0.207135      63.970718      -2.555172      -1.153132      -5.610233      13.090610      31.522398     -90.000038      15.486556      89.993645      71.463501      54.699059    -176.645706      91.084702      21.665617      90.284966     -17.746212     -13.082088      12.638564    -139.976639      87.547920     -49.316097       0.171061      -2.538803     -22.104710     -58.246132      83.586708     -29.057817     -89.056770     -24.417797      89.578850      -4.870914      -3.580604       3.427095     -12.785662     -85.852089     161.478241      -4.939929       4.717895     -22.118584
     -83.536339       3.674503       3.445516      96.204842      11.390471     157.388702      84.821503     -68.054222     166.692413       0.287924     -16.227850      -0.591716       1.574944     -10.639659     -11.317154      -8.781383     -35.681953      -3.060023      -2.625902     -24.200024       8.112254      90.209709       4.359092     -95.559959     -20.277327     -25.851088      31.990437      -0.220888      78.220772       0.175428     -59.625938       2.400513      -1.337104      -2.067122      -1.936513     -45.184025     -89.999245      15.341698      89.995193    -100.526764       4.598668     -82.585518     -25.184338      -8.632175      76.578766       0.240930     -79.664673       0.207404      64.051872      -2.558373      -1.149736      -5.547703      13.134128      31.391768     -89.999741      15.489624      89.993866      67.941132      55.077553    -175.207443      91.092400      21.445744      90.269997     -18.067757     -14.346182      11.866472     -45.152237      87.349129    -144.381805       0.300771      -1.485476     -22.297169     -66.501976      80.899391     -20.080446     -88.855797     -16.203096      89.571060      -5.709057      -3.159569       3.098119     -10.267063     -82.709686     171.060760      -4.936753       4.672188     -22.208105
     -83.585556       3.729149       3.509665      96.302727      12.451320     158.205505      83.511848     -68.762726     164.892166       0.784896     -15.768453      -0.261941       1.892167     -11.031982     -11.290468      -8.705447     -35.426083      -2.817798      -2.663662     -23.772198       8.134270      90.054337       4.326180     -95.641235     -20.349873     -25.741196      31.932083      -0.223812      78.372826       0.178918     -59.821072       2.408007      -1.328607      -2.075830      -1.944126     -45.064548     -89.999222      15.347234      89.995171    -100.416031       4.583124     -82.689423     -25.126022      -8.911945      76.615891       0.241454     -79.684097       0.207557      64.127022      -2.561201      -1.146580      -5.511656      13.160335      31.298134     -89.999557      15.492650      89.994011      63.155884      54.816776    -172.583954      91.097557      21.247105      90.261276     -18.231678     -15.291160      11.391989     -33.443924      86.383377    -156.230362       0.427033      -0.495502     -22.436190     -70.639641      78.408615     -15.207613     -88.908554     -11.127579      89.642731      -9.125476      -6.876404       5.104711     -24.785793     -86.495552     165.171127      -6.263302      -0.708472     -23.181232
     -83.635490       3.777364       3.562420      95.972984      13.541358     159.310791      81.745415     -69.672859     163.042267       1.293244     -15.296793       0.222184       2.167952     -11.434313     -11.281427      -8.690008     -35.271992      -2.643551      -2.739654     -23.385660       8.087249      89.855148       4.283242     -95.648102     -20.403204     -25.663034      31.860958      -0.226521      78.518402       0.182015     -60.007980       2.415128      -1.320672      -2.071760      -1.932292     -44.935757     -89.999191      15.352691      89.995155    -100.340424       4.587282     -82.729790     -25.125834      -9.106529      76.613983       0.241776     -79.699905       0.207559      64.196480      -2.563820      -1.143676      -5.502301      13.169032      31.240011     -89.999420      15.495642      89.994080      58.597908      54.171356    -170.483536      91.101906      21.047636      90.254326     -18.355831     -16.045078      10.975254     -29.979616      85.874008    -159.825256       0.521041       0.140388     -22.574528     -71.459373      76.856758     -14.119057     -88.515984      -9.690664      89.618347      -9.652276     -11.113861       7.605771    -179.833099     -81.433807      14.872253      -6.203411      -0.929224     -23.191774
     -83.682953       3.823139       3.612255      95.595131      14.590131     160.405273      79.805138     -70.547218     161.008957       1.813836     -14.829014       0.761260       2.434658     -11.826027     -11.209041      -8.689903     -35.180553      -2.478117      -2.828690     -23.032585       7.997117      89.624420       4.243776     -95.637146     -20.429571     -25.618685      31.815704      -0.229389      78.661514       0.185113     -60.190720       2.422075      -1.313057      -2.058803      -1.901401     -44.813477     -89.999168      15.358044      89.995132    -100.288445       4.596627     -82.759209     -25.164797      -9.255682      76.619446       0.241895     -79.716965       0.207448      64.260544      -2.566212      -1.140979      -5.510106      13.166562      31.204430     -89.999344      15.498589      89.994125      54.989376      53.556587    -169.188660      91.105087      20.900087      90.248940     -18.452404     -16.669571      10.630723     -27.836098      85.463249    -162.088455       0.598727       0.633207     -22.714525     -68.972046      75.438507     -16.298485     -88.672028      -7.693828      89.675873     -11.428150     -21.190716      12.889476    -176.803711     -82.769287      16.667463      -5.400963       3.974681     -21.491100
     -83.727463       3.865161       3.654826      95.136002      15.546547     161.490189      77.763252     -71.395432     158.934311       2.303165     -14.408444       1.321302       2.688675     -12.187895     -11.115690      -8.691623     -35.135422      -2.301972      -2.923206     -22.707317       7.878051      89.370331       4.206470     -95.602379     -20.452190     -25.588169      31.770075      -0.232299      78.805466       0.188136     -60.370506       2.428910      -1.305630      -2.043149      -1.863610     -44.696972     -89.999161      15.363325      89.995117    -100.255043       4.606338     -82.780777     -25.225685      -9.375215      76.627045       0.242066     -79.735687       0.207441      64.321770      -2.568491      -1.138398      -5.526809      13.158534      31.179285     -89.999275      15.501500      89.994125      52.149998      52.984859    -168.497345      91.107407      20.802923      90.244919     -18.517311     -17.171080      10.369326     -26.444542      85.135742    -163.586136       0.665162       1.023070     -22.849537     -66.195396      74.335472     -18.884315     -88.759186      -6.049506      89.713203     -10.721106     -27.792746      17.042221    -175.169357     -83.752533      17.731794      -5.386202       4.731468     -20.933966
     -83.765053       3.899778       3.685201      94.560043      16.353901     162.531052      75.664185     -72.196899     156.935394       2.748463     -14.088604       1.913491       2.876586     -12.487796     -11.061678      -8.698375     -35.146950      -2.108325      -3.030294     -22.413296       7.716120      89.104355       4.170967     -95.537056     -20.476278     -25.567589      31.721476      -0.235120      78.940613       0.190989     -60.546234       2.435575      -1.298452      -2.023041      -1.815575     -44.586983     -89.999161      15.368503      89.995110    -100.242836       4.613827     -82.793259     -25.301569      -9.462942      76.624054       0.242402     -79.756340       0.207607      64.381561      -2.570710      -1.135859      -5.546850      13.148620      31.157049     -89.999245      15.504358      89.994148      50.103195      52.479168    -168.346313      91.343422      20.724768      90.288673     -18.575258     -17.582895      10.145931     -25.481262      84.868118    -164.637924       0.722489       1.333519     -22.964012     -63.370453      73.455521     -21.686270     -88.799591      -5.075982      89.739510     -10.778022     -28.764044      17.479931    -175.003448     -82.604164      14.094402      -5.397443       5.234150     -20.534983
     -83.790833       3.926403       3.702369      94.016403      16.954332     163.368805      73.459068     -72.822388     154.966232       3.052997     -13.956340       2.334051       2.967334     -12.670505     -11.007771      -8.689977     -35.205452      -1.847979      -3.151353     -22.146540       7.500092      88.837997       4.141511     -95.453690     -20.511654     -25.551147      31.666338      -0.237779      79.067352       0.193577     -60.719467       2.442138      -1.291392      -2.002717      -1.759380     -44.484406     -89.999184      15.373596      89.995125    -100.245735       4.611598     -82.801514     -25.367361      -9.535235      76.606636       0.243001     -79.779984       0.208014      64.443199      -2.572988      -1.133246      -5.558635      13.144712      31.121023     -89.999222      15.507166      89.994156      48.188374      52.101795    -167.992691      91.234955      20.628206      90.265388     -18.582750     -17.918337      10.017528     -24.664238      84.619141    -165.546143       0.773321       1.611809     -23.084343     -62.170166      72.638855     -22.881210     -88.817932      -4.366334      89.757233     -10.722264     -28.467714      17.233582    -173.576920     -81.842369      11.092205      -5.381970       5.365277     -20.470379
     -83.815186       3.944045       3.713098      93.512024      17.431818     164.047455      71.190132     -73.251045     153.114822       3.201281     -13.954494       2.497710       3.010459     -12.720389     -10.961974      -8.661622     -35.302986      -1.518264      -3.285269     -21.905781       7.224509      88.595551       4.115844     -95.365257     -20.552593     -25.535612      31.610498      -0.240104      79.178474       0.195815     -60.890610       2.448595      -1.284450      -1.981863      -1.697053     -44.378128     -89.999184      15.378607      89.995102    -100.256912       4.600013     -82.808678     -25.409914      -9.599079      76.571121       0.243848     -79.807518       0.208658      64.509499      -2.575431      -1.130425      -5.554747      13.152002      31.059015     -89.999207      15.509939      89.994148      46.715797      51.803974    -167.783371      91.172783      20.550537      90.251259     -18.580263     -18.167725       9.934410     -24.494650      84.535194    -165.735046       0.818002       1.828054     -23.187542     -59.989216      72.068253     -25.119875     -88.821518      -3.745397      89.770042     -10.471841     -28.536367      16.914101    -173.100449     -82.219391      11.294436      -5.372315       6.794202     -19.807102
     -83.831970       3.957328       3.719100      93.089348      17.770296     164.572342      69.382462     -73.557907     151.647614       3.322701     -13.944724       2.639199       3.045242     -12.766055     -10.924057      -8.628520     -35.415489      -1.173489      -3.422076     -21.676811       6.928091      88.371490       4.088585     -95.285202     -20.582260     -25.522200      31.562290      -0.242070      79.277435       0.197752     -61.057808       2.454846      -1.277665      -1.959552      -1.636392     -44.264610     -89.999184      15.383533      89.995102    -100.278259       4.588462     -82.817162     -25.449411      -9.659605      76.529572       0.244760     -79.836136       0.209411      64.576889      -2.577866      -1.127551      -5.547387      13.161860      30.990768     -89.999176      15.512642      89.994141      45.587948      51.573895    -167.618408      91.140457      20.484922      90.243301     -18.592592     -18.393261       9.847133     -24.648129      84.545998    -165.558441       0.857871       2.009992     -23.275135     -57.125553      71.745323     -28.158054     -88.820724      -3.068235      89.777138     -10.084635     -28.597256      16.706411    -173.006027     -82.685036      12.558215      -5.353383       7.604568     -19.286015
     -83.839500       3.963285       3.720691      92.803490      17.938269     164.886688      68.164948     -73.704750     150.669907       3.387337     -13.940870       2.719303       3.074221     -12.787816     -10.872375      -8.594478     -35.541973      -0.816161      -3.563513     -21.455450       6.615374      88.155930       4.060688     -95.206177     -20.605255     -25.511002      31.518595      -0.243991      79.367867       0.199648     -61.221935       2.460955      -1.270975      -1.936403      -1.576288     -44.144638     -89.999191      15.388371      89.995102    -100.309952       4.577507     -82.828011     -25.487879      -9.718559      76.480843       0.245610     -79.864777       0.210160      64.644638      -2.580292      -1.124637      -5.538933      13.172535      30.920462     -89.999184      15.515320      89.994133      44.720791      51.414879    -167.339676      91.125374      20.400408      90.239288     -18.594082     -18.569065       9.789818     -24.772688      84.552246    -165.418335       0.891299       2.156033     -23.351236     -55.209579      71.499062     -30.203735     -88.819199      -2.621071      89.783234     -10.026217     -28.622347      16.548538    -172.797806     -82.972771      13.315566      -5.394680       7.598110     -19.042442
     -83.841179       3.964862       3.719153      92.599312      17.995325     165.067322      67.429955     -73.765877     150.081375       3.440274     -13.931178       2.807602       3.101246     -12.802745     -10.823250      -8.561199     -35.676056      -0.456977      -3.706477     -21.238989       6.295132      87.948013       4.032249     -95.129913     -20.621290     -25.502760      31.478956      -0.245792      79.451378       0.201439     -61.383041       2.466919      -1.264394      -1.914571      -1.515779     -44.020145     -89.999176      15.393129      89.995094    -100.349907       4.568170     -82.839874     -25.528728      -9.775636      76.428787       0.246466     -79.893402       0.210946      64.711845      -2.582653      -1.121745      -5.530621      13.183075      30.850746     -89.999168      15.517937      89.994133      44.045662      51.295624    -167.009399      91.118935      20.307730      90.237274     -18.584089     -18.701200       9.761565     -24.885674      84.556290    -165.296616       0.920136       2.271576     -23.419260     -54.129673      71.319229     -31.388046     -88.817734      -2.335909      89.788025     -10.066565     -28.635321      16.434374    -172.649048     -83.143326      13.721100      -5.421689       7.592139     -18.893629
     -83.839828       3.964046       3.715832      92.442947      17.994047     165.169449      66.991386     -73.777931     149.731033       3.490671     -13.917359       2.904849       3.130033     -12.811556     -10.774973      -8.529061     -35.814632      -0.100627      -3.848888     -21.026323       5.973034      87.745674       4.004237     -95.055008     -20.633141     -25.496796      31.442019      -0.247472      79.529305       0.203120     -61.542068       2.472808      -1.257888      -1.891652      -1.455690     -43.892056     -89.999176      15.397809      89.995087    -100.396240       4.560111     -82.851738     -25.573034      -9.830418      76.374817       0.247193     -79.921951       0.211646      64.778236      -2.584973      -1.118885      -5.523183      13.192957      30.782986     -89.999168      15.520515      89.994148      43.512302      51.203056    -166.678116      91.116234      20.215485      90.236191     -18.564539     -18.798721       9.755714     -24.996214      84.559685    -165.183701       0.945407       2.360806     -23.481800     -53.513611      71.180901     -32.094349     -88.816650      -2.151149      89.791389     -10.145426     -28.648275      16.342585    -172.557419     -83.240501      13.915174      -5.444174       7.590996     -18.779737
     -83.836838       3.961975       3.711606      92.321419      17.959337     165.220779      66.747597     -73.759369     149.534958       3.541336     -13.901345       3.006397       3.161623     -12.814095     -10.727263      -8.497457     -35.955849       0.251766      -3.989421     -20.817514       5.651942      87.548264       3.977271     -94.980377     -20.643490     -25.492102      31.406322      -0.249139      79.602318       0.204774     -61.699238       2.478593      -1.251446      -1.867866      -1.395465     -43.762070     -89.999184      15.402413      89.995094    -100.447144       4.552531     -82.862984     -25.619595      -9.882945      76.319084       0.247926     -79.950470       0.212344      64.843925      -2.587260      -1.116047      -5.516225      13.202461      30.716385     -89.999161      15.523051      89.994133      43.080238      51.129440    -166.357727      91.115440      20.126354      90.235619     -18.538582     -18.872168       9.764645     -25.108137      84.563057    -165.074600       0.968148       2.429913     -23.540972     -53.200878      71.075668     -32.487980     -88.712776      -2.020100      89.775345     -10.244287     -28.651524      16.259100    -172.511932     -83.290718      13.969065      -5.463986       7.593209     -18.688154
     -83.834358       3.959970       3.707838      92.212204      17.928877     165.263611      66.544426     -73.735588     149.367035       3.594593     -13.885747       3.104060       3.196273     -12.811224     -10.681186      -8.466261     -36.093712       0.596679      -4.126607     -20.616035       5.335696      87.358612       3.951815     -94.907303     -20.653658     -25.487705      31.371212      -0.250721      79.670433       0.206342     -61.854610       2.484312      -1.245069      -1.844147      -1.334672     -43.631672     -89.999184      15.406926      89.995087    -100.500107       4.544857     -82.873001     -25.666721      -9.933657      76.262146       0.248672     -79.979034       0.213079      64.909241      -2.589534      -1.113219      -5.509289      13.211935      30.649900     -89.999168      15.525558      89.994133      42.715126      51.065723    -166.086426      91.115318      20.047724      90.235245     -18.508270     -18.930269       9.781593     -25.224215      84.566734    -164.965637       0.989220       2.483609     -23.598219     -52.903263      70.972122     -32.855602     -88.769753      -1.930190      89.787163     -10.346936     -28.677177      16.184166    -172.485245     -83.315842      13.969341      -5.484175       7.599847     -18.590416
     -83.831894       3.957982       3.704397      92.119629      17.895401     165.293427      66.396599     -73.705864     149.238861       3.648259     -13.870489       3.197793       3.232284     -12.804564     -10.637336      -8.437008     -36.226391       0.931763      -4.260578     -20.421589       5.026969      87.176430       3.927876     -94.835342     -20.664829     -25.482344      31.336369      -0.252240      79.733635       0.207841     -62.008083       2.489937      -1.238753      -1.820302      -1.272715     -43.504166     -89.999176      15.411369      89.995087    -100.554321       4.536876     -82.881760     -25.713726      -9.982881      76.203781       0.249418     -80.007698       0.213809      64.974236      -2.591794      -1.110409      -5.502104      13.221553      30.583033     -89.999168      15.527994      89.994141      42.386219      51.008884    -165.829147      91.115463      19.973152      90.235008     -18.476595     -18.981255       9.801843     -25.342766      84.570534    -164.856918       1.009478       2.528964     -23.654966     -52.705589      70.889442     -33.117821     -88.795815      -1.864511      89.792892     -10.451941     -28.699894      16.118141    -172.483002     -83.323738      13.913947      -5.503229       7.607695     -18.503450
     -83.829407       3.955896       3.701161      92.037582      17.858644     165.314194      66.289383     -73.672501     149.141876       3.702121     -13.856120       3.289197       3.269153     -12.794600     -10.596042      -8.409122     -36.358467       1.261273      -4.392308     -20.228506       4.723334      86.999138       3.905120     -94.763802     -20.676600     -25.476725      31.302088      -0.253643      79.792938       0.209226     -62.159637       2.495512      -1.232503      -1.795782      -1.209237     -43.382088     -89.999191      15.415730      89.995102    -100.610687       4.528704     -82.889778     -25.760902     -10.030921      76.143806       0.250180     -80.036453       0.214554      65.038902      -2.594024      -1.107602      -5.494689      13.231302      30.515833     -89.999168      15.530416      89.994133      42.112270      50.960957    -165.603180      91.180450      19.894955      90.247780     -18.454599     -19.046600       9.807377     -25.452930      84.572372    -164.753891       1.030611       2.582498     -23.709869     -52.547897      70.812279     -33.334499     -88.806778      -1.812385      89.795570     -10.557403     -28.723579      16.053877    -172.490799     -83.320580      13.828897      -5.522000       7.616790     -18.418753
     -83.828133       3.954908       3.699279      91.968010      17.841188     165.343689      66.144485     -73.644714     149.000595       3.758737     -13.841964       3.368842       3.307468     -12.780727     -10.557190      -8.379960     -36.488934       1.588670      -4.520919     -20.037640       4.423865      86.829582       3.884229     -94.693398     -20.690704     -25.470011      31.267756      -0.255006      79.848175       0.210554     -62.309444       2.500999      -1.226325      -1.770642      -1.144197     -43.265972     -89.999184      15.420027      89.995079    -100.667107       4.519335     -82.897087     -25.804855     -10.078642      76.081680       0.250988     -80.065300       0.215340      65.103844      -2.596273      -1.104787      -5.485936      13.241974      30.446230     -89.999161      15.532778      89.994141      41.779499      50.907364    -165.351715      91.144493      19.830324      90.240425     -18.419996     -19.089657       9.834014     -25.580055      84.576836    -164.640900       1.050675       2.620568     -23.769081     -52.389027      70.753929     -33.544739     -88.811340      -1.765783      89.796837     -10.661784     -28.746235      15.993163    -172.505569     -83.311554      13.728373      -5.539734       7.626063     -18.339571
     -83.827232       3.954127       3.697838      91.902596      17.828314     165.374908      65.997673     -73.619514     148.856659       3.815232     -13.828821       3.443887       3.345679     -12.765130     -10.521766      -8.351279     -36.617596       1.911667      -4.646971     -19.847723       4.129692      86.665176       3.864077     -94.624619     -20.704975     -25.462770      31.234383      -0.256263      79.900253       0.211787     -62.457382       2.506410      -1.220191      -1.744721      -1.078533     -43.154980     -89.999184      15.424253      89.995087    -100.724586       4.509792     -82.904129     -25.847511     -10.126329      76.018013       0.251760     -80.094193       0.216101      65.168747      -2.598517      -1.101968      -5.476460      13.253098      30.375515     -89.999168      15.535098      89.994133      41.476646      50.855957    -165.128906      91.128105      19.768740      90.236984     -18.387707     -19.133999       9.855963     -25.707645      84.581238    -164.528061       1.070284       2.654687     -23.826975     -52.216606      70.696281     -33.764660     -88.812675      -1.721391      89.797386     -10.763637     -28.769285      15.933588    -172.523758     -83.299164      13.620700      -5.557230       7.635715     -18.261854
     -83.826874       3.953447       3.696592      91.839287      17.822729     165.405731      65.887070     -73.615250     148.751785       3.850424     -13.822355       3.515015       3.370262     -12.772643     -10.478336      -8.397632     -36.535858       1.991824      -4.747909     -19.860571       3.987091      86.565971       3.847628     -94.588799     -20.709471     -25.454439      31.206024      -0.257116      79.939438       0.212661     -62.600506       2.511572      -1.214282      -1.714618      -1.016490     -43.053886     -89.999161      15.428411      89.995079    -100.757545       4.506933     -82.897408     -25.900484     -10.169621      75.970840       0.252469     -80.122269       0.216797      65.231003      -2.600667      -1.099263      -5.472995      13.260023      30.315201     -89.999161      15.537401      89.994125      41.179668      50.809200    -164.916046      91.121407      19.707796      90.235474     -18.357243     -19.181225       9.874823     -25.833811      84.585243    -164.416214       1.090075       2.690487     -23.884720     -52.041500      70.638756     -33.984436     -88.813278      -1.677395      89.797668     -10.862751     -28.792089      15.875525    -172.543625     -83.285263      13.511348      -5.574191       7.645332     -18.186596
     -83.826866       3.953122       3.695817      91.780624      17.822613     165.439117      65.775368     -73.620995     148.648987       3.878483     -13.818495       3.578747       3.391647     -12.782598     -10.449463      -8.464303     -36.458092       2.054230      -4.856031     -19.830700       3.860772      86.471359       3.835508     -94.542900     -20.734837     -25.425465      31.171686      -0.257767      79.967865       0.213298     -62.742222       2.516712      -1.208453      -1.684777      -0.950628     -42.958920     -89.999153      15.432515      89.995071    -100.788727       4.502342     -82.889679     -25.950386     -10.213199      75.920090       0.253132     -80.150063       0.217449      65.292595      -2.602795      -1.096581      -5.469808      13.266738      30.255379     -89.999161      15.539647      89.994125      40.884491      50.763020    -164.710281      91.118904      19.648539      90.234840     -18.328741     -19.231739       9.890811     -25.959143      84.588875    -164.304779       1.110241       2.728693     -23.942522     -51.854980      70.583733     -34.211357     -88.813469      -1.633923      89.797829     -10.958714     -28.814676      15.818785    -172.564545     -83.270576      13.401354      -5.590838       7.654897     -18.113033
     -83.826622       3.952995       3.695240      91.729874      17.819685     165.468079      65.679604     -73.628540     148.558594       3.902361     -13.815492       3.637547       3.410143     -12.793451     -10.428423      -8.542006     -36.382271       2.108146      -4.969360     -19.778368       3.741520      86.383118       3.825478     -94.494469     -20.767115     -25.391899      31.135605      -0.258277      79.990395       0.213784     -62.882675       2.521782      -1.202649      -1.655293      -0.881716     -42.868538     -89.999168      15.436531      89.995087    -100.822212       4.497395     -82.882751     -25.998032     -10.258372      75.865776       0.253845     -80.177727       0.218154      65.354027      -2.604903      -1.093906      -5.464841      13.274580      30.193661     -89.999161      15.541875      89.994125      40.587708      50.717194    -164.496216      91.117912      19.588625      90.234505     -18.302505     -19.285955       9.903958     -26.083904      84.592178    -164.193451       1.130839       2.769748     -24.000681     -51.707611      70.534370     -34.396202     -88.732872      -1.584033      89.783485     -11.052149     -28.844999      15.780684    -172.585587     -83.256699      13.295378      -5.603316       7.661963     -18.057831
     -83.827454       3.953378       3.695430      91.674507      17.833647     165.513336      65.524132     -73.647064     148.419357       3.925869     -13.813379       3.689888       3.427700     -12.804132     -10.413535      -8.625391     -36.307781       2.157347      -5.084929     -19.712868       3.627003      86.301147       3.816472     -94.446777     -20.801517     -25.357059      31.099525      -0.258736      80.008942       0.214211     -63.021587       2.526794      -1.196885      -1.625685      -0.811581     -42.782261     -89.999161      15.440481      89.995079    -100.857124       4.492302     -82.876602     -26.043640     -10.305361      75.808731       0.254510     -80.205276       0.218812      65.415367      -2.607001      -1.091242      -5.458358      13.283354      30.130438     -89.999153      15.544044      89.994125      40.289551      50.669064    -164.308151      91.117485      19.533348      90.234306     -18.276720     -19.341148       9.915885     -26.209507      84.595428    -164.081284       1.151612       2.811465     -24.058889     -51.452431      70.476662     -34.684189     -88.778656      -1.538887      89.791740     -11.143065     -28.866282      15.717228    -172.608902     -83.241882      13.187722      -5.621610       7.672550     -17.978590
     -83.828346       3.953867       3.695859      91.621925      17.848076     165.559875      65.364861     -73.668221     148.276352       3.947583     -13.811626       3.739282       3.443845     -12.815083     -10.402184      -8.712298     -36.234463       2.203262      -5.201513     -19.639887       3.516181      86.223297       3.807770     -94.400040     -20.836323     -25.321985      31.063911      -0.259136      80.024918       0.214581     -63.158916       2.531730      -1.191164      -1.595705      -0.741190     -42.699497     -89.999168      15.444366      89.995087    -100.893204       4.487212     -82.871010     -26.088015     -10.353583      75.749496       0.255245     -80.232643       0.219554      65.476494      -2.609096      -1.088573      -5.450998      13.292653      30.066418     -89.999153      15.546195      89.994125      39.984741      50.618534    -164.115631      91.117401      19.477127      90.234161     -18.255182     -19.403843       9.922861     -26.334717      84.597916    -163.968201       1.168325       2.836830     -24.110109     -51.222698      70.429337     -34.947578     -88.799187      -1.496120      89.795464     -11.229317     -28.885082      15.661380    -172.630325     -83.227776      13.084163      -5.637713       7.681810     -17.907791
     -83.828873       3.954084       3.696090      91.569427      17.856501     165.603088      65.220833     -73.689072     148.148987       3.967339     -13.810502       3.789839       3.458778     -12.826496     -10.392830      -8.802036     -36.162487       2.245965      -5.318633     -19.562210       3.408526      86.147179       3.798851     -94.354034     -20.870234     -25.287712      31.029140      -0.259466      80.039482       0.214897     -63.294659       2.536596      -1.185484      -1.565272      -0.671003     -42.619610     -89.999176      15.448174      89.995094    -100.930733       4.482431     -82.865791     -26.132769     -10.402163      75.689072       0.255995     -80.259781       0.220304      65.537247      -2.611162      -1.085927      -5.443648      13.301889      30.002863     -89.999168      15.548290      89.994133      39.708897      50.571575    -163.937424      91.181061      19.412724      90.246696     -18.245092     -19.486094       9.912234     -26.446823      84.598175    -163.863327       1.185282       2.871505     -24.157654     -51.004566      70.379837     -35.199802     -88.807343      -1.454145      89.796967     -11.313059     -28.905003      15.606755    -172.651382     -83.213867      12.981761      -5.653691       7.690905     -17.838066
     -83.830170       3.955087       3.697129      91.521309      17.878439     165.655762      65.033546     -73.715294     147.977890       3.988158     -13.809286       3.833068       3.473820     -12.837049     -10.384538      -8.891501     -36.090714       2.288604      -5.434962     -19.482704       3.302756      86.075317       3.790607     -94.309097     -20.905190     -25.253248      30.994473      -0.259812      80.052429       0.215216     -63.428989       2.541413      -1.179833      -1.534666      -0.600784     -42.543041     -89.999161      15.451923      89.995087    -100.967522       4.476897     -82.860565     -26.175200     -10.451174      75.627464       0.256745     -80.286880       0.221051      65.598053      -2.613241      -1.083273      -5.435421      13.311683      29.937973     -89.999161      15.550358      89.994125      39.365730      50.515316    -163.724503      91.145813      19.358612      90.239594     -18.222507     -19.548117       9.921581     -26.573330      84.600975    -163.749588       1.201890       2.896688     -24.210016     -50.779274      70.342674     -35.457020     -88.810669      -1.410591      89.797562     -11.395585     -28.923939      15.555109    -172.673096     -83.200661      12.881193      -5.668774       7.699354     -17.772932
     -83.831398       3.955967       3.698074      91.471550      17.898773     165.708374      64.848381     -73.742294     147.811417       4.007854     -13.808522       3.876409       3.488122     -12.848033     -10.377984      -8.981752     -36.019787       2.329677      -5.550806     -19.400589       3.199160      86.004959       3.782142     -94.265244     -20.939342     -25.219133      30.960709      -0.260064      80.064575       0.215465     -63.561852       2.546166      -1.174239      -1.503729      -0.531094     -42.469254     -89.999168      15.455608      89.995102    -101.004776       4.471547     -82.855606     -26.217440     -10.500403      75.565399       0.257509     -80.313866       0.221811      65.658623      -2.615303      -1.080627      -5.427169      13.321460      29.873131     -89.999168      15.552396      89.994125      39.047626      50.460217    -163.531006      91.129913      19.304821      90.236298     -18.201488     -19.610014       9.928142     -26.698210      84.603592    -163.637009       1.218176       2.920661     -24.260580     -50.547318      70.301331     -35.721348     -88.811829      -1.365536      89.797775     -11.475701     -28.943279      15.504355    -172.694977     -83.188217      12.784060      -5.683682       7.707620     -17.708944
     -83.832565       3.956784       3.698943      91.421158      17.918159     165.760574      64.664375     -73.769302     147.646744       4.027171     -13.808041       3.920237       3.502156     -12.859062     -10.371705      -9.072536     -35.949703       2.369341      -5.666040     -19.316683       3.097574      85.935371       3.773534     -94.222084     -20.972795     -25.185787      30.927673      -0.260354      80.076408       0.215754     -63.693310       2.550864      -1.168681      -1.472513      -0.461910     -42.397926     -89.999168      15.459235      89.995087    -101.042458       4.466334     -82.850792     -26.259949     -10.549493      75.503212       0.258226     -80.340683       0.222534      65.718895      -2.617349      -1.077993      -5.419227      13.331000      29.808842     -89.999168      15.554399      89.994118      38.738403      50.405716    -163.343811      91.123116      19.250566      90.234825     -18.181910     -19.673256       9.933190     -26.821209      84.605858    -163.525574       1.234437       2.945871     -24.310280     -50.315411      70.258064     -35.985760     -88.812080      -1.320065      89.797821     -11.553256     -28.962778      15.454464    -172.716675     -83.176521      12.690570      -5.698376       7.715683     -17.645952
     -83.833359       3.957365       3.699602      91.374023      17.930622     165.806656      64.505508     -73.793388     147.502945       4.045579     -13.807293       3.965387       3.515749     -12.870171     -10.365355      -9.163692     -35.880413       2.407745      -5.780649     -19.231754       2.997769      85.866150       3.764874     -94.179283     -21.005701     -25.153217      30.895262      -0.260661      80.088104       0.216051     -63.823444       2.555493      -1.163159      -1.441096      -0.393112     -42.328968     -89.999161      15.462809      89.995079    -101.080498       4.461193     -82.846031     -26.302826     -10.598153      75.441032       0.259007     -80.367348       0.223314      65.778839      -2.619383      -1.075362      -5.411644      13.340257      29.745136     -89.999176      15.556369      89.994125      38.431068      50.350662    -163.147247      91.120544      19.193874      90.234215     -18.163654     -19.737579       9.937492     -26.942123      84.607811    -163.415543       1.250660       2.972457     -24.359335     -50.160347      70.233597     -36.177315     -88.691864      -1.273483      89.776581     -11.630095     -28.956146      15.408702    -172.749435     -83.164169      12.576598      -5.711673       7.722512     -17.595076
     -83.834541       3.958336       3.700509      91.323143      17.952627     165.860031      64.310669     -73.820976     147.328400       4.065039     -13.807627       4.008516       3.529804     -12.880795     -10.358725      -9.254495     -35.811687       2.445547      -5.894305     -19.146215       2.899483      85.798019       3.756379     -94.137001     -21.038532     -25.121305      30.863316      -0.260908      80.099617       0.216289     -63.952312       2.560065      -1.157678      -1.409559      -0.324571     -42.262371     -89.999168      15.466314      89.995079    -101.118401       4.455870     -82.841179     -26.345552     -10.646332      75.378998       0.259801     -80.393883       0.224101      65.838539      -2.621412      -1.072746      -5.404257      13.349381      29.681711     -89.999168      15.558296      89.994118      38.130199      50.297897    -162.970184      91.119522      19.140253      90.233887     -18.145844     -19.801933       9.941277     -27.063089      84.609634    -163.305206       1.266891       2.999368     -24.407808     -49.876965      70.168671     -36.487694     -88.757957      -1.221445      89.788193     -11.706254     -29.006512      15.364627    -172.761002     -83.154915      12.509698      -5.725314       7.730144     -17.532232
     -83.835953       3.959233       3.701541      91.271248      17.976110     165.916519      64.108612     -73.850388     147.148285       4.084484     -13.807683       4.051210       3.543791     -12.891360     -10.352673      -9.344937     -35.743568       2.482672      -6.006943     -19.059658       2.802753      85.730553       3.747923     -94.095299     -21.071104     -25.089851      30.831949      -0.261223      80.111084       0.216582     -64.079948       2.564568      -1.152236      -1.377925      -0.256475     -42.198048     -89.999130      15.469762      89.995079    -101.156273       4.450558     -82.836365     -26.388275     -10.694244      75.317230       0.260565     -80.420364       0.224871      65.897964      -2.623417      -1.070147      -5.397085      13.358337      29.618551     -89.999168      15.560196      89.994102      37.827259      50.242641    -162.795288      91.119354      19.086565      90.233749     -18.128283     -19.865690       9.945297     -27.182798      84.611305    -163.195786       1.283025       3.026559     -24.455660     -49.625729      70.122818     -36.770355     -88.789291      -1.176829      89.793808     -11.775458     -29.023895      15.314798    -172.782761     -83.145607      12.428249      -5.739828       7.737914     -17.469770
     -83.837227       3.960088       3.702520      91.220764      17.997383     165.971054      63.913139     -73.878853     146.973190       4.103482     -13.807705       4.094034       3.557489     -12.901986     -10.346475      -9.435211     -35.676037       2.519088      -6.118744     -18.972599       2.707472      85.663521       3.739450     -94.053917     -21.103468     -25.058935      30.801079      -0.261507      80.122551       0.216855     -64.206337       2.569034      -1.146837      -1.346203      -0.188806     -42.135780     -89.999077      15.473157      89.995079    -101.194214       4.445197     -82.831566     -26.431082     -10.741718      75.255608       0.261283     -80.446739       0.225587      65.957146      -2.625429      -1.067554      -5.390125      13.367138      29.555731     -89.999176      15.562067      89.994102      37.523689      50.186848    -162.616501      91.119263      19.032099      90.233612     -18.111422     -19.929693       9.949121     -27.301352      84.612755    -163.087051       1.299097       3.054550     -24.502979     -49.396709      70.081200     -37.031635     -88.802734      -1.133333      89.796219     -11.844304     -29.040861      15.267509    -172.805283     -83.136322      12.344913      -5.753798       7.745231     -17.410849
     -83.838036       3.960359       3.703097      91.167816      18.009182     166.020615      63.744873     -73.905655     146.827118       4.120703     -13.808040       4.139832       3.570321     -12.913252     -10.341093      -9.525987     -35.609428       2.553978      -6.229944     -18.884516       2.613803      85.595886       3.730631     -94.012909     -21.134832     -25.028893      30.771070      -0.261794      80.134262       0.217132     -64.331474       2.573433      -1.141486      -1.314351      -0.121658     -42.075375     -89.999023      15.476495      89.995079    -101.232819       4.440185     -82.826881     -26.474957     -10.788632      75.194450       0.262055     -80.473000       0.226351      66.015877      -2.627416      -1.064973      -5.383718      13.375561      29.493784     -89.999176      15.563899      89.994095      37.288006      50.136120    -162.478668      91.214592      18.967781      90.252205     -18.104832     -20.001289       9.934067     -27.412317      84.611984    -162.981171       1.315423       3.085994     -24.543201     -49.175377      70.032707     -37.286892     -88.808220      -1.090055      89.797234     -11.911425     -29.058756      15.220557    -172.827438     -83.127380      12.263386      -5.767761       7.752458     -17.352324
     -83.839417       3.961592       3.704263      91.121208      18.034451     166.075623      63.537746     -73.933395     146.635788       4.140750     -13.807911       4.181613       3.584441     -12.923053     -10.333061      -9.615526     -35.542931       2.589340      -6.339998     -18.797220       2.521161      85.529968       3.722446     -93.971962     -21.167124     -24.999275      30.740978      -0.262081      80.145805       0.217409     -64.455536       2.577807      -1.136173      -1.282522      -0.054622     -42.017109     -89.999008      15.479782      89.995071    -101.270699       4.434539     -82.821938     -26.517855     -10.834927      75.133316       0.262835     -80.499245       0.227128      66.074448      -2.629394      -1.062405      -5.377275      13.383983      29.431599     -89.999161      15.565699      89.994087      36.931244      50.077515    -162.261261      91.163635      18.915220      90.242226     -18.089033     -20.069796       9.936053     -27.525866      84.612900    -162.876419       1.331977       3.123136     -24.593863     -48.965054      69.998077     -37.528156     -88.810242      -1.047188      89.797600     -11.977512     -29.075773      15.175739    -172.849655     -83.118904      12.183385      -5.781073       7.759263     -17.296551
     -83.840874       3.962674       3.705484      91.072914      18.058916     166.132339      63.330223     -73.962845     146.447617       4.159789     -13.807838       4.221906       3.597795     -12.933335     -10.326888      -9.704403     -35.476791       2.624513      -6.449009     -18.709234       2.429600      85.465378       3.714272     -93.931862     -21.199373     -24.969601      30.711523      -0.262390      80.157082       0.217708     -64.578392       2.582115      -1.130893      -1.250666       0.012087     -41.961082     -89.998993      15.483007      89.995071    -101.308258       4.428798     -82.817047     -26.560112     -10.881083      75.072304       0.263625     -80.525482       0.227905      66.132866      -2.631355      -1.059839      -5.370570      13.392557      29.368986     -89.999168      15.567483      89.994087      36.615349      50.018311    -162.077332      91.138809      18.863556      90.237198     -18.071049     -20.125807       9.938684     -27.645052      84.614471    -162.767303       1.347776       3.149926     -24.640549     -48.744923      69.960846     -37.779991     -88.810814      -1.002742      89.797707     -12.042973     -29.092531      15.131908    -172.872681     -83.110901      12.104705      -5.794095       7.765816     -17.242720
