HIERARCHY
ROOT root
{
   OFFSET       0.000000        0.000000        0.000000
   CHANNELS 6 Xposition Yposition Zposition Xrotation Yrotation Zrotation
   JOINT LowerSpineJoint
   {
      OFFSET       0.000000        3.328345        0.000000
      CHANNELS 3 Xrotation  Yrotation Zrotation
      JOINT MiddleSpineJoint
      {
         OFFSET       4.330709        0.000000        0.000000
         CHANNELS 3 Xrotation  Yrotation Zrotation
         JOINT UpperSpineJoint
         {
            OFFSET       6.102361        0.000000        0.000000
            CHANNELS 3 Xrotation  Yrotation Zrotation
            JOINT LowerNeckJoint
            {
               OFFSET      10.236220        1.809055        0.000000
               CHANNELS 3 Xrotation  Yrotation Zrotation
               JOINT UpperNeckJoint
               {
                  OFFSET       3.543308        0.000000        0.000000
                  CHANNELS 3 Xrotation  Yrotation Zrotation
                  End Site
                  {
                     OFFSET       7.874016        0.000000        0.000000
                  }
               }
            }
            JOINT RightClavicleJoint
            {
               OFFSET       9.448819        2.047244        1.259843
               CHANNELS 3 Xrotation  Yrotation Zrotation
               JOINT RightShoulderJoint
               {
                  OFFSET      -6.220472       -1.574802        0.393701
                  CHANNELS 3 Xrotation  Yrotation Zrotation
                  JOINT RightElbowJoint
                  {
                     OFFSET     -12.500000        0.000000        0.078740
                     CHANNELS 3 Xrotation  Yrotation Zrotation
                     JOINT RightForearmTwistJoint
                     {
                        OFFSET      -5.216535        0.000000        0.000000
                        CHANNELS 3 Xrotation  Yrotation Zrotation
                        JOINT RightWristJoint
                        {
                           OFFSET      -5.314960        0.000000        0.000000
                           CHANNELS 3 Xrotation  Yrotation Zrotation
                           JOINT RightFingersJoint
                           {
                              OFFSET      -3.149608       -0.393700        0.000000
                              CHANNELS 3 Xrotation  Yrotation Zrotation
                              End Site
                              {
                                 OFFSET       0.000000        3.149606        0.000000
                              }
                           }
                        }
                     }
                  }
               }
            }
            JOINT LeftClavicleJoint
            {
               OFFSET       9.448819        2.047244       -1.259843
               CHANNELS 3 Xrotation  Yrotation Zrotation
               JOINT LeftShoulderJoint
               {
                  OFFSET      -6.220472       -1.574802       -0.393701
                  CHANNELS 3 Xrotation  Yrotation Zrotation
                  JOINT LeftElbowJoint
                  {
                     OFFSET     -12.500000        0.000000       -0.078740
                     CHANNELS 3 Xrotation  Yrotation Zrotation
                     JOINT LeftForearmTwistJoint
                     {
                        OFFSET      -5.216535        0.000000        0.000000
                        CHANNELS 3 Xrotation  Yrotation Zrotation
                        JOINT LeftWristJoint
                        {
                           OFFSET      -5.314960        0.000000        0.000000
                           CHANNELS 3 Xrotation  Yrotation Zrotation
                           JOINT LeftFingersJoint
                           {
                              OFFSET      -3.149608       -0.393700        0.000000
                              CHANNELS 3 Xrotation  Yrotation Zrotation
                              End Site
                              {
                                 OFFSET       0.000000        3.149606        0.000000
                              }
                           }
                        }
                     }
                  }
               }
            }
         }
      }
   }
   JOINT RightHipJoint
   {
      OFFSET      -3.543307        0.178739        0.000000
      CHANNELS 3 Xrotation  Yrotation Zrotation
      JOINT RightKneeJoint
      {
         OFFSET      17.204723        0.000000       -0.196850
         CHANNELS 3 Xrotation  Yrotation Zrotation
         JOINT RightAnkleJoint
         {
            OFFSET       0.000000      -17.840551       -0.161417
            CHANNELS 3 Xrotation  Yrotation Zrotation
            JOINT RightMidFootJoint
            {
               OFFSET       0.000000       -1.568898        2.523622
               CHANNELS 3 Xrotation  Yrotation Zrotation
               JOINT RightToesJoint
               {
                  OFFSET       2.677163       -0.000000        0.000000
                  CHANNELS 3 Xrotation  Yrotation Zrotation
                  End Site
                  {
                     OFFSET       2.362204        0.000000        0.000000
                  }
               }
            }
         }
      }
   }
   JOINT LeftHipJoint
   {
      OFFSET       3.543307        0.178739        0.000000
      CHANNELS 3 Xrotation  Yrotation Zrotation
      JOINT LeftKneeJoint
      {
         OFFSET      17.204723        0.000000        0.196850
         CHANNELS 3 Xrotation  Yrotation Zrotation
         JOINT LeftAnkleJoint
         {
            OFFSET       0.000000      -17.840551        0.161417
            CHANNELS 3 Xrotation  Yrotation Zrotation
            JOINT LeftMidFootJoint
            {
               OFFSET       0.000000       -1.568898       -2.523622
               CHANNELS 3 Xrotation  Yrotation Zrotation
               JOINT LeftToesJoint
               {
                  OFFSET       2.677164       -0.000000        0.000000
                  CHANNELS 3 Xrotation  Yrotation Zrotation
                  End Site
                  {
                     OFFSET       2.362205        0.000000        0.000000
                  }
               }
            }
         }
      }
   }
}
MOTION
Frames:	215
Frame Time: 0.0166667
      -0.395760      35.062805       0.413076     -12.481940      10.435562      10.805516     -70.330688     -68.572029       4.257385     -10.748276     -16.706963      -0.599989       2.441391       6.524463      -9.785110      -3.115994      -9.585485     -23.697453      -1.444044       4.641591      27.225275      96.570877      -1.272569     -90.630089       5.858077     -52.183506      81.624687      -0.043506      43.444855       0.017405      -8.736884      -0.156384      -2.290702       3.070041      10.276159     -20.521070     -90.003143     -30.592529      89.994499    -101.850227      -1.817511    -100.010147     -19.107899     -43.127083      49.386086       0.124012     -69.795952       0.086496      35.767906      -1.313020      -2.067620      -0.732107      -7.548869      10.648220     -90.005043     -34.884544      89.992645      68.584885      72.730293    -158.184448      90.151764      51.878277      90.066154     -11.721730     -11.544188      13.771694    -167.409805      84.034492     -20.080349      -0.045197      -2.749379     -21.996016      38.642979      78.135002    -144.246567     -90.865036     -31.621929      90.210175       2.753448      -2.694561       3.065779     -89.067520     -89.054657      77.562988      -4.668213       4.789808     -25.653292
      -0.395609      34.987274       0.409802     -12.482932      10.457588      10.850787     -70.376228     -68.518280       4.189327     -10.759848     -16.721754      -0.599113       2.429783       6.517343      -9.766894      -3.092481      -9.542822     -23.604418      -1.422892       4.593855      27.046791      96.579208      -1.273291     -90.627670       5.846750     -52.188251      81.606522      -0.043919      43.448795       0.017744      -8.735058      -0.156931      -2.291005       3.036255      10.233640     -20.331196     -90.003166     -30.143559      89.994514    -101.851692      -1.812722    -100.002251     -19.118591     -43.123318      49.375538       0.121894     -69.799164       0.084852      35.767014      -1.313684      -2.067490      -0.718281      -7.520179      10.743750     -90.004944     -34.363998      89.992622      68.584839      72.685921    -158.195404      90.158546      51.932777      90.062431     -11.894670     -11.555842      13.756767    -167.433853      84.024208     -20.103394      -0.042392      -2.725705     -21.803318      38.737858      78.089363    -144.404556     -90.869530     -31.707752      90.212227       2.746058      -2.698763       3.062033     -89.569710     -89.059319      76.958900      -4.641641       4.736188     -25.441973
      -0.393507      34.842117       0.392112     -12.585310      10.578182      11.207385     -70.544083     -68.156876       3.819771     -10.812945     -16.766342      -0.634509       2.382820       6.499911      -9.685021      -3.082780      -9.527949     -23.558187      -1.401299       4.537073      26.887383      96.584236      -1.271795     -90.504074       5.709844     -52.209599      81.458496      -0.043638      43.447205       0.017480      -8.736347      -0.156774      -2.291040       2.994669      10.165641     -20.176275     -90.003197     -29.700138      89.994568    -101.906525      -1.808848     -99.929497     -19.176533     -43.074993      49.280476       0.121952     -69.784264       0.084911      35.764645      -1.313510      -2.067528      -0.718616      -7.462300      10.733000     -90.004799     -33.849949      89.992622      68.769920      72.326645    -158.331726      90.157936      52.216080      90.064934     -12.805032     -11.576362      13.648457    -167.442322      84.014984     -20.328482      -0.022932      -2.611832     -21.561617      39.469574      77.782372    -145.432724     -90.905426     -32.243729      90.222046       2.839946      -2.722512       3.067436     -89.927032     -89.064468      76.445885      -4.618367       4.675553     -25.171095
      -0.398694      34.768532       0.437577     -12.805447      10.450713      10.860982     -70.276260     -68.805588       4.075649     -10.833076     -16.474283      -0.777051       2.410017       6.369218      -9.879300      -2.850326      -8.846240     -22.035646      -1.295906       4.374778      25.759443      96.640739      -1.263363     -90.025223       4.881492     -52.190125      80.645515      -0.043307      43.475067       0.017063      -8.728699      -0.156991      -2.291097       2.993243      10.178260     -20.080503     -90.003258     -29.264137      89.994690    -101.636604      -1.818695     -99.188522     -19.434858     -42.851933      48.737091       0.120671     -69.715233       0.083334      35.736336      -1.311990      -2.068313      -0.798253      -7.403419      10.671721     -90.004799     -33.344501      89.992294      69.380394      72.989059    -157.747787      90.099937      50.666012      90.029800     -12.677000     -11.341967      13.205662    -167.496597      84.094994     -22.122053       0.072874      -2.026873     -21.288462      39.797470      78.285774    -145.051422     -90.717918     -31.588638      90.176758       2.654505      -2.712484       2.931590    -101.087372     -89.100700      65.193794      -4.601040       4.599500     -24.892221
      -0.439834      34.926098       0.543038     -12.833458      10.122471       9.765321     -69.792259     -70.142281       4.607546     -10.866153     -16.051224      -0.921049       2.436697       6.079278     -10.037419      -2.693924      -8.284880     -19.525692      -1.329920       4.477490      26.220602      96.802177      -1.294414     -88.494843       2.756982     -52.204739      78.458672      -0.043046      43.458382       0.016333      -8.714832      -0.157711      -2.291271       3.010769      10.253067     -19.977182     -90.003761     -28.835434      89.995102    -101.073677      -1.727400     -97.302826     -20.106560     -42.059460      47.904984       0.118290     -69.481224       0.079597      35.670589      -1.308233      -2.070328      -0.976637      -7.273581      10.416018     -90.005493     -32.847515      89.990334      70.252365      74.880592    -156.524414      89.828331      46.994438      89.916878     -11.314544     -10.816031      12.633892    -163.573715      85.240181     -28.754608       0.129060      -1.569563     -21.327641      39.450489      79.658302    -142.945618     -90.268005     -29.142584      90.069496       2.148889      -2.679204       2.663655    -124.475502     -89.000572      42.403027      -4.578909       4.528467     -24.680679
      -0.483872      35.159683       0.633508     -12.645527       9.755828       8.665079     -69.293678     -71.461601       5.191697     -10.885016     -15.629078      -0.957296       2.450085       5.811911     -10.011393      -2.545640      -7.771507     -16.889986      -1.348446       4.528885      26.626253      97.132683      -1.280255     -86.752007       0.894148     -52.225826      76.554474      -0.043060      43.402176       0.015771      -8.709436      -0.158123      -2.291526       3.022199      10.234466     -20.026703     -90.004700     -28.413897      89.995445    -100.752991      -1.565068     -95.132668     -20.814159     -41.097656      47.374992       0.117346     -69.146301       0.077038      35.627728      -1.305395      -2.071832      -1.123847      -6.899233       9.887587     -90.005943     -32.358829      89.988121      70.915527      76.663574    -155.536362      89.512474      43.545628      89.822121      -9.910815     -10.487384      11.966264    -155.702713      86.381836     -38.251011       0.112282      -1.487022     -21.401825      38.513378      80.947479    -140.521225     -89.802750     -26.764391      89.964195       1.953075      -2.478105       2.289693    -141.382965     -88.751274      26.557745      -4.560599       4.459526     -24.416733
      -0.524362      35.427498       0.718898     -12.329287       9.332361       7.585611     -68.760429     -72.756271       5.875363     -10.894217     -15.208070      -0.908908       2.459493       5.567185      -9.894072      -2.417533      -7.289690     -14.344032      -1.353030       4.546052      26.833208      97.547035      -1.225544     -85.129883      -0.409635     -52.160393      75.315224      -0.043195      43.335831       0.015647      -8.706295      -0.158438      -2.291618       3.027319      10.117502     -20.120895     -90.005714     -27.999414      89.995720    -100.529907      -1.367358     -93.003975     -21.384884     -40.267216      47.208801       0.117110     -68.815193       0.075901      35.599812      -1.303430      -2.072750      -1.242120      -6.352651       9.243245     -90.006119     -31.878330      89.986458      71.437126      78.212288    -154.744171      89.254036      40.358524      89.765999      -8.463354     -10.216571      11.306031    -143.970032      87.209549     -50.733288       0.096516      -1.451194     -21.386770      36.869030      82.160500    -137.585083     -89.378906     -24.499825      89.873573       2.075469      -2.214185       1.898890    -150.867447     -88.482239      18.094006      -4.541191       4.399409     -24.096115
      -0.560559      35.699539       0.801001     -11.923362       8.845896       6.546311     -68.177032     -74.014320       6.675591     -10.896413     -14.787235      -0.790022       2.467426       5.343264      -9.721927      -2.311370      -6.836044     -11.957339      -1.345689       4.536703      26.819805      97.990097      -1.143942     -83.691292      -1.203307     -52.024261      74.680313      -0.043307      43.270016       0.015822      -8.703389      -0.158750      -2.291572       3.016954       9.931033     -20.168535     -90.006577     -27.591879      89.996002    -100.342178      -1.152139     -91.040726     -21.800329     -39.641121      47.346375       0.116913     -68.531235       0.075684      35.581600      -1.302187      -2.073158      -1.327912      -5.748648       8.632848     -90.006134     -31.405863      89.985504      71.864510      79.514763    -154.117447      89.085869      37.423187      89.744171      -7.008851      -9.938100      10.703131    -131.510834      87.656807     -63.445347       0.086098      -1.384403     -21.305737      34.317184      83.300072    -133.913513     -89.038795     -22.370855      89.805374       2.414093      -1.936914       1.524082    -156.399429     -88.237564      13.286046      -4.520797       4.343246     -23.767651
      -0.592370      35.954300       0.878664     -11.461292       8.303114       5.575364     -67.529350     -75.222488       7.596591     -10.894862     -14.362838      -0.618248       2.474191       5.140441      -9.519934      -2.225360      -6.405993      -9.754890      -1.329216       4.507876      26.597416      98.425797      -1.042379     -82.449471      -1.574640     -51.841858      74.544579      -0.043389      43.204842       0.016129      -8.700796      -0.159024      -2.291432       2.991378       9.700543     -20.140509     -90.007195     -27.191166      89.996277    -100.181519      -0.933269     -89.275391     -22.085806     -39.205177      47.694000       0.116518     -68.303062       0.075913      35.570663      -1.301536      -2.073220      -1.382048      -5.163936       8.130872     -90.006081     -30.941286      89.985191      72.240677      80.595421    -153.643478      88.990723      34.731739      89.742500      -5.594220      -9.642333      10.168297    -121.420685      87.860474     -73.590454       0.078868      -1.311315     -21.177994      30.680666      84.342628    -129.313934     -88.792847     -20.393082      89.759499       2.863865      -1.660137       1.170201    -159.777618     -88.024750      10.278248      -4.498813       4.289851     -23.456360
      -0.615190      36.177425       0.949717     -10.976058       7.640105       4.694440     -66.809921     -76.364418       8.632008     -10.893211     -13.941198      -0.412090       2.479948       4.928748      -9.309540      -2.152548      -5.969466      -7.746102      -1.309185       4.480778      26.184982      98.754089      -0.888370     -81.950081      -0.962997     -51.527649      75.651115      -0.043713      43.078579       0.016494      -8.691974      -0.159833      -2.291238       2.961697       9.412906     -20.040520     -90.007698     -26.797159      89.996658    -100.009079      -0.721961     -87.673080     -22.258587     -38.922855      48.191124       0.115922     -68.127937       0.076220      35.566082      -1.301371      -2.073054      -1.408825      -4.648966       7.746339     -90.005959     -30.484493      89.985405      72.728310      81.454002    -153.449478      88.938515      32.281521      89.749680      -4.288111      -9.333552       9.697132    -116.113022      87.934311     -78.881622       0.071324      -1.271420     -21.022232      25.192217      85.279022    -122.991478     -88.834259     -18.575226      89.774078       3.346889      -1.459795       0.877084    -161.848251     -87.893738       8.332976      -4.469309       4.267955     -23.182501
      -0.623030      36.364605       1.011579     -10.492980       6.981220       3.921645     -65.990028     -77.458405       9.798476     -10.895173     -13.525512      -0.190256       2.483056       4.739716      -9.104966      -2.099483      -5.572114      -5.930465      -1.283093       4.432251      25.614700      98.919373      -0.708715     -82.070778       0.312901     -51.093941      77.597885      -0.044112      42.926926       0.017346      -8.694324      -0.160046      -2.290837       2.864420       8.919552     -19.764748     -90.008209     -26.409763      89.996948     -99.944000      -0.528779     -86.194839     -22.377642     -38.740238      48.705841       0.115218     -67.983055       0.076446      35.564728      -1.301426      -2.072810      -1.419687      -4.191318       7.456437     -90.005714     -30.035347      89.986023      73.225655      82.121246    -153.382538      88.928436      30.060345      89.762581      -3.114371      -9.026930       9.289703    -113.986404      87.962540     -80.981293       0.063642      -1.259797     -20.858089      18.737459      86.054199    -115.822113     -88.853523     -16.921684      89.781952       3.817162      -1.188324       0.559249    -161.742996     -88.011055       8.872626      -4.437830       4.244796     -23.008221
       0.235450      36.823517       0.924646     -10.131644       5.843047       0.149065     -66.247253     -77.223892      10.019779     -10.840929     -13.807268      -0.020800       2.685673       1.132996      -9.462174      -2.561345      -9.242518      -5.498010      -0.775828       2.091840      24.698692      99.785255      -0.676210     -83.214752      -4.660056     -50.470158      72.307762      -0.032743      41.830978       0.017380      -8.785056      -0.161342      -2.290133       2.074091       5.855454     -17.839249     -89.999924     -25.460161      89.998985    -101.647675      -1.014384     -81.959419     -20.820005     -39.597385      51.417358       0.126969     -67.457405       0.083015      35.436562      -1.289241      -2.076993      -1.815806      -2.853456       5.005146     -90.016968     -28.934286      89.980339      71.636353      83.889473    -151.492233      89.497559      27.949909      89.920174      -1.225077      -8.067800       9.444219    -129.059570      87.658897     -65.025841       0.069602      -1.296255     -20.497076     -19.427471      86.866165     -76.768707     -88.847870     -15.351336      89.776741       4.502585      -0.838094       0.069929    -160.851837     -88.116585      10.737997      -4.328219       4.167469     -22.734156
       1.216161      37.190746       0.821791      -9.874460       5.683957      -1.488824     -67.414192     -77.170456       9.164249     -11.014705     -13.722081       0.089478       2.546275       0.819361      -9.376414      -2.783199     -10.791541      -5.130242      -0.617412       1.034438      24.228691      99.996742      -0.502584     -83.883064      -4.726496     -50.333115      72.472137      -0.037097      42.005795       0.018230      -8.783679      -0.156707      -2.290153       1.996851       5.747935     -17.250601     -89.988823     -23.981022      90.004211    -101.878113      -0.956138     -82.363838     -19.604555     -41.223751      53.224552       0.119433     -67.700546       0.086238      35.461220      -1.293190      -2.070664      -1.768351      -2.754251       5.019629     -90.023804     -27.219851      89.982620      72.167709      83.715477    -151.451660      89.865288      25.890873      89.999077      -0.752842      -6.378215       9.818597    -125.214966      87.819656     -68.259834       0.072016      -1.193974     -20.112440     -23.220215      87.061005     -72.298676     -88.845253     -13.870228      89.784836       5.295641      -1.742089       0.726835    -159.851654     -88.241310      12.131760      -4.189937       4.014749     -22.341928
       2.166575      37.360016       0.446956      -8.405501       9.081233      -2.504042     -67.993919     -77.837891       8.920534     -11.368029     -13.392099       0.422941       2.162899       1.021490      -8.785671      -2.839428     -11.128242      -4.315259      -0.650962       0.824916      24.108431      99.281700      -0.622277     -84.037605      -3.844281     -50.678001      73.139877      -0.040677      42.133430       0.017135      -8.794155      -0.154395      -2.291051       1.907867       5.616856     -16.699726     -89.985062     -21.451624      89.987411    -103.086548      -1.190383     -83.135056     -15.318911     -41.694046      56.360672      -0.012992     -62.198215      -0.062160      34.610821      -1.264927      -2.080235      -1.725222      -2.865946       5.316719     -90.017258     -25.623932      89.984940      55.340919      82.389198    -136.443283      89.909950      27.012930      89.991402      -2.250123      -4.553841       9.848624    -122.621552      87.904068     -70.296921       0.088693      -1.130498     -19.744474      -7.254725      84.874397     -93.498680     -88.972046     -19.893843      89.756653       7.595253      -2.921304       1.667938    -162.396484     -88.073029       9.712940      -4.060842       3.960846     -21.971416
       3.051799      37.428936      -0.025016      -5.811009      12.715693      -3.565383     -68.733650     -78.426414       8.856388     -11.626592     -13.111797       1.126857       1.830830       1.106017      -8.295816      -2.809777     -10.365529      -2.219025      -0.773802       1.428605      22.976183      98.776665      -0.683372     -84.096481      -3.188237     -50.945957      73.584579      -0.042013      42.245426       0.015915      -8.798439      -0.153413      -2.291557       1.830223       5.427702     -16.236368     -89.984863     -19.028381      89.969284    -103.383179      -0.892129     -83.964081      -5.510809     -39.851322      63.642200      -0.507081     -50.156120      -0.786527      27.316690      -1.127135      -2.291720      -1.647141      -3.220677       5.885993     -89.955696     -22.543318      90.007881      53.945496      82.961777    -136.564896      90.123810      24.659069      89.991096      -4.275488      -4.125645       8.829231    -118.454712      88.025185     -74.026352       0.098953      -1.053076     -19.412245       1.116168      84.785103    -108.948769     -88.959763     -26.809877      89.625969       9.953161      -2.855779       1.624263    -164.124435     -87.882004       7.896016      -3.921635       3.935349     -21.585573
       3.833492      37.402279      -0.517366      -3.133565      16.789909      -4.698977     -69.762032     -79.119057       8.321770     -12.128988     -12.725691       1.568811       1.244020       1.870739      -7.398355      -2.805924      -9.716698      -0.470051      -0.832820       1.831281      21.705822      97.730827      -0.874798     -84.148941      -3.024806     -45.741474      74.020699      -0.087947      38.691082       0.121218      -9.463068      -0.107907      -2.295966       1.698856       5.217614     -17.137489     -90.002922     -16.492290      89.928345    -103.002365      -0.864196     -83.448967      -1.233738     -34.228855      66.171387      -0.533365     -43.360062      -0.883180      24.291580      -0.967097      -2.365560      -2.100132      -0.457967       0.448696     -89.933746     -19.703768      89.947075      52.912861      83.624161    -137.147446      90.083000      22.429583      89.947449      -6.157808      -3.729544       7.880696    -115.696762      88.116356     -76.395256       0.104481      -1.009849     -19.102589      10.256557      84.589355    -124.807457     -89.340759     -32.824104      89.588310      12.125082      -2.707964       1.550489    -164.692459     -87.857178       7.200408      -3.790722       3.847918     -21.216982
       4.493638      37.255116      -1.006219      -0.634959      20.612408      -6.108399     -71.022034     -79.694351       7.487375     -12.733578     -12.294182       1.699123       0.645446       2.190259      -7.194220      -2.788449      -8.991413       1.317542      -0.864725       2.145904      20.563831      98.081467      -0.949011     -83.682037      -6.295895     -39.109177      71.377792      -0.086076      37.526905       0.127841     -10.252890      -0.062014      -2.310214       0.105866      -2.183521     -19.403872     -90.031738     -14.574390      89.903961    -103.315018      -0.879170     -85.137169      -1.772070     -24.283995      68.048820      -0.245119     -46.965134      -0.367605      20.118055      -0.734055      -2.370586      -2.080739       1.069554      -5.208935     -89.958420     -17.117786      89.903580      51.475849      84.329674    -137.323669      90.003784      20.407028      89.917702      -7.862156      -3.336192       7.036821    -114.397446      88.183746     -77.315109       0.107865      -0.988015     -18.795576      16.466805      84.338989    -137.152206     -89.698883     -38.153885      89.601776      14.132599      -2.550037       1.458220    -164.941589     -87.884819       6.777254      -3.665623       3.744209     -20.868021
       5.123394      36.978859      -1.502992       1.969559      25.105476      -7.976687     -71.787918     -80.251389       7.090203     -13.194539     -12.032886       1.716924       0.252221       2.004617      -7.140171      -2.791228      -8.477187       2.779724      -0.837710       2.185910      19.334450      98.961411      -0.808002     -84.407074     -10.076993     -32.924801      67.647881      -0.081779      35.988628       0.153472     -10.972028      -0.021418      -2.321195      -2.276906     -12.146809     -19.608543     -90.052559     -12.820916      89.880646    -103.161263      -0.682200     -87.133415      -2.644937     -17.313711      68.897118      -0.072657     -49.060234      -0.115173      17.791672      -0.572138      -2.373990      -1.852398      -1.078651      -7.102766     -89.987221     -14.747932      89.884842      48.836311      85.017021    -136.211456      90.073189      18.551870      89.923569      -9.405880      -2.976913       6.275286    -112.466499      88.251953     -78.878326       0.113081      -0.953123     -18.495201      22.382730      83.792320    -148.848602     -89.958138     -42.869095      89.614479      15.960958      -2.422941       1.374202    -165.356201     -87.872353       6.187167      -3.541097       3.663184     -20.524141
       5.722823      36.572811      -1.981614       4.906738      30.539145     -10.436885     -72.154388     -80.928551       7.086476     -13.599423     -11.958457       1.610352      -0.044692       1.572268      -7.179205      -2.790786      -8.215718       4.150239      -0.769953       1.973558      18.202499      99.751915      -0.685474     -86.114273     -13.252988     -27.393820      63.719471      -0.072634      34.058784       0.188200     -11.631856       0.008265      -2.327815      -3.066384     -16.304871     -18.070568     -90.065796     -12.823764      89.922546    -103.241699      -0.403408     -89.160675      -3.373511     -12.589968      68.612854       0.000664     -49.844719      -0.023357      16.497858      -0.454260      -2.370410      -1.591508      -4.062928      -7.468967     -89.999245     -12.578335      89.888863      45.122936      85.697327    -133.865448      90.185425      16.869442      89.937668     -10.804638      -2.655726       5.576585    -109.955948      88.319771     -81.038658       0.119388      -0.910939     -18.202087      28.116129      82.886490    -159.987106     -90.265366     -47.048809      89.650009      17.627850      -2.328307       1.311527    -165.934326     -87.824699       5.434614      -3.417654       3.598472     -20.186178
       6.244750      36.080803      -2.366135       8.399892      36.769028     -13.541830     -72.020508     -81.811295       7.603569     -13.948229     -11.786138       1.485322      -0.305527       1.801968      -6.861892      -2.826184      -8.536566       5.283157      -0.648185       1.377766      17.111465      98.930183      -0.871647     -84.730392     -14.195268     -13.042088      58.132008      -0.160161      26.346107       0.713593     -12.100038       0.038535      -2.310559      -5.860235     -10.412682     -21.576435     -89.992699     -11.296206      89.872879    -104.015015      -0.051253     -91.345665      -4.049988      -9.363687      67.583084       0.005295     -49.409412      -0.019781      15.756824      -0.363399      -2.359706      -1.558496      -6.550278      -8.720328     -89.996460     -10.593445      89.903633      40.414078      86.322189    -130.305283      90.277100      15.340460      89.947678     -12.069268      -2.381197       4.921121    -106.573769      88.388664     -84.082939       0.125563      -0.864302     -17.914639      32.879784      81.692711    -169.634903     -90.691422     -50.764484      89.747009      19.142521      -2.270868       1.282144    -166.708267     -87.738724       4.492968      -3.296822       3.546757     -19.854395
       6.639511      35.542362      -2.543715      12.440349      42.561760     -17.220564     -70.853317     -82.567558       9.237580     -14.031220     -11.267151       1.549059      -0.320059       2.138153      -6.322866      -2.829104      -8.721936       6.516880      -0.553919       0.884629      16.235460      99.644356      -0.909161     -83.838379     -11.918529      -3.853409      57.994205      -0.188367      20.558331       0.841421     -12.121232       0.038540      -2.293323      -4.073688      -4.966675     -30.280695     -89.947762      -9.827238      89.838165    -104.855499       0.232798     -92.651405      -4.793316      -6.596344      65.981407      -0.026029     -47.803795      -0.065805      14.242686      -0.260747      -2.364945      -1.727217      -8.685841     -10.669621     -89.987724      -9.179513      89.925560      35.297474      87.020042    -126.303581      90.160797      13.974842      89.926231     -13.197769      -2.088608       4.351912    -106.155937      88.433533     -84.153511       0.129524      -0.853822     -17.622913      35.672375      80.898743    -176.775024     -91.194496     -54.109474      89.936966      20.548120      -2.191286       1.244228    -167.146225     -87.735130       3.859742      -3.183876       3.461654     -19.538506
       7.055082      34.978966      -2.606429      16.649858      46.641422     -21.479469     -68.415512     -83.155800      12.284518     -13.834999     -10.672565       1.720662      -0.017179       2.158582      -5.944104      -2.801508      -8.972779       7.870068      -0.470568       0.398736      15.569703     100.540512      -0.851665     -82.872696     -11.065991       2.776107      58.467369      -0.159436      15.797117       0.785374     -12.109308       0.034929      -2.282467      -2.706002      -3.135560     -34.049011     -89.931458      -8.477637      89.839958    -105.494492       0.271390     -93.443871      -5.009688      -4.317460      63.984283      -0.052020     -45.658642      -0.105679      13.406570      -0.185110      -2.357070      -1.832171      -9.487823     -12.500710     -89.975899      -7.886476      89.941849      30.219259      87.613823    -122.085548      89.959915      12.953691      89.905426     -14.683228      -1.745796       3.978129    -108.362915      88.326630     -81.582535       0.130428      -0.888212     -17.255007      36.198601      80.802025    -181.277618     -91.283501     -57.084251      90.070511      21.835770      -2.074480       1.163523    -167.153931     -87.828674       3.650685      -3.079894       3.343296     -19.233232
       7.534075      34.456657      -2.592043      21.385008      49.400707     -26.518297     -65.677238     -83.612122      15.742749     -13.594149     -10.189667       2.129481       0.341505       1.861527      -5.396236      -2.754824      -9.270770       9.178882      -0.393329      -0.098262      15.039001     101.333801      -0.741616     -82.369255     -11.289569       7.754602      59.961391      -0.123181      12.048427       0.661917     -12.136329       0.035478      -2.274531      -1.778050      -1.846407     -34.583755     -89.926109      -7.242002      89.861511    -106.356384       0.163852     -94.144478      -5.000248      -2.422745      61.911404      -0.067698     -43.097061      -0.126572      12.949845      -0.132391      -2.345730      -1.743306      -9.180392     -13.919464     -89.965477      -6.703107      89.955864      16.544313      88.197174    -108.538010      90.010895      12.095374      89.937630     -16.339968      -1.411539       3.740588     -96.527115      88.244102     -93.358002       0.129480      -0.912954     -16.954058      35.075909      81.181808    -184.003418     -91.136078     -59.698536      90.131897      22.985714      -1.952419       1.053608    -167.096786     -87.920532       3.541409      -2.979477       3.238235     -18.924433
       8.081320      33.938892      -2.569164      26.304327      51.258209     -31.759525     -63.002869     -83.957947      19.090282     -13.405025      -9.701676       2.614024       0.665246       1.383258      -4.604579      -2.694348      -9.561994      10.401710      -0.326169      -0.562567      14.586061     101.980095      -0.612735     -82.674149     -12.277151      11.725359      62.622501      -0.093085       9.205852       0.533498     -12.173850       0.036968      -2.268656      -1.197448      -1.054236     -34.689735     -89.928406      -6.111725      89.886551    -107.458366       0.004388     -95.002922      -4.926641      -1.024819      60.070816      -0.074016     -40.157299      -0.128938      12.692227      -0.095852      -2.335019      -1.590670      -8.441175     -15.010869     -89.959373      -5.620193      89.968117      -5.185238      88.521011     -86.876038      90.220245      11.208505      89.995232     -18.070423      -1.178355       3.502508     -79.446381      88.048599    -110.580956       0.127907      -0.917109     -16.653391      33.426220      81.696686    -185.962463     -91.024284     -62.030643      90.199448      24.020357      -1.834600       0.934803    -166.976685     -88.015732       3.514344      -2.882574       3.138049     -18.615744
       8.855015      33.450382      -2.551193      28.592390      53.583656     -33.992310     -62.437130     -83.603783      19.438456     -13.146197      -9.402464       2.672702       0.922579       1.360976      -4.168754      -2.585129      -9.678153       9.500480      -0.343959      -0.403870      16.069109     103.883614      -0.421643     -83.668015     -13.563747       9.114659      66.275009      -0.039979      10.836760       0.395625     -11.768726       0.004982      -2.266229      -0.486883      -0.158317     -33.920963     -89.999840      -8.026521      89.882240    -107.600449      -0.138871     -95.232384      -6.546143      -1.921741      57.110012      -0.040075     -39.810463      -0.110096      14.418862      -0.150033      -2.335435      -1.497403      -7.743449     -14.091031     -89.980461      -8.038246      89.998917      15.148755      88.287682    -106.538170      90.363953      13.163778      90.066101     -20.136873      -1.652964       4.499363     -85.730988      88.001396    -104.750076       0.099906      -1.105166     -16.946821      32.085560      81.613380    -184.260376     -91.321404     -61.184219      90.508636      23.629112      -1.772374       1.026237    -163.680115     -88.249313       6.073045      -2.999509       3.143985     -18.867453
       9.938334      32.903755      -2.512546      27.660906      56.804878     -32.788597     -62.802128     -82.728409      18.260357     -12.736616      -9.412318       2.295884       1.201870       1.798755      -4.479341      -2.539948      -9.358008       5.568247      -0.491015       0.538816      18.471998     105.382881       0.163053     -84.762383     -14.538707       1.261082      70.579155       0.005884      16.018188       0.324407     -11.263018      -0.025220      -2.264076       0.200545       1.256100     -31.840050     -90.094666     -12.775370      89.814987    -106.151993      -0.088097     -94.680634      -9.361979      -4.982337      52.706829       0.011203     -42.211033      -0.079021      17.610573      -0.286409      -2.333567      -1.362027      -7.532871     -10.466050     -89.987106     -13.697216      90.033691      43.069633      86.969048    -133.298157      90.866730      19.080166      90.211723     -21.954905      -2.822443       6.414256    -107.201828      87.938408     -84.370430       0.086808      -1.396745     -17.718634      32.719318      80.654190    -179.700668     -91.209442     -56.415112      90.430237      21.410210      -1.982835       1.527998    -158.491394     -88.450066      10.417325      -3.292172       3.277286     -19.609592
      11.123968      32.327648      -2.499499      26.278297      59.910656     -31.219141     -62.871105     -81.984840      17.568872     -12.361245      -9.534855       1.999829       1.460627       2.127657      -4.812393      -2.572087      -9.074973       1.161595      -0.638188       1.369229      19.822802     105.670860       0.836002     -85.131767     -15.111814      -4.993342      74.243507       0.027384      20.393705       0.273179     -10.883178      -0.045659      -2.263454       0.712957       2.496881     -29.988506     -90.138664     -16.559652      89.785736    -104.967308      -0.147231     -94.121201     -11.917209      -7.251449      48.521038       0.043492     -43.990807      -0.052966      20.310081      -0.407789      -2.324423      -1.250492      -7.438504      -7.257283     -89.985970     -18.202021      90.045052      53.063374      85.478661    -141.898285      91.076340      24.939577      90.303307     -22.652630      -3.935570       7.881178    -124.562027      87.683617     -67.704346       0.074455      -1.595665     -18.399321      35.347076      79.515831    -177.683014     -91.160660     -53.803440      90.416573      15.984253      -1.186791       1.223259    -151.455734     -88.773140      16.847755      -3.537689       3.447370     -20.330637
      12.320011      31.922386      -2.597404      24.781584      62.806499     -29.605988     -62.815544     -81.366127      17.028147     -12.048146      -9.754962       1.705222       1.674375       2.351833      -5.132709      -2.646881      -9.074052      -3.000222      -0.744650       1.939457      20.756681     105.434380       1.567471     -85.049393     -15.476357      -9.904278      77.300171       0.035131      23.987000       0.225780     -10.568081      -0.062910      -2.264119       1.120124       3.597978     -28.404236     -90.148499     -19.542519      89.791420    -104.227707      -0.303424     -93.527702     -14.272193      -8.786329      44.674995       0.058719     -45.236382      -0.037146      22.601395      -0.517901      -2.309941      -1.167880      -7.402995      -4.580081     -89.988564     -21.749989      90.042595      58.174011      84.102524    -145.613998      91.011757      30.130980      90.333031     -21.317812      -4.878297       9.044228    -136.531143      87.348763     -55.403191       0.059677      -1.768862     -18.992159      39.598763      77.433052    -178.170532     -91.125587     -53.126205      90.430664      13.629766      -0.748564       0.823510    -119.855339     -88.872948      48.530308      -3.795920       3.294048     -20.310658
      13.437846      31.662149      -2.804960      23.921345      65.395432     -28.628235     -62.716545     -80.809631      16.586699     -11.767177     -10.029782       1.452726       1.866156       2.484761      -5.401301      -2.757123      -9.371099      -6.589699      -0.804131       2.239734      21.542727     105.236382       2.202623     -85.009567     -15.288408     -14.128631      79.748619       0.030397      27.020437       0.180854     -10.303514      -0.076336      -2.266304       1.451980       4.610230     -27.030510     -90.135025     -21.892635      89.821831    -103.356888      -0.465794     -94.140915     -16.250416     -10.920763      42.785511       0.064810     -47.229866      -0.023865      24.553625      -0.636265      -2.291971      -1.101814      -7.354467      -2.389368     -89.982712     -24.543203      90.041199      61.438602      82.846504    -147.747620      91.023636      34.453659      90.363792     -19.024042      -5.626638       9.971409    -147.535828      86.812126     -43.568123       0.038643      -2.011557     -19.403498      42.768856      75.156731    -177.899246     -91.075806     -52.609356      90.430038      14.210872      -1.271154       0.822142    -112.665535     -88.463234      54.681690      -3.965983       3.394382     -20.653759
      14.451545      31.536320      -3.071287      23.665558      67.783073     -28.265207     -62.923553     -80.338608      15.906180     -11.579082     -10.331758       1.213539       1.981776       2.589230      -5.654858      -2.898328      -9.673529      -9.820889      -0.852830       2.462186      22.106768     104.916420       2.901572     -84.805634     -15.320731     -17.256363      81.903038       0.023571      29.244844       0.142136     -10.075865      -0.092187      -2.268093       1.719610       5.454810     -25.927879     -90.113838     -23.743246      89.856354    -103.308220      -0.630875     -93.681061     -18.275780     -11.649679      40.011463       0.063929     -47.772758      -0.018089      26.205517      -0.719960      -2.271260      -1.051381      -7.444199      -0.447234     -89.992996     -26.742712      90.031769      63.315472      81.822502    -148.716461      90.967842      38.028442      90.371620     -16.320049      -6.272573      10.764142    -152.084473      86.469818     -37.739952       0.046629      -2.075863     -19.511660      45.241325      73.160950    -177.142456     -91.038345     -51.730556      90.426315      14.795141      -2.041225       1.090482    -114.388252     -88.062134      52.054607      -4.106754       3.524974     -20.994617
      15.385736      31.499308      -3.384936      24.243040      69.995331     -28.790730     -63.109261     -79.925697      15.303332     -11.421324     -10.657809       1.003806       2.077098       2.658952      -5.878243      -3.056680     -10.047404     -12.585925      -0.879411       2.577278      22.551855     104.685730       3.531855     -84.657471     -15.240793     -19.832907      83.612579       0.013294      30.887802       0.111092      -9.880286      -0.107595      -2.270020       1.939905       6.211516     -24.981491     -90.089874     -25.200335      89.891113    -103.495583      -0.777967     -93.089752     -20.136389     -12.029757      37.628071       0.061455     -47.968620      -0.013947      27.604042      -0.791552      -2.252595      -1.018108      -7.478196       1.152016     -90.001480     -28.474392      90.025047      64.512505      80.992264    -149.197678      90.937111      40.986332      90.378334     -13.867012      -6.837210      11.399492    -155.473145      86.146706     -33.110291       0.027801      -2.225613     -19.588968      47.237347      71.471497    -176.143387     -91.011131     -50.562199      90.420738      15.305008      -2.993917       1.613438    -117.426170     -87.735382      48.341103      -4.225084       3.643126     -21.290453
      16.248716      31.523197      -3.726978      25.760355      72.060066     -30.346766     -63.274906     -79.563980      14.758463     -11.293666     -10.994136       0.804130       2.154924       2.717791      -6.097877      -3.227788     -10.475218     -14.916862      -0.888269       2.604822      22.928345     104.567764       4.083930     -84.590004     -15.076056     -21.965040      84.987007       0.002640      32.085392       0.088272      -9.712102      -0.121969      -2.271691       2.120498       6.850981     -24.208559     -90.067360     -26.347416      89.921524    -103.726112      -0.911214     -92.549370     -21.775160     -12.296730      35.698483       0.059598     -48.029480      -0.010449      28.793015      -0.854113      -2.236501      -0.989728      -7.487487       2.517949     -90.006165     -29.837776      90.020538      65.382935      80.309402    -149.573502      91.033165      43.377937      90.413040     -12.109718      -7.286320      11.919900    -158.818085      85.744110     -28.842636      -0.015965      -2.462641     -19.631706      48.862488      70.108948    -174.968735     -90.990616     -49.183846      90.413429      15.730342      -4.110672       2.362848    -121.390465     -87.459633      43.877651      -4.325446       3.743857     -21.543646
      17.053284      31.587482      -4.083176      28.099287      74.022888     -32.835808     -63.370468     -79.238747      14.286202     -11.188806     -11.329461       0.591137       2.224208       2.769043      -6.329706      -3.407429     -10.906310     -16.933689      -0.886101       2.581733      23.221064     104.540436       4.565667     -84.594109     -14.886313     -23.736237      86.058365      -0.006844      32.962467       0.072494      -9.567350      -0.134751      -2.273020       2.267278       7.378398     -23.571041     -90.048813     -27.250443      89.945633    -103.991745      -1.035522     -92.087875     -23.191666     -12.521448      34.124474       0.058603     -48.009254      -0.007460      29.805140      -0.908086      -2.223148      -0.963784      -7.480959       3.691208     -90.007973     -30.911203      90.016998      65.715416      79.745277    -149.772461      90.967934      45.178936      90.398560     -11.411669      -7.768292      12.351449    -160.381454      85.489479     -26.956274      -0.016580      -2.500892     -19.884546      50.240810      69.055763    -173.647400     -90.975723     -47.694317      90.404633      16.147129      -5.332324       3.282672    -123.142845     -87.338974      42.292061      -4.409160       3.836733     -21.780260
      17.813599      31.665531      -4.440727      31.376055      75.898537     -36.392910     -63.415070     -78.947563      13.872584     -11.104459     -11.663452       0.367202       2.285739       2.812460      -6.575607      -3.588582     -11.307121     -18.709978      -0.877680       2.535773      23.421116     104.570953       4.973825     -84.645767     -14.767663     -25.183546      86.849281      -0.014567      33.617298       0.062153      -9.443999      -0.145669      -2.273886       2.386228       7.805335     -23.052128     -90.034836     -27.961334      89.963440    -104.290047      -1.155226     -91.720062     -24.397715     -12.746211      32.823593       0.058140     -47.944004      -0.004984      30.667070      -0.954338      -2.212285      -0.939848      -7.463254       4.698728     -90.007965     -31.756327      90.013878      65.968178      79.230553    -150.155197      90.934540      46.566029      90.387703     -11.049612      -8.207414      12.683641    -161.725739      85.251190     -25.462603      -0.020063      -2.542833     -20.146051      51.443783      68.275002    -172.289795     -90.967491     -46.264252      90.395042      16.204533      -6.469491       4.206689    -125.911560     -87.248047      39.676178      -4.481685       3.916998     -21.973204
      18.537012      31.741186      -4.789618      35.843025      77.672920     -41.266495     -63.423435     -78.676445      13.504066     -11.035379     -11.988024       0.135766       2.343366       2.851989      -6.836248      -3.763310     -11.659986     -20.273560      -0.866997       2.483872      23.547647     104.651405       5.324348     -84.741486     -14.817393     -26.320034      87.381004      -0.020477      34.127762       0.055626      -9.340027      -0.154555      -2.274328       2.482059       8.142180     -22.634613     -90.024994     -28.520994      89.975929    -104.636650      -1.281177     -91.463165     -25.399378     -12.998939      31.710205       0.057891     -47.864265      -0.003194      31.401661      -0.993868      -2.203488      -0.917530      -7.433259       5.564471     -90.007027     -32.421711      90.010925      66.138840      78.746620    -150.638702      90.920403      47.623142      90.379570     -10.836794      -8.597443      12.950599    -162.790070      85.044044     -24.312931      -0.023722      -2.579538     -20.383423      52.501289      67.744759    -170.944748     -90.964706     -45.008636      90.384613      15.928678      -7.376530       4.985245    -128.344040     -87.202866      37.356617      -4.543421       3.984182     -22.138433
      19.230095      31.801929      -5.125362      41.925335      79.308861     -47.868069     -63.433697     -78.416710      13.146503     -10.980989     -12.296960      -0.094332       2.394521       2.892965      -7.097352      -3.922430     -11.944667     -21.651743      -0.857818       2.444180      23.617609     104.782700       5.645950     -84.886307     -15.041152     -27.189169      87.691040      -0.024811      34.534767       0.051677      -9.251440      -0.161788      -2.274411       2.561541       8.420776     -22.294662     -90.018326     -28.961597      89.984329    -105.042244      -1.414698     -91.321426     -26.223148     -13.279743      30.734987       0.057727     -47.785774      -0.001895      32.027809      -1.027619      -2.196279      -0.896764      -7.403961       6.307195     -90.005798     -32.945568      90.008110      66.265343      78.282303    -151.199783      90.916130      48.412895      90.372910     -10.711678      -8.942973      13.165086    -163.625275      84.868126     -23.423889      -0.026989      -2.610269     -20.591845      53.407669      67.431938    -169.604584     -90.964699     -43.968155      90.373611      15.409801      -8.129039       5.639662    -130.699387     -87.181198      35.089951      -4.596172       4.036761     -22.277929
      19.898523      31.826797      -5.464093      51.299049      80.109375     -57.954250     -63.373425     -78.172157      13.075714     -10.854667     -12.631984      -0.146190       2.495712       2.907292      -7.261151      -4.047287     -12.296885     -22.467939      -0.839513       2.353285      23.890192     105.061394       5.777940     -85.265358     -14.744341     -28.248180      87.855690      -0.030447      35.507599       0.045044      -9.176114      -0.159593      -2.274373       2.627068       8.678209     -21.956156     -90.013626     -29.308533      89.990128    -104.689079      -1.512890     -92.360970     -26.624479     -14.892703      30.890238       0.048751     -49.158234       0.000739      32.566982      -1.072850      -2.182889      -0.881946      -7.312108       6.898404     -90.002640     -33.357922      90.006248      66.126816      77.881134    -152.046387      90.910057      48.815060      90.360802     -10.704788      -9.224252      13.347725    -164.414795      84.688606     -22.603342      -0.031091      -2.646945     -20.768736      53.801655      67.447151    -168.394760     -90.965469     -42.972733      90.362633      14.961068      -8.717956       6.113884    -132.679337     -87.151436      33.185787      -4.643027       4.070285     -22.384863
      20.528042      31.848860      -5.779085      60.078392      80.425667     -67.651817     -63.435833     -77.945374      12.888790     -10.771834     -12.939552      -0.217319       2.564569       2.947074      -7.447608      -4.135602     -12.466328     -23.256058      -0.838902       2.349729      24.057972     105.219589       6.055531     -85.431770     -15.286086     -28.637472      87.885040      -0.032258      35.808815       0.046295      -9.106899      -0.165844      -2.273908       2.689778       8.872079     -21.763067     -90.010559     -29.581627      89.993134    -105.115448      -1.689851     -92.345726     -27.144444     -15.108225      29.982174       0.053029     -49.081333       0.000917      33.029667      -1.094578      -2.179055      -0.850100      -7.350788       7.528538     -90.002632     -33.682709      90.003204      65.966187      77.480270    -152.902466      90.964104      48.993378      90.367134     -10.751479      -9.491853      13.479056    -164.993317      84.553856     -22.006826      -0.034555      -2.674852     -20.923416      54.225689      67.683319    -167.295395     -90.972107     -41.930489      90.352859      14.693786      -8.643888       6.270399    -131.600067     -87.219635      34.221554      -4.684284       4.117943     -22.468651
      21.144203      31.836929      -6.074271      68.447784      80.378769     -77.054878     -63.632107     -77.703041      12.562098     -10.722803     -13.210965      -0.291068       2.603292       2.996899      -7.608139      -4.188221     -12.566276     -23.813847      -0.845618       2.370565      24.250917     105.402840       6.329135     -85.620041     -15.976639     -28.820421      87.874718      -0.033666      36.013458       0.048237      -9.049474      -0.171204      -2.273324       2.739614       9.049625     -21.574400     -90.008514     -29.796663      89.994827    -105.681549      -1.858066     -92.364586     -27.631123     -15.116790      29.068995       0.056010     -48.875000       0.000905      33.419571      -1.111880      -2.176259      -0.832479      -7.351842       7.999231     -90.002968     -33.938354      90.000610      65.765518      77.113258    -153.675934      90.949570      49.049561      90.353340     -10.842319      -9.719567      13.593723    -165.462387      84.437943     -21.537735      -0.036915      -2.695740     -21.060999      54.470928      68.054749    -166.177017     -90.979034     -41.012878      90.341957      14.482940      -8.323604       6.165130    -128.875992     -87.324631      36.849152      -4.717737       4.141812     -22.553051
      21.778599      31.777399      -6.342760      76.540100      80.252083     -86.307549     -63.906414     -77.468330      12.093011     -10.728443     -13.453255      -0.428417       2.601967       3.061440      -7.790946      -4.222527     -12.607318     -24.275505      -0.858559       2.412386      24.422651     105.625648       6.588412     -85.849838     -16.728123     -28.834661      87.909317      -0.034730      36.175896       0.050450      -9.003590      -0.175363      -2.272611       2.781517       9.190605     -21.441076     -90.007095     -29.965952      89.995728    -106.312073      -2.000701     -92.542740     -28.077129     -15.052024      28.238920       0.057776     -48.641792       0.001075      33.750172      -1.126468      -2.173474      -0.817563      -7.356094       8.404096     -90.003242     -34.139622      89.998657      65.560120      76.841698    -154.061111      90.943214      49.156395      90.347328     -10.912296      -9.915214      13.697620    -165.825562      84.350822     -21.212811      -0.038445      -2.707461     -21.190453      54.615189      68.554291    -164.914856     -90.985641     -40.366741      90.331047      14.351096      -7.918229       5.939939    -125.180405     -87.426041      40.438038      -4.744730       4.165881     -22.628687
      22.260921      31.746611      -6.475988      84.568115      78.764259     -96.238968     -64.400108     -77.374184      11.684757     -10.716652     -13.842427      -0.339073       2.580262       2.990076      -7.779715      -4.279902     -12.919100     -24.241295      -0.843701       2.303219      24.811743     105.796638       6.832522     -86.039734     -17.550217     -28.681112      88.003357      -0.035688      36.316090       0.052744      -8.965938      -0.178374      -2.271703       2.816488       9.372060     -21.278519     -90.005989     -30.099257      89.996452    -106.893723      -2.122323     -92.915573     -28.451849     -15.008323      27.477173       0.059289     -48.405361       0.001767      34.032143      -1.139357      -2.170460      -0.808942      -7.417455       8.673341     -90.003548     -34.298035      89.997238      61.127831      77.954971    -152.162018      90.913139      50.685547      90.378166     -10.810758      -9.941792      14.402588    -164.888977      84.659187     -22.041643      -0.033418      -2.624245     -21.280970      53.180847      70.011383    -163.239670     -90.992302     -39.790859      90.320282      14.704716      -7.215471       5.364396    -119.334610     -87.470566      46.167770      -4.772727       4.199500     -22.661097
      22.717714      31.753765      -6.590480      90.330505      76.958443    -103.786674     -64.976860     -77.151642      11.095487     -10.737300     -14.086086      -0.322119       2.541642       3.028833      -7.815286      -4.299740     -13.167528     -24.010134      -0.837166       2.205981      25.293314     106.035950       7.057855     -86.293976     -18.344584     -28.406809      88.228500      -0.036306      36.431705       0.055059      -8.933883      -0.180814      -2.270808       2.849847       9.518143     -21.179922     -90.005005     -30.204197      89.996902    -107.439262      -2.237395     -93.386101     -28.770153     -14.871026      26.709127       0.060344     -48.180004       0.001611      34.271881      -1.150748      -2.167742      -0.798500      -7.452850       8.943415     -90.003815     -34.422752      89.996254      55.289097      79.291069    -149.343842      90.889854      52.280945      90.409576     -11.001748      -9.740439      15.224171    -164.482544      84.789528     -22.458307      -0.027885      -2.574383     -21.363846      51.577148      71.412949    -161.488708     -90.956612     -38.971302      90.300705      15.123633      -6.373434       4.643181    -112.870544     -87.505142      52.516766      -4.792892       4.205451     -22.713171
      22.995890      31.753807      -6.683683      90.497208      72.989517    -106.032494     -66.014328     -77.037811      11.798478     -10.625481     -14.022229       0.232712       2.595532       2.874275      -8.014255      -4.291951     -13.302257     -23.661671      -0.838645       2.156748      25.590635     105.821480       7.072681     -86.191566     -21.048286     -27.138636      87.814331      -0.038006      33.871647       0.082557      -8.932611      -0.175701      -2.274196       2.965603      10.614255     -21.569685     -90.004303     -30.251211      89.996750    -108.332764      -2.432937     -93.417595     -28.646646     -15.031773      25.540657       0.075180     -44.779354       0.009100      34.421558      -1.174177      -2.151415      -0.522354      -8.311730      10.236360     -90.004433     -34.478729      89.994644      45.148945      81.049202    -146.652557      90.805992      57.237629      90.495567     -11.331325      -9.374471      16.177462    -164.112381      84.885971     -22.804003      -0.032462      -2.566296     -21.511744      47.987003      73.177139    -160.724136     -90.824120     -38.927128      90.249969      16.146307      -5.722589       3.935682    -102.908424     -87.537529      62.328331      -4.816100       4.173023     -22.611732
      22.990530      31.756693      -6.753598      84.797142      67.612007    -103.444000     -64.838936     -77.581032      14.956808     -10.217271     -13.419352       1.801640       2.971882       2.296189      -7.257376      -4.155339     -13.113045     -23.153906      -0.792356       2.180488      25.482351     105.889771       7.116901     -86.429565     -24.534491     -24.396854      87.201515      -0.038864      29.485552       0.125887      -9.771700      -0.123344      -2.277864       3.046901      10.687605     -23.613432     -90.020912     -28.744247      89.969345    -107.967567      -2.367381     -94.833458     -26.496864     -17.650141      25.697762       0.078467     -38.950375      -0.002666      29.086435      -0.918527      -2.251404      -0.380850      -8.208684      10.478565     -89.938347     -32.798206      90.069122      27.259863      82.487923    -141.595428      90.596733      67.874580      90.656540     -10.801660      -8.313489      16.883459    -164.319992      84.886703     -21.916920      -0.019252      -2.721056     -21.366083      42.907402      77.054222    -160.782333     -92.232956     -38.563683      90.595352      15.682647      -6.088012       3.900504     -89.249153     -84.484009      75.717346      -4.918478       4.135468     -22.775368
      23.061464      31.904116      -6.890767      80.972443      62.935093    -103.543144     -62.670208     -78.599564      18.201948     -10.263474     -13.055909       2.696646       3.144114       1.534033      -5.984575      -4.083894     -12.924916     -22.677938      -0.757220       2.260615      25.810619     106.282364       7.243069     -86.916893     -26.951452     -20.939966      87.115852      -0.034202      27.049551       0.130942     -10.902454      -0.058026      -2.281895       3.146479       9.959599     -26.884295     -90.036087     -25.786531      89.930077    -106.329079      -1.810353     -98.088188     -23.620487     -21.811266      26.964211       0.070112     -34.995289       0.005000      21.659090      -0.506472      -2.343005      -0.499086      -8.135166       9.304280     -89.880470     -29.496424      90.144157      -1.992089      84.724831    -123.853676      90.241318      74.632591      91.012024     -10.131686      -8.002440      16.391247    -162.512268      85.515892     -22.860086       0.032738      -2.473343     -21.072411      37.778419      80.206184    -158.009918     -91.773903     -34.673458      90.479118      12.429970      -5.825431       3.289884     -77.662437     -73.937721      87.026428      -5.055258       3.585701     -22.868916
      23.125137      32.102802      -7.043815      77.611572      58.471489    -104.527107     -60.012188     -79.611687      21.736399     -10.432519     -12.836288       3.363893       3.255138       0.544857      -4.745355      -4.032976     -12.746071     -22.197350      -0.717647       2.295883      26.093975     106.770592       7.350529     -87.515816     -29.235863     -17.560894      87.474045      -0.030071      25.213518       0.121736     -11.535962      -0.020099      -2.285723       3.212374       9.278785     -29.996374     -90.035934     -23.077461      89.908997    -106.078186      -1.349684    -101.229645     -21.798059     -23.899548      28.215570       0.065337     -31.910662       0.023601      17.518570      -0.271914      -2.357725      -0.603118      -8.108168       8.253949     -89.878372     -26.470451      90.149239     -50.355309      85.338531     -87.848831      89.181046      81.762276      92.071518      -9.486162      -7.846014      15.842072    -141.985214      87.610374     -43.080711       1.394085       3.927000     -21.519976      26.447908      83.258232    -148.972061     -91.076622     -31.087448      90.290390      10.041968      -5.403753       2.531334     -74.494904     -74.004173      90.187630      -4.760567       3.684380     -22.349815
      23.185667      32.339760      -7.225117      73.706154      54.105072    -105.325073     -56.697689     -80.494049      25.888964     -10.552633     -12.654803       4.016804       3.456585      -0.630742      -3.647872      -3.963892     -12.528506     -21.616829      -0.668899       2.318280      26.319742     107.310654       7.445681     -88.201736     -31.563297     -14.264105      88.058701      -0.026209      23.879314       0.105673     -11.891931       0.002297      -2.289001       3.246122       8.631496     -32.937546     -90.027588     -20.599026      89.900894    -106.474129      -0.998251    -104.080856     -20.589727     -24.554861      29.155441       0.057836     -29.624157       0.034064      15.211352      -0.147313      -2.347194      -0.696108      -8.083876       7.303400     -89.897507     -23.701899      90.130280     -90.208023      83.622528     -62.053505     -18.853159      89.644485     200.115982      -8.852299      -7.619403      15.376365     -92.142311      88.487968     -92.056671       1.512863       5.152303     -21.138773      -1.331159      85.941666    -123.657448     -90.776337     -27.758535      90.217712       7.721257      -4.886617       1.833239     -72.675201     -74.104500      92.187920      -4.719928       3.712134     -22.184320
      23.312443      32.691841      -7.382835      69.411201      49.480072    -107.068275     -51.880138     -81.510880      31.692081     -10.622451     -12.966458       4.812505       3.704101      -2.052234      -2.650129      -3.938963     -12.516829     -20.969391      -0.587000       2.260211      26.555984     107.736572       7.512969     -88.785393     -34.089115     -10.939885      88.831520      -0.023203      23.066425       0.086545     -12.093756       0.016319      -2.291288       3.255033       8.014318     -35.728958     -90.014206     -18.331623      89.902382    -107.122650      -0.713704    -106.610809     -19.839506     -24.184195      29.573404       0.048350     -28.019005       0.035264      13.917882      -0.083774      -2.332606      -0.552782      -8.020716       6.465342     -89.923790     -21.169298      90.103462    -115.164581      80.596313     -52.432079     -86.030128      81.639679     267.292725      -8.239804      -7.449318      14.884779     -69.695740      88.444366    -113.468094       1.478109       5.033027     -20.609589     -72.580208      85.453835     -55.558563     -90.085785     -24.637140      90.051979       5.647441      -4.542506       1.325089     -73.002998     -74.250412      91.383438      -4.696795       3.714628     -21.845406
      23.544580      33.016640      -7.562329      64.761436      45.994518    -107.868355     -47.561699     -81.984383      36.641365     -10.690893     -12.658939       5.243548       4.011174      -3.351332      -1.944736      -3.937609     -12.573504     -20.452179      -0.469669       2.089104      26.706652     108.138863       7.561013     -89.365753     -36.839981      -7.699862      89.905167      -0.021585      22.751759       0.065903     -12.213393       0.025990      -2.293205       3.241920       7.429502     -38.365517     -89.999046     -16.257410      89.908791    -107.864334      -0.456977    -108.943626     -19.480114     -22.969505      29.509958       0.039665     -27.050156       0.031288      13.199021      -0.053067      -2.320035      -0.387862      -7.954824       5.713840     -89.950531     -18.852646      90.078842    -132.072174      76.941635     -51.224998     -87.136566      75.568016     268.429047      -7.674449      -7.221495      14.465549     -38.689083      87.762764    -143.469330       1.427852       5.134812     -20.066639     -98.653671      82.156105     -31.662592     -89.643242     -21.599430      89.941208       3.720670      -3.807062       0.698895     -68.367134     -74.121620      96.765724      -4.572713       3.113410     -22.485212
      24.337910      33.494972      -7.903080      63.107723      48.962807    -111.685242     -39.969639     -82.487267      42.159798     -11.176336     -12.342848       2.191509       4.117371      -4.473279      -2.745700      -4.179030     -13.232599     -21.039396      -0.272159       1.720940      27.293299     108.410667       7.538151     -89.759094     -39.990585      -4.215060      91.152985      -0.021838      22.944893       0.046778     -12.272719       0.032454      -2.292966       3.200365       6.855782     -40.825344     -89.989235     -14.359959      89.914574    -108.892746      -0.260660    -110.607918     -19.455643     -20.442623      28.652687       0.034262     -26.516077       0.024861      12.806682      -0.038990      -2.312785      -0.236088      -7.921378       5.040350     -89.973503     -16.733437      90.059166    -134.539749      72.718338     -49.504482     -86.681068      82.017555     268.047699      -7.445272      -6.980746      14.098984     -31.794100      87.601166    -151.636093       1.369741       5.063825     -20.354134    -106.746422      77.408966     -19.365498     -89.007721     -19.377096      89.800735       1.198889      -2.998267       0.082798     -67.581734     -74.192444      97.984528      -4.452246       2.443347     -23.254620
      25.182869      33.760422      -8.467599      61.191780      52.124546    -112.916985     -37.681057     -82.328262      41.652283     -10.374854     -11.461437       0.307852       4.255212      -4.300484      -4.015037      -4.191373     -13.820943     -21.009964       0.057610       1.454323      27.513029     108.257759       7.322484     -89.603912     -42.984665      -1.493786      92.600220      -0.023588      24.287163       0.017965     -12.265550       0.035271      -2.295413       3.217037       6.285138     -42.798534     -89.987015     -13.183166      89.932350    -107.173950      -0.645689    -106.583305     -19.583662     -17.327204      20.164770       0.034568     -27.412432       0.021626      12.618631      -0.039855      -2.305502      -0.695939      -7.823905       0.075156     -89.990852     -15.464165      90.038521    -133.085526      69.678589     -49.845657      56.507824      89.595161     124.862389      -7.215765      -6.796915      13.869569     -29.937883      87.657196    -153.838303       1.317748       4.917821     -20.650961    -106.967110      74.751656     -14.810089     -88.338791     -18.357180      89.655724       0.030562      -2.255101      -0.393822     -60.024570     -73.366730     109.096527      -4.333459       1.865161     -24.128092
      26.166368      33.518757      -9.048133      63.892887      55.601334    -115.862053     -35.335285     -82.042130      42.491379      -8.469234      -9.433786      -1.690585       4.844518      -3.250492      -5.637919      -4.726539     -14.499866     -22.171001       0.089480       0.860147      26.527836     106.637596       7.006682     -89.737427     -44.575562      -0.649401      92.339783      -0.024321      25.237799      -0.002506     -12.328825       0.041521      -2.297750       3.132093       5.798862     -45.025646     -89.991524     -12.778896      89.952126    -111.748108      -0.435324    -106.865799     -19.422318     -15.294104      16.840069       0.030236     -27.359474       0.013923      12.607473      -0.045037      -2.305518      -0.957372      -7.366940      -4.445521     -89.996552     -14.870907      90.023018    -128.109802      69.693947     -52.993820      86.148766      87.596367      95.138023     -11.590661      -6.436488      13.988344     -34.532818      87.944092    -148.751038       1.278953       4.696701     -20.405119     -98.775307      75.089668     -20.119812     -88.638657     -23.439762      89.705574       2.745718      -0.965303      -1.012683     -59.109394     -73.088585     113.321762      -4.291894       1.378287     -24.151041
      27.377647      32.982033      -9.830555      63.304646      58.733288    -116.308395     -33.232994     -81.975006      43.669407      -6.890974      -8.231032      -2.878227       5.207705      -2.916056      -6.222548      -1.807835     -13.450915     -21.780895       0.674224       0.337142      21.051285     107.219948       6.624862     -88.725044     -42.035145       4.091402      90.045280      -0.010397      29.262665      -0.085060     -12.315837       0.036814      -2.292129       3.060981       5.372277     -47.118710     -89.976059     -11.230765      89.940475    -110.996696      -0.504832    -106.035797     -15.562649     -14.346684      18.856157       0.005842     -30.997557       0.087110      12.487861      -0.039846      -2.304568      -1.246278      -7.028918      -8.896105     -90.027191     -13.145860      89.967964    -123.217880      68.863342     -55.216316      87.819122      86.433510      93.439552     -17.428312      -5.646295      14.509528     -44.713501      88.368355    -138.521973       1.225431       4.320953     -20.342176     -91.049911      75.174393     -25.146866     -88.909874     -28.383841      89.786209       3.233244       1.827444      -2.724934     -59.728367     -73.185501     113.784515      -4.366395       0.616992     -24.089516
      28.570749      32.361553     -10.649273      62.089588      61.705036    -115.872154     -30.073166     -81.829468      46.196774      -5.114914      -6.811273      -4.531162       5.694071      -1.238465      -9.348538       1.711270     -13.993531     -16.000914       1.714632      -1.874087      21.233027     107.039848       6.374018     -87.811127     -44.147343       9.932749      90.015327       0.028200      32.668468      -0.143280     -12.377706       0.048003      -2.289582       2.916647       4.814507     -49.209747     -89.963287      -9.761376      89.938782    -109.772072      -0.709747    -105.680351     -11.845615     -12.025331      17.734066       0.009385     -33.315540       0.079884      12.483345      -0.044320      -2.309953      -1.388603      -6.845146     -12.754095     -90.021515     -11.514386      89.949638    -117.753365      68.142731     -57.368179      88.499138      85.519478      92.743301     -22.959579      -5.095247      15.019529     -57.955158      88.644432    -125.422256       1.203144       3.993073     -20.456686     -81.905724      75.475136     -31.945345     -89.215195     -32.914906      89.880714       2.674599       2.714858      -3.204993     -60.509499     -73.194061     115.563347      -4.363772       0.287131     -24.011864
      29.709002      31.716005     -11.408610      60.702152      64.172142    -115.407738     -27.214676     -81.467941      48.427307      -3.155899      -5.420701      -5.974360       6.338939       0.164104     -11.757573       4.896341     -13.969706     -10.444009       2.756871      -4.047071      21.951008     106.474785       6.116830     -87.375053     -49.006355      16.170967      90.868378       0.053500      35.263306      -0.176783     -12.410240       0.058975      -2.289785       2.791256       4.346723     -51.048702     -89.945732      -8.417405      89.946693    -108.763451      -0.865855    -105.285187      -8.500209      -9.508204      13.579599       0.030615     -34.766495       0.062992      12.469143      -0.048369      -2.312951      -1.489440      -6.521026     -16.434500     -90.008514     -10.022134      89.954216    -112.107475      67.292984     -59.667629      88.891205      84.733994      92.343155     -27.438023      -4.750710      15.401872     -71.487190      88.786522    -112.103600       1.192501       3.752333     -20.653151     -72.535301      75.378456     -39.731541     -89.468262     -36.965038      89.958748       1.932308       2.850397      -3.168020     -62.695271     -73.360069     117.417015      -4.354076       0.164114     -23.851973
      30.846197      30.997684     -12.136728      59.117516      66.152710    -115.092789     -24.530127     -80.982056      50.580429      -1.105140      -4.313816      -7.044020       7.040014       1.043440     -13.395396       7.730331     -13.146325      -5.724614       3.775999      -5.959244      22.820354     105.599976       5.866045     -87.186150     -55.664143      22.289093      92.151672       0.058296      37.225433      -0.183714     -12.425565       0.068515      -2.291424       2.679978       3.941160     -52.717407     -89.930054      -7.188153      89.958588    -107.798943      -0.996755    -104.801918      -5.316684      -7.626551       8.176452       0.044895     -35.662712       0.045226      12.455737      -0.053454      -2.313976      -1.567140      -6.172771     -19.999269     -89.998238      -8.657232      89.965401    -106.451477      66.282173     -61.928894      89.139908      84.087234      92.090248     -30.722771      -4.444555      15.739913     -85.771980      88.845657     -98.084503       1.186292       3.544970     -20.898600     -63.858540      74.777748     -47.373116     -89.611557     -40.590816      90.005684       1.307454       2.953040      -3.110477     -67.656525     -73.886421     117.362839      -4.352109       0.056573     -23.628063
      32.014133      30.181232     -12.852146      57.480831      67.672279    -115.014908     -21.969933     -80.425812      52.778328       0.966048      -3.452522      -7.730079       7.742247       1.618340     -14.453756      10.135153     -12.043947      -1.804549       4.806493      -7.735772      23.950159     104.614914       5.652254     -87.049911     -63.432949      27.995035      93.522774       0.047067      38.575111      -0.169883     -12.430154       0.074925      -2.294311       2.583441       3.605218     -54.258812     -89.919029      -6.063605      89.969376    -106.929848      -1.101380    -104.206688      -2.299260      -6.448973       1.969004       0.047681     -36.044617       0.027743      12.443048      -0.057537      -2.313751      -1.622288      -5.822280     -23.404797     -89.991470      -7.408722      89.977272    -100.860794      65.215698     -64.072601      89.312279      83.554008      91.915138     -32.557587      -4.151231      15.990144     -99.817329      88.832306     -84.359566       1.182961       3.348328     -21.190538     -56.339943      73.789124     -54.140835     -89.732018     -43.929230      90.041092       0.419944       3.452310      -3.240450     -75.215569     -74.658012     114.246834      -4.447388      -0.620159     -23.198666
      33.231636      29.268620     -13.569913      56.052898      68.606728    -115.356415     -19.679945     -79.828499      54.942223       2.988239      -2.772807      -8.009682       8.392764       1.975438     -15.051665      12.147054     -10.922382       1.508465       5.851981      -9.379518      25.362648     103.656075       5.491413     -86.876205     -71.766335      33.200562      94.612503       0.028270      39.410702      -0.145022     -12.429417       0.078089      -2.298434       2.496635       3.323942     -55.699505     -89.912582      -5.034785      89.977417    -106.199432      -1.179730    -103.517807       0.501578      -5.951375      -4.746813       0.039679     -35.925377       0.011035      12.430901      -0.059363      -2.312969      -1.656968      -5.483597     -26.651463     -89.987152      -6.266566      89.987869     -95.360741      64.169518     -66.175797      89.444435      83.087570      91.781258     -33.019100      -3.932647      16.047672    -111.674431      88.762497     -72.796402       1.181138       3.167074     -21.473207     -50.018402      72.538719     -59.644367     -89.955582     -47.083965      90.102676      -1.257272       4.439965      -3.538470     -83.594299     -75.325439     108.974152      -4.667594      -1.908783     -22.498156
      34.485764      28.244085     -14.291809      55.057747      69.019402    -116.321564     -17.446829     -79.232468      57.235371       4.920374      -2.267505      -7.948352       8.997773       2.162623     -15.260603      13.829142      -9.852371       4.323816       6.806688     -10.632814      27.090540     102.914185       5.347516     -86.646309     -80.136032      38.242920      94.857742       0.007540      39.766613      -0.110170     -12.428445       0.077371      -2.301838       2.415018       3.085302     -57.051361     -89.909393      -4.093509      89.982124    -105.629608      -1.232339    -102.810463       2.988946      -6.069383     -11.622342       0.024697     -35.346024      -0.003321      12.420451      -0.058594      -2.311980      -1.672126      -5.156113     -29.742229     -89.984558      -5.221618      89.996666     -89.942230      63.139805     -68.246605      89.549706      82.676605      91.674706     -32.934677      -3.743057      16.044708    -117.419968      88.711784     -67.096909       1.170299       3.058849     -21.601547     -44.688263      71.098106     -64.225929     -90.072983     -49.898758      90.134659      -2.910083       5.279781      -3.796784     -93.385223     -75.760117     101.368225      -4.730972      -2.424718     -21.812017
      35.786049      27.069727     -15.025534      54.459560      68.981171    -117.842758     -15.203550     -78.678619      59.713127       6.702019      -1.947120      -7.505969       9.572848       2.177137     -14.973974      15.239510      -8.815581       6.662228       7.640604     -11.465293      28.850071     102.581932       5.213600     -86.470894     -86.968285      43.115074      93.826859      -0.011110      39.556396      -0.063978     -12.412992       0.071074      -2.303087       2.342645       2.895048     -58.327385     -89.911133      -3.232254      89.983582    -105.240723      -1.257682    -102.222710       4.949652      -7.003874     -17.694458      -0.001868     -33.780655      -0.020229      12.857665      -0.072874      -2.306815      -1.608164      -4.898419     -30.535864     -89.976707      -3.862669      90.002083     -84.658859      62.167721     -70.217110      89.632523      82.323441      91.591026     -32.838310      -3.537072      16.090546    -120.723907      88.673088     -63.748478       1.161877       2.990073     -21.653852     -40.212841      69.586761     -68.086411     -90.087952     -52.413624      90.131241      -4.866674       5.872981      -3.885731    -105.034904     -75.759895      90.706985      -4.781684      -2.676120     -21.057091
      37.114208      25.744226     -15.763070      54.186020      68.626213    -119.772163     -13.026308     -78.163368      62.258930       8.322512      -1.701679      -6.864727      10.101648       2.164181     -14.535607      16.419628      -7.887437       8.775777       8.279822     -11.771626      30.612383     102.387321       5.074209     -86.324776     -92.831261      47.907387      91.705482      -0.021554      39.491516      -0.038521     -12.403822       0.064791      -2.303842       2.268072       2.721774     -59.520275     -89.914391      -2.444337      89.984993    -104.923515      -1.271110    -101.685745       6.435856      -7.826856     -23.625853      -0.009014     -32.694183      -0.021322      13.226163      -0.087074      -2.304230      -1.540577      -4.640498     -31.284452     -89.974876      -2.618507      90.006378     -79.574059      61.255589     -72.024857      89.698883      82.016327      91.523857     -32.654110      -3.355312      16.108929    -122.525177      88.647491     -61.872055       1.155944       2.939892     -21.688356     -36.396851      68.084770     -71.404099     -90.094826     -54.673355      90.122635      -7.839306       5.764623      -3.523234    -112.746910     -75.374954      82.190453      -4.781694      -2.469496     -20.268429
      38.458828      24.259476     -16.501858      54.133804      68.002403    -122.005714     -10.875777     -77.680359      64.877556       9.798930      -1.536161      -6.041458      10.588926       2.105305     -13.885880      17.406395      -7.096750      10.557705       8.676382     -11.552815      32.248753     102.248703       4.940792     -86.216675     -97.393158      52.976307      88.377251      -0.028002      39.164528      -0.011834     -12.393870       0.059317      -2.304542       2.199538       2.586298     -60.638496     -89.918854      -1.723506      89.985207    -104.641968      -1.275316    -101.248688       7.634664      -8.776858     -29.084940      -0.013410     -31.583216      -0.020363      13.528844      -0.100496      -2.303123      -1.476159      -4.404433     -32.001343     -89.975014      -1.480230      90.009399     -74.749054      60.393463     -73.655640      89.752396      81.749062      91.469795     -32.315235      -3.199743      16.087704    -123.249168      88.635155     -61.051071       1.151568       2.905643     -21.713560     -33.059971      66.641014     -74.365570     -90.145905     -56.705463      90.131050     -11.178752       4.869031      -2.778938    -115.825912     -75.106430      77.952477      -4.734477      -1.840807     -19.576803
      39.814365      22.611027     -17.239489      54.244316      67.146568    -124.481834      -8.707358     -77.229095      67.597168      11.140148      -1.438309      -5.057578      11.033640       2.039772     -13.062897      18.232323      -6.609570      12.066793       8.807505     -10.845253      33.728210     102.101578       4.807076     -86.150467    -100.050041      58.213177      83.576241      -0.030327      38.515419       0.016057     -12.381083       0.054245      -2.305145       2.133552       2.476211     -61.681076     -89.924545      -1.064097      89.984505    -104.385857      -1.275130    -100.906685       8.626462      -9.872543     -33.984844      -0.016256     -30.376938      -0.018942      13.781298      -0.112772      -2.302704      -1.412741      -4.178548     -32.686211     -89.975670      -0.438829      90.011208     -70.213669      59.583981     -75.099449      89.796074      81.516006      91.425842     -31.833651      -3.065753      16.032745    -123.074883      88.635437     -61.104759       1.148277       2.885921     -21.726912     -30.086147      65.284325     -77.074699     -90.272972     -58.525372      90.176262     -14.388785       3.393205      -1.844985    -116.453499     -75.082207      76.746048      -4.666932      -0.913224     -18.919785
      41.155605      20.791193     -17.975224      54.653683      66.039650    -127.141541      -6.628826     -76.803154      70.267815      12.341990      -1.373675      -3.992302      11.424201       1.983276     -12.141172      18.515404      -6.332451      13.279277       8.674411      -9.737464      35.012817     101.905678       4.672975     -86.143951    -100.018707      63.411182      76.570175      -0.028443      37.489048       0.044125     -12.815406       0.075011      -2.310219       2.023813       2.494054     -60.730148     -89.920753      -0.058827      89.981339    -104.152626      -1.275555    -100.615822       9.503863     -11.100415     -38.367241      -0.016794     -29.191399      -0.018128      13.986395      -0.124698      -2.304372      -1.365203      -4.013682     -33.418163     -89.976898       0.514088      90.011604     -65.781090      58.962120     -76.837715      89.892563      81.134743      91.211266     -30.887447      -2.833213      16.083773    -122.002068      88.653297     -62.138447       1.146296       2.899438     -21.795366     -26.896544      64.047241     -79.971886     -90.402130     -59.991859      90.231712     -16.749369       1.046001      -0.606341    -115.441521     -75.285149      78.004395      -4.585408       0.295321     -18.189159
      42.469723      18.804943     -18.669338      55.863586      64.611168    -130.435257      -4.166886     -76.362053      73.314667      13.539320      -1.533239      -2.790680      11.891551       1.752489     -10.872977      17.862932      -5.957997      13.780316       8.238697      -8.204060      35.847523     101.671890       4.540580     -86.172554     -95.695496      68.211708      65.920792      -0.020785      36.342865       0.058695     -13.183373       0.092278      -2.311975       1.911792       2.477699     -59.809433     -89.922729       0.861793      89.979668    -104.014809      -1.304097    -100.107224      10.982230     -13.168355     -42.730362      -0.014072     -28.371046      -0.027307      14.219817      -0.143032      -2.314183      -1.331192      -4.089087     -34.468060     -89.979401       1.385445      90.010529     -61.425587      58.526287     -79.092674      89.983925      80.721436      90.912285     -29.818775      -2.666622      16.073330    -119.141487      88.682007     -64.813057       1.152294       2.937476     -21.794533     -23.767456      62.896214     -82.676735     -90.589317     -61.401508      90.324417     -18.108658      -1.190714       0.428525    -117.171188     -75.119415      75.418564      -4.518978       1.204378     -17.512474
      43.886799      16.565456     -19.355545      57.154049      61.861366    -134.269287      -0.218970     -75.732368      78.210938      14.428395      -2.373079      -0.212947      12.486386       1.083003      -5.552456      17.735697      -5.092038      10.091510       8.138154      -6.542956      33.468903     100.804115       4.497005     -86.297508     -90.923965      62.877300      64.869835      -0.171647      43.947533       0.238046      -7.966106      -0.172751      -2.101554       2.210293      -1.359816     -56.006874     -89.913925       2.924468      90.011543    -102.679085      -1.838885    -102.173897      14.139563     -19.180798     -36.187237       0.139945     -37.080177       0.184192       9.001443       0.107989      -2.232602      -0.032025      -3.752350     -43.270252     -89.976677      -1.620636      90.056824     -57.156929      58.069839     -81.571098      90.085938      79.782722      91.240479     -29.330599      -2.513744      16.064220    -118.719383      88.683868     -65.105042       1.150205       2.940566     -21.758375     -21.699228      61.704395     -84.605530     -90.436501     -62.125305      90.234711     -18.962093      -1.765338       0.636018    -118.878265     -74.882988      72.442497      -4.463542       1.432876     -17.236605
      45.391876      14.119904     -20.069923      59.648869      58.557713    -138.936310       5.227814     -75.030136      85.522133      15.422548      -3.292806       2.741550      13.240685       0.156027      -1.622174      17.670511      -4.063115       6.982617       8.117712      -4.904519      31.242594     100.421272       4.296570     -86.143494     -88.251663      57.470345      66.380630      -0.314969      50.775799       0.461378      -3.243194      -0.388430      -1.936805       1.246502      -3.292898     -51.727882     -89.945610       2.820891      90.002327    -101.662270      -2.174589    -102.812317      17.736954     -24.730316     -28.393806       0.240526     -45.007832       0.318523       4.218164       0.337875      -2.174660       0.006669      -4.343436     -44.132504     -89.984459      -1.650133      90.034363     -52.491131      57.712509     -84.438995      90.060890      79.792755      89.184387     -28.828377       0.126185      19.297779    -114.368637      88.785049     -69.250404       1.122426       3.298774     -21.958784     -19.161867      60.607800     -86.517029     -90.137589     -62.052998      90.073669     -19.605618      -2.036812       0.656589    -119.006004     -74.882141      72.007317      -4.397517       1.568934     -17.056067
      46.915928      11.584126     -20.820669      62.977451      54.335728    -144.664978      12.263608     -74.591949      95.197807      16.022209      -4.416673       5.976017      13.578367      -0.897181       1.772866      17.671595      -3.285401       4.057117       8.241196      -3.572335      29.171591      99.790642       4.219162     -85.650200     -87.147079      52.825172      68.685265      -0.516208      57.303291       0.659623       1.064436      -0.545295      -1.816374      -1.320333      -8.259318     -45.141506     -89.965958       2.712906      89.997078    -100.817650      -2.315205    -102.573723      21.815041     -28.915531     -19.287098       0.333921     -51.936348       0.442121      -0.203081       0.549081      -2.127275      -0.418891      -5.216864     -41.927200     -89.990036      -1.683711      90.019890     -46.800240      57.936398     -87.824539      90.108223      80.285263      87.735931     -29.415379       1.982604      21.676245    -123.084274      88.487137     -60.614986       1.397900       3.361966     -22.256109     -18.277966      59.593933     -86.422852     -89.937958     -61.184891      90.011856     -21.838926      -3.260544       1.372850    -119.462822     -75.050224      71.243095      -4.341075       1.251302     -16.986395
      48.342358       9.101549     -21.732634      63.161896      49.326458    -147.966888      18.999762     -74.093834     105.850471      16.436714      -5.202024       9.940082      13.668899      -1.326004       4.823032      17.658205      -2.883917       1.938951       8.490111      -2.533478      27.608952      99.114967       4.106359     -85.294090     -85.759048      48.684830      70.544205      -0.657346      62.899792       0.775207       5.064196      -0.710998      -1.741350      -3.706365     -15.658455     -38.666969     -89.977493       2.185297      89.988037    -100.106644      -2.337707    -101.938110      26.298719     -31.682301      -9.440459       0.464088     -57.963470       0.595675      -4.284256       0.734890      -2.078569      -0.521670      -5.978739     -38.317360     -89.993675      -1.716746      90.010590     -41.740662      58.281132     -91.047035      89.998497      79.403206      88.190933     -29.827402       2.226488      21.933754    -129.596542      88.286064     -54.427559       1.504618       3.330849     -22.677597     -13.123074      58.365482     -89.309814     -88.274796     -58.752331      89.196777     -21.669291      -0.542819       0.250632    -111.010086     -76.131516      80.527733      -4.407127       1.293024     -16.858503
      49.632809       6.685901     -22.608368      62.920494      44.735020    -150.571671      24.331127     -73.346375     114.892822      16.868589      -5.504585      13.564064      13.762315      -1.238303       7.579261      17.634720      -2.445605       0.610520       8.768337      -1.510623      26.514109      98.588203       3.972446     -85.025848     -84.138542      44.844521      72.128456      -0.760542      67.794006       0.866326       8.763455      -0.889531      -1.700127      -2.592757     -16.278717     -31.504999     -89.987984       2.087834      89.987541     -99.456291      -2.347025    -101.298119      30.886324     -33.240406       0.137478       0.609070     -63.229275       0.732470      -8.066310       0.908140      -2.027426      -0.210967      -5.644220     -34.972122     -89.996040      -1.749203      90.004547     -36.832355      58.261112     -93.723717      89.911705      77.937332      88.510513     -29.139193       2.296678      21.677399    -128.480652      88.326126     -55.370403       1.479478       3.380045     -22.694094     -11.288387      57.509361     -89.561363     -88.509598     -56.641159      89.474953     -21.863472       0.222658      -0.295892     -89.438927     -76.547676     103.982056      -4.305570       1.280919     -16.743263
      50.803730       5.393194     -23.406374      62.193905      39.366585    -152.880386      27.079651     -73.870575     119.274879      16.324499      -5.577336      17.555882      12.691621       0.310422      12.708172      17.553728      -3.262135      -0.994923       9.244536      -1.374418      25.549742      94.846489       3.627208     -85.904594     -84.131828      42.898350      73.730171      -0.729302      71.809364       0.736107      12.175655      -1.098539      -1.659824      -5.305370     -13.797682     -21.652977     -89.971703       2.744118      89.997131     -98.818848      -2.343015    -100.648338      35.141232     -33.621738       8.994718       0.820900     -67.833794       0.953938     -11.613474       1.054574      -1.961649      -0.126620      -4.481462     -30.842566     -89.998093      -1.781129      90.000771     -38.006866      57.868210     -91.735809      89.831039      75.297958      88.702560     -27.173832       0.945749      19.783516    -112.490646      88.580864     -70.985001       1.446701       3.626715     -22.500406     -13.673194      55.922901     -87.380859     -88.887283     -55.091091      89.679398     -22.492149       1.417413      -0.837322     -81.275009     -76.269745     112.274101      -4.324552       1.061256     -16.313850
      51.832874       5.116742     -24.053844      62.466206      34.833164    -154.919830      31.764000     -73.981544     126.306168      15.581929      -5.201737      17.304068      11.466847       2.617151      15.786599      17.486666      -3.247868      -1.407845       9.595988      -0.703516      25.302744      93.571114       3.751507     -86.558037     -83.420929      40.938969      74.302757      -0.657166      75.552582       0.635871      15.445953      -1.295885      -1.633829      -4.297951     -11.187640     -17.251104     -90.012177       1.886471      90.001053     -98.112785      -2.522022     -99.940277      39.314575     -33.601398      16.599186       0.931811     -72.002586       1.051216     -14.922156       1.228612      -1.899142       0.090692      -3.051143     -29.402748     -89.999329      -1.812452      89.998474     -38.807587      57.362720     -89.640388      90.345261      70.736847      90.075302     -23.445421      -0.262269      16.341938    -136.249878      88.470932     -47.442997       1.268478       2.172376     -22.964361     -16.656860      55.266396     -84.976082     -88.965271     -54.640980      89.684532     -22.845251       2.411406      -1.291455     -77.042427     -76.066994     114.634125      -4.294937       0.919216     -16.012091
      52.707947       4.973197     -24.534557      63.185665      32.067795    -155.532333      34.159050     -73.855911     131.263657      15.158415      -4.486168      17.074766      10.784196       4.134877      14.789165      17.434458      -3.146956      -1.982159       9.940212      -0.053002      24.887907      92.945343       3.786895     -87.045311     -82.380463      38.805130      75.138702      -0.631025      78.905128       0.626884      18.516273      -1.473347      -1.609767      -3.313346      -7.596169     -15.531694     -90.010254       1.789063      89.999275     -97.622025      -2.611305     -99.311646      43.033634     -33.194954      23.782787       0.983095     -75.712830       1.101097     -18.027052       1.407395      -1.823063       0.173229      -1.791761     -29.103910     -90.000198      -1.843197      89.997116     -37.220226      56.772842     -89.309227      90.904457      67.132935      90.582680     -21.353121      -0.181329      15.635655    -144.513992      88.418083     -38.753201       1.102411       1.697238     -22.704157     -17.002483      55.013073     -84.772774     -89.722534     -54.849327      89.957611     -23.016930       2.512803      -1.290779     -72.155945     -75.775383     117.209953      -4.272022       0.838262     -15.850482
      53.452076       4.903347     -24.918411      63.902641      30.451353    -155.164337      33.776882     -73.959503     132.421188      14.926468      -3.582097      16.839083      10.393044       5.235223      13.902900      17.390692      -3.115073      -2.634605      10.308866       0.469131      24.347231      92.591934       3.723299     -87.295197     -81.128853      36.537857      76.193199      -0.710493      81.922661       0.721304      21.387909      -1.625379      -1.574221      -2.723625      -4.675570     -14.304438     -90.008400       1.697942      89.997978     -97.280006      -2.570052     -98.613327      46.119045     -32.269333      30.642359       1.095073     -78.986839       1.215964     -20.939764       1.565135      -1.740091       0.202457      -1.037373     -28.517090     -90.000710      -1.873424      89.996254     -35.731922      56.197197     -89.010963      90.812057      63.980602      90.417664     -19.855686      -0.101398      15.227774    -146.145279      88.490204     -36.881191       1.075840       1.895697     -22.555325     -15.990623      54.782616     -85.757240     -90.981392     -55.294529      90.454750     -23.188765       2.460866      -1.205600     -68.561729     -75.581383     118.277351      -4.254714       0.778620     -15.710497
      54.101715       4.847349     -25.246050      64.569328      29.000195    -154.710403      33.729774     -74.051697     133.596344      14.694662      -2.610960      16.633366      10.023527       6.316149      13.155228      17.350306      -3.078192      -3.138136      10.682746       0.947134      23.881172      92.342941       3.617923     -87.419495     -79.834885      34.339809      77.295601      -0.936108      84.641388       0.952120      24.083504      -1.759777      -1.526260      -2.409204      -2.839339     -13.382088     -90.006676       1.608367      89.997192     -97.031227      -2.469627     -97.869728      48.632801     -31.011976      36.914722       1.326962     -81.901230       1.444535     -23.675865       1.702564      -1.655551       0.244874      -0.560270     -27.651913     -90.000999      -1.903186      89.995689     -34.333015      55.637405     -88.824593      90.694489      61.101238      90.302910     -18.577518      -0.206880      14.788994    -145.797226      88.586349     -37.103848       1.099617       2.247809     -22.493803     -14.334210      54.746552     -87.402679     -90.938316     -55.903439      90.429001     -23.387106       1.979071      -0.803005     -68.533257     -75.798401     115.659653      -4.262781       0.649376     -15.564919
      54.635189       4.818439     -25.492977      65.656929      28.333048    -154.174194      33.635025     -74.172302     133.422684      14.542513      -1.692689      16.509079       9.726969       7.347774      12.566791      17.318670      -2.971058      -3.429673      11.047208       1.439038      23.544500      92.179710       3.520681     -87.527885     -78.698486      32.340599      78.454170      -1.560020      87.090363       1.573896      26.620224      -1.881163      -1.469649      -2.218593      -1.726952     -12.729193     -90.005142       1.520314      89.996712     -96.835373      -2.358011     -97.122040      50.787014     -29.698889      42.593029       1.793190     -84.572327       1.902634     -26.243029       1.822920      -1.568882       0.333573       0.128566     -26.894207     -90.001205      -1.932437      89.995361     -32.478264      55.195847     -88.978561      90.305565      58.945461      90.091232     -17.465183      -0.399336      14.305795    -145.268738      88.681419     -37.574924       1.131233       2.574336     -22.501812     -12.086281      54.626766     -89.276596     -90.902084     -56.750462      90.418228     -23.545580       1.582199      -0.545065     -74.204155     -76.466949     107.129539      -4.247441       0.562854     -15.433565
      55.087105       4.802248     -25.675415      66.337799      27.997881    -153.401688      33.052532     -74.301003     132.799789      14.451223      -0.896031      16.375092       9.498316       8.227202      12.056579      17.287796      -2.898438      -3.669736      11.416910       1.874509      23.259806      92.108322       3.425601     -87.594666     -77.673668      30.500114      79.651711      -5.955821      89.291176       5.963861      29.011679      -1.990422      -1.405572      -2.094946      -1.192833     -12.226091     -90.003838       1.433746      89.996399     -96.702507      -2.241125     -96.401299      52.550861     -28.324001      47.651932       2.940016     -86.975311       3.037291     -28.662817       1.931233      -1.482082       0.400498       0.673672     -26.089247     -90.001312      -1.961195      89.995132     -31.099152      54.801189     -89.089516      89.717262      57.207523      89.826042     -16.570547      -0.613524      13.843427    -144.902405      88.761803     -37.948082       1.172660       2.896209     -22.558300     -10.399180      54.414104     -90.844093     -90.874031     -57.544617      90.416481     -23.695429       1.231727      -0.338606     -84.954491     -77.029900      93.319138      -4.226803       0.515090     -15.308802
      55.456116       4.801383     -25.793100      66.678314      27.848108    -152.516449      31.921036     -74.367676     131.666473      14.489219      -0.211740      16.243670       9.413099       8.911747      11.629209      17.273514      -2.665560      -3.926553      11.769422       2.363859      22.962416      91.954643       3.372419     -87.765526     -77.022148      29.092985      80.809105    -176.548676      88.874527     176.547729      31.266861      -2.089520      -1.333983      -2.036278      -1.110918     -11.828563     -90.003433       1.221565      89.996452     -96.426094      -2.087865     -96.060783      53.822048     -27.404211      51.429626       7.820046     -88.993439       7.896495     -30.915148       2.034041      -1.392865       0.454390       1.055504     -25.324768     -90.000755      -2.031651      89.995193     -30.147024      54.440918     -89.181374      89.020920      55.850296      89.545822     -15.925259      -0.826505      13.417285    -145.516937      88.802284     -37.406998       1.221655       3.188866     -22.664450      -9.098948      54.045460     -92.143311     -90.832535     -58.137047      90.406784     -23.788769       1.029418      -0.234527     -97.049965     -76.943268      77.912071      -4.202750       0.520872     -15.188872
      55.731785       4.800898     -25.855167      67.017311      27.513126    -151.976517      31.006966     -74.362801     130.755020      14.558999       0.328275      16.136843       9.354171       9.397119      11.314888      17.267860      -2.428873      -4.107554      12.119701       2.833723      22.709373      91.541237       3.397058     -88.176849     -76.769333      28.116005      81.886848    -178.657669      87.355537     178.646713      33.397137      -2.178659      -1.257083      -2.000637      -1.105447     -11.434322     -90.003700       0.891112      89.996872     -96.146317      -2.054669     -96.073990      54.624405     -26.687983      53.794827     170.867386     -89.277702     170.911789     -33.064499       2.131141      -1.305315       0.439677       1.024891     -24.477964     -90.000671      -2.141452      89.994598     -29.012192      54.220383     -89.548874      89.055969      54.763229      89.596840     -15.615416      -1.058131      12.999924    -147.934433      88.737282     -34.994114       1.224942       3.266641     -22.707724      -8.316463      53.635323     -92.977745     -90.493530     -58.675880      90.254234     -23.828938       0.900187      -0.184763    -107.039185     -76.261063      64.321999      -4.174027       0.553027     -15.083468
      55.911911       4.786964     -25.888395      67.232368      27.258331    -151.622696      30.446129     -74.279579     130.185760      14.654227       0.698276      16.060665       9.310423       9.710850      11.106396      17.254627      -2.301843      -4.246332      12.480524       3.214074      22.512472      91.091484       3.476061     -88.728310     -76.661560      27.296850      82.928955    -179.180069      85.957893     179.160690      35.411507      -2.257935      -1.179195      -1.965283      -1.095016     -11.046412     -90.003845       0.582909      89.997284     -95.841461      -2.060440     -96.155602      55.313660     -25.985756      55.848743     177.556213     -87.719475     177.576538     -35.095932       2.218301      -1.219729       0.427150       0.999699     -23.669609     -90.000557      -2.243852      89.994156     -28.165659      53.982254     -89.827209      89.075844      53.948368      89.626701     -15.484481      -1.174630      12.772241    -150.121201      88.629501     -32.778145       1.210405       3.243226     -22.733543      -7.765636      53.279011     -93.572342     -89.999207     -59.110020      90.019814     -23.585321       0.167529       0.007572    -105.696014     -76.343071      63.134415      -4.119977       0.880639     -15.156071
      56.005913       4.770236     -25.905218      67.393387      27.047377    -151.467224      30.230093     -74.135727     129.946716      14.764909       0.916398      16.012890       9.274457       9.888064      10.982523      17.237553      -2.240150      -4.367046      12.846189       3.532868      22.348204      90.623695       3.599836     -89.349785     -76.659882      26.595932      83.923996    -179.407623      84.671181     179.381256      37.317837      -2.328652      -1.102008      -1.930151      -1.082485     -10.671308     -90.003815       0.295621      89.997581     -95.544876      -2.078736     -96.263901      55.920532     -25.313959      57.702850     178.702011     -86.282791     178.704453     -37.018875       2.296412      -1.136313       0.414553       0.974080     -22.886559     -90.000481      -2.339312      89.993820     -27.617794      53.730473     -90.034515      89.084763      53.469463      89.642059     -15.439563      -1.237045      12.614984    -151.608353      88.531258     -31.249281       1.195383       3.210773     -22.750536      -7.452712      52.963345     -93.927483     -89.406761     -59.429573      89.727753     -23.396439      -0.260049       0.146765     -98.350761     -76.912209      68.648712      -4.085116       1.007980     -15.149807
      56.029774       4.762812     -25.910315      67.390091      26.999987    -151.388977      30.057804     -73.934937     129.747742      14.925261       1.005307      15.987697       9.281303       9.915524      10.942493      17.219421      -2.218773      -4.455676      13.212644       3.808937      22.217821      90.190125       3.770437     -90.027695     -76.697174      26.015110      84.770294    -179.533859      83.483093     179.501633      39.121944      -2.392554      -1.026275      -1.896422      -1.065464     -10.314245     -90.003723       0.027840      89.997849     -95.241867      -2.105531     -96.387352      56.466492     -24.680614      59.396748     179.155655     -84.960518     179.145203     -38.839497       2.366518      -1.055482       0.402295       0.947189     -22.129234     -90.000443      -2.428303      89.993622     -27.414288      53.545219     -90.120125      89.088150      53.261288      89.649071     -15.439453      -1.311211      12.440712    -153.208923      88.407211     -29.597559       1.176041       3.153854     -22.757036      -7.501743      52.558586     -93.912315     -89.080376     -59.554592      89.559677     -23.304750      -0.137219       0.040110     -88.862335     -77.354973      76.395042      -4.054779       1.066215     -15.088789
      56.011185       4.768503     -25.921961      67.143311      27.185440    -151.209854      29.615683     -73.718826     129.291153      15.141609       1.026441      15.972247       9.349670       9.803351      10.974002      17.200081      -2.223542      -4.502776      13.576797       4.055768      22.125633      89.830612       3.963929     -90.704529     -76.696411      25.523846      85.424255    -179.614105      82.385017     179.577026      40.831238      -2.450865      -0.952796      -1.862522      -1.039736      -9.972107     -90.003624      -0.221735      89.998123     -94.890121      -2.137713     -96.540329      56.947533     -24.087841      60.923592     179.388733     -83.742905     179.369080     -40.564083       2.429504      -0.977538       0.390092       0.915986     -21.395618     -90.000443      -2.511227      89.993469     -27.367174      53.386292     -90.184509      89.088531      53.129868      89.653122     -15.477210      -1.386849      12.267233    -154.920486      88.242813     -27.787630       1.136308       3.019600     -22.720833      -7.680547      52.143600     -93.798782     -89.118744     -59.483101      89.575134     -23.170862       0.176099      -0.137171     -74.140717     -77.380508      89.952507      -4.020967       1.099353     -15.061260
      55.988010       4.775619     -25.935184      66.838806      27.381207    -150.994797      28.913301     -73.636246     128.599533      15.297601       1.000015      15.959859       9.413682       9.596210      11.050208      17.203115      -2.273944      -4.557871      13.867219       4.210639      22.106783      89.351875       4.037407     -91.179390     -77.020126      25.284861      86.114975    -179.659424      81.745018     179.618240      41.851936      -2.487620      -0.911399      -1.661431      -0.846940      -9.828812     -90.002823      -0.368697      89.997726     -94.570984      -2.160515     -96.538818      57.272842     -23.872200      61.702877     179.513687     -82.947891     179.485687     -41.565746       2.469114      -0.933392       0.266210       0.736300     -21.056620     -90.000633      -2.560081      89.993492     -27.380489      53.267265     -90.257393      89.087959      53.030544      89.655823     -15.526173      -1.437150      12.151778    -155.787781      88.112244     -26.811989       1.095189       2.891727     -22.682133      -7.849296      51.698734     -93.713036     -89.140182     -59.267990      89.586006     -22.523212       0.557014      -0.288809     -61.727604     -76.638618     103.827919      -4.001482       0.975052     -15.224445
      55.974052       4.776625     -25.939417      66.560120      27.402750    -150.738342      27.961235     -73.762383     127.671150      15.324905       0.965456      15.948155       9.429311       9.309859      11.162353      17.199680      -2.390116      -4.796210      14.068074       4.239031      22.135399      88.682388       3.983274     -91.419563     -77.857292      25.370781      87.037819    -179.672043      81.683113     179.628189      42.145508      -2.502121      -0.902705      -1.546969      -0.624516      -9.834017     -90.002014      -0.423617      89.996941     -94.132950      -2.154170     -96.491035      57.554352     -24.013731      62.010651     179.568054     -82.795326     179.533127     -41.851330       2.486540      -0.922224       0.186351       0.393630     -21.120491     -90.000793      -2.578321      89.993546     -27.476519      53.333351     -90.419945      89.088005      53.041321      89.656693     -15.560080      -1.520631      12.017324    -156.305557      88.005844     -26.239363       1.074562       2.824230     -22.690222      -8.026537      50.966850     -93.661705     -89.148773     -58.876396      89.592827     -22.016098       1.182319      -0.511987     -56.992161     -76.002403     111.331863      -3.991152       0.749552     -15.255564
      55.965641       4.775483     -25.937883      66.340416      27.347862    -150.492661      26.892242     -73.932800     126.570717      15.323812       0.953782      15.938846       9.424268       9.025074      11.272922      17.188091      -2.531774      -5.229659      14.269766       4.232124      22.100622      87.906601       3.925640     -91.670174     -78.777534      25.460299      88.078461    -179.678040      81.677040     179.632584      42.419945      -2.514288      -0.893015      -1.512022      -0.599972      -9.691499     -90.001488      -0.477623      89.996391     -93.610756      -2.136372     -96.571899      57.883018     -24.149607      62.472996     179.597549     -82.747826     179.558304     -42.118813       2.500763      -0.910956       0.189452       0.246988     -21.002510     -90.000900      -2.596248      89.993629     -27.602999      53.496601     -90.599792      89.088516      53.111549      89.656830     -15.593527      -1.623774      11.850235    -156.803207      87.912788     -25.722855       1.066084       2.801512     -22.724667      -8.201596      50.075417     -93.600311     -89.150208     -58.398964      89.597878     -21.779779       1.784861      -0.752129     -55.374729     -75.601509     115.973404      -3.974931       0.587273     -15.184665
      55.959133       4.774148     -25.932211      66.156715      27.260235    -150.237259      25.740593     -74.112816     125.328545      15.315721       0.953006      15.930834       9.409471       8.774976      11.366142      17.175592      -2.705514      -5.843760      14.482026       4.180657      21.971077      87.058128       3.871423     -91.943108     -79.753281      25.522635      89.220085    -179.680969      81.691559     179.634476      42.689598      -2.525049      -0.882408      -1.491448      -0.693891      -9.448788     -90.001122      -0.530725      89.996010     -93.042931      -2.113296     -96.728828      58.230991     -24.285643      63.001625     179.614944     -82.732849     179.572968     -42.378654       2.512789      -0.899563       0.226086       0.235633     -20.733379     -90.000954      -2.613887      89.993698     -27.771135      53.666473     -90.780510      89.009827      53.232677      89.626137     -15.626158      -1.739215      11.670511    -157.164230      87.839485     -25.371378       1.067575       2.817588     -22.781994      -8.349278      49.098030     -93.559166     -89.148178     -57.886024      89.602501     -21.668131       2.357183      -0.991986     -55.429008     -75.408119     119.011101      -3.956026       0.457382     -15.072928
      55.958874       4.770951     -25.925505      66.031548      27.120453    -150.049011      24.754892     -74.279663     124.220184      15.293106       0.946634      15.925051       9.376306       8.579206      11.434958      17.158403      -2.925752      -6.640710      14.706629       4.073187      21.736982      86.155655       3.818829     -92.229385     -80.766167      25.552141      90.445854    -179.682053      81.718437     179.634933      42.955788      -2.534835      -0.871252      -1.477272      -0.856735      -9.141696     -90.000877      -0.582938      89.995743     -92.447449      -2.084819     -96.940140      58.578312     -24.420963      63.554535     179.625137     -82.734352     179.581482     -42.633682       2.523296      -0.888093       0.275888       0.290289     -20.361279     -90.000999      -2.631243      89.993759     -27.898054      53.912426     -90.958282      89.052856      53.342289      89.641495     -15.650103      -1.894234      11.447308    -157.448425      87.769508     -25.111391       1.070500       2.815941     -22.854454      -8.530563      48.001766     -93.442055     -89.144142     -57.353863      89.607079     -21.628340       2.906078      -1.226766     -56.627071     -75.404282     120.811897      -3.935877       0.343620     -14.935764
      55.961941       4.766901     -25.918041      65.929489      26.949512    -149.884338      23.850346     -74.433609     123.169556      15.264913       0.936366      15.921091       9.330881       8.430056      11.484813      17.135391      -3.189018      -7.603419      14.943279       3.908814      21.399288      85.206268       3.771399     -92.529007     -81.817520      25.545527      91.752144    -179.681961      81.753983     179.634430      43.218838      -2.543934      -0.859771      -1.466274      -1.061502      -8.791811     -90.000710      -0.634282      89.995552     -91.821815      -2.055746     -97.189278      58.924225     -24.554422      64.117699     179.631012     -82.745026     179.586319     -42.885277       2.532774      -0.876610       0.332681       0.375287     -19.922318     -90.001038      -2.648299      89.993797     -28.033838      54.128922     -91.118195      89.074699      53.450184      89.648872     -15.659464      -2.050561      11.242073    -157.255203      87.746696     -25.351845       1.078677       2.812309     -22.954264      -8.725691      46.824242     -93.295105     -89.139198     -56.819908      89.611694     -21.643387       3.438695      -1.457227     -58.631302     -75.555473     121.568474      -3.914910       0.241720     -14.780047
      55.966228       4.762657     -25.910166      65.837112      26.766384    -149.727325      23.030457     -74.571426     122.174492      15.236105       0.924718      15.918195       9.280044       8.320286      11.519536      17.104553      -3.490300      -8.722465      15.190023       3.690827      20.962572      84.223892       3.733039     -92.842888     -82.908516      25.504393      93.128426    -179.681137      81.796310     179.633347      43.478943      -2.552529      -0.848116      -1.456926      -1.297084      -8.413312     -90.000595      -0.684765      89.995430     -91.159233      -2.028797     -97.468292      59.271854     -24.684956      64.690323     179.633026     -82.760757     179.587677     -43.133926       2.541538      -0.865150       0.393511       0.480163     -19.440214     -90.001038      -2.665061      89.993851     -28.173405      54.332184     -91.272675      89.085136      53.559349      89.651741     -15.656923      -2.214478      11.042130    -156.753403      87.750999     -25.916904       1.089805       2.796726     -23.074047      -8.921853      45.589561     -93.137115     -89.134003     -56.298595      89.616341     -21.704256       3.950807      -1.681157     -61.111130     -75.805428     121.498764      -3.892878       0.152406     -14.611040
      55.969639       4.759448     -25.903395      65.730080      26.594790    -149.566849      22.325302     -74.684868     121.265457      15.212269       0.907657      15.917078       9.227718       8.243499      11.542498      17.065479      -3.824690      -9.987474      15.445750       3.422414      20.433249      83.236893       3.707907     -93.175156     -84.033310      25.428377      94.560295    -179.679825      81.842216     179.631836      43.736431      -2.560746      -0.836386      -1.447592      -1.554380      -8.017614     -90.000526      -0.734413      89.995331     -90.451416      -2.004366     -97.763405      59.613712     -24.812227      65.254204     179.633896     -82.775734     179.588120     -43.379833       2.549779      -0.853756       0.455852       0.590336     -18.936289     -90.001068      -2.681578      89.993858     -28.314135      54.511543     -91.420753      89.090141      53.656551      89.652779     -15.649264      -2.369981      10.851161    -156.174133      87.761429     -26.558390       1.098528       2.764458     -23.196344      -9.125120      44.330162     -92.970230     -89.128601     -55.801044      89.620880     -21.801548       4.437050      -1.895963     -63.710037     -76.090172     120.893600      -3.869602       0.076392     -14.434327
      55.969292       4.758837     -25.899168      65.583755      26.466114    -149.387085      21.750805     -74.766724     120.451096      15.201682       0.877906      15.918770       9.183144       8.193462      11.556297      17.015556      -4.183291     -11.387761      15.706920       3.109592      19.816677      82.270470       3.699187     -93.529900     -85.188522      25.320662      96.035812    -179.678146      81.890381     179.630035      43.991417      -2.568672      -0.824629      -1.437158      -1.825225      -7.612723     -90.000473      -0.783226      89.995277     -89.683243      -1.982015     -98.066154      59.946304     -24.932386      65.807053     179.634033     -82.790337     179.587997     -43.623375       2.557643      -0.842427       0.517887       0.694719     -18.425884     -90.001083      -2.697800      89.993874     -28.457239      54.670441     -91.562820      89.092522      53.738735      89.652908     -15.645363      -2.508128      10.673979    -155.708832      87.758316     -27.069157       1.101330       2.714574     -23.303431      -9.334451      43.085213     -92.802879     -89.123360     -55.336594      89.625229     -21.926262       4.899085      -2.101448     -66.117134     -76.361137     120.038292      -3.845291       0.011479     -14.254233
      55.961548       4.761648     -25.897074      65.389313      26.414846    -149.163208      21.596853     -74.890854     120.031883      15.112921       0.744806      15.934374       9.036221       8.056569      11.600316      16.987720      -4.515619     -13.078423      15.990057       2.756490      19.037231      82.044380       3.792873     -94.230766     -86.032249      25.065144      97.284821    -179.677704      81.918060     179.629227      44.253265      -2.576800      -0.812577      -1.399039      -2.138687      -7.317997     -90.000443      -0.831227      89.995201     -88.599625      -1.939412     -98.325996      60.142815     -24.969942      66.227493     179.633942     -82.800468     179.587692     -43.862591       2.565195      -0.831299       0.587243       0.766039     -17.949440     -90.001091      -2.713758      89.993881     -28.607229      54.867496     -91.711708      89.094170      53.835552      89.652359     -15.648329      -2.644433      10.498849    -155.363205      87.739464     -27.445868       1.099202       2.648803     -23.396414      -9.519793      41.891109     -92.665207     -89.118530     -54.913033      89.629433     -22.070837       5.342583      -2.299176     -68.082703     -76.588882     119.182755      -3.820251      -0.045341     -14.073732
      55.948792       4.767555     -25.896097      65.167023      26.414440    -148.906830      21.656363     -74.981865     119.772476      15.040784       0.604358      15.949724       8.916075       8.006694      11.612295      16.915749      -4.877019     -14.862032      16.255585       2.363252      18.177006      81.836998       3.890970     -94.927734     -86.919746      24.834961      98.567406    -179.675995      81.960510     179.627380      44.508293      -2.584583      -0.800632      -1.371041      -2.466307      -7.015143     -90.000420      -0.878420      89.995148     -87.509422      -1.904054     -98.628288      60.300060     -24.998640      66.594543     179.633362     -82.813309     179.587006     -44.098637       2.572490      -0.820256       0.658301       0.817493     -17.482609     -90.001091      -2.729437      89.993904     -28.755560      55.091354     -91.872040      89.095566      53.943890      89.651451     -15.658390      -2.783912      10.321856    -155.105698      87.709030     -27.724070       1.093177       2.570238     -23.479019      -9.685211      40.721249     -92.550491     -89.113808     -54.525890      89.633232     -22.227077       5.768047      -2.489211     -69.423309     -76.758308     118.534668      -3.794500      -0.095879     -13.895564
      55.930588       4.776423     -25.896605      64.899300      26.462851    -148.603088      21.805613     -75.042397     119.564590      14.988806       0.469934      15.964211       8.812779       7.999282      11.610447      16.823605      -5.255803     -16.780794      16.513073       1.965985      17.287865      81.643730       3.999969     -95.625938     -87.846588      24.610291      99.871452    -179.673813      82.009163     179.625168      44.759590      -2.592113      -0.788750      -1.345216      -2.794122      -6.673214     -90.000420      -0.924818      89.995102     -86.402756      -1.872304     -98.950432      60.429928     -25.022043      66.925606     179.632538     -82.827377     179.586166     -44.332355       2.579598      -0.809270       0.728478       0.854224     -17.009436     -90.001099      -2.744848      89.993896     -28.920845      55.293659     -92.039589      89.054604      54.059494      89.633812     -15.678395      -2.917132      10.149584    -154.940582      87.667511     -27.896143       1.082731       2.480438     -23.548676      -9.839255      39.582367     -92.466400     -89.109566     -54.172852      89.636795     -22.389282       6.184163      -2.674268     -70.044548     -76.865540     118.229042      -3.768506      -0.143571     -13.721193
      55.914387       4.784425     -25.897444      64.648865      26.497303    -148.326889      22.092270     -75.099953     119.486458      14.929368       0.324226      15.979550       8.700680       8.013258      11.601698      16.703835      -5.665291     -18.889799      16.760839       1.575617      16.384134      81.466362       4.116524     -96.323051     -88.788437      24.381506     101.178925    -179.671432      82.060890     179.622818      45.007961      -2.599431      -0.776951      -1.318691      -3.115348      -6.295923     -90.000443      -0.970461      89.995071     -85.298973      -1.839551     -99.282799      60.519341     -25.034348      67.215492     179.631500     -82.842979     179.585144     -44.563843       2.586524      -0.798348       0.797051       0.873971     -16.520407     -90.001076      -2.760026      89.993912     -29.063694      55.547108     -92.207443      89.079575      54.167999      89.642006     -15.698959      -3.058410       9.971838    -154.832489      87.620392     -28.010435       1.071400       2.387515     -23.615561      -9.998975      38.389534     -92.353455     -89.105682     -53.840820      89.640091     -22.548172       6.596581      -2.856663     -69.955322     -76.913979     118.303627      -3.742416      -0.190981     -13.551583
      55.898357       4.792287     -25.898449      64.395004      26.527945    -148.048401      22.431362     -75.152718     119.462029      14.869188       0.180639      15.994265       8.586897       8.041244      11.588881      16.548250      -6.117293     -21.208389      16.999229       1.190477      15.468411      81.308800       4.241365     -97.004829     -89.731728      24.149967     102.463264    -179.668961      82.113785     179.620377      45.253082      -2.606545      -0.765260      -1.292461      -3.427221      -5.893578     -90.000443      -1.015318      89.995056     -84.213432      -1.808028     -99.621704      60.571285     -25.036148      67.463943     179.630295     -82.860992     179.583984     -44.793537       2.593313      -0.787474       0.863196       0.880966     -16.012089     -90.001076      -2.774947      89.993904     -29.211359      55.783726     -92.372314      89.091469      54.273666      89.645325     -15.719040      -3.195170       9.798462    -154.701447      87.576302     -28.148027       1.060174       2.294449     -23.683344     -10.157492      37.163418     -92.238396     -89.102097     -53.531338      89.643105     -22.701187       7.014193      -3.039232     -69.261284     -76.912514     118.703484      -3.716674      -0.241494     -13.387304
      55.892391       4.793419     -25.900278      64.193329      26.470608    -147.862244      22.991106     -75.221413     119.721771      14.776462       0.018227      16.009460       8.441371       8.080545      11.571406      16.346354      -6.623519     -23.781406      17.228725       0.808501      14.542482      81.170708       4.363656     -97.670433     -90.653938      23.907042     103.725021    -179.666473      82.167053     179.617950      45.495972      -2.613504      -0.753660      -1.263782      -3.727839      -5.473435     -90.000450      -1.059430      89.995049     -83.150749      -1.769581     -99.966034      60.573643     -25.028454      67.666260     179.630035     -82.881172     179.583862     -45.020718       2.599930      -0.776689       0.928677       0.870424     -15.479570     -90.001076      -2.789602      89.993904     -29.344429      55.881088     -92.486671      89.096481      54.315212      89.647102     -15.735687      -3.301973       9.650165    -154.580093      87.537285     -28.273602       1.048986       2.208642     -23.748613     -10.244377      36.726601     -92.272430     -89.068741     -53.463596      89.638458     -22.830133       6.544580      -2.992916     -68.639450     -76.826241     118.953362      -3.706539      -0.334690     -13.083649
      55.896660       4.791805     -25.901648      64.052261      26.331379    -147.769180      23.708101     -75.282730     120.274307      14.671391      -0.113456      16.022987       8.292467       8.154816      11.546686      16.004984      -7.383081     -26.813585      17.449284       0.404110      13.653376      81.229340       4.492849     -98.237083     -91.133781      23.878428     104.273392    -179.665329      82.149300     179.617416      45.700821      -2.619116      -0.743944      -1.329278      -3.950353      -5.162714     -90.000572      -1.102797      89.995049     -82.351906      -1.714031    -100.336655      60.462692     -25.002773      67.748528     179.628967     -82.926575     179.583054     -45.252087       2.606574      -0.765556       0.977047       0.857468     -14.873070     -90.001091      -2.804026      89.993896     -29.469538      55.855042     -92.542618      89.097862      54.296703      89.648392     -15.746366      -3.383433       9.525208    -154.406067      87.507935     -28.452051       1.039374       2.133710     -23.814024     -10.404049      36.353325     -92.241264     -89.081390     -53.372730      89.647545     -22.932140       6.427564      -3.004293     -68.235832     -76.818100     119.168732      -3.686150      -0.344599     -12.902191
      55.907505       4.788008     -25.902468      63.978649      26.156853    -147.759171      24.203491     -75.304054     120.745300      14.612488      -0.153007      16.026114       8.202605       8.252853      11.510785      15.454502      -8.499086     -30.303972      17.673502      -0.147784      12.832458      81.290596       4.657326     -98.620789     -91.287354      24.018629     104.096909    -179.664017      82.168526     179.616257      45.917751      -2.625371      -0.733480      -1.377571      -4.115681      -4.820274     -90.000626      -1.145448      89.995155     -81.985077      -1.652446    -100.702240      60.356640     -25.015028      67.828125     179.626312     -82.991516     179.580704     -45.484859       2.613061      -0.754260       1.007442       0.875565     -14.104932     -90.001099      -2.818206      89.993896     -29.564528      55.759293     -92.550797      89.110565      54.238892      89.654640     -15.753225      -3.447668       9.415535    -154.216949      87.483307     -28.644800       1.030820       2.067212     -23.878145     -10.564811      36.031906     -92.167404     -89.086143     -53.274178      89.652527     -23.074043       6.411174      -3.022136     -67.790733     -76.816505     119.411552      -3.667657      -0.368070     -12.723301
      55.922882       4.782259     -25.903404      63.948280      25.959558    -147.810730      24.470806     -75.339615     121.039711      14.556828      -0.164132      16.026066       8.116074       8.314862      11.488003      14.758104      -9.753668     -34.057415      17.902027      -0.763149      12.041668      81.166908       4.781616     -98.956665     -91.382904      24.060852     103.970940    -179.663437      82.194382     179.615570      46.147797      -2.631952      -0.722537      -1.376496      -4.237054      -4.455442     -90.000610      -1.187382      89.995247     -81.578110      -1.684285    -100.830971      60.511303     -25.013317      68.069901     179.635178     -82.857643     179.588715     -45.701187       2.618536      -0.744678       1.042176       0.860985     -12.852512     -90.001091      -2.832175      89.993904     -29.639626      55.637150     -92.523666      89.149918      54.154480      89.671753     -15.755612      -3.499305       9.315973    -154.038589      87.460930     -28.826670       1.023141       2.008100     -23.941189     -10.731011      35.738857     -92.057068     -89.087349     -53.178612      89.655388     -23.225000       6.413972      -3.038712     -67.351685     -76.819138     119.651443      -3.648305      -0.388370     -12.553893
      55.940693       4.775330     -25.904415      63.945618      25.753523    -147.900665      24.556503     -75.398849     121.179153      14.495104      -0.169407      16.024742       8.025494       8.332558      11.480277      13.920088     -11.052502     -38.079662      18.125496      -1.400849      11.260405      80.953453       4.881294     -99.262138     -91.458534      24.065542     103.878761    -179.662430      82.225456     179.614471      46.376881      -2.638430      -0.711642      -1.369891      -4.387473      -4.094896     -90.000580      -1.228617      89.995300     -81.159378      -1.710591    -100.942062      60.761662     -25.073660      68.424583     179.641373     -82.751755     179.594589     -45.895031       2.623684      -0.735646       1.061685       0.896289     -11.856998     -90.001114      -2.845895      89.993889     -29.699640      55.502316     -92.473869      89.207001      54.054344      89.695877     -15.753944      -3.540506       9.224718    -153.873093      87.440208     -28.995619       1.016274       1.955697     -24.003216     -10.895780      35.464256     -91.924843     -89.087242     -53.089672      89.657227     -23.368616       6.407916      -3.051454     -66.936729     -76.824394     119.877304      -3.627996      -0.402595     -12.392893
      55.959236       4.767646     -25.905340      63.954723      25.546097    -148.006439      24.555653     -75.472038     121.280624      14.429609      -0.192702      16.026432       7.931847       8.295560      11.494405      13.057873     -12.188551     -42.207195      18.353024      -1.956322      10.487500      80.780212       4.979219     -99.767159     -91.221756      23.670912     103.820335    -179.608444      83.459930     179.559189      46.619778      -2.647885      -0.700698      -1.323704      -3.092568      -4.659733     -90.000587      -1.269159      89.995354     -80.917999      -1.733570    -101.123009      60.851578     -24.994150      68.696091     179.647339     -82.635750     179.600174     -46.082436       2.628891      -0.726849       1.084599       0.958913     -11.061103     -90.001114      -2.859372      89.993904     -29.748281      55.361908     -92.416786      89.272919      53.946659      89.723305     -15.750305      -3.573959       9.139487    -153.728928      87.419472     -29.142282       1.009826       1.908391     -24.063290     -11.056080      35.207546     -91.787262     -89.086617     -53.007339      89.658516     -23.504803       6.393623      -3.061424     -66.539864     -76.830864     120.091759      -3.607448      -0.414228     -12.236491
      55.977753       4.760261     -25.905912      63.974442      25.343475    -148.117706      24.663525     -75.510109     121.515320      14.385364      -0.229874      16.028936       7.852118       8.346054      11.473691      12.209099     -13.110998     -46.165253      18.557604      -2.452053       9.686857      80.713196       5.105606    -100.506943     -90.813377      23.031311     103.821754    -179.492188      84.878830     179.441757      46.871403      -2.657368      -0.688209      -1.253939      -2.500244      -4.826134     -90.000420      -1.308965      89.995560     -80.874092      -1.772289    -101.382904      60.800957     -24.809570      68.848618     179.654190     -82.497787     179.606598     -46.265179       2.633966      -0.718349       1.111660       1.040629     -10.359653     -90.001122      -2.872638      89.993912     -29.784590      55.219875     -92.359695      89.340965      53.837440      89.751335     -15.746568      -3.604682       9.056608    -153.598022      87.398384     -29.274736       1.003571       1.864454     -24.121492     -11.206208      34.968605     -91.652748     -89.085716     -52.931324      89.659477     -23.633732       6.370014      -3.069045     -66.158508     -76.837700     120.295624      -3.586843      -0.424719     -12.082923
      55.997791       4.752144     -25.906263      64.008469      25.130259    -148.245667      24.921568     -75.528862     121.910736      14.341356      -0.248930      16.029087       7.765616       8.481815      11.420212      11.362832     -13.903364     -49.935886      18.750624      -2.985132       8.820147      80.659142       5.229009    -101.262901     -90.363152      22.350935     103.844376    -179.332275      86.047554     179.280792      47.110298      -2.665530      -0.676214      -1.221153      -2.502764      -4.625379     -90.000259      -1.348133      89.995430     -80.828339      -1.823129    -101.700478      60.797726     -24.658787      69.045944     179.659332     -82.385605     179.611511     -46.448154       2.639172      -0.709624       1.138083       1.140187      -9.702051     -90.001122      -2.885687      89.993927     -29.809019      55.065189     -92.297798      89.416801      53.718681      89.782257     -15.742444      -3.630899       8.977027    -153.485611      87.376961     -29.387838       0.997451       1.823919     -24.177944     -11.345965      34.805710     -91.527573     -89.012825     -52.874496      89.633095     -23.781651       6.303699      -3.043768     -65.745987     -76.843552     120.512146      -3.566842      -0.447229     -11.929160
      56.012230       4.746918     -25.905115      64.025795      24.961508    -148.323532      25.199888     -75.517982     122.233704      14.322758      -0.290307      16.031284       7.687882       8.722575      11.319602      11.271665     -14.180203     -49.671398      18.817942      -5.799277       3.163043      80.610107       5.403695    -102.119812     -89.979958      21.698992     103.856895    -179.137573      86.881844     179.085739      47.340343      -2.672392      -0.664618      -1.215371      -2.957219      -4.182368     -90.000183      -1.386653      89.995323     -80.766464      -1.942234    -102.126984      60.792175     -24.405350      69.257622     179.666275     -82.226570     179.617767     -46.632511       2.644472      -0.700999       1.175544       1.256973      -9.072175     -90.001122      -2.898490      89.993927     -29.824789      54.949203     -92.270966      89.473877      53.629360      89.805305     -15.743365      -3.665852       8.891765    -153.366531      87.354103     -29.506273       0.991041       1.782152     -24.232563     -11.469645      34.588139     -91.427116     -89.050949     -52.805988      89.648315     -23.895508       6.289452      -3.063941     -65.399368     -76.851875     120.693703      -3.546236      -0.449339     -11.782361
      56.026077       4.741634     -25.905125      64.024246      24.795517    -148.390961      25.557579     -75.489586     122.651070      14.311515      -0.318732      16.032970       7.624032       8.944881      11.228383      11.254001     -14.321046     -49.501839      18.650785      -8.261721      -2.221731      80.591736       5.539904    -102.851486     -89.732018      21.280666     103.869667    -178.984909      87.334496     178.933838      47.563454      -2.677514      -0.653588      -1.213461      -3.756488      -3.475821     -90.000168      -1.424584      89.995232     -80.726334      -2.031452    -102.467613      60.742176     -24.182337      69.378288     179.673889     -82.054024     179.625076     -46.812698       2.649224      -0.692490       1.211870       1.370791      -8.456139     -90.001122      -2.911102      89.993927     -29.857346      54.829979     -92.241875      89.523651      53.541851      89.825302     -15.746875      -3.701156       8.805509    -153.279633      87.328285     -29.590330       0.983850       1.739377     -24.284334     -11.595638      34.394543     -91.336136     -89.069160     -52.744171      89.656120     -24.001154       6.258274      -3.073780     -65.062317     -76.858276     120.866547      -3.526691      -0.460008     -11.631039
      56.040123       4.736016     -25.905247      64.021889      24.627388    -148.460220      25.950912     -75.454758     123.109596      14.301403      -0.347000      16.035072       7.561055       9.172636      11.132565      11.277685     -14.362527     -49.403835      18.296757     -10.507838      -7.268234      80.590286       5.641996    -103.468880     -89.627655      21.102789     103.877487    -178.917633      87.507294     178.867935      47.781685      -2.681787      -0.642985      -1.206609      -4.665534      -2.766509     -90.000191      -1.461872      89.995148     -80.692856      -2.118988    -102.798553      60.684395     -23.963411      69.478447     179.681274     -81.880646     179.632263     -46.994629       2.653959      -0.683809       1.244233       1.484032      -7.847614     -90.001122      -2.923480      89.993927     -29.889751      54.708595     -92.211967      89.575272      53.452599      89.845917     -15.751646      -3.735623       8.719815    -153.209579      87.301323     -29.656481       0.976425       1.697466     -24.334362     -11.722150      34.216057     -91.247292     -89.077072     -52.686825      89.659966     -24.106655       6.220890      -3.079965     -64.729538     -76.864899     121.035187      -3.507255      -0.472834     -11.481246
      56.054199       4.729940     -25.905359      64.011116      24.452650    -148.523575      26.397022     -75.415222     123.643211      14.288773      -0.363425      16.037384       7.498338       9.407229      11.033549      11.367702     -14.266661     -49.367535      17.807125     -12.514284     -11.912877      80.598198       5.746859    -104.051674     -89.490013      20.852802     103.880287    -178.775833      87.794418     178.726578      48.000046      -2.686779      -0.632384      -1.187648      -5.093266      -2.221201     -90.000252      -1.498538      89.995125     -80.665207      -2.204939    -103.129875      60.623585     -23.755781      69.563087     179.687836     -81.722649     179.638702     -47.177677       2.658709      -0.674979       1.273940       1.594448      -7.244828     -90.001129      -2.935671      89.993935     -29.924814      54.587570     -92.188751      89.628906      53.362682      89.867210     -15.757984      -3.769416       8.634689    -153.153763      87.273254     -29.707508       0.968817       1.656312     -24.382763     -11.854254      34.045834     -91.164948     -89.079926     -52.631721      89.661781     -24.212078       6.182455      -3.084407     -64.402565     -76.872162     121.199356      -3.487848      -0.486509     -11.333744
      56.068245       4.723656     -25.905380      63.995350      24.274599    -148.582520      26.933115     -75.366325     124.326096      14.269894      -0.339366      16.036518       7.433884       9.696568      10.908395      11.472442     -14.098386     -49.367729      17.227955     -14.307418     -16.052633      80.618286       5.822537    -104.517746     -89.194550      20.417213     103.918243    -178.507568      88.180046     178.457901      48.224609      -2.692580      -0.621467      -1.142053      -5.222912      -1.742460     -90.000298      -1.534582      89.995201     -80.642998      -2.287519    -103.507454      60.627899     -23.625465      69.705032     179.691467     -81.638313     179.642502     -47.368366       2.663799      -0.665523       1.289480       1.703730      -6.644032     -90.001129      -2.947649      89.993942     -29.960720      54.467621     -92.170517      89.683868      53.272881      89.888885     -15.766047      -3.803288       8.549635    -153.108963      87.244209     -29.746645       0.961031       1.615694     -24.429657     -11.988889      33.880604     -91.087433     -89.080750     -52.577908      89.662766     -24.316055       6.144070      -3.088170     -64.083405     -76.880058     121.358131      -3.468446      -0.500644     -11.188469
      56.081528       4.717810     -25.905230      63.981476      24.106268    -148.639786      27.463736     -75.319298     125.013100      14.246511      -0.303513      16.033504       7.367231       9.984337      10.776955      11.634621     -13.833600     -49.400726      16.645037     -15.812283     -19.620232      80.636467       5.874452    -104.935501     -88.922089      20.045427     103.947990    -178.209244      88.484314     178.159714      48.440765      -2.697857      -0.610917      -1.112121      -5.523591      -1.263091     -90.000320      -1.570004      89.995201     -80.621834      -2.371598    -103.909065      60.649429     -23.503294      69.879929     179.693863     -81.574760     179.645020     -47.561020       2.669081      -0.655985       1.306389       1.814538      -6.050550     -90.001144      -2.959427      89.993935     -29.994844      54.352425     -92.151413      89.736832      53.187218      89.909622     -15.775855      -3.838636       8.463677    -153.070313      87.214432     -29.778999       0.953093       1.575146     -24.475405     -12.116526      33.726112     -91.012558     -89.080727     -52.529327      89.663376     -24.402151       6.102969      -3.093105     -63.789726     -76.889038     121.504326      -3.449355      -0.516136     -11.043562
      56.094963       4.711804     -25.904877      63.980206      23.943235    -148.709274      27.970352     -75.275543     125.664650      14.222548      -0.278934      16.030741       7.301887      10.251694      10.648343      11.833133     -13.547334     -49.445972      16.100067     -17.045122     -22.727690      80.654610       5.899402    -105.295120     -88.747719      19.862667     103.977150    -178.093201      88.584557     178.044632      48.653221      -2.702479      -0.600605      -1.079052      -6.072455      -0.722442     -90.000343      -1.604837      89.995163     -80.605347      -2.453933    -104.299858      60.661007     -23.368099      70.052780     179.696274     -81.505455     179.647430     -47.746391       2.674111      -0.646877       1.325951       1.923625      -5.464707     -90.001144      -2.971003      89.993927     -30.022024      54.234497     -92.123573      89.790878      53.100914      89.930664     -15.784986      -3.870088       8.381499    -153.026718      87.186562     -29.816809       0.945322       1.536537     -24.521172     -12.230330      33.619991     -90.938118     -89.036301     -52.493538      89.647484     -24.471621       6.041140      -3.086906     -63.510944     -76.897308     121.641472      -3.431586      -0.540237     -10.894006
      56.107040       4.706659     -25.904716      63.965637      23.789150    -148.763580      28.418671     -75.231956     126.259186      14.202870      -0.252757      16.028208       7.242547      10.500244      10.525023      12.051755     -13.242231     -49.499321      15.617126     -18.057695     -25.326855      80.673935       5.913203    -105.623672     -88.619781      19.774000     104.006523    -178.063202      88.614952     178.015594      48.863369      -2.707010      -0.590371      -1.042918      -6.580513      -0.213242     -90.000366      -1.639075      89.995132     -80.594269      -2.534380    -104.677612      60.664845     -23.227324      70.217049     179.698685     -81.437042     179.649811     -47.923794       2.678906      -0.638198       1.345572       2.031234      -4.883936     -90.001152      -2.982399      89.993935     -30.057232      54.133423     -92.103218      89.840118      53.023655      89.949722     -15.788351      -3.890606       8.310796    -152.930710      87.166641     -29.910494       0.939100       1.503931     -24.570265     -12.355516      33.457901     -90.861115     -89.061043     -52.446423      89.657021     -24.532124       6.011410      -3.100890     -63.261497     -76.910156     121.769188      -3.412365      -0.553353     -10.754093
      56.114243       4.704662     -25.901600      64.030914      23.737665    -148.833023      28.904032     -75.172874     126.741196      14.196994      -0.227763      16.026011       7.198183      10.736035      10.405281      12.285539     -12.915943     -49.558670      15.234902     -18.857271     -27.339373      80.695465       5.932397    -105.940575     -88.520348      19.722401     104.031181    -178.046280      88.632790     177.999374      49.071758      -2.711666      -0.580180      -1.004690      -6.986022       0.260479     -90.000397      -1.672757      89.995132     -80.588661      -2.618137    -105.026428      60.673546     -23.085253      70.370239     179.700836     -81.370178     179.651871     -48.100067       2.683759      -0.629644       1.363880       2.137964      -4.307655     -90.001144      -2.993585      89.993942     -30.019030      54.066608     -92.070892      89.866486      52.976231      89.959869     -15.790533      -3.910679       8.244758    -152.752548      87.155167     -30.089350       0.934232       1.473973     -24.622995     -12.361818      33.357647     -90.800140     -89.072266     -52.416294      89.661674     -24.585428       5.965575      -3.106220     -63.010525     -76.919685     121.892159      -3.394477      -0.572956     -10.608762
      56.119370       4.702999     -25.898991      64.083519      23.703554    -148.886871      29.340574     -75.112419     127.171661      14.197916      -0.208557      16.024187       7.162341      10.963360      10.285706      12.520776     -12.589230     -49.618195      14.975016     -19.466763     -28.765223      80.718468       5.950705    -106.243111     -88.429916      19.689789     104.054710    -178.030991      88.647308     177.984604      49.278404      -2.716417      -0.570041      -0.964479      -7.319272       0.717017     -90.000443      -1.705875      89.995148     -80.587189      -2.698714    -105.360733      60.678970     -22.944159      70.516014     179.702896     -81.304848     179.653870     -48.273129       2.688476      -0.621245       1.381548       2.243743      -3.734914     -90.001137      -3.004595      89.993935     -29.987064      54.012337     -92.044678      89.882675      52.940281      89.966125     -15.790038      -3.922863       8.187241    -152.537811      87.148697     -30.306387       0.930147       1.446501     -24.677608     -12.360287      33.285229     -90.754517     -89.076683     -52.394623      89.663651     -24.635691       5.918240      -3.109861     -62.762070     -76.928482     122.011620      -3.377300      -0.596191     -10.462133
      56.124828       4.701334     -25.897007      64.129395      23.664593    -148.941101      29.743818     -75.059189     127.581551      14.195065      -0.181955      16.021658       7.127786      11.149094      10.185782      12.727628     -12.296620     -49.667713      14.815116     -19.915838     -29.787207      80.743126       5.964264    -106.532722     -88.337677      19.671202     104.080849    -178.013458      88.661713     177.967468      49.483253      -2.721212      -0.559946      -0.921533      -7.600410       1.175980     -90.000465      -1.738431      89.995163     -80.589432      -2.763380    -105.662720      60.671280     -22.811958      70.648697     179.705078     -81.238144     179.656082     -48.443924       2.692981      -0.612935       1.397922       2.347140      -3.166400     -90.001137      -3.015429      89.993942     -29.963549      53.958733     -92.015961      89.900200      52.903778      89.972878     -15.786178      -3.927809       8.137309    -152.295090      87.146362     -30.552969       0.926931       1.422176     -24.733671     -12.367835      33.216335     -90.706657     -89.078331     -52.374477      89.664551     -24.683744       5.872102      -3.113833     -62.519993     -76.937500     122.126953      -3.360136      -0.619940     -10.316957
      56.131313       4.699533     -25.895514      64.174026      23.616573    -149.002472      30.096802     -75.019318     127.952751      14.185477      -0.151857      16.018518       7.090741      11.281449      10.113111      12.900812     -12.048632     -49.706940      14.724404     -20.259884     -30.548662      80.769066       5.975231    -106.810577     -88.240997      19.659426     104.109680    -177.992706      88.676804     177.947006      49.686165      -2.725999      -0.549923      -0.876043      -7.845665       1.645600     -90.000488      -1.770450      89.995178     -80.593933      -2.809639    -105.929901      60.647770     -22.686760      70.771179     179.707321     -81.166931     179.658401     -48.616459       2.697418      -0.604537       1.413596       2.448483      -2.602895     -90.001144      -3.026070      89.993927     -29.946346      53.902992     -91.980629      89.923050      52.863033      89.981644     -15.778801      -3.926740       8.093585    -152.030075      87.147446     -30.823427       0.924564       1.401001     -24.791012     -12.385978      33.143696     -90.650284     -89.078888     -52.353569      89.665039     -24.729723       5.828482      -3.118706     -62.285191     -76.947166     122.238556      -3.342810      -0.643200     -10.174210
      56.138710       4.697597     -25.894312      64.219429      23.561028    -149.070740      30.394537     -74.993759     128.275528      14.169633      -0.122139      16.015141       7.050226      11.365729      10.066017      13.043293     -11.841413     -49.738270      14.682699     -20.539303     -31.123457      80.795746       5.986495    -107.075699     -88.141899      19.649769     104.139832    -177.968979      88.692467     177.923462      49.887161      -2.730752      -0.539982      -0.828391      -8.070628       2.123418     -90.000504      -1.801933      89.995178     -80.599548      -2.841511    -106.168976      60.610424     -22.564171      70.886459     179.709808     -81.091354     179.660995     -48.788780       2.701724      -0.596124       1.428204       2.546908      -2.044235     -90.001152      -3.036533      89.993927     -29.932682      53.845348     -91.939781      89.950874      52.818413      89.992256     -15.768265      -3.920926       8.054793    -151.746704      87.151268     -31.113623       0.922928       1.382580     -24.849413     -12.411644      33.066586     -90.586433     -89.078941     -52.331631      89.665314     -24.773727       5.787337      -3.124356     -62.057438     -76.957596     122.346832      -3.325307      -0.665664     -10.034142
      56.147575       4.695120     -25.893061      64.274170      23.495447    -149.153580      30.659401     -74.982056     128.568954      14.146085      -0.096741      16.011845       7.003998      11.410907      10.040208      13.158187     -11.670172     -49.763470      14.674634     -20.780550     -31.564144      80.822678       5.999044    -107.326195     -88.042145      19.640303     104.170403    -177.944107      88.708229     177.898727      50.086346      -2.735476      -0.530108      -0.778716      -8.285614       2.604886     -90.000511      -1.832872      89.995193     -80.605736      -2.862310    -106.386627      60.561687     -22.442579      70.996353     179.712463     -81.012474     179.663757     -48.961067       2.705931      -0.587679       1.441984       2.642313      -1.490310     -90.001152      -3.046810      89.993935     -29.916109      53.780174     -91.890442      89.985695      52.766624      90.005508     -15.755064      -3.910665       8.020342    -151.450806      87.157158     -31.417395       0.921917       1.366730     -24.908482     -12.436722      33.020378     -90.517509     -89.040291     -52.315624      89.651337     -24.819370       5.731255      -3.119824     -61.826321     -76.967033     122.453857      -3.308204      -0.692668      -9.893578
      56.156178       4.693158     -25.892090      64.321228      23.429306    -149.230270      30.860052     -74.980736     128.800690      14.120629      -0.070159      16.008421       6.956909      11.421863      10.033687      13.249783     -11.528292     -49.784061      14.689901     -20.998238     -31.906685      80.849815       6.014312    -107.562027     -87.944618      19.630539     104.200508    -177.918915      88.723404     177.873627      50.283764      -2.740153      -0.520318      -0.727179      -8.496208       3.086346     -90.000511      -1.863316      89.995209     -80.612236      -2.875656    -106.587929      60.503658     -22.318741      71.102806     179.715134     -80.932854     179.666458     -49.132866       2.710117      -0.579212       1.450559       2.738336      -1.256449     -90.001152      -3.056892      89.993896     -29.906294      53.721123     -91.843262      90.020920      52.716740      90.018829     -15.739681      -3.898984       7.987916    -151.140686      87.164680     -31.736620       0.921454       1.352608     -24.968277     -12.476043      32.916416     -90.440163     -89.062073     -52.287716      89.659492     -24.859186       5.704591      -3.133839     -61.615791     -76.980202     122.556160      -3.289890      -0.709284      -9.761600
      56.164391       4.691129     -25.891224      64.366203      23.366230    -149.303680      31.015987     -74.987694     128.984833      14.094272      -0.045367      16.005032       6.910349      11.407351      10.041381      13.321461     -11.411185     -49.800980      14.720979     -21.201536     -32.177780      80.876839       6.032340    -107.782837     -87.850914      19.620331     104.229385    -177.894608      88.737373     177.849350      50.479382      -2.744785      -0.510600      -0.673960      -8.705652       3.565297     -90.000511      -1.893240      89.995209     -80.618889      -2.883165    -106.775894      60.439606     -22.193686      71.208031     179.717407     -80.848228     179.668747     -49.318340       2.714885      -0.570112       1.464969       2.816180      -1.141532     -90.001160      -3.066803      89.993874     -29.896442      53.663467     -91.798157      90.053818      52.668621      90.031227     -15.722921      -3.885092       7.957893    -150.822495      87.173241     -32.064430       0.921263       1.339641     -25.028263     -12.509562      32.822792     -90.368492     -89.071548     -52.262299      89.663239     -24.897633       5.671945      -3.142195     -61.407444     -76.992737     122.656151      -3.271973      -0.729438      -9.629225
      56.172783       4.689027     -25.890329      64.412498      23.301680    -149.378632      31.140633     -75.002563     129.136917      14.065462      -0.023390      16.001858       6.862209      11.372469      10.060411      13.376964     -11.314196     -49.815044      14.762141     -21.396547     -32.398838      80.903282       6.052433    -107.987511     -87.761124      19.609308     104.256912    -177.872665      88.749420     177.827423      50.673119      -2.749356      -0.500963      -0.619052      -8.914200       4.040698     -90.000519      -1.922673      89.995216     -80.625656      -2.886290    -106.951988      60.370403     -22.068279      71.309479     179.719986     -80.762581     179.671356     -49.504662       2.719548      -0.560946       1.474599       2.885679      -1.056202     -90.001167      -3.076543      89.993874     -29.885752      53.604847     -91.752625      90.087296      52.619686      90.043808     -15.704666      -3.869116       7.930173    -150.495163      87.182930     -32.402119       0.921432       1.328041     -25.088520     -12.542554      32.733803     -90.296967     -89.075508     -52.238071      89.664993     -24.935770       5.637509      -3.149646     -61.201691     -77.005264     122.754059      -3.254040      -0.750008      -9.498465
      56.181347       4.686876     -25.889397      64.459961      23.235523    -149.454941      31.241186     -75.023811     129.264542      14.034492      -0.003601      15.998832       6.812604      11.321603      10.088239      13.419660     -11.233467     -49.826878      14.809688     -21.587130     -32.584965      80.928894       6.074116    -108.176041     -87.675209      19.597057     104.282944    -177.853912      88.759377     177.808655      50.865009      -2.753853      -0.491405      -0.562598      -9.121543       4.511166     -90.000519      -1.951612      89.995216     -80.632515      -2.886065    -107.118698      60.297127     -21.942663      71.407646     179.722641     -80.676643     179.673996     -49.690929       2.724130      -0.551758       1.482619       2.951338      -0.980659     -90.001167      -3.086124      89.993866     -29.874311      53.545773     -91.706795      90.121803      52.569939      90.056732     -15.685180      -3.851594       7.904235    -150.159592      87.193497     -32.748608       0.921884       1.317554     -25.148941     -12.575644      32.646626     -90.225037     -89.076851     -52.214306      89.665741     -24.973152       5.602950      -3.156754     -60.999557     -77.018059     122.849983      -3.236057      -0.770517      -9.369672
      56.190006       4.684700     -25.888460      64.507904      23.168531    -149.531998      31.322701     -75.049866     129.372864      14.001991       0.014201      15.995974       6.762044      11.258508      10.122612      13.452149     -11.166027     -49.836884      14.861163     -21.775833     -32.746254      80.953560       6.097713    -108.349350     -87.592415      19.583429     104.307716    -177.838120      88.767471     177.792847      51.055164      -2.758308      -0.481920      -0.504826      -9.327584       4.975148     -90.000526      -1.980077      89.995209     -80.639465      -2.883317    -107.277946      60.220707     -21.816828      71.503082     179.725296     -80.590683     179.676636     -49.876717       2.728643      -0.542571       1.489706       3.014487      -0.909570     -90.001167      -3.095553      89.993866     -29.862024      53.486366     -91.660896      90.157654      52.519207      90.070122     -15.664757      -3.832406       7.879967    -149.821808      87.204376     -33.097473       0.922478       1.307896     -25.209064     -12.608910      32.559792     -90.152702     -89.077408     -52.190681      89.666206     -25.009657       5.568967      -3.163796     -60.801266     -77.031181     122.943954      -3.218024      -0.790862      -9.242878
      56.198704       4.682510     -25.887516      64.556152      23.101156    -149.609406      31.388536     -75.079803     129.465179      13.968350       0.030185      15.993276       6.710854      11.185905      10.161894      13.476310     -11.109550     -49.845383      14.914939     -21.964087     -32.889294      80.977257       6.121986    -108.509033     -87.513237      19.568640     104.331032    -177.825272      88.774101     177.779968      51.243671      -2.762690      -0.472501      -0.445884      -9.532743       5.431457     -90.000519      -2.008030      89.995224     -80.646553      -2.878643    -107.431145      60.141830     -21.690899      71.596252     179.727921     -80.504883     179.679245     -50.061752       2.733118      -0.533399       1.496055       3.075683      -0.840905     -90.001167      -3.104815      89.993858     -29.849073      53.426769     -91.615036      90.194275      52.467865      90.083755     -15.643572      -3.811938       7.857106    -149.481735      87.215462     -33.448792       0.923212       1.298997     -25.268866     -12.642024      32.473389     -90.080315     -89.077370     -52.167198      89.666458     -25.045319       5.535505      -3.170741     -60.606773     -77.044594     123.036011      -3.199976      -0.811117      -9.118000
      56.207405       4.680314     -25.886564      64.604477      23.033663    -149.686829      31.440845     -75.112968     129.543732      13.933839       0.044547      15.990716       6.659276      11.105762      10.204890      13.493606     -11.062218     -49.852592      14.970004     -22.152498     -33.018410      80.999977       6.145712    -108.657211     -87.438164      19.553345     104.352814    -177.814148      88.779472     177.768829      51.430614      -2.767009      -0.463150      -0.385915      -9.737741       5.879204     -90.000526      -2.035534      89.995216     -80.653748      -2.872447    -107.579361      60.061127     -21.565025      71.687668     179.730484     -80.419342     179.681778     -50.245880       2.737535      -0.524260       1.501784       3.135230      -0.773631     -90.001160      -3.113928      89.993851     -29.835670      53.367176     -91.569328      90.231361      52.416233      90.097473     -15.621804      -3.790542       7.835352    -149.139557      87.226669     -33.802383       0.924063       1.290741     -25.328339     -12.674892      32.386982     -90.008072     -89.077332     -52.143776      89.666695     -25.080145       5.502742      -3.177675     -60.415966     -77.058296     123.126251      -3.181870      -0.831271      -8.995017
      56.217300       4.677702     -25.885359      64.662643      22.958305    -149.776764      31.505060     -75.150002     129.635788      13.894873       0.054445      15.988541       6.603470      11.020697      10.249961      13.505051     -11.022809     -49.858643      15.025320     -22.341995     -33.137646      81.021629       6.168802    -108.794441     -87.364960      19.537294     104.373741    -177.805389      88.783775     177.760040      51.616058      -2.771289      -0.453855      -0.324884      -9.941697       6.319238     -90.000549      -2.062585      89.995201     -80.661102      -2.864528    -107.724182      59.978745     -21.440212      71.777504     179.732956     -80.334305     179.684235     -50.428883       2.741919      -0.515160       1.506989       3.193255      -0.707109     -90.001167      -3.122884      89.993858     -29.817354      53.300171     -91.516876      90.274437      52.358284      90.113419     -15.599396      -3.767704       7.814904    -148.798691      87.237885     -34.154694       0.925058       1.283485     -25.387344     -12.707810      32.325386     -89.930664     -89.049850     -52.124905      89.656807     -25.117336       5.460017      -3.179059     -60.222332     -77.071548     123.215752      -3.163842      -0.854078      -8.872940
      56.225685       4.675664     -25.884472      64.707947      22.892643    -149.850433      31.531948     -75.187164     129.688553      13.860115       0.067374      15.986154       6.552369      10.930164      10.297581      13.512278     -10.989078     -49.863842      15.081993     -22.529734     -33.245617      81.042854       6.192688    -108.923996     -87.295799      19.521135     104.393280    -177.798096      88.787277     177.752716      51.799923      -2.775491      -0.444621      -0.263007     -10.145210       6.751917     -90.000565      -2.089188      89.995171     -80.668594      -2.856371    -107.864708      59.895638     -21.314718      71.865753     179.735382     -80.249184     179.686615     -50.610855       2.746242      -0.506092       1.511436       3.250160      -0.641007     -90.001160      -3.131692      89.993866     -29.805092      53.243591     -91.473114      90.311119      52.307983      90.126915     -15.576706      -3.745390       7.794528    -148.452637      87.249168     -34.512527       0.926140       1.276286     -25.446222     -12.741532      32.223694     -89.858528     -89.065552     -52.098267      89.662827     -25.148678       5.436186      -3.189074     -60.042507     -77.086761     123.302902      -3.145561      -0.871888      -8.754912
      56.233913       4.673565     -25.883564      64.753571      22.828594    -149.923462      31.549408     -75.226250     129.730469      13.825397       0.077971      15.983978       6.501831      10.836311      10.346363      13.515759     -10.960603     -49.868267      15.139199     -22.716711     -33.345398      81.063423       6.216439    -109.046463     -87.229767      19.505295     104.411720    -177.791931      88.790161     177.746521      51.982292      -2.779648      -0.435443      -0.200214     -10.348094       7.178170     -90.000572      -2.115320      89.995178     -80.676270      -2.847665    -108.002525      59.811707     -21.188950      71.953232     179.737808     -80.164360     179.689011     -50.791653       2.750532      -0.497080       1.515127       3.305974      -0.575004     -90.001167      -3.140354      89.993858     -29.791739      53.186462     -91.429893      90.346481      52.258244      90.139877     -15.553939      -3.722588       7.774846    -148.105972      87.260376     -34.870914       0.927244       1.269341     -25.504663     -12.772178      32.132336     -89.789200     -89.072128     -52.074108      89.665512     -25.180466       5.407297      -3.196868     -59.863091     -77.101334     123.388184      -3.127391      -0.891635      -8.637364
      56.242271       4.671409     -25.882620      64.800354      22.763529    -149.997726      31.561386     -75.267319     129.767303      13.789849       0.086536      15.982013       6.450763      10.739659      10.395980      13.516241     -10.936508     -49.872025      15.196602     -22.902916     -33.438683      81.083344       6.239668    -109.162292     -87.166283      19.489820     104.429276    -177.786880      88.792465     177.741440      52.163162      -2.783742      -0.426329      -0.136447     -10.549664       7.598900     -90.000572      -2.141022      89.995171     -80.684128      -2.838317    -108.137970      59.727074     -21.063505      72.039803     179.740128     -80.079842     179.691315     -50.971176       2.754767      -0.488102       1.518138       3.360793      -0.508964     -90.001175      -3.148870      89.993858     -29.777576      53.128510     -91.386215      90.382599      52.207851      90.153053     -15.530938      -3.699467       7.755708    -147.758240      87.271545     -35.230495       0.928413       1.262775     -25.562759     -12.802449      32.044933     -89.719849     -89.074577     -52.050888      89.666687     -25.211933       5.377413      -3.204009     -59.685944     -77.115959     123.471924      -3.109221      -0.911662      -8.521353
      56.250729       4.669219     -25.881651      64.847832      22.697561    -150.072830      31.569098     -75.309860     129.800354      13.753643       0.093553      15.980205       6.399314      10.640975      10.446035      13.514359     -10.915960     -49.875244      15.254246     -23.087831     -33.526100      81.102654       6.262274    -109.272186     -87.105125      19.474688     104.446053    -177.782928      88.794312     177.737473      52.342522      -2.787779      -0.417269      -0.071738     -10.749509       8.014649     -90.000580      -2.166289      89.995171     -80.692223      -2.828456    -108.271355      59.641895     -20.938503      72.125397     179.742447     -79.995628     179.693588     -51.149418       2.758933      -0.479189       1.520525       3.414649      -0.442846     -90.001167      -3.157247      89.993866     -29.762936      53.070244     -91.342209      90.419456      52.156952      90.166504     -15.507734      -3.676126       7.737008    -147.409119      87.282646     -35.591629       0.929631       1.256530     -25.620541     -12.832767      31.958742     -89.650208     -89.075607     -52.027943      89.667313     -25.242807       5.347752      -3.210970     -59.511562     -77.130775     123.554321      -3.091043      -0.931606      -8.407063
      56.259243       4.667006     -25.880671      64.895668      22.631104    -150.148331      31.572939     -75.353539     129.829941      13.716995       0.099229      15.978536       6.347693      10.540833      10.496187      13.510634     -10.898309     -49.877998      15.312239     -23.270947     -33.608036      81.121437       6.284246    -109.376846     -87.046165      19.459948     104.462105    -177.779572      88.795746     177.734100      52.520412      -2.791750      -0.408268      -0.006137     -10.947444       8.425866     -90.000587      -2.191145      89.995163     -80.700523      -2.818218    -108.402916      59.556332     -20.813988      72.210075     179.744644     -79.911682     179.695755     -51.326351       2.763072      -0.470321       1.522346       3.467640      -0.376660     -90.001167      -3.165474      89.993866     -29.747992      53.011917     -91.298050      90.456856      52.105789      90.180084     -15.484340      -3.652642       7.718682    -147.058853      87.293663     -35.954025       0.930906       1.250556     -25.677969     -12.863006      31.873167     -89.580482     -89.075874     -52.005150      89.667686     -25.273027       5.318480      -3.217797     -59.339973     -77.145805     123.635498      -3.072854      -0.951483      -8.294458
      56.267776       4.664779     -25.879677      64.943665      22.564402    -150.223969      31.573092     -75.398163     129.856110      13.680061       0.103632      15.976995       6.296031      10.439653      10.546222      13.505508     -10.883023     -49.880390      15.370586     -23.451895     -33.684959      81.139709       6.305577    -109.476822     -86.989334      19.445663     104.477493    -177.777023      88.796822     177.731552      52.696796      -2.795676      -0.399330       0.060329     -11.143330       8.832969     -90.000580      -2.215589      89.995163     -80.709023      -2.807701    -108.532913      59.470478     -20.689915      72.293900     179.746841     -79.828011     179.697891     -51.501980       2.767137      -0.461505       1.523670       3.519827      -0.310286     -90.001167      -3.173567      89.993866     -29.732817      52.953594     -91.253830      90.494583      52.054501      90.193733     -15.460799      -3.629054       7.700693    -146.707901      87.304558     -36.317173       0.932230       1.244802     -25.735069     -12.893063      31.787956     -89.510834     -89.075806     -51.982449      89.667908     -25.302597       5.289658      -3.224542     -59.171227     -77.161057     123.715378      -3.054659      -0.971310      -8.183508
      56.277538       4.662107     -25.878428      65.001724      22.489548    -150.312378      31.593973     -75.444847     129.904800      13.639031       0.103968      15.975797       6.240342      10.338569      10.595475      13.499104     -10.870041     -49.882423      15.428825     -23.631474     -33.758427      81.157242       6.325525    -109.571625     -86.933281      19.431536     104.492569    -177.775360      88.797585     177.729874      52.871716      -2.799532      -0.390451       0.127702     -11.336595       9.236461     -90.000580      -2.239612      89.995163     -80.717819      -2.796415    -108.662186      59.384186     -20.567245      72.376953     179.748947     -79.744896     179.699966     -51.676174       2.771165      -0.452745       1.524573       3.571127      -0.243719     -90.001175      -3.181525      89.993866     -29.712774      52.887714     -91.202484      90.538452      51.996841      90.209579     -15.436926      -3.604581       7.683468    -146.360046      87.315224     -36.677299       0.933625       1.239705     -25.791655     -12.923416      31.728043     -89.435699     -89.047691     -51.964348      89.657822     -25.334455       5.250864      -3.225664     -58.999760     -77.175880     123.794540      -3.036502      -0.993941      -8.073453
      56.285770       4.660036     -25.877514      65.046463      22.424494    -150.384293      31.582512     -75.490120     129.919876      13.602747       0.107712      15.974364       6.189733      10.235999      10.644956      13.492384     -10.857927     -49.884274      15.488408     -23.806837     -33.825554      81.174706       6.345728    -109.663643     -86.880386      19.418087     104.506729    -177.773911      88.798080     177.728394      53.045139      -2.803324      -0.381640       0.195776     -11.527935       9.636200     -90.000580      -2.263239      89.995163     -80.726761      -2.785622    -108.789177      59.298077     -20.444145      72.458900     179.751038     -79.661644     179.702011     -51.849129       2.775120      -0.444045       1.525013       3.621860      -0.176948     -90.001167      -3.189373      89.993866     -29.699343      52.832516     -91.159973      90.575668      51.947075      90.222946     -15.413068      -3.581211       7.665816    -146.007690      87.325821     -37.042164       0.935043       1.234330     -25.848125     -12.954597      31.627047     -89.366028     -89.063812     -51.938240      89.663956     -25.360954       5.230850      -3.235527     -58.839981     -77.192467     123.872719      -3.018208      -1.011294      -7.966938
      56.293865       4.657898     -25.876585      65.091499      22.360895    -150.455643      31.566748     -75.536125     129.929565      13.566783       0.109435      15.973120       6.139858      10.133245      10.693824      13.485149     -10.847116     -49.885937      15.548638     -23.979271     -33.888313      81.191849       6.365440    -109.752655     -86.829819      19.405550     104.520226    -177.772797      88.798447     177.727280      53.217106      -2.807070      -0.372891       0.264614     -11.717339      10.032650     -90.000587      -2.286467      89.995163     -80.735939      -2.774869    -108.915161      59.211864     -20.320986      72.540520     179.753113     -79.578667     179.704056     -52.020767       2.779032      -0.435400       1.525119       3.671964      -0.110021     -90.001167      -3.197063      89.993866     -29.685007      52.776653     -91.117851      90.611588      51.897861      90.235817     -15.389306      -3.557694       7.648528    -145.655777      87.336205     -37.406509       0.936438       1.228949     -25.904169     -12.982986      31.536636     -89.298973     -89.070427     -51.914642      89.666664     -25.387964       5.205535      -3.243065     -58.680328     -77.208366     123.949234      -3.000021      -1.030679      -7.860814
      56.302090       4.655703     -25.875622      65.137627      22.296225    -150.528275      31.549717     -75.583099     129.938477      13.530256       0.109476      15.972063       6.089618      10.030142      10.742205      13.477609     -10.837340     -49.887432      15.609076     -24.149052     -33.947914      81.208572       6.384398    -109.838440     -86.781128      19.393864     104.533203    -177.772324      88.798637     177.726791      53.387627      -2.810760      -0.364202       0.334245     -11.904236      10.426170     -90.000595      -2.309296      89.995163     -80.745377      -2.763953    -109.040092      59.125538     -20.198238      72.621567     179.755081     -79.495995     179.705978     -52.191032       2.782894      -0.426805       1.524936       3.721406      -0.042963     -90.001175      -3.204631      89.993881     -29.669987      52.720001     -91.075180      90.648232      51.848015      90.248901     -15.365477      -3.534116       7.631524    -145.303070      87.346451     -37.771740       0.937857       1.223724     -25.959856     -13.011159      31.449974     -89.231789     -89.073128     -51.891884      89.667900     -25.414776       5.179218      -3.249994     -58.522427     -77.224274     124.024582      -2.981838      -1.050302      -7.756075
      56.310429       4.653462     -25.874641      65.184502      22.230602    -150.601852      31.532084     -75.630730     129.947311      13.493259       0.108256      15.971143       6.039080       9.926986      10.789977      13.469934     -10.828375     -49.888813      15.669907     -24.316051     -34.004208      81.224907       6.402626    -109.921104     -86.734169      19.382906     104.545715    -177.771973      88.798668     177.726440      53.556694      -2.814379      -0.355569       0.404615     -12.088401      10.816850     -90.000603      -2.331766      89.995163     -80.755051      -2.752932    -109.164055      59.039116     -20.076033      72.701920     179.757065     -79.413582     179.707932     -52.359936       2.786700      -0.418271       1.524471       3.770261       0.024268     -90.001167      -3.212072      89.993866     -29.654537      52.662941     -91.032036      90.685707      51.797638      90.262238     -15.341566      -3.510506       7.614781    -144.950668      87.356544     -38.136776       0.939320       1.218682     -26.015202     -13.039401      31.364864     -89.164238     -89.073959     -51.869473      89.668465     -25.441114       5.152847      -3.256621     -58.366638     -77.240318     124.098953      -2.963676      -1.069916      -7.652834
      56.318829       4.651196     -25.873642      65.231766      22.164442    -150.675873      31.513540     -75.678810     129.955612      13.455993       0.105955      15.970323       5.988457       9.824082      10.837000      13.461268     -10.820103     -49.890106      15.730590     -24.477531     -34.057842      81.240822       6.420177    -110.000809     -86.688881      19.372608     104.557762    -177.771973      88.798531     177.726440      53.724354      -2.817954      -0.347005       0.475669     -12.269834      11.204694     -90.000603      -2.353851      89.995140     -80.764961      -2.741870    -109.287186      58.952721     -19.954336      72.781609     179.758987     -79.331497     179.709808     -52.527504       2.790446      -0.409796       1.523738       3.818493       0.091652     -90.001167      -3.219384      89.993874     -29.638790      52.605774     -90.988693      90.723709      51.746990      90.275734     -15.317563      -3.486900       7.598272    -144.597626      87.366486     -38.502567       0.940795       1.213765     -26.070227     -13.067619      31.280272     -89.096535     -89.074158     -51.847160      89.668785     -25.466923       5.126810      -3.263152     -58.213055     -77.256531     124.172485      -2.945518      -1.089429      -7.551111
      56.328167       4.648409     -25.872406      65.288208      22.092632    -150.760605      31.516201     -75.728035     129.985062      13.415723       0.099814      15.969787       5.935003       9.722952      10.882423      13.450719     -10.813053     -49.891270      15.791633     -24.631510     -34.108097      81.256218       6.436653    -110.077156     -86.644493      19.362665     104.569557    -177.772461      88.798241     177.726944      53.890583      -2.821471      -0.338505       0.547373     -12.448389      11.589819     -90.000610      -2.375564      89.995140     -80.775208      -2.730610    -109.410522      58.866169     -19.833460      72.860809     179.760864     -79.249886     179.711655     -52.693661       2.794147      -0.401375       1.522810       3.866121       0.159184     -90.001175      -3.226589      89.993851     -29.617535      52.541691     -90.939667      90.766121      51.691307      90.290756     -15.293463      -3.462302       7.582575    -144.248901      87.376129     -38.863884       0.942266       1.209201     -26.124693     -13.091000      31.234045     -89.028069     -89.031502     -51.832375      89.653603     -25.494339       5.084105      -3.258036     -58.056061     -77.271606     124.244499      -2.927675      -1.115461      -7.448540
      56.336781       4.646279     -25.871401      65.335022      22.023970    -150.835266      31.496315     -75.776581     129.994247      13.377707       0.096275      15.969160       5.883562       9.621130      10.927824      13.440295     -10.806178     -49.892361      15.855545     -24.778076     -34.150894      81.271370       6.452950    -110.150963     -86.602112      19.353241     104.580872    -177.773285      88.797714     177.727753      54.055378      -2.824946      -0.330058       0.619735     -12.624027      11.972350     -90.000618      -2.396911      89.995155     -80.785637      -2.719622    -109.532051      58.779961     -19.713249      72.938560     179.762726     -79.168304     179.713470     -52.858501       2.797787      -0.393017       1.521643       3.913157       0.226813     -90.001183      -3.233663      89.993858     -29.603127      52.485481     -90.895424      90.806465      51.639778      90.304985     -15.269103      -3.439050       7.566286    -143.894302      87.385826     -39.231510       0.943871       1.204752     -26.179117     -13.125435      31.127090     -88.954994     -89.055794     -51.805069      89.662514     -25.518730       5.070612      -3.272531     -57.909534     -77.289505     124.317749      -2.909209      -1.129452      -7.352300
      56.344715       4.644138     -25.870483      65.378738      21.960958    -150.904587      31.467949     -75.824333     129.992249      13.341879       0.092548      15.968518       5.834923       9.519842      10.972301      13.430412     -10.799295     -49.893383      15.921113     -24.919828     -34.188267      81.286392       6.469072    -110.223068     -86.561951      19.344585     104.591576    -177.774399      88.797073     177.728851      54.218719      -2.828353      -0.321683       0.692557     -12.797274      12.352151     -90.000610      -2.417909      89.995148     -80.796272      -2.708954    -109.652626      58.693859     -19.592697      73.015900     179.764557     -79.086845     179.715256     -53.022087       2.801372      -0.384709       1.520242       3.959724       0.294577     -90.001183      -3.240616      89.993866     -29.588736      52.431492     -90.854340      90.842865      51.591358      90.317780     -15.244986      -3.415779       7.550221    -143.540970      87.395233     -39.597797       0.945409       1.200036     -26.233126     -13.152691      31.033371     -88.889397     -89.066528     -51.780888      89.666695     -25.541805       5.049759      -3.280545     -57.764427     -77.306496     124.389099      -2.891090      -1.147905      -7.255219
      56.352741       4.641927     -25.869534      65.423584      21.897413    -150.975006      31.438658     -75.872894     129.989334      13.305688       0.087073      15.968059       5.786156       9.418545      11.016178      13.420952     -10.792486     -49.894405      15.987379     -25.058256     -34.222534      81.301064       6.484570    -110.292923     -86.523399      19.336792     104.601837    -177.775528      88.796356     177.729980      54.380684      -2.831729      -0.313363       0.765935     -12.967809      12.729502     -90.000610      -2.438555      89.995155     -80.807144      -2.698178    -109.772408      58.607731     -19.472481      73.092926     179.766327     -79.005669     179.716995     -53.184330       2.804915      -0.376456       1.518692       4.005787       0.362448     -90.001190      -3.247460      89.993858     -29.573524      52.376438     -90.812744      90.879494      51.542503      90.330589     -15.220906      -3.392451       7.534429    -143.188126      87.404457     -39.963585       0.946946       1.195399     -26.286762     -13.179016      30.946316     -88.824310     -89.070755     -51.758244      89.668480     -25.565071       5.026289      -3.287348     -57.620049     -77.323235     124.459328      -2.873016      -1.167175      -7.159110
      56.360909       4.639662     -25.868557      65.469376      21.832703    -151.046677      31.409567     -75.922073     129.987167      13.268952       0.080376      15.967715       5.737007       9.317335      11.059425      13.411945     -10.785665     -49.895428      16.054039     -25.193745     -34.254425      81.315361       6.499429    -110.360405     -86.486267      19.329748     104.611748    -177.776779      88.795547     177.731232      54.541271      -2.835044      -0.305093       0.839833     -13.135446      13.104382     -90.000618      -2.458832      89.995163     -80.818237      -2.687311    -109.891426      58.521572     -19.352768      73.169418     179.768112     -78.924767     179.718719     -53.345219       2.808410      -0.368269       1.516991       4.051322       0.430440     -90.001167      -3.254185      89.993874     -29.557795      52.320774     -90.770493      90.917053      51.492989      90.343704     -15.196733      -3.369088       7.518882    -142.835190      87.413536     -40.329586       0.948500       1.190883     -26.340088     -13.205471      30.861471     -88.758728     -89.072403     -51.736057      89.669350     -25.588055       5.002434      -3.293795     -57.477245     -77.340042     124.528801      -2.854967      -1.186456      -7.064344
      56.368473       4.637613     -25.867620      65.511177      21.773054    -151.112244      31.366346     -75.970566     129.968857      13.234230       0.074360      15.967381       5.689892       9.215830      11.102314      13.403628     -10.778414     -49.896500      16.121447     -25.325712     -34.283173      81.329521       6.514178    -110.426270     -86.451187      19.323414     104.621147    -177.778397      88.794655     177.732834      54.700481      -2.838298      -0.296894       0.914171     -13.300465      13.476586     -90.000618      -2.478779      89.995163     -80.829529      -2.676761    -110.009209      58.435616     -19.233089      73.245209     179.769852     -78.843971     179.720444     -53.504826       2.811851      -0.360133       1.515146       4.096466       0.498526     -90.001183      -3.260801      89.993866     -29.547894      52.247650     -90.726509      90.933067      51.445034      90.349075     -15.173084      -3.344524       7.505706    -142.459457      87.423691     -40.718342       0.950131       1.186571     -26.393232     -13.229868      30.784445     -88.698380     -89.072746     -51.715286      89.669716     -25.610445       4.978498      -3.299469     -57.336140     -77.356918     124.597664      -2.837017      -1.206346      -6.970684
      56.375546       4.635461     -25.866652      65.553673      21.719910    -151.176346      31.321571     -76.017899     129.943466      13.201412       0.066577      15.967167       5.645159       9.114928      11.144282      13.395848     -10.771001     -49.897610      16.189447     -25.454384     -34.309292      81.343636       6.528908    -110.491142     -86.418663      19.318279     104.629929    -177.780304      88.793800     177.734741      54.858330      -2.841510      -0.288769       0.988878     -13.463352      13.846070     -90.000626      -2.498410      89.995155     -80.841049      -2.666622    -110.126015      58.349773     -19.112778      73.320770     179.771637     -78.763321     179.722153     -53.663204       2.815233      -0.352053       1.513164       4.141210       0.566650     -90.001175      -3.267302      89.993866     -29.537987      52.154472     -90.679695      90.930336      51.397083      90.347626     -15.151263      -3.317578       7.494779    -142.082550      87.433594     -41.106720       0.951374       1.181568     -26.444849     -13.245338      30.755253     -88.646698     -89.033302     -51.704216      89.655724     -25.633678       4.938688      -3.293269     -57.192619     -77.372604     124.664680      -2.819409      -1.234204      -6.875800
      56.381794       4.633952     -25.865948      65.586761      21.671333    -151.230698      31.251442     -76.064827     129.894180      13.171315       0.059770      15.967046       5.603060       9.012765      11.186398      13.388786     -10.763056     -49.898819      16.257727     -25.580210     -34.333500      81.357590       6.543561    -110.554581     -86.388741      19.314583     104.638130    -177.781708      88.792854     177.736160      55.014854      -2.844661      -0.280695       1.064009     -13.623446      14.213071     -90.000633      -2.517717      89.995148     -80.852638      -2.656730    -110.240814      58.264164     -18.992439      73.395576     179.773315     -78.682571     179.723785     -53.820301       2.818584      -0.344029       1.511044       4.185503       0.634904     -90.001175      -3.273705      89.993874     -29.533239      52.073959     -90.639099      90.929420      51.354042      90.346855     -15.129701      -3.291828       7.483351    -141.703156      87.443253     -41.497478       0.952547       1.176274     -26.495935     -13.270161      30.671671     -88.591499     -89.055748     -51.682163      89.663925     -25.654335       4.925769      -3.304996     -57.057518     -77.390648     124.733391      -2.801347      -1.251530      -6.786121
      56.387619       4.632389     -25.865316      65.618164      21.626354    -151.282104      31.174831     -76.111519     129.836731      13.142652       0.051791      15.967013       5.562882       8.910994      11.227697      13.382076     -10.755179     -49.900028      16.326120     -25.703594     -34.356152      81.371414       6.557948    -110.616737     -86.360947      19.312010     104.645851    -177.783508      88.791893     177.737961      55.170048      -2.847767      -0.272673       1.139432     -13.780854      14.577451     -90.000626      -2.536669      89.995148     -80.864464      -2.647045    -110.354889      58.178486     -18.871649      73.470192     179.774963     -78.601852     179.725403     -53.976143       2.821868      -0.336066       1.508814       4.229425       0.703234     -90.001175      -3.279996      89.993866     -29.527494      51.999023     -90.601479      90.929474      51.313431      90.346428     -15.108378      -3.266061       7.472270    -141.322510      87.452736     -41.889378       0.953668       1.170805     -26.546614     -13.289534      30.599159     -88.541443     -89.065651     -51.662762      89.667755     -25.673502       4.906375      -3.310879     -56.924313     -77.407936     124.800262      -2.783558      -1.272850      -6.695911
      56.394024       4.630591     -25.864622      65.653763      21.576637    -151.339401      31.107216     -76.159622     129.790131      13.112020       0.040969      15.967214       5.520961       8.809835      11.268109      13.375464     -10.747724     -49.901196      16.394003     -25.825550     -34.378460      81.384773       6.571410    -110.676598     -86.334267      19.310356     104.653358    -177.785553      88.790878     177.739990      55.323936      -2.850817      -0.264715       1.215213     -13.935144      14.939393     -90.000641      -2.555341      89.995148     -80.876534      -2.637110    -110.468613      58.092628     -18.751440      73.544510     179.776550     -78.521416     179.726929     -54.130661       2.825115      -0.328154       1.506519       4.272807       0.771632     -90.001175      -3.286190      89.993874     -29.517029      51.934261     -90.564125      90.944527      51.270988      90.351349     -15.086825      -3.240786       7.460385    -140.953873      87.461464     -42.269306       0.954753       1.165363     -26.596823     -13.309958      30.528271     -88.487770     -89.069664     -51.643925      89.669411     -25.692745       4.885016      -3.316047     -56.792107     -77.425072     124.866127      -2.765759      -1.294448      -6.606838
      56.399998       4.628995     -25.863935      65.686043      21.530632    -151.391647      31.026646     -76.207115     129.729340      13.082920       0.030905      15.967435       5.480413       8.708569      11.308119      13.369324     -10.739972     -49.902378      16.462193     -25.944925     -34.398689      81.397926       6.584686    -110.734863     -86.309280      19.309320     104.660477    -177.787048      88.789795     177.741501      55.476547      -2.853846      -0.256818       1.291244     -14.086465      15.298753     -90.000633      -2.573693      89.995163     -80.888779      -2.627403    -110.581261      58.006981     -18.631508      73.618019     179.778107     -78.441063     179.728470     -54.283897       2.828318      -0.320300       1.504136       4.315782       0.840098     -90.001167      -3.292268      89.993874     -29.513086      51.848747     -90.523827      90.935837      51.229359      90.347847     -15.065601      -3.214069       7.451399    -140.551910      87.471695     -42.682732       0.956053       1.160445     -26.647156     -13.329206      30.465769     -88.438484     -89.071190     -51.626495      89.670181     -25.711451       4.863446      -3.320395     -56.661236     -77.442299     124.931702      -2.748048      -1.316460      -6.518906
      56.405918       4.627377     -25.863287      65.718414      21.485285    -151.444199      30.946873     -76.254547     129.668991      13.054044       0.019532      15.967754       5.440407       8.607924      11.347292      13.363449     -10.732293     -49.903584      16.530315     -26.062210     -34.417690      81.410538       6.598093    -110.789879     -86.284424      19.305168     104.667030    -177.785110      88.791084     177.739548      55.628437      -2.856850      -0.248947       1.358858     -14.183244      15.653885     -90.000641      -2.591718      89.995140     -80.901207      -2.617709    -110.693169      57.921207     -18.511702      73.691010     179.779709     -78.360733     179.730011     -54.435879       2.831467      -0.312505       1.501628       4.358310       0.908620     -90.001167      -3.298240      89.993889     -29.507132      51.768692     -90.485085      90.932632      51.188122      90.346260     -15.044757      -3.187455       7.442037    -140.161011      87.481117     -43.084667       0.957156       1.155102     -26.696655     -13.347996      30.405134     -88.389290     -89.071571     -51.609642      89.670525     -25.729628       4.841805      -3.324359     -56.532112     -77.459587     124.996628      -2.730369      -1.338837      -6.432123
      56.412666       4.625294     -25.862431      65.758965      21.435028    -151.506287      30.885368     -76.303078     129.626648      13.022545       0.004731      15.968305       5.397931       8.508343      11.385380      13.357572     -10.725036     -49.904724      16.598032     -26.178137     -34.435982      81.422600       6.610360    -110.842476     -86.260834      19.302580     104.673470    -177.785034      88.791275     177.739456      55.778664      -2.859774      -0.241145       1.424258     -14.256330      16.004248     -90.000641      -2.609439      89.995155     -80.913910      -2.607662    -110.805008      57.835278     -18.392630      73.763763     179.781250     -78.280815     179.731522     -54.586540       2.834568      -0.304767       1.499082       4.400357       0.977170     -90.001183      -3.304107      89.993896     -29.496548      51.680855     -90.440887      90.931725      51.142418      90.345497     -15.023983      -3.159609       7.433919    -139.769379      87.490494     -43.487152       0.958271       1.150167     -26.745628     -13.362910      30.380522     -88.339226     -89.032410     -51.599834      89.656654     -25.748755       4.805005      -3.317595     -56.400860     -77.475906     125.059975      -2.712853      -1.367362      -6.344926
      56.418762       4.623814     -25.861799      65.790848      21.387705    -151.559631      30.802668     -76.350891     129.565445      12.993178      -0.008057      15.968817       5.357361       8.408220      11.423365      13.352194     -10.717395     -49.905899      16.666182     -26.291349     -34.451946      81.434517       6.622293    -110.893814     -86.239578      19.301985     104.679581    -177.785995      88.790543     177.740433      55.927559      -2.862646      -0.233415       1.488700     -14.320453      16.349798     -90.000641      -2.626865      89.995148     -80.926704      -2.597871    -110.915245      57.749729     -18.274117      73.835411     179.782761     -78.200935     179.732986     -54.735977       2.837627      -0.297080       1.496422       4.441990       1.045729     -90.001175      -3.309893      89.993896     -29.491571      51.602711     -90.401680      90.931450      51.100582      90.344948     -15.003089      -3.133045       7.425082    -139.374161      87.499718     -43.893433       0.959432       1.145183     -26.794420     -13.387403      30.300194     -88.285057     -89.054817     -51.578560      89.664772     -25.765894       4.794888      -3.328749     -56.276382     -77.494576     125.125885      -2.695014      -1.384806      -6.262592
      56.424446       4.622275     -25.861229      65.821129      21.343899    -151.609985      30.715517     -76.398094     129.498062      12.965218      -0.021377      15.969337       5.318661       8.309080      11.460359      13.347023     -10.709916     -49.907047      16.734571     -26.402176     -34.466019      81.446350       6.633923    -110.944443     -86.220253      19.302809     104.685349    -177.787720      88.789421     177.742157      56.075165      -2.865480      -0.225756       1.552376     -14.379754      16.691086     -90.000656      -2.644015      89.995140     -80.939728      -2.588402    -111.025002      57.664314     -18.155399      73.906731     179.784286     -78.121170     179.734482     -54.884205       2.840632      -0.289454       1.493682       4.483292       1.114347     -90.001183      -3.315574      89.993881     -29.485701      51.529594     -90.365227      90.931686      51.061028      90.344597     -14.982263      -3.106652       7.416285    -138.979721      87.508698     -44.298985       0.960581       1.140079     -26.842945     -13.406393      30.230288     -88.235947     -89.064827     -51.559769      89.668610     -25.781601       4.778140      -3.334116     -56.153473     -77.512466     125.190292      -2.677424      -1.406123      -6.179765
      56.430748       4.620484     -25.860577      65.855873      21.295004    -151.666458      30.639149     -76.446686     129.443314      12.935158      -0.037259      15.970041       5.278075       8.210909      11.496388      13.341818     -10.702941     -49.908150      16.802465     -26.511812     -34.479813      81.457764       6.644668    -110.993332     -86.201729      19.304670     104.691010    -177.790283      88.788101     177.744720      56.221508      -2.868268      -0.218140       1.615495     -14.435217      17.029030     -90.000664      -2.660868      89.995148     -80.953018      -2.578696    -111.134674      57.578865     -18.037418      73.977798     179.785736     -78.041809     179.735886     -55.031158       2.843597      -0.281884       1.490889       4.524168       1.182988     -90.001183      -3.321165      89.993889     -29.474848      51.467484     -90.328949      90.948044      51.019493      90.349960     -14.960981      -3.080987       7.406334    -138.601730      87.516777     -44.688305       0.961708       1.135018     -26.891127     -13.426329      30.161198     -88.183075     -89.068985     -51.541405      89.670311     -25.797550       4.759177      -3.338783     -56.031139     -77.530144     125.253822      -2.659822      -1.427630      -6.097979
      56.436489       4.618926     -25.859888      65.887291      21.250904    -151.716873      30.550592     -76.493721     129.373596      12.907334      -0.053499      15.970823       5.238864       8.116748      11.530355      13.329393     -10.702877     -49.908897      16.885458     -26.586920     -34.473412      81.469307       6.656279    -111.041512     -86.185478      19.306219     104.696136    -177.792847      88.786674     177.747269      56.366653      -2.871013      -0.210589       1.678053     -14.488457      17.363310     -90.000656      -2.677444      89.995140     -80.966919      -2.570951    -111.246071      57.493752     -17.917971      74.047600     179.787186     -77.962357     179.737289     -55.176952       2.846522      -0.274365       1.488231       4.564914       1.251619     -90.001190      -3.326671      89.993881     -29.470186      51.383957     -90.290352      90.938721      50.979294      90.346260     -14.940009      -3.054121       7.399155    -138.186249      87.526398     -45.115398       0.963084       1.130490     -26.939564     -13.444036      30.101559     -88.135719     -89.070396     -51.524731      89.671005     -25.813053       4.739608      -3.342498     -55.909794     -77.547882     125.317101      -2.642315      -1.449621      -6.017168
      56.442085       4.617358     -25.859224      65.918312      21.207916    -151.766739      30.466974     -76.539490     129.308014      12.880296      -0.069880      15.971648       5.200815       8.024844      11.563175      13.318366     -10.704741     -49.908703      16.983757     -26.635618     -34.439926      81.480377       6.667459    -111.087090     -86.170799      19.308069     104.700958    -177.797073      88.784355     177.751511      56.510120      -2.873722      -0.203124       1.740502     -14.537824      17.697208     -90.000664      -2.693753      89.995148     -80.981041      -2.563226    -111.356041      57.409187     -17.799791      74.115723     179.788635     -77.883385     179.738678     -55.321602       2.849406      -0.266898       1.485379       4.605207       1.320195     -90.001183      -3.332071      89.993881     -29.463434      51.306889     -90.254089      90.935013      50.939980      90.344543     -14.919477      -3.027616       7.391263    -137.785019      87.535110     -45.527817       0.964256       1.125449     -26.987232     -13.460950      30.044127     -88.089310     -89.070709     -51.508808      89.671295     -25.828094       4.719768      -3.345812     -55.789803     -77.565559     125.379883      -2.624868      -1.472077      -5.937336
      56.447861       4.615742     -25.858593      65.949936      21.163561    -151.818192      30.382917     -76.586082     129.243546      12.852505      -0.086542      15.972469       5.162443       7.930926      11.596322      13.311128     -10.702952     -49.908821      17.081408     -26.686493     -34.404636      81.490570       6.677530    -111.129173     -86.156281      19.310045     104.705559    -177.802124      88.781418     177.756531      56.652191      -2.876373      -0.195715       1.802425     -14.582851      18.029673     -90.000656      -2.709779      89.995155     -80.995003      -2.554281    -111.463715      57.324638     -17.683346      74.183884     179.790054     -77.804649     179.740067     -55.465004       2.852254      -0.259478       1.482232       4.644873       1.388852     -90.001183      -3.337364      89.993889     -29.456539      51.231075     -90.217003      90.934013      50.899979      90.343735     -14.898781      -3.001063       7.383596    -137.384079      87.543648     -45.940109       0.965444       1.120558     -27.034611     -13.478836      29.985798     -88.041359     -89.070808     -51.492630      89.671539     -25.842785       4.700299      -3.349156     -55.671143     -77.583321     125.442406      -2.607436      -1.494378      -5.858679
      56.454624       4.613743     -25.857746      65.989838      21.112944    -151.880051      30.316563     -76.634354     129.197540      12.821419      -0.106202      15.973466       5.120775       7.836760      11.629050      13.305264     -10.699711     -49.909187      17.178040     -26.737202     -34.370342      81.499931       6.686563    -111.168121     -86.141464      19.311605     104.710068    -177.807358      88.778397     177.761780      56.793060      -2.878983      -0.188368       1.863776     -14.625264      18.359070     -90.000664      -2.725534      89.995148     -81.009117      -2.544580    -111.571136      57.239838     -17.568020      74.252296     179.791428     -77.726303     179.741394     -55.607109       2.855049      -0.252127       1.479082       4.684086       1.457610     -90.001190      -3.342582      89.993866     -29.446188      51.144096     -90.172836      90.933762      50.854465      90.343224     -14.878015      -2.973203       7.377200    -136.982605      87.552155     -46.352737       0.966678       1.116173     -27.081470     -13.497164      29.952614     -87.988968     -89.044754     -51.481007      89.662270     -25.859200       4.671613      -3.347179     -55.550701     -77.600792     125.504074      -2.589954      -1.519542      -5.780959
      56.460186       4.612274     -25.857218      66.018753      21.070017    -151.928986      30.222618     -76.681183     129.124176      12.794182      -0.123001      15.974277       5.083271       7.741588      11.661752      13.301204     -10.694213     -49.909908      17.273630     -26.787632     -34.336632      81.509148       6.695871    -111.205833     -86.128593      19.313478     104.714027    -177.812302      88.775375     177.766708      56.932796      -2.881565      -0.181081       1.924480     -14.666179      18.684544     -90.000664      -2.741043      89.995140     -81.023277      -2.535247    -111.677132      57.155247     -17.452311      74.320305     179.792786     -77.647728     179.742737     -55.748051       2.857802      -0.244834       1.475877       4.723011       1.526429     -90.001183      -3.347730      89.993874     -29.440790      51.072407     -90.137062      90.933784      50.815712      90.342827     -14.857171      -2.946978       7.369664    -136.581360      87.560310     -46.765415       0.967913       1.111419     -27.128262     -13.516241      29.879564     -87.940277     -89.059868     -51.461536      89.667862     -25.871820       4.659792      -3.353291     -55.436344     -77.619400     125.567581      -2.572631      -1.539516      -5.705213
      56.466259       4.610553     -25.856592      66.051727      21.022911    -151.982956      30.136267     -76.729485     129.059616      12.765078      -0.142119      15.975220       5.044098       7.646987      11.693725      13.297554     -10.688134     -49.910797      17.368206     -26.837149     -34.304241      81.517906       6.704543    -111.241760     -86.116356      19.315630     104.717827    -177.817368      88.772453     177.771759      57.071442      -2.884103      -0.173829       1.984562     -14.705443      19.006283     -90.000664      -2.756266      89.995163     -81.037689      -2.525759    -111.783279      57.070496     -17.336952      74.388252     179.794113     -77.569466     179.744019     -55.887779       2.860523      -0.237600       1.472706       4.761549       1.595311     -90.001175      -3.352786      89.993896     -29.431900      51.007416     -90.100571      90.944305      50.775326      90.346085     -14.835608      -2.921319       7.361677    -136.185455      87.568176     -47.173328       0.969285       1.107035     -27.175089     -13.535226      29.810600     -87.889183     -89.066162     -51.443130      89.670334     -25.884996       4.643222      -3.357794     -55.322144     -77.637459     125.629707      -2.555309      -1.560569      -5.630018
      56.471714       4.609019     -25.856022      66.081238      20.981262    -152.031464      30.038397     -76.776672     128.981094      12.738122      -0.160530      15.976131       5.007244       7.552403      11.725269      13.294900     -10.680727     -49.911919      17.461821     -26.886137     -34.272373      81.526627       6.713332    -111.277092     -86.105972      19.318560     104.721199    -177.822342      88.769608     177.776718      57.208942      -2.886612      -0.166635       2.044146     -14.743688      19.323877     -90.000664      -2.771252      89.995155     -81.052254      -2.516702    -111.888512      56.986012     -17.221384      74.455696     179.795471     -77.491310     179.745331     -56.026394       2.863201      -0.230413       1.469493       4.799849       1.664249     -90.001190      -3.357750      89.993881     -29.426254      50.929440     -90.064087      90.938255      50.736549      90.343567     -14.814885      -2.894788       7.354847    -135.779449      87.576180     -47.590824       0.970549       1.102319     -27.221403     -13.551766      29.752075     -87.843315     -89.068611     -51.426903      89.671417     -25.897881       4.625257      -3.361053     -55.208694     -77.655396     125.691368      -2.538087      -1.582653      -5.555556
      56.477303       4.607428     -25.855427      66.111839      20.938601    -152.081375      29.941742     -76.824272     128.904037      12.710754      -0.180261      15.977138       4.970097       7.458456      11.756125      13.292502     -10.672911     -49.913147      17.554502     -26.934286     -34.241455      81.535088       6.721743    -111.311249     -86.096703      19.322206     104.724342    -177.827240      88.766815     177.781647      57.345367      -2.889074      -0.159488       2.103111     -14.780244      19.637760     -90.000664      -2.785980      89.995155     -81.067047      -2.507721    -111.993416      56.901604     -17.106098      74.522781     179.796783     -77.413376     179.746613     -56.163837       2.865830      -0.223272       1.466238       4.837800       1.733166     -90.001190      -3.362635      89.993889     -29.419294      50.854534     -90.027771      90.936218      50.697449      90.342438     -14.794077      -2.868460       7.348021    -135.376358      87.583916     -48.005493       0.971811       1.097660     -27.267376     -13.568400      29.694462     -87.796677     -89.069481     -51.410919      89.671898     -25.910532       4.606992      -3.364064     -55.096348     -77.673317     125.752594      -2.520892      -1.604825      -5.482091
      56.482994       4.605800     -25.854815      66.143127      20.895002    -152.132172      29.846334     -76.872047     128.828613      12.683063      -0.200694      15.978191       4.932670       7.365209      11.786304      13.290361     -10.664750     -49.914440      17.646330     -26.981754     -34.211163      81.543274       6.729750    -111.344162     -86.088379      19.326422     104.727333    -177.832474      88.763992     177.786880      57.480686      -2.891502      -0.152393       2.161433     -14.814757      19.948313     -90.000664      -2.800458      89.995148     -81.082047      -2.498792    -112.097961      56.817291     -16.991272      74.589333     179.798035     -77.335693     179.747818     -56.300133       2.868435      -0.216189       1.462941       4.875401       1.802089     -90.001183      -3.367414      89.993904     -29.411777      50.780479     -89.991280      90.935852      50.657978      90.341911     -14.773146      -2.842221       7.341326    -134.972900      87.591522     -48.420681       0.973115       1.093103     -27.313133     -13.585308      29.636850     -87.749435     -89.069786     -51.394939      89.672203     -25.922878       4.588906      -3.367023     -54.984951     -77.691269     125.813713      -2.503755      -1.626856      -5.409655
      56.489452       4.603710     -25.853987      66.182266      20.846922    -152.191772      29.770863     -76.920578     128.772202      12.652951      -0.223753      15.979350       4.892907       7.273568      11.815425      13.288020     -10.656823     -49.915741      17.737320     -27.028475     -34.181549      81.551048       6.737023    -111.375572     -86.080276      19.330902     104.730293    -177.837646      88.761185     177.792038      57.614887      -2.893866      -0.145362       2.219133     -14.847166      20.255718     -90.000671      -2.814719      89.995140     -81.097366      -2.489674    -112.202805      56.732948     -16.877174      74.655586     179.799316     -77.258492     179.749084     -56.435234       2.870991      -0.209165       1.459616       4.912622       1.870962     -90.001183      -3.372137      89.993912     -29.399805      50.697021     -89.949326      90.935905      50.614128      90.341484     -14.752235      -2.814773       7.335775    -134.570389      87.599037     -48.834793       0.974420       1.088890     -27.358448     -13.598315      29.615953     -87.701752     -89.030045     -51.386169      89.658203     -25.935944       4.555356      -3.359080     -54.872028     -77.708321     125.872986      -2.486682      -1.655167      -5.336961
      56.495213       4.602252     -25.853390      66.212349      20.802202    -152.242157      29.673582     -76.968018     128.696365      12.625164      -0.244327      15.980443       4.855226       7.181684      11.844417      13.286461     -10.647978     -49.917114      17.827555     -27.074905     -34.151882      81.558647       6.744330    -111.405853     -86.073555      19.335886     104.732994    -177.842545      88.758263     177.796921      57.747967      -2.896228      -0.138364       2.276208     -14.877457      20.560120     -90.000664      -2.828716      89.995148     -81.112717      -2.480853    -112.306229      56.649109     -16.763695      74.720757     179.800583     -77.181290     179.750290     -56.569252       2.873507      -0.202189       1.456200       4.949487       1.939785     -90.001190      -3.376786      89.993904     -29.393826      50.623096     -89.912544      90.935928      50.574322      90.341080     -14.731207      -2.788799       7.329279    -134.165482      87.606346     -49.251495       0.975776       1.084583     -27.403625     -13.620182      29.538877     -87.650719     -89.052765     -51.365803      89.666351     -25.947945       4.548409      -3.369281     -54.763184     -77.727440     125.935875      -2.469550      -1.672193      -5.268150
      56.501083       4.600574     -25.852783      66.243965      20.756506    -152.293991      29.581396     -77.015701     128.625687      12.596962      -0.265872      15.981526       4.817504       7.091110      11.872455      13.284758     -10.639215     -49.918507      17.916960     -27.120733     -34.122654      81.566048       6.751249    -111.435196     -86.067360      19.341171     104.735573    -177.847687      88.755379     177.802094      57.879967      -2.898546      -0.131432       2.332585     -14.905951      20.861300     -90.000679      -2.842491      89.995148     -81.128357      -2.472063    -112.409782      56.565250     -16.650448      74.785675     179.801849     -77.104317     179.751511     -56.702126       2.875993      -0.195268       1.452741       4.986041       2.008681     -90.001190      -3.381347      89.993896     -29.384733      50.560806     -89.877617      90.946693      50.535080      90.344460     -14.709509      -2.763683       7.322029    -133.768921      87.613258     -49.660431       0.977234       1.080448     -27.448856     -13.638205      29.467766     -87.601059     -89.062653     -51.346989      89.670105     -25.958683       4.534660      -3.374003     -54.655811     -77.745773     125.997276      -2.452576      -1.692546      -5.198956
      56.506310       4.599075     -25.852228      66.272209      20.716530    -152.340378      29.477751     -77.062157     128.540924      12.571013      -0.286783      15.982570       4.782224       7.000744      11.900059      13.283458     -10.629809     -49.920002      18.005545     -27.166241     -34.093456      81.573509       6.758375    -111.464523     -86.062744      19.347162     104.737793    -177.852493      88.752571     177.806885      58.010880      -2.900830      -0.124554       2.388274     -14.932922      21.159389     -90.000671      -2.856030      89.995148     -81.144142      -2.463691    -112.512459      56.481667     -16.536968      74.850128     179.803070     -77.027397     179.752701     -56.833950       2.878433      -0.188399       1.449234       5.022377       2.077545     -90.001190      -3.385836      89.993904     -29.378693      50.485504     -89.842834      90.940674      50.497566      90.341972     -14.688653      -2.737728       7.315888    -133.362534      87.620277     -50.078751       0.978583       1.075933     -27.493647     -13.653430      29.409214     -87.556992     -89.066727     -51.330868      89.671722     -25.969358       4.518258      -3.377048     -54.548969     -77.763824     126.057846      -2.435680      -1.714393      -5.130276
      56.511688       4.597508     -25.851650      66.301743      20.675354    -152.388397      29.375950     -77.109062     128.458237      12.544571      -0.308956      15.983681       4.746560       6.910937      11.927076      13.281970     -10.620573     -49.921482      18.093317     -27.211109     -34.064732      81.580757       6.765135    -111.493065     -86.059006      19.353868     104.739883    -177.857208      88.749802     177.811600      58.140736      -2.903089      -0.117724       2.443326     -14.958029      21.454628     -90.000679      -2.869348      89.995148     -81.160133      -2.455334    -112.614769      56.398174     -16.423832      74.914291     179.804260     -76.950760     179.753860     -56.964649       2.880856      -0.181583       1.445699       5.058337       2.146348     -90.001198      -3.390245      89.993896     -29.371340      50.412861     -89.807961      90.938583      50.459599      90.340820     -14.667696      -2.711975       7.309767    -132.958847      87.627068     -50.494408       0.979910       1.071440     -27.538099     -13.668784      29.352400     -87.512108     -89.068314     -51.315212      89.672493     -25.979939       4.501192      -3.379738     -54.442829     -77.781815     126.118034      -2.418822      -1.736374      -5.062486
      56.517185       4.595903     -25.851049      66.331970      20.633211    -152.437332      29.275457     -77.156120     128.377243      12.517782      -0.331714      15.984817       4.710599       6.821721      11.953528      13.280416     -10.611435     -49.922970      18.180346     -27.255495     -34.036251      81.587761       6.771564    -111.520653     -86.055954      19.361067     104.741844    -177.861801      88.747032     177.816193      58.269512      -2.905299      -0.110938       2.497739     -14.981159      21.747126     -90.000687      -2.882436      89.995140     -81.176315      -2.446958    -112.716682      56.314808     -16.311190      74.977974     179.805435     -76.874344     179.754990     -57.094273       2.883235      -0.174814       1.442142       5.093962       2.215068     -90.001198      -3.394588      89.993904     -29.363489      50.340660     -89.772774      90.937866      50.421196      90.340179     -14.646619      -2.686274       7.303773    -132.555344      87.633713     -50.910110       0.981301       1.067065     -27.582369     -13.684421      29.296122     -87.466637     -89.068893     -51.299652      89.672890     -25.990280       4.484145      -3.382279     -54.337444     -77.799789     126.178154      -2.402021      -1.758262      -4.995624
      56.522732       4.594280     -25.850439      66.362503      20.590637    -152.486679      29.175726     -77.203148     128.297180      12.490865      -0.354852      15.985968       4.674574       6.733171      11.979387      13.278839     -10.602318     -49.924435      18.266624     -27.299471     -34.007957      81.594566       6.777714    -111.547287     -86.053543      19.368643     104.743713    -177.866699      88.744240     177.821091      58.397224      -2.907467      -0.104210       2.551493     -15.002432      22.036880     -90.000687      -2.895307      89.995132     -81.192688      -2.438631    -112.818153      56.231579     -16.199062      75.041183     179.806595     -76.798172     179.756119     -57.222794       2.885565      -0.168090       1.438535       5.129256       2.283732     -90.001198      -3.398845      89.993896     -29.355350      50.268841     -89.737534      90.937912      50.382622      90.339821     -14.625484      -2.660640       7.297885    -132.151764      87.640213     -51.325878       0.982709       1.062780     -27.626410     -13.700160      29.239948     -87.420906     -89.069214     -51.284081      89.673164     -26.000364       4.467271      -3.384774     -54.232971     -77.817810     126.238098      -2.385279      -1.780032      -4.929674
      56.529194       4.592270     -25.849594      66.401161      20.542110    -152.545807      29.097136     -77.251244     128.238144      12.460998      -0.380530      15.987226       4.635462       6.645914      12.004462      13.276877     -10.593743     -49.925835      18.352192     -27.342896     -33.980045      81.600899       6.783157    -111.572350     -86.050903      19.376259     104.745636    -177.871674      88.741417     177.826065      58.523869      -2.909612      -0.097523       2.604623     -15.021712      22.324064     -90.000687      -2.907962      89.995140     -81.209282      -2.429959    -112.919693      56.148441     -16.088093      75.103966     179.807770     -76.722466     179.757248     -57.350235       2.887867      -0.161428       1.435046       5.163748       2.348750     -90.001183      -3.403042      89.993912     -29.343391      50.185684     -89.695717      90.938187      50.338772      90.339500     -14.604357      -2.633721       7.293221    -131.748596      87.646683     -51.741108       0.984136       1.058950     -27.669924     -13.716157      29.210032     -87.371315     -89.042557     -51.273376      89.663742     -26.012100       4.440783      -3.381752     -54.126743     -77.835503     126.297134      -2.368447      -1.804861      -4.864623
      56.534966       4.590650     -25.849009      66.431587      20.496878    -152.596191      29.000761     -77.298302     128.163589      12.433319      -0.403692      15.988329       4.598715       6.558692      12.029221      13.275340     -10.584547     -49.927284      18.436996     -27.386061     -33.952023      81.606796       6.789110    -111.594849     -86.048103      19.380878     104.747154    -177.873474      88.740318     177.827850      58.650139      -2.911755      -0.090862       2.646089     -14.994087      22.606836     -90.000694      -2.920403      89.995125     -81.225960      -2.421395    -113.020370      56.065472     -15.977511      75.165977     179.808914     -76.646660     179.758362     -57.476822       2.890156      -0.154799       1.436145       5.199688       2.394290     -90.001183      -3.407175      89.993881     -29.334579      50.124897     -89.661621      90.949112      50.300144      90.342903     -14.582442      -2.609132       7.286645    -131.352600      87.652664     -52.149933       0.985673       1.055044     -27.713705     -13.734223      29.134670     -87.322121     -89.058029     -51.253613      89.669449     -26.020735       4.431502      -3.387491     -54.024944     -77.854240     126.358757      -2.351882      -1.823652      -4.801100
      56.539944       4.589199     -25.848490      66.458366      20.458771    -152.640350      28.891411     -77.343918     128.072586      12.408377      -0.426245      15.989384       4.565075       6.471471      12.053610      13.274179     -10.574621     -49.928837      18.521002     -27.429182     -33.923580      81.612968       6.795085    -111.618309     -86.047836      19.388300     104.748360    -177.877640      88.737839     177.832016      58.774780      -2.913844      -0.084289       2.688528     -14.967371      22.886686     -90.000702      -2.932662      89.995140     -81.242767      -2.413306    -113.120018      55.982803     -15.866449      75.227707     179.810028     -76.570816     179.759445     -57.602291       2.892381      -0.148248       1.437448       5.234608       2.435586     -90.001175      -3.411259      89.993866     -29.328423      50.052139     -89.628372      90.942886      50.263935      90.340370     -14.561448      -2.583750       7.281117    -130.948334      87.658714     -52.566586       0.987107       1.050706     -27.757017     -13.748280      29.075661     -87.279755     -89.064278     -51.237507      89.671852     -26.029394       4.416786      -3.390426     -53.923630     -77.872299     126.418854      -2.335368      -1.845173      -4.737677
      56.545101       4.587665     -25.847935      66.486679      20.419273    -152.686386      28.783537     -77.390167     127.983330      12.382836      -0.450203      15.990513       4.530960       6.384559      12.077528      13.272641     -10.565193     -49.930340      18.604271     -27.471691     -33.895634      81.619080       6.800650    -111.641747     -86.048630      19.397223     104.749496    -177.882370      88.735069     177.836761      58.898396      -2.915900      -0.077743       2.730734     -14.941433      23.163803     -90.000694      -2.944670      89.995140     -81.259743      -2.405200    -113.219193      55.900265     -15.755754      75.289177     179.811157     -76.495239     179.760529     -57.726765       2.894606      -0.141725       1.438395       5.268637       2.474890     -90.001175      -3.415239      89.993858     -29.320810      49.981800     -89.594910      90.940613      50.227146      90.339195     -14.540689      -2.558961       7.275370    -130.537308      87.664932     -52.990776       0.987917       1.043987     -27.797611     -13.762376      29.019480     -87.236580     -89.066879     -51.222099      89.672974     -26.038118       4.400857      -3.392856     -53.822884     -77.890244     126.478325      -2.318877      -1.866960      -4.675025
      56.550415       4.586079     -25.847345      66.515991      20.378481    -152.733673      28.677523     -77.436699     127.896317      12.356810      -0.474767      15.991667       4.496385       6.298167      12.100942      13.270910     -10.556089     -49.931793      18.686874     -27.513733     -33.867958      81.625015       6.805884    -111.664642     -86.050049      19.406889     104.750580    -177.887421      88.732208     177.841797      59.020977      -2.917916      -0.071255       2.772618     -14.915978      23.438589     -90.000694      -2.956487      89.995155     -81.276871      -2.397070    -113.317856      55.817944     -15.645700      75.350136     179.812210     -76.419937     179.761551     -57.850296       2.896770      -0.135242       1.439288       5.301979       2.512502     -90.001175      -3.419176      89.993851     -29.312550      49.911880     -89.561028      90.940071      50.189762      90.338638     -14.519828      -2.534252       7.269654    -130.126282      87.671059     -53.415123       0.988755       1.037325     -27.837896     -13.776825      28.964224     -87.192688     -89.067902     -51.206879      89.673508     -26.046682       4.384728      -3.395084     -53.722683     -77.908173     126.537766      -2.302433      -1.888658      -4.613214
      56.555794       4.584470     -25.846745      66.545708      20.337162    -152.781464      28.572701     -77.483192     127.810654      12.330608      -0.499612      15.992790       4.461695       6.212447      12.123836      13.269086     -10.547137     -49.933231      18.768776     -27.555376     -33.840488      81.630768       6.810860    -111.686836     -86.052002      19.416996     104.751595    -177.891998      88.729347     177.846390      59.142555      -2.919925      -0.064823       2.814064     -14.890763      23.711102     -90.000694      -2.968115      89.995148     -81.294136      -2.388913    -113.416023      55.735840     -15.536274      75.410530     179.813248     -76.344879     179.762543     -57.972843       2.898917      -0.128810       1.440258       5.334759       2.548682     -90.001167      -3.423040      89.993835     -29.304005      49.841942     -89.526947      90.940071      50.152103      90.338264     -14.498877      -2.509553       7.264090    -129.715240      87.677071     -53.839638       0.989617       1.030791     -27.877949     -13.791388      28.909651     -87.148544     -89.068085     -51.191780      89.673729     -26.055038       4.368580      -3.397150     -53.623203     -77.926094     126.597061      -2.286079      -1.910292      -4.552222
      56.561733       4.582670     -25.846062      66.578751      20.290815    -152.834015      28.478041     -77.530716     127.737076      12.302452      -0.525522      15.993948       4.425017       6.127736      12.146102      13.266935     -10.538700     -49.934601      18.849997     -27.596523     -33.813354      81.636147       6.815280    -111.707680     -86.053749      19.427158     104.752693    -177.897049      88.726425     177.851440      59.263100      -2.921887      -0.058442       2.855128     -14.865671      23.981447     -90.000694      -2.979555      89.995155     -81.311600      -2.380507    -113.514107      55.653870     -15.427965      75.470428     179.814346     -76.270241     179.763611     -58.094372       2.901027      -0.122424       1.440920       5.366913       2.583565     -90.001183      -3.426846      89.993835     -29.292915      49.779308     -89.491982      90.951439      50.112606      90.341812     -14.477175      -2.485466       7.258001    -129.310593      87.682823     -54.258331       0.990605       1.024672     -27.917948     -13.807580      28.850138     -87.100502     -89.068115     -51.175610      89.673912     -26.063431       4.352776      -3.399632     -53.524128     -77.944077     126.656448      -2.269778      -1.931126      -4.492167
      56.566952       4.581168     -25.845585      66.603371      20.249014    -152.876984      28.525219     -77.571228     127.799355      12.280943      -0.510211      15.991882       4.400391       6.040094      12.168759      13.263913     -10.532208     -49.935627      18.930882     -27.638193     -33.785141      81.640274       6.818653    -111.722382     -86.055107      19.436321     104.753876    -177.902695      88.723030     177.857101      59.382759      -2.923815      -0.052100       2.895742     -14.840642      24.248278     -90.000694      -2.990789      89.995155     -81.330536      -2.373622    -113.617523      55.572521     -15.320717      75.528000     179.815384     -76.196091     179.764618     -58.214916       2.903114      -0.116088       1.440868       5.398528       2.617379     -90.001183      -3.430578      89.993835     -29.288086      49.704449     -89.459984      90.944946      50.075291      90.339180     -14.456325      -2.460622       7.252930    -128.896393      87.688629     -54.686077       0.991504       1.018196     -27.957508     -13.824654      28.797699     -87.059692     -89.068108     -51.160446      89.674088     -26.071686       4.336827      -3.401231     -53.425858     -77.962021     126.715927      -2.253574      -1.952858      -4.432805
      56.573185       4.579281     -25.844807      66.636688      20.200073    -152.929932      28.602758     -77.612183     127.891289      12.256691      -0.498635      15.990214       4.372735       5.960557      12.189047      13.260633     -10.525606     -49.936653      19.011044     -27.679785     -33.756645      81.643967       6.821603    -111.735710     -86.055008      19.443697     104.755257    -177.908463      88.719612     177.862869      59.501465      -2.925735      -0.045799       2.935749     -14.815700      24.511734     -90.000710      -3.001843      89.995155     -81.350403      -2.367518    -113.723167      55.492294     -15.215405      75.583595     179.816406     -76.123016     179.765594     -58.334522       2.905163      -0.109806       1.440581       5.429658       2.650085     -90.001175      -3.434256      89.993828     -29.278135      49.621883     -89.422714      90.942558      50.032734      90.337967     -14.435549      -2.434845       7.248787    -128.484421      87.694336     -55.111320       0.992386       1.012099     -27.996494     -13.842395      28.770119     -87.014824     -89.041412     -51.149769      89.664688     -26.081749       4.311033      -3.397364     -53.326004     -77.979637     126.774284      -2.237211      -1.977657      -4.374366
      56.578304       4.577921     -25.844349      66.659737      20.158350    -152.971191      28.651905     -77.648735     127.955811      12.235836      -0.485996      15.988525       4.347864       5.885254      12.207979      13.257846     -10.518061     -49.937820      19.090374     -27.720894     -33.728363      81.647865       6.824914    -111.749542     -86.055634      19.451021     104.756432    -177.913803      88.716217     177.868210      59.619190      -2.927620      -0.039557       2.974968     -14.790871      24.772215     -90.000694      -3.012717      89.995155     -81.370476      -2.362119    -113.827759      55.413269     -15.110991      75.637566     179.817352     -76.050262     179.766525     -58.453304       2.907212      -0.103558       1.440009       5.460295       2.681682     -90.001175      -3.437864      89.993843     -29.273296      49.555435     -89.393173      90.941925      49.996628      90.337372     -14.414612      -2.410841       7.243363    -128.074829      87.699715     -55.534599       0.993289       1.005670     -28.035521     -13.860609      28.701353     -86.972916     -89.056664     -51.130917      89.670265     -26.088810       4.302142      -3.401809     -53.229988     -77.998177     126.835449      -2.221191      -1.996982      -4.317068
      56.583469       4.576464     -25.843851      66.683990      20.116604    -153.013367      28.707357     -77.685127     128.025742      12.215184      -0.474097      15.986901       4.323238       5.811882      12.226153      13.255017     -10.510472     -49.939037      19.168970     -27.761318     -33.700706      81.651787       6.828125    -111.763885     -86.056351      19.458555     104.757545    -177.918854      88.712921     177.873245      59.735931      -2.929481      -0.033361       3.013567     -14.766054      25.030327     -90.000687      -3.023401      89.995163     -81.390862      -2.356906    -113.932251      55.334717     -15.007223      75.690971     179.818375     -75.978050     179.767502     -58.571182       2.909206      -0.097367       1.439260       5.490550       2.712234     -90.001183      -3.441424      89.993843     -29.267317      49.489067     -89.363358      90.941856      49.960415      90.336990     -14.393661      -2.386857       7.238099    -127.664619      87.704964     -55.958599       0.994198       0.999276     -28.074337     -13.877461      28.641117     -86.931816     -89.062981     -51.113972      89.672707     -26.096273       4.288221      -3.404189     -53.134380     -78.016144     126.895050      -2.205160      -2.018026      -4.260062
      56.588764       4.574959     -25.843311      66.709328      20.073883    -153.056747      28.766830     -77.721756     128.099686      12.194347      -0.462966      15.985356       4.298341       5.739768      12.243775      13.252309     -10.502796     -49.940262      19.246866     -27.801102     -33.673607      81.655655       6.831160    -111.778259     -86.057190      19.466366     104.758636    -177.924057      88.709679     177.878433      59.851685      -2.931301      -0.027214       3.051720     -14.741187      25.286541     -90.000702      -3.033929      89.995163     -81.411469      -2.351737    -114.036316      55.256618     -14.904294      75.743774     179.819321     -75.906342     179.768417     -58.688133       2.911185      -0.091199       1.438327       5.520357       2.741794     -90.001183      -3.444907      89.993851     -29.260769      49.421535     -89.332848      90.942039      49.923576      90.336693     -14.372666      -2.362867       7.233021    -127.253799      87.710129     -56.383308       0.995141       0.992955     -28.112961     -13.894328      28.584175     -86.890350     -89.065773     -51.097710      89.673889     -26.103851       4.273159      -3.406020     -53.038990     -78.034012     126.954369      -2.189193      -2.039230      -4.203755
      56.594673       4.573244     -25.842649      66.738525      20.025757    -153.105240      28.837379     -77.760849     128.186432      12.171932      -0.454070      15.984009       4.271666       5.668592      12.260959      13.249605     -10.495279     -49.941479      19.324129     -27.840174     -33.647209      81.659355       6.833752    -111.792480     -86.057716      19.474539     104.759872    -177.929260      88.706299     177.883636      59.966465      -2.933090      -0.021100       3.091175     -14.723474      25.540907     -90.000702      -3.044251      89.995163     -81.432312      -2.346318    -114.140244      55.178753     -14.802485      75.796021     179.820313     -75.835228     179.769394     -58.804131       2.913137      -0.085086       1.437261       5.549737       2.770456     -90.001183      -3.448340      89.993866     -29.251385      49.360798     -89.301262      90.953613      49.884686      90.340286     -14.350943      -2.339492       7.227417    -126.849129      87.715057     -56.802467       0.996214       0.987031     -28.151567     -13.912718      28.524157     -86.845055     -89.066589     -51.080696      89.674370     -26.111639       4.257770      -3.407940     -52.943810     -78.051888     127.013557      -2.173286      -2.059761      -4.148263
      56.600529       4.571327     -25.841883      66.770668      19.980400    -153.155457      28.919529     -77.798706     128.280823      12.150188      -0.445265      15.982626       4.245730       5.598576      12.277552      13.247220     -10.487288     -49.942772      19.400679     -27.878769     -33.621078      81.662979       6.836448    -111.806160     -86.058327      19.482138     104.760925    -177.934250      88.703270     177.888641      60.080296      -2.934863      -0.015037       3.127621     -14.695883      25.792870     -90.000710      -3.054409      89.995148     -81.453316      -2.340939    -114.243591      55.101231     -14.701214      75.847725     179.821228     -75.764526     179.770264     -58.919254       2.915053      -0.079019       1.436082       5.578739       2.798205     -90.001175      -3.451709      89.993881     -29.241289      49.277519     -89.265060      90.946938      49.843811      90.337631     -14.330266      -2.313940       7.223950    -126.435188      87.720123     -57.230038       0.997146       0.980989     -28.189461     -13.925416      28.509232     -86.804733     -89.026558     -51.072636      89.660408     -26.119476       4.226381      -3.398107     -52.847885     -78.068848     127.070847      -2.157329      -2.087655      -4.092611
      56.605770       4.570017     -25.841366      66.794464      19.937983    -153.197815      28.976046     -77.834633     128.352631      12.129972      -0.435628      15.981275       4.221075       5.529094      12.293950      13.245412     -10.478650     -49.944111      19.476595     -27.916914     -33.595207      81.666519       6.839230    -111.819443     -86.059959      19.490583     104.761856    -177.939087      88.699982     177.893478      60.193180      -2.936603      -0.009032       3.164012     -14.669129      26.042824     -90.000694      -3.064392      89.995163     -81.474266      -2.335674    -114.345238      55.024376     -14.600860      75.898430     179.822159     -75.694038     179.771149     -59.033470       2.916927      -0.072992       1.434739       5.607391       2.825110     -90.001175      -3.455036      89.993866     -29.236614      49.207584     -89.233925      90.944458      49.806915      90.336411     -14.309414      -2.290061       7.219344    -126.025185      87.724876     -57.653915       0.998086       0.974780     -28.227186     -13.946250      28.437113     -86.760574     -89.049454     -51.052818      89.668541     -26.127279       4.221467      -3.406611     -52.753620     -78.087631     127.132385      -2.141577      -2.104164      -4.039712
      56.610691       4.568636     -25.840906      66.817154      19.898481    -153.237976      29.031576     -77.869774     128.422089      12.110969      -0.425897      15.979873       4.197932       5.460370      12.309854      13.243732     -10.469776     -49.945518      19.551775     -27.954519     -33.569740      81.670143       6.842048    -111.832993     -86.062035      19.499386     104.762657    -177.944229      88.696739     177.898621      60.305161      -2.938315      -0.003073       3.199956     -14.642993      26.290285     -90.000710      -3.074218      89.995140     -81.495331      -2.330421    -114.446182      54.947750     -14.500748      75.948792     179.823044     -75.623749     179.772018     -59.146809       2.918805      -0.067007       1.433274       5.635689       2.851211     -90.001183      -3.458306      89.993866     -29.231150      49.143246     -89.204979      90.943665      49.771984      90.335762     -14.288519      -2.266509       7.214584    -125.618309      87.729385     -58.074768       0.999023       0.968463     -28.264769     -13.962269      28.374889     -86.720505     -89.059662     -51.035339      89.672348     -26.133478       4.209661      -3.409259     -52.661228     -78.105606     127.192413      -2.125930      -2.124604      -3.986338
      56.615776       4.567169     -25.840393      66.841331      19.857618    -153.279755      29.091658     -77.905510     128.496109      12.091504      -0.416922      15.978555       4.174412       5.392079      12.325419      13.244121     -10.460912     -49.946949      19.629255     -27.995186     -33.540596      81.673721       6.844749    -111.846413     -86.064293      19.508347     104.763458    -177.949371      88.693535     177.903763      60.416214      -2.940000       0.002835       3.235531     -14.617216      26.535658     -90.000702      -3.083879      89.995155     -81.516556      -2.325103    -114.546593      54.871300     -14.401237      75.998627     179.823975     -75.553818     179.772919     -59.259205       2.920636      -0.061070       1.431750       5.663661       2.876534     -90.001183      -3.461499      89.993866     -29.224768      49.077892     -89.175278      90.943695      49.736259      90.335426     -14.267548      -2.242938       7.210012    -125.211189      87.733818     -58.496021       0.999998       0.962241     -28.302168     -13.978143      28.318148     -86.680183     -89.063766     -51.019077      89.673988     -26.139971       4.195350      -3.410857     -52.569031     -78.123337     127.251640      -2.110320      -2.145658      -3.933517
      56.620979       4.565660     -25.839853      66.866310      19.815802    -153.322479      29.153799     -77.941635     128.572449      12.071781      -0.408625      15.977283       4.150612       5.324342      12.340690      13.245048     -10.451907     -49.948383      19.706331     -28.035524     -33.511620      81.677132       6.847290    -111.859322     -86.066711      19.517508     104.764198    -177.954605      88.690315     177.909012      60.526363      -2.941674       0.008710       3.270697     -14.591636      26.778919     -90.000702      -3.093370      89.995148     -81.537888      -2.319641    -114.646294      54.795193     -14.302564      76.047905     179.824860     -75.484314     179.773773     -59.370701       2.922441      -0.055178       1.430134       5.691318       2.901154     -90.001190      -3.464660      89.993889     -29.217978      49.011505     -89.145065      90.943916      49.699970      90.335144     -14.246525      -2.219351       7.205617    -124.803513      87.738152     -58.917862       1.000986       0.956089     -28.339365     -13.994231      28.263647     -86.639511     -89.065414     -51.003254      89.674759     -26.146467       4.180434      -3.412080     -52.477142     -78.141022     127.310707      -2.094769      -2.166734      -3.881369
      56.626781       4.563951     -25.839197      66.894882      19.768635    -153.370041      29.225916     -77.980347     128.660522      12.050442      -0.402451      15.976207       4.125051       5.257056      12.355673      13.246083     -10.442897     -49.949821      19.782753     -28.075191     -33.483250      81.680290       6.849486    -111.871490     -86.068764      19.526560     104.765045    -177.959778      88.687073     177.914154      60.635586      -2.943320       0.014536       3.305493     -14.566162      27.020159     -90.000710      -3.102709      89.995140     -81.559364      -2.313873    -114.745659      54.719223     -14.204940      76.096703     179.825760     -75.415306     179.774643     -59.481281       2.924214      -0.049320       1.428445       5.718619       2.925023     -90.001183      -3.467761      89.993889     -29.208485      48.952225     -89.113922      90.955627      49.661747      90.338783     -14.224778      -2.196409       7.200669    -124.402374      87.742264     -59.333763       1.002106       0.950311     -28.376541     -14.011855      28.205204     -86.595108     -89.065918     -50.986519      89.675102     -26.153137       4.165499      -3.413560     -52.385353     -78.158707     127.369804      -2.079305      -2.187077      -3.829967
      56.631790       4.562505     -25.838673      66.918686      19.728655    -153.410950      29.283941     -78.015556     128.732224      12.031504      -0.394659      15.974991       4.101913       5.190724      12.370212      13.247665     -10.433144     -49.951347      19.858490     -28.114506     -33.454979      81.683510       6.851976    -111.883522     -86.071800      19.535952     104.765671    -177.964691      88.683846     177.919083      60.743931      -2.944932       0.020313       3.339726     -14.540844      27.258879     -90.000710      -3.111887      89.995140     -81.580826      -2.308329    -114.843636      54.643845     -14.107740      76.144653     179.826614     -75.346481     179.775467     -59.591019       2.925972      -0.043511       1.426675       5.745662       2.948139     -90.001183      -3.470815      89.993874     -29.202900      48.879829     -89.083366      90.948853      49.625786      90.336128     -14.203940      -2.172582       7.196825    -123.991745      87.746429     -59.758602       1.003114       0.944155     -28.413300     -14.027248      28.154833     -86.556122     -89.066002     -50.971455      89.675308     -26.159296       4.150340      -3.414237     -52.294235     -78.176338     127.429024      -2.063925      -2.208303      -3.779108
      56.637589       4.560563     -25.837910      66.950676      19.683865    -153.460846      29.370520     -78.053291     128.830765      12.010742      -0.389019      15.973876       4.077198       5.124737      12.384409      13.248941     -10.423751     -49.952866      19.933523     -28.153152     -33.427334      81.686577       6.854107    -111.895241     -86.074432      19.545309     104.766365    -177.969681      88.680710     177.924057      60.851414      -2.946524       0.026051       3.373456     -14.515611      27.495220     -90.000710      -3.120918      89.995140     -81.602524      -2.302485    -114.941673      54.568409     -14.011189      76.192429     179.827438     -75.278152     179.776260     -59.699837       2.927705      -0.037746       1.424902       5.772397       2.970539     -90.001190      -3.473818      89.993889     -29.191586      48.802120     -89.048241      90.946419      49.585686      90.334946     -14.183159      -2.147716       7.193910    -123.587723      87.750427     -60.176601       1.004079       0.938278     -28.449495     -14.039368      28.141018     -86.516136     -89.025528     -50.963665      89.661240     -26.165689       4.119359      -3.403883     -52.202644     -78.193069     127.486015      -2.048403      -2.236093      -3.728305
      56.642776       4.559246     -25.837391      66.974129      19.641802    -153.502594      29.428253     -78.089119     128.903900      11.991394      -0.382580      15.972845       4.053472       5.059293      12.398451      13.250745     -10.413814     -49.954403      20.007973     -28.191462     -33.399807      81.689537       6.856413    -111.906227     -86.077896      19.555038     104.766930    -177.974197      88.677467     177.928589      60.957996      -2.948092       0.031749       3.406820     -14.490371      27.729450     -90.000710      -3.129783      89.995132     -81.624069      -2.296726    -115.037956      54.493683     -13.915639      76.239105     179.828323     -75.210022     179.777115     -59.807808       2.929411      -0.032022       1.423054       5.798788       2.992255     -90.001190      -3.476770      89.993889     -29.186396      48.735062     -89.017830      90.945740      49.549362      90.334335     -14.162155      -2.124423       7.189938    -123.182732      87.754211     -60.595917       1.005101       0.932301     -28.485653     -14.059576      28.069613     -86.472641     -89.048523     -50.943954      89.669365     -26.172319       4.115173      -3.412061     -52.111946     -78.211624     127.547592      -2.033185      -2.252241      -3.679953
      56.647598       4.557871     -25.836939      66.996216      19.603043    -153.541794      29.483795     -78.123978     128.973389      11.973336      -0.375862      15.971725       4.031358       4.994462      12.412070      13.252569     -10.403706     -49.955990      20.081699     -28.229328     -33.372532      81.692566       6.858792    -111.917435     -86.081802      19.564980     104.767380    -177.979309      88.674294     177.933716      61.063736      -2.949643       0.037395       3.439583     -14.465258      27.961010     -90.000710      -3.138504      89.995140     -81.645691      -2.290973    -115.133438      54.419186     -13.820305      76.285408     179.829117     -75.142059     179.777878     -59.914932       2.931109      -0.026332       1.421146       5.824967       3.013376     -90.001183      -3.479659      89.993889     -29.180668      48.672901     -88.989632      90.945694      49.515102      90.333984     -14.141122      -2.101451       7.185818    -122.781532      87.757797     -61.011547       1.006111       0.926170     -28.521688     -14.074874      28.008585     -86.433525     -89.058647     -50.926701      89.673149     -26.177258       4.103983      -3.414283     -52.023201     -78.229355     127.607658      -2.018058      -2.272391      -3.631122
      56.653095       4.556239     -25.836348      67.022728      19.558292    -153.586624      29.552223     -78.161690     129.057358      11.953316      -0.371158      15.970774       4.007297       4.929773      12.425490      13.254113     -10.394098     -49.957523      20.154846     -28.266653     -33.345783      81.695412       6.860790    -111.928322     -86.085365      19.575073     104.767952    -177.984375      88.671066     177.938782      61.168598      -2.951164       0.043002       3.473400     -14.445754      28.190390     -90.000710      -3.147096      89.995140     -81.667488      -2.284909    -115.228790      54.344746     -13.725854      76.331383     179.829926     -75.074577     179.778656     -60.021149       2.932778      -0.020691       1.419297       5.850887       3.033862     -90.001183      -3.482502      89.993896     -29.171751      48.616844     -88.960098      90.957153      49.478519      90.337532     -14.119382      -2.079042       7.181225    -122.386650      87.761200     -61.421383       1.007256       0.920451     -28.557749     -14.091407      27.948025     -86.390884     -89.062851     -50.909580      89.674805     -26.182756       4.090487      -3.415956     -51.934368     -78.246887     127.666931      -2.002949      -2.292463      -3.582855
      56.657909       4.554833     -25.835855      67.045258      19.519812    -153.625763      29.608009     -78.196320     129.126602      11.935308      -0.364966      15.969701       3.985281       4.865826      12.438548      13.256011     -10.383931     -49.959103      20.227322     -28.303783     -33.318901      81.698265       6.863112    -111.938705     -86.089653      19.584978     104.768280    -177.988693      88.668060     177.943100      61.272636      -2.952663       0.048570       3.504579     -14.418756      28.417114     -90.000710      -3.155530      89.995148     -81.689240      -2.279010    -115.322769      54.270851     -13.631849      76.376541     179.830719     -75.007286     179.779419     -60.126545       2.934410      -0.015102       1.417406       5.876583       3.053730     -90.001190      -3.485315      89.993889     -29.166307      48.546955     -88.930771      90.950493      49.443676      90.334938     -14.098494      -2.055727       7.177738    -121.980980      87.764687     -61.841583       1.008306       0.914393     -28.593401     -14.105974      27.897305     -86.353241     -89.064415     -50.894508      89.675537     -26.187893       4.076048      -3.416520     -51.845951     -78.264297     127.726219      -1.987931      -2.313499      -3.535085
      56.662842       4.553378     -25.835344      67.068687      19.480320    -153.666107      29.667999     -78.231453     129.200119      11.917037      -0.359386      15.968677       3.963137       4.802203      12.451355      13.257745     -10.373955     -49.960678      20.299164     -28.340475     -33.292328      81.701027       6.865305    -111.948929     -86.094238      19.595306     104.768570    -177.993423      88.664940     177.947815      61.375801      -2.954140       0.054089       3.535596     -14.392494      28.641630     -90.000710      -3.163821      89.995155     -81.711067      -2.273037    -115.416138      54.197193     -13.538454      76.421265     179.831497     -74.940338     179.780167     -60.231079       2.936035      -0.009552       1.415508       5.902014       3.073036     -90.001198      -3.488091      89.993904     -29.159771      48.480419     -88.901588      90.948036      49.408592      90.333755     -14.077517      -2.032637       7.174208    -121.580933      87.767952     -62.256157       1.009333       0.908352     -28.628775     -14.120729      27.846907     -86.314857     -89.064873     -50.879551      89.675865     -26.192959       4.061322      -3.416933     -51.758030     -78.281647     127.785286      -1.972961      -2.334577      -3.487921
      56.667870       4.551891     -25.834814      67.092682      19.439930    -153.707199      29.729818     -78.266899     129.275787      11.898528      -0.354383      15.967724       3.940748       4.739032      12.463903      13.259418     -10.364105     -49.962219      20.370380     -28.376766     -33.266014      81.703712       6.867398    -111.958855     -86.099014      19.605797     104.768867    -177.997971      88.661789     177.952362      61.478138      -2.955593       0.059565       3.566314     -14.366722      28.864027     -90.000710      -3.171983      89.995163     -81.732956      -2.266960    -115.508827      54.123837     -13.445779      76.465439     179.832230     -74.873726     179.780899     -60.334778       2.937623      -0.004035       1.413589       5.927254       3.091742     -90.001198      -3.490802      89.993896     -29.152811      48.414898     -88.872253      90.947311      49.373188      90.333176     -14.056433      -2.009645       7.170744    -121.181435      87.771118     -62.670303       1.010389       0.902379     -28.663965     -14.135808      27.796175     -86.275902     -89.065102     -50.864479      89.676109     -26.197935       4.046760      -3.417367     -51.670452     -78.298973     127.844452      -1.958068      -2.355491      -3.441376
      56.672928       4.550392     -25.834276      67.116852      19.399250    -153.748520      29.792213     -78.302422     129.352112      11.879989      -0.349866      15.966823       3.918302       4.676384      12.476171      13.261065     -10.354313     -49.963768      20.440992     -28.412689     -33.239906      81.706306       6.869397    -111.968445     -86.103966      19.616388     104.769127    -178.002594      88.658638     177.957001      61.579628      -2.957021       0.065002       3.596663     -14.341289      29.084301     -90.000710      -3.179999      89.995155     -81.754890      -2.260795    -115.600761      54.050781     -13.353796      76.509041     179.833023     -74.807465     179.781631     -60.437626       2.939193       0.001438       1.411663       5.952206       3.109918     -90.001190      -3.493477      89.993896     -29.145664      48.349640     -88.842873      90.947075      49.337681      90.332771     -14.035303      -1.986711       7.167377    -120.782936      87.774170     -63.083511       1.011465       0.896473     -28.698969     -14.150929      27.745605     -86.236816     -89.065048     -50.849426      89.676262     -26.202772       4.032250      -3.417697     -51.583290     -78.316284     127.903625      -1.943252      -2.376340      -3.395433
      56.679474       4.548259     -25.833395      67.152847      19.347263    -153.804398      29.896267     -78.343056     129.470627      11.857614      -0.349209      15.966216       3.891987       4.614019      12.488206      13.262166     -10.345296     -49.965229      20.511019     -28.448030     -33.214424      81.708549       6.870775    -111.977158     -86.107857      19.626551     104.769623    -178.007751      88.655449     177.962143      61.680229      -2.958432       0.070399       3.626708     -14.316031      29.302773     -90.000710      -3.187880      89.995155     -81.777092      -2.254072    -115.693130      53.977619     -13.262995      76.552429     179.833817     -74.741913     179.782425     -60.539558       2.940722       0.006848       1.409754       5.976933       3.127609     -90.001198      -3.496105      89.993919     -29.129602      48.287994     -88.808052      90.966675      49.295444      90.338951     -14.013800      -1.963318       7.163492    -120.418297      87.776527     -63.462696       1.012475       0.890930     -28.733253     -14.167940      27.715670     -86.189896     -89.037720     -50.838203      89.666725     -26.209322       4.008065      -3.412964     -51.494598     -78.333344     127.961624      -1.928229      -2.399735      -3.350500
      56.684093       4.547031     -25.832954      67.172569      19.309908    -153.840439      29.939997     -78.376816     129.528946      11.840388      -0.344745      15.965352       3.870395       4.552744      12.499940      13.264230     -10.335091     -49.966770      20.580469     -28.483362     -33.188484      81.710960       6.872857    -111.985733     -86.113388      19.637175     104.769775    -178.012604      88.652161     177.967010      61.780052      -2.959821       0.075752       3.656291     -14.290998      29.518824     -90.000710      -3.195644      89.995155     -81.798943      -2.247842    -115.782936      53.905457     -13.172622      76.594513     179.834549     -74.676270     179.783112     -60.640778       2.942245       0.012234       1.407732       6.001448       3.144777     -90.001198      -3.498687      89.993904     -29.127182      48.217293     -88.779190      90.955330      49.261791      90.334862     -13.992492      -1.940519       7.161114    -119.994827      87.779884     -63.901413       1.013778       0.885464     -28.768255     -14.183392      27.651955     -86.152451     -89.053452     -50.819992      89.672417     -26.212946       4.001130      -3.416184     -51.408485     -78.351212     128.023300      -1.913748      -2.418051      -3.306005
      56.688580       4.545712     -25.832537      67.192963      19.273941    -153.876846      29.992416     -78.410423     129.594391      11.823761      -0.340113      15.964419       3.850045       4.491442      12.511394      13.266015     -10.325050     -49.968349      20.649237     -28.518274     -33.162868      81.713486       6.874981    -111.994751     -86.119331      19.648121     104.769783    -178.017303      88.649002     177.971710      61.879082      -2.961193       0.081059       3.685298     -14.266201      29.732216     -90.000710      -3.203277      89.995148     -81.820854      -2.241579    -115.872124      53.833439     -13.082307      76.636513     179.835312     -74.610779     179.783844     -60.741165       2.943746       0.017599       1.405714       6.025773       3.161517     -90.001198      -3.501231      89.993904     -29.121870      48.153690     -88.752090      90.950981      49.228851      90.333069     -13.971590      -1.918025       7.157831    -119.601883      87.782494     -64.309082       1.014823       0.879422     -28.802549     -14.196880      27.597534     -86.116379     -89.060173     -50.804226      89.674950     -26.216755       3.988717      -3.417145     -51.323212     -78.368416     128.083023      -1.899188      -2.438652      -3.261693
      56.693302       4.544302     -25.832064      67.215004      19.235975    -153.915253      30.049898     -78.444901     129.665192      11.806396      -0.336099      15.963546       3.829070       4.430158      12.522696      13.267567     -10.315353     -49.969864      20.717430     -28.552797     -33.137535      81.715919       6.876952    -112.003540     -86.125343      19.659233     104.769783    -178.022034      88.645866     177.976440      61.977306      -2.962552       0.086335       3.713930     -14.241489      29.943567     -90.000710      -3.210771      89.995148     -81.842850      -2.235199    -115.960793      53.761597     -12.992624      76.678139     179.836044     -74.545662     179.784546     -60.840744       2.945225       0.022904       1.403751       6.049871       3.177791     -90.001198      -3.503716      89.993904     -29.115475      48.090572     -88.724319      90.949295      49.195023      90.332153     -13.950533      -1.895568       7.154672    -119.209297      87.785004     -64.716515       1.015901       0.873499     -28.836693     -14.210810      27.546099     -86.079369     -89.062790     -50.789108      89.676056     -26.220737       3.974977      -3.417552     -51.238087     -78.385490     128.142334      -1.884673      -2.459444      -3.217918
      56.698177       4.542843     -25.831553      67.238022      19.196678    -153.954849      30.110065     -78.479828     129.739014      11.788614      -0.332710      15.962741       3.807639       4.369309      12.533772      13.269043     -10.305811     -49.971371      20.785055     -28.586985     -33.112385      81.718224       6.878794    -112.011948     -86.131462      19.670397     104.769775    -178.026321      88.642693     177.980728      62.074711      -2.963876       0.091564       3.742183     -14.216854      30.152935     -90.000710      -3.218146      89.995140     -81.864899      -2.228706    -116.048859      53.690071     -12.903655      76.719261     179.836792     -74.480896     179.785263     -60.939480       2.946700       0.028166       1.401872       6.073770       3.193647     -90.001198      -3.506165      89.993904     -29.108484      48.027397     -88.696121      90.948952      49.160564      90.331718     -13.929372      -1.873134       7.151626    -118.817192      87.787445     -65.123642       1.017015       0.867681     -28.870684     -14.225131      27.495745     -86.041702     -89.063690     -50.774174      89.676514     -26.224707       3.960938      -3.417741     -51.153198     -78.402542     128.201553      -1.870232      -2.480128      -3.174698
      56.703102       4.541367     -25.831032      67.261276      19.156965    -153.994766      30.170868     -78.514847     129.813583      11.770731      -0.329801      15.961982       3.786077       4.308975      12.544601      13.270492     -10.296327     -49.972851      20.852110     -28.620846     -33.087418      81.720436       6.880571    -112.020004     -86.137733      19.681614     104.769760    -178.031265      88.639496     177.985672      62.171318      -2.965190       0.096754       3.770039     -14.192302      30.360245     -90.000710      -3.225389      89.995155     -81.886963      -2.222137    -116.136223      53.618858     -12.815401      76.759804     179.837479     -74.416489     179.785919     -61.037434       2.948137       0.033393       1.400082       6.097486       3.209152     -90.001198      -3.508572      89.993904     -29.101336      47.963970     -88.667725      90.948807      49.125889      90.331345     -13.908174      -1.850735       7.148693    -118.426056      87.789772     -65.529800       1.018157       0.861936     -28.904484     -14.239584      27.445942     -86.003860     -89.063957     -50.759342      89.676773     -26.228588       3.946895      -3.417817     -51.068516     -78.419563     128.260910      -1.855864      -2.500726      -3.132031
      56.708607       4.539684     -25.830400      67.288002      19.111919    -154.039352      30.242220     -78.552307     129.900375      11.751195      -0.328815      15.961394       3.762732       4.249006      12.555227      13.271747     -10.287181     -49.974289      20.918592     -28.654285     -33.062782      81.722488       6.881982    -112.027672     -86.143745      19.693087     104.769882    -178.035858      88.636017     177.990265      62.266933      -2.966475       0.101892       3.799378     -14.172832      30.565804     -90.000710      -3.232513      89.995163     -81.909134      -2.215273    -116.223320      53.547794     -12.728059      76.799934     179.838150     -74.352562     179.786575     -61.134544       2.949559       0.038585       1.398315       6.120987       3.224252     -90.001198      -3.510939      89.993896     -29.091515      47.908710     -88.638550      90.961044      49.089432      90.335129     -13.886243      -1.829000       7.145142    -118.044273      87.791908     -65.927124       1.019421       0.856596     -28.938274     -14.255458      27.390915     -85.962296     -89.064102     -50.743324      89.676979     -26.232689       3.933128      -3.418354     -50.983837     -78.436615     128.320343      -1.841585      -2.520497      -3.089947
      56.714005       4.537817     -25.829668      67.317459      19.070147    -154.085205      30.324274     -78.588203     129.993683      11.732357      -0.327512      15.960706       3.740236       4.189723      12.565489      13.273038     -10.277946     -49.975739      20.984484     -28.687424     -33.038288      81.724487       6.883604    -112.034904     -86.149719      19.703690     104.769844    -178.040329      88.633110     177.994736      62.362148      -2.967764       0.107012       3.825396     -14.146840      30.768379     -90.000717      -3.239515      89.995163     -81.931343      -2.208427    -116.309731      53.477036     -12.641137      76.839577     179.838867     -74.288956     179.787262     -61.230885       2.950958       0.043729       1.396520       6.144332       3.238971     -90.001198      -3.513259      89.993912     -29.080671      47.830601     -88.605247      90.954048      49.051182      90.332458     -13.865346      -1.805079       7.143699    -117.652359      87.794151     -66.333878       1.020551       0.851089     -28.971439     -14.266091      27.381567     -85.925713     -89.022995     -50.736458      89.662766     -26.236359       3.903136      -3.406923     -50.899353     -78.452789     128.377609      -1.827129      -2.547831      -3.047980
      56.718765       4.536582     -25.829201      67.338272      19.031403    -154.123001      30.377420     -78.622345     130.061432      11.715050      -0.325288      15.960060       3.719015       4.130754      12.575681      13.274643     -10.268342     -49.977215      21.049814     -28.720345     -33.013756      81.726410       6.885362    -112.041679     -86.156639      19.715012     104.769676    -178.045059      88.629868     177.999466      62.456398      -2.969012       0.112072       3.851661     -14.121366      30.969109     -90.000710      -3.246421      89.995155     -81.953339      -2.201710    -116.394524      53.406986     -12.555017      76.878349     179.839508     -74.225487     179.787888     -61.326473       2.952339       0.048832       1.394712       6.167465       3.253322     -90.001198      -3.515545      89.993912     -29.075720      47.766132     -88.577133      90.951363      49.017025      90.331192     -13.844273      -1.782940       7.141006    -117.265602      87.796104     -66.735588       1.021682       0.845427     -29.004467     -14.284153      27.313925     -85.885895     -89.046211     -50.717579      89.670929     -26.240814       3.900018      -3.414262     -50.814667     -78.470634     128.439636      -1.813080      -2.563529      -3.007863
      56.723206       4.535278     -25.828793      67.358009      18.995529    -154.158615      30.429121     -78.655731     130.126434      11.698840      -0.322658      15.959319       3.699277       4.071983      12.585589      13.276137     -10.258761     -49.978691      21.114550     -28.752953     -32.989426      81.728470       6.887181    -112.048897     -86.163971      19.726606     104.769409    -178.049454      88.626648     178.003860      62.549896      -2.970255       0.117112       3.877568     -14.096481      31.167471     -90.000710      -3.253201      89.995163     -81.975319      -2.194971    -116.478546      53.337101     -12.469037      76.916916     179.840179     -74.162170     179.788528     -61.421268       2.953684       0.053917       1.392586       6.190410       3.267206     -90.001198      -3.517802      89.993912     -29.070078      47.707523     -88.551224      90.950516      48.984821      90.330597     -13.823138      -1.761191       7.138089    -116.883514      87.797882     -67.132881       1.022802       0.839590     -29.037409     -14.297573      27.256275     -85.850067     -89.056480     -50.701092      89.674690     -26.243437       3.889815      -3.415607     -50.732040     -78.487663     128.500198      -1.799079      -2.583239      -2.967298
      56.727814       4.533889     -25.828339      67.379196      18.958279    -154.195770      30.485224     -78.689758     130.195892      11.682079      -0.320464      15.958632       3.679129       4.013204      12.595342      13.277443     -10.249481     -49.980137      21.178728     -28.785200     -32.965332      81.730484       6.888886    -112.056030     -86.171371      19.738335     104.769127    -178.054214      88.623459     178.008606      62.642601      -2.971472       0.122100       3.903188     -14.071961      31.363932     -90.000710      -3.259863      89.995163     -81.997353      -2.188118    -116.562065      53.267441     -12.383602      76.955185     179.840881     -74.099190     179.789200     -61.515301       2.955027       0.058938       1.390541       6.213176       3.280782     -90.001213      -3.520008      89.993912     -29.063534      47.647949     -88.524620      90.950508      48.951881      90.330276     -13.801938      -1.739434       7.135328    -116.501595      87.799599     -67.529984       1.023965       0.833858     -29.070213     -14.310956      27.203711     -85.813972     -89.060913     -50.685757      89.676430     -26.246347       3.877212      -3.416005     -50.649609     -78.504463     128.559891      -1.785092      -2.603527      -2.927148
      56.733109       4.532216     -25.827761      67.404907      18.914804    -154.239059      30.558987     -78.726608     130.284424      11.663425      -0.320274      15.958120       3.657139       3.954653      12.604899      13.278420     -10.240677     -49.981544      21.242350     -28.817013     -32.941654      81.732300       6.890242    -112.062698     -86.178375      19.749941     104.768951    -178.058533      88.620255     178.012939      62.734558      -2.972669       0.127052       3.928516     -14.047666      31.558619     -90.000717      -3.266415      89.995155     -82.019501      -2.180945    -116.645454      53.197853     -12.298978      76.993164     179.841537     -74.036659     179.789825     -61.608517       2.956352       0.063918       1.388546       6.235770       3.293992     -90.001190      -3.522189      89.993927     -29.052219      47.601059     -88.497841      90.969360      48.916744      90.336227     -13.780259      -1.718418       7.131133    -116.152611      87.800713     -67.894424       1.025062       0.828120     -29.102650     -14.325727      27.148142     -85.773567     -89.062302     -50.669899      89.677086     -26.249582       3.863831      -3.416374     -50.567116     -78.521194     128.619293      -1.771170      -2.623352      -2.887517
      56.737766       4.530850     -25.827250      67.426048      18.877241    -154.275711      30.609400     -78.760376     130.348465      11.646404      -0.318704      15.957506       3.636426       3.896870      12.614266      13.279828     -10.231454     -49.982941      21.305489     -28.848728     -32.917763      81.734070       6.891844    -112.068947     -86.185982      19.761639     104.768639    -178.063156      88.616974     178.017563      62.825733      -2.973855       0.131963       3.953527     -14.023560      31.751453     -90.000710      -3.272860      89.995163     -82.041542      -2.173968    -116.727577      53.128910     -12.215040      77.030228     179.842194     -73.974380     179.790436     -61.701000       2.957651       0.068869       1.386551       6.258214       3.306888     -90.001190      -3.524326      89.993927     -29.047773      47.529873     -88.469170      90.958076      48.883045      90.332199     -13.758813      -1.696237       7.129789    -115.741882      87.802795     -68.320869       1.026466       0.822949     -29.135555     -14.339400      27.100910     -85.738319     -89.062912     -50.655392      89.677444     -26.252544       3.850424      -3.416101     -50.484718     -78.537910     128.679092      -1.757372      -2.643524      -2.848332
      56.742317       4.529468     -25.826777      67.447166      18.840635    -154.312408      30.665165     -78.793869     130.417084      11.629909      -0.317161      15.956869       3.616552       3.839396      12.623370      13.281101     -10.222266     -49.984356      21.368031     -28.880081     -32.894135      81.735901       6.893474    -112.075294     -86.193932      19.773533     104.768234    -178.067947      88.613747     178.022369      62.916199      -2.975019       0.136838       3.978089     -13.999705      31.941984     -90.000717      -3.279191      89.995155     -82.063553      -2.166979    -116.808952      53.060253     -12.131453      77.066978     179.842804     -73.912369     179.791031     -61.792755       2.958942       0.073777       1.384594       6.280490       3.319477     -90.001198      -3.526427      89.993927     -29.041353      47.465809     -88.442139      90.953857      48.849926      90.330482     -13.737769      -1.674393       7.127512    -115.362511      87.804237     -68.715530       1.027620       0.817215     -29.167749     -14.352394      27.054611     -85.703285     -89.063011     -50.641331      89.677635     -26.255304       3.836655      -3.415538     -50.402924     -78.554527     128.738693      -1.743616      -2.664102      -2.809616
      56.747715       4.527560     -25.826046      67.476753      18.798609    -154.358276      30.751495     -78.829765     130.514496      11.611260      -0.317501      15.956342       3.594716       3.781980      12.632260      13.281965     -10.213641     -49.985722      21.430017     -28.911003     -32.870934      81.737579       6.894743    -112.081451     -86.201347      19.785231     104.767937    -178.071945      88.610588     178.026352      63.005920      -2.976164       0.141677       4.002295     -13.975980      32.130627     -90.000710      -3.285417      89.995155     -82.085762      -2.159667    -116.890480      52.991550     -12.048516      77.103630     179.843430     -73.850845     179.791626     -61.883720       2.960194       0.078643       1.382697       6.302621       3.331755     -90.001198      -3.528496      89.993927     -29.029213      47.394234     -88.410027      90.952538      48.812283      90.329735     -13.716701      -1.651264       7.126347    -114.986809      87.805649     -69.106346       1.028767       0.811850     -29.199512     -14.362762      27.045515     -85.666847     -89.021454     -50.634628      89.663315     -26.257982       3.806851      -3.403736     -50.321133     -78.570320     128.796021      -1.729614      -2.691272      -2.771190
      56.752460       4.526312     -25.825569      67.497383      18.759722    -154.395630      30.805092     -78.863762     130.582794      11.594166      -0.317013      15.955878       3.573932       3.725242      12.641088      13.283257     -10.204628     -49.987095      21.491528     -28.941742     -32.847683      81.739143       6.896193    -112.086853     -86.209511      19.797218     104.767517    -178.076492      88.607277     178.030869      63.094864      -2.977291       0.146473       4.026246     -13.952318      32.317520     -90.000717      -3.291545      89.995155     -82.107704      -2.152485    -116.970390      52.923630     -11.966497      77.139259     179.844055     -73.789513     179.792236     -61.973953       2.961449       0.083480       1.380798       6.324601       3.344007     -90.001213      -3.530528      89.993927     -29.023758      47.332916     -88.382706      90.952141      48.778576      90.329277     -13.695448      -1.629774       7.124074    -114.610748      87.806877     -69.497894       1.029983       0.806383     -29.231266     -14.380478      26.977884     -85.627563     -89.045006     -50.615757      89.671555     -26.261665       3.804388      -3.410954     -50.238567     -78.587860     128.858368      -1.716118      -2.706485      -2.734381
