HIERARCHY
ROOT root
{
   OFFSET       0.000000        0.000000        0.000000
   CHANNELS 6 Xposition Yposition Zposition Xrotation Yrotation Zrotation
   JOINT LowerSpineJoint
   {
      OFFSET       0.000000        3.328345        0.000000
      CHANNELS 3 Xrotation  Yrotation Zrotation
      JOINT MiddleSpineJoint
      {
         OFFSET       4.330709        0.000000        0.000000
         CHANNELS 3 Xrotation  Yrotation Zrotation
         JOINT UpperSpineJoint
         {
            OFFSET       6.102361        0.000000        0.000000
            CHANNELS 3 Xrotation  Yrotation Zrotation
            JOINT LowerNeckJoint
            {
               OFFSET      10.236220        1.809055        0.000000
               CHANNELS 3 Xrotation  Yrotation Zrotation
               JOINT UpperNeckJoint
               {
                  OFFSET       3.543308        0.000000        0.000000
                  CHANNELS 3 Xrotation  Yrotation Zrotation
                  End Site
                  {
                     OFFSET       7.874016        0.000000        0.000000
                  }
               }
            }
            JOINT RightClavicleJoint
            {
               OFFSET       9.448819        2.047244        1.259843
               CHANNELS 3 Xrotation  Yrotation Zrotation
               JOINT RightShoulderJoint
               {
                  OFFSET      -6.220472       -1.574802        0.393701
                  CHANNELS 3 Xrotation  Yrotation Zrotation
                  JOINT RightElbowJoint
                  {
                     OFFSET     -12.500000        0.000000        0.078740
                     CHANNELS 3 Xrotation  Yrotation Zrotation
                     JOINT RightForearmTwistJoint
                     {
                        OFFSET      -5.216535        0.000000        0.000000
                        CHANNELS 3 Xrotation  Yrotation Zrotation
                        JOINT RightWristJoint
                        {
                           OFFSET      -5.314960        0.000000        0.000000
                           CHANNELS 3 Xrotation  Yrotation Zrotation
                           JOINT RightFingersJoint
                           {
                              OFFSET      -3.149608       -0.393700        0.000000
                              CHANNELS 3 Xrotation  Yrotation Zrotation
                              End Site
                              {
                                 OFFSET       0.000000        3.149606        0.000000
                              }
                           }
                        }
                     }
                  }
               }
            }
            JOINT LeftClavicleJoint
            {
               OFFSET       9.448819        2.047244       -1.259843
               CHANNELS 3 Xrotation  Yrotation Zrotation
               JOINT LeftShoulderJoint
               {
                  OFFSET      -6.220472       -1.574802       -0.393701
                  CHANNELS 3 Xrotation  Yrotation Zrotation
                  JOINT LeftElbowJoint
                  {
                     OFFSET     -12.500000        0.000000       -0.078740
                     CHANNELS 3 Xrotation  Yrotation Zrotation
                     JOINT LeftForearmTwistJoint
                     {
                        OFFSET      -5.216535        0.000000        0.000000
                        CHANNELS 3 Xrotation  Yrotation Zrotation
                        JOINT LeftWristJoint
                        {
                           OFFSET      -5.314960        0.000000        0.000000
                           CHANNELS 3 Xrotation  Yrotation Zrotation
                           JOINT LeftFingersJoint
                           {
                              OFFSET      -3.149608       -0.393700        0.000000
                              CHANNELS 3 Xrotation  Yrotation Zrotation
                              End Site
                              {
                                 OFFSET       0.000000        3.149606        0.000000
                              }
                           }
                        }
                     }
                  }
               }
            }
         }
      }
   }
   JOINT RightHipJoint
   {
      OFFSET      -3.543307        0.178739        0.000000
      CHANNELS 3 Xrotation  Yrotation Zrotation
      JOINT RightKneeJoint
      {
         OFFSET      17.204723        0.000000       -0.196850
         CHANNELS 3 Xrotation  Yrotation Zrotation
         JOINT RightAnkleJoint
         {
            OFFSET       0.000000      -17.840551       -0.161417
            CHANNELS 3 Xrotation  Yrotation Zrotation
            JOINT RightMidFootJoint
            {
               OFFSET       0.000000       -1.568898        2.523622
               CHANNELS 3 Xrotation  Yrotation Zrotation
               JOINT RightToesJoint
               {
                  OFFSET       2.677163       -0.000000        0.000000
                  CHANNELS 3 Xrotation  Yrotation Zrotation
                  End Site
                  {
                     OFFSET       2.362204        0.000000        0.000000
                  }
               }
            }
         }
      }
   }
   JOINT LeftHipJoint
   {
      OFFSET       3.543307        0.178739        0.000000
      CHANNELS 3 Xrotation  Yrotation Zrotation
      JOINT LeftKneeJoint
      {
         OFFSET      17.204723        0.000000        0.196850
         CHANNELS 3 Xrotation  Yrotation Zrotation
         JOINT LeftAnkleJoint
         {
            OFFSET       0.000000      -17.840551        0.161417
            CHANNELS 3 Xrotation  Yrotation Zrotation
            JOINT LeftMidFootJoint
            {
               OFFSET       0.000000       -1.568898       -2.523622
               CHANNELS 3 Xrotation  Yrotation Zrotation
               JOINT LeftToesJoint
               {
                  OFFSET       2.677164       -0.000000        0.000000
                  CHANNELS 3 Xrotation  Yrotation Zrotation
                  End Site
                  {
                     OFFSET       2.362205        0.000000        0.000000
                  }
               }
            }
         }
      }
   }
}
MOTION
Frames:	169
Frame Time: 0.0166667
      -0.395760      35.062805       0.413076     -12.481940      10.435562      10.805516     -70.330688     -68.572029       4.257385     -10.748276     -16.706963      -0.599989       2.441391       6.524463      -9.785110      -3.115994      -9.585485     -23.697453      -1.444044       4.641591      27.225275      96.570877      -1.272569     -90.630089       5.858077     -52.183506      81.624687      -0.043506      43.444855       0.017405      -8.736884      -0.156384      -2.290702       3.070041      10.276159     -20.521070     -90.003143     -30.592529      89.994499    -101.850227      -1.817511    -100.010147     -19.107899     -43.127083      49.386086       0.124012     -69.795952       0.086496      35.767906      -1.313020      -2.067620      -0.732107      -7.548869      10.648220     -90.005043     -34.884544      89.992645      68.584885      72.730293    -158.184448      90.151764      51.878277      90.066154     -11.721730     -11.544188      13.771694    -167.409805      84.034492     -20.080349      -0.045197      -2.749379     -21.996016      38.642979      78.135002    -144.246567     -90.865036     -31.621929      90.210175       2.753448      -2.694561       3.065779     -89.067520     -89.054657      77.562988      -4.668213       4.789808     -25.653292
      -0.395609      34.987274       0.409802     -12.482932      10.457588      10.850787     -70.376228     -68.518280       4.189327     -10.759848     -16.721754      -0.599113       2.429783       6.517343      -9.766894      -3.092481      -9.542822     -23.604418      -1.422892       4.593855      27.046791      96.579208      -1.273291     -90.627670       5.846750     -52.188251      81.606522      -0.043919      43.448795       0.017744      -8.735058      -0.156931      -2.291005       3.036255      10.233640     -20.331196     -90.003166     -30.143559      89.994514    -101.851692      -1.812722    -100.002251     -19.118591     -43.123318      49.375538       0.121894     -69.799164       0.084852      35.767014      -1.313684      -2.067490      -0.718281      -7.520179      10.743750     -90.004944     -34.363998      89.992622      68.584839      72.685921    -158.195404      90.158546      51.932777      90.062431     -11.894670     -11.555842      13.756767    -167.433853      84.024208     -20.103394      -0.042392      -2.725705     -21.803318      38.737858      78.089363    -144.404556     -90.869530     -31.707752      90.212227       2.746058      -2.698763       3.062033     -89.569710     -89.059319      76.958900      -4.641641       4.736188     -25.441973
      -0.393507      34.842117       0.392112     -12.585310      10.578182      11.207385     -70.544083     -68.156876       3.819771     -10.812945     -16.766342      -0.634509       2.382820       6.499911      -9.685021      -3.082780      -9.527949     -23.558187      -1.401299       4.537073      26.887383      96.584236      -1.271795     -90.504074       5.709844     -52.209599      81.458496      -0.043638      43.447205       0.017480      -8.736347      -0.156774      -2.291040       2.994669      10.165641     -20.176275     -90.003197     -29.700138      89.994568    -101.906525      -1.808848     -99.929497     -19.176533     -43.074993      49.280476       0.121952     -69.784264       0.084911      35.764645      -1.313510      -2.067528      -0.718616      -7.462300      10.733000     -90.004799     -33.849949      89.992622      68.769920      72.326645    -158.331726      90.157936      52.216080      90.064934     -12.805032     -11.576362      13.648457    -167.442322      84.014984     -20.328482      -0.022932      -2.611832     -21.561617      39.469574      77.782372    -145.432724     -90.905426     -32.243729      90.222046       2.839946      -2.722512       3.067436     -89.927032     -89.064468      76.445885      -4.618367       4.675553     -25.171095
      -0.398694      34.768532       0.437577     -12.805447      10.450713      10.860982     -70.276260     -68.805588       4.075649     -10.833076     -16.474283      -0.777051       2.410017       6.369218      -9.879300      -2.850326      -8.846240     -22.035646      -1.295906       4.374778      25.759443      96.640739      -1.263363     -90.025223       4.881492     -52.190125      80.645515      -0.043307      43.475067       0.017063      -8.728699      -0.156991      -2.291097       2.993243      10.178260     -20.080503     -90.003258     -29.264137      89.994690    -101.636604      -1.818695     -99.188522     -19.434858     -42.851933      48.737091       0.120671     -69.715233       0.083334      35.736336      -1.311990      -2.068313      -0.798253      -7.403419      10.671721     -90.004799     -33.344501      89.992294      69.380394      72.989059    -157.747787      90.099937      50.666012      90.029800     -12.677000     -11.341967      13.205662    -167.496597      84.094994     -22.122053       0.072874      -2.026873     -21.288462      39.797470      78.285774    -145.051422     -90.717918     -31.588638      90.176758       2.654505      -2.712484       2.931590    -101.087372     -89.100700      65.193794      -4.601040       4.599500     -24.892221
      -0.439834      34.926098       0.543038     -12.833458      10.122471       9.765321     -69.792259     -70.142281       4.607546     -10.866153     -16.051224      -0.921049       2.436697       6.079278     -10.037419      -2.693924      -8.284880     -19.525692      -1.329920       4.477490      26.220602      96.802177      -1.294414     -88.494843       2.756982     -52.204739      78.458672      -0.043046      43.458382       0.016333      -8.714832      -0.157711      -2.291271       3.010769      10.253067     -19.977182     -90.003761     -28.835434      89.995102    -101.073677      -1.727400     -97.302826     -20.106560     -42.059460      47.904984       0.118290     -69.481224       0.079597      35.670589      -1.308233      -2.070328      -0.976637      -7.273581      10.416018     -90.005493     -32.847515      89.990334      70.252365      74.880592    -156.524414      89.828331      46.994438      89.916878     -11.314544     -10.816031      12.633892    -163.573715      85.240181     -28.754608       0.129060      -1.569563     -21.327641      39.450489      79.658302    -142.945618     -90.268005     -29.142584      90.069496       2.148889      -2.679204       2.663655    -124.475502     -89.000572      42.403027      -4.578909       4.528467     -24.680679
      -0.483872      35.159683       0.633508     -12.645527       9.755828       8.665079     -69.293678     -71.461601       5.191697     -10.885016     -15.629078      -0.957296       2.450085       5.811911     -10.011393      -2.545640      -7.771507     -16.889986      -1.348446       4.528885      26.626253      97.132683      -1.280255     -86.752007       0.894148     -52.225826      76.554474      -0.043060      43.402176       0.015771      -8.709436      -0.158123      -2.291526       3.022199      10.234466     -20.026703     -90.004700     -28.413897      89.995445    -100.752991      -1.565068     -95.132668     -20.814159     -41.097656      47.374992       0.117346     -69.146301       0.077038      35.627728      -1.305395      -2.071832      -1.123847      -6.899233       9.887587     -90.005943     -32.358829      89.988121      70.915527      76.663574    -155.536362      89.512474      43.545628      89.822121      -9.910815     -10.487384      11.966264    -155.702713      86.381836     -38.251011       0.112282      -1.487022     -21.401825      38.513378      80.947479    -140.521225     -89.802750     -26.764391      89.964195       1.953075      -2.478105       2.289693    -141.382965     -88.751274      26.557745      -4.560599       4.459526     -24.416733
      -0.524362      35.427498       0.718898     -12.329287       9.332361       7.585611     -68.760429     -72.756271       5.875363     -10.894217     -15.208070      -0.908908       2.459493       5.567185      -9.894072      -2.417533      -7.289690     -14.344032      -1.353030       4.546052      26.833208      97.547035      -1.225544     -85.129883      -0.409635     -52.160393      75.315224      -0.043195      43.335831       0.015647      -8.706295      -0.158438      -2.291618       3.027319      10.117502     -20.120895     -90.005714     -27.999414      89.995720    -100.529907      -1.367358     -93.003975     -21.384884     -40.267216      47.208801       0.117110     -68.815193       0.075901      35.599812      -1.303430      -2.072750      -1.242120      -6.352651       9.243245     -90.006119     -31.878330      89.986458      71.437126      78.212288    -154.744171      89.254036      40.358524      89.765999      -8.463354     -10.216571      11.306031    -143.970032      87.209549     -50.733288       0.096516      -1.451194     -21.386770      36.869030      82.160500    -137.585083     -89.378906     -24.499825      89.873573       2.075469      -2.214185       1.898890    -150.867447     -88.482239      18.094006      -4.541191       4.399409     -24.096115
      -0.560559      35.699539       0.801001     -11.923362       8.845896       6.546311     -68.177032     -74.014320       6.675591     -10.896413     -14.787235      -0.790022       2.467426       5.343264      -9.721927      -2.311370      -6.836044     -11.957339      -1.345689       4.536703      26.819805      97.990097      -1.143942     -83.691292      -1.203307     -52.024261      74.680313      -0.043307      43.270016       0.015822      -8.703389      -0.158750      -2.291572       3.016954       9.931033     -20.168535     -90.006577     -27.591879      89.996002    -100.342178      -1.152139     -91.040726     -21.800329     -39.641121      47.346375       0.116913     -68.531235       0.075684      35.581600      -1.302187      -2.073158      -1.327912      -5.748648       8.632848     -90.006134     -31.405863      89.985504      71.864510      79.514763    -154.117447      89.085869      37.423187      89.744171      -7.008851      -9.938100      10.703131    -131.510834      87.656807     -63.445347       0.086098      -1.384403     -21.305737      34.317184      83.300072    -133.913513     -89.038795     -22.370855      89.805374       2.414093      -1.936914       1.524082    -156.399429     -88.237564      13.286046      -4.520797       4.343246     -23.767651
      -0.592370      35.954300       0.878664     -11.461292       8.303114       5.575364     -67.529350     -75.222488       7.596591     -10.894862     -14.362838      -0.618248       2.474191       5.140441      -9.519934      -2.225360      -6.405993      -9.754890      -1.329216       4.507876      26.597416      98.425797      -1.042379     -82.449471      -1.574640     -51.841858      74.544579      -0.043389      43.204842       0.016129      -8.700796      -0.159024      -2.291432       2.991378       9.700543     -20.140509     -90.007195     -27.191166      89.996277    -100.181519      -0.933269     -89.275391     -22.085806     -39.205177      47.694000       0.116518     -68.303062       0.075913      35.570663      -1.301536      -2.073220      -1.382048      -5.163936       8.130872     -90.006081     -30.941286      89.985191      72.240677      80.595421    -153.643478      88.990723      34.731739      89.742500      -5.594220      -9.642333      10.168297    -121.420685      87.860474     -73.590454       0.078868      -1.311315     -21.177994      30.680666      84.342628    -129.313934     -88.792847     -20.393082      89.759499       2.863865      -1.660137       1.170201    -159.777618     -88.024750      10.278248      -4.498813       4.289851     -23.456360
      -0.615190      36.177425       0.949717     -10.976058       7.640105       4.694440     -66.809921     -76.364418       8.632008     -10.893211     -13.941198      -0.412090       2.479948       4.928748      -9.309540      -2.152548      -5.969466      -7.746102      -1.309185       4.480778      26.184982      98.754089      -0.888370     -81.950081      -0.962997     -51.527649      75.651115      -0.043713      43.078579       0.016494      -8.691974      -0.159833      -2.291238       2.961697       9.412906     -20.040520     -90.007698     -26.797159      89.996658    -100.009079      -0.721961     -87.673080     -22.258587     -38.922855      48.191124       0.115922     -68.127937       0.076220      35.566082      -1.301371      -2.073054      -1.408825      -4.648966       7.746339     -90.005959     -30.484493      89.985405      72.728310      81.454002    -153.449478      88.938515      32.281521      89.749680      -4.288111      -9.333552       9.697132    -116.113022      87.934311     -78.881622       0.071324      -1.271420     -21.022232      25.192217      85.279022    -122.991478     -88.834259     -18.575226      89.774078       3.346889      -1.459795       0.877084    -161.848251     -87.893738       8.332976      -4.469309       4.267955     -23.182501
      -0.623030      36.364605       1.011579     -10.492980       6.981220       3.921645     -65.990028     -77.458405       9.798476     -10.895173     -13.525512      -0.190256       2.483056       4.739716      -9.104966      -2.099483      -5.572114      -5.930465      -1.283093       4.432251      25.614700      98.919373      -0.708715     -82.070778       0.312901     -51.093941      77.597885      -0.044112      42.926926       0.017346      -8.694324      -0.160046      -2.290837       2.864420       8.919552     -19.764748     -90.008209     -26.409763      89.996948     -99.944000      -0.528779     -86.194839     -22.377642     -38.740238      48.705841       0.115218     -67.983055       0.076446      35.564728      -1.301426      -2.072810      -1.419687      -4.191318       7.456437     -90.005714     -30.035347      89.986023      73.225655      82.121246    -153.382538      88.928436      30.060345      89.762581      -3.114371      -9.026930       9.289703    -113.986404      87.962540     -80.981293       0.063642      -1.259797     -20.858089      18.737459      86.054199    -115.822113     -88.853523     -16.921684      89.781952       3.817162      -1.188324       0.559249    -161.742996     -88.011055       8.872626      -4.437830       4.244796     -23.008221
      -1.888853      35.877544       1.150929     -11.385567       7.583074       7.907355     -63.821194     -79.927071      12.082980     -11.088509     -13.080997      -0.339068       2.102674      10.854030      -9.096869      -1.490197       0.161413      -4.397194      -1.928139       7.562698      25.283615      99.085182       0.004475     -81.754478      11.714776     -50.203293      90.992096       0.005507      44.664341      -0.000916      -8.619637      -0.158960      -2.292311       3.511614      10.079401     -21.393122     -90.026398     -25.460333      89.995239     -97.836227      -0.211383     -94.618034     -22.446966     -39.760777      49.093899       0.146747     -69.037170       0.095163      35.870384      -1.314397      -2.056868      -0.345660      -4.740015      10.069955     -89.983627     -28.935417      90.002411      76.097679      80.830360    -154.177048      88.964279      28.948753      89.757065      -7.043533     -10.184581       7.456916     -83.516602      88.417328    -111.536049       0.033615      -1.310659     -20.451334      34.778179      85.550392    -130.843872     -90.380692     -15.869545      90.100647       2.773263      -1.197458       0.568959    -168.889267     -86.058624       1.185263      -4.381129       4.151215     -22.767363
      -3.293642      35.631348       1.324702     -11.952628       9.084958       9.585170     -63.134171     -81.399506      13.143024     -11.369699     -13.934242      -0.440200       1.840987      11.871225      -9.299376      -1.168453       3.357205      -3.829707      -2.300198       9.500037      25.454569      98.350151      -0.134946     -81.666916      12.729602     -49.444775      92.567337      -0.019303      44.359024       0.019736      -8.633298      -0.169281      -2.287808       3.295906       9.427967     -20.507126     -90.038879     -23.981659      89.991707     -97.762733      -0.234840     -94.790184     -23.044668     -38.883430      47.937336       0.130274     -68.946915       0.081358      35.849247      -1.311162      -2.065594      -0.401100      -4.433388       9.569008     -89.970459     -27.221283      90.010620      74.454491      82.437698    -151.063995      89.572060      28.044052      89.898811      -9.441205     -12.649396       5.170173     -88.650421      88.687744    -106.465355       0.037897      -1.291040     -20.154881      30.202185      86.069557    -125.607506     -89.606857     -14.773498      89.949081       1.730235       0.119126      -0.592484    -170.660797     -85.909378      -0.191864      -4.254591       4.052039     -22.397367
      -4.680207      35.416985       1.262147     -10.762826      11.164762      10.994758     -62.738544     -82.117729      14.259068     -11.447108     -14.098772       0.366637       1.665992      11.388489      -8.846360      -1.082478       4.393586      -3.359458      -2.331443       9.978509      25.310896      97.828278      -0.253491     -81.760803      12.610415     -49.412441      92.398788      -0.031762      44.207924       0.025391      -8.647764      -0.169590      -2.287159       3.121961       9.001848     -19.727715     -90.044312     -21.452316      89.984207     -98.265984      -0.189915     -94.323288     -19.809135     -38.140453      50.128662      -0.074790     -63.151825      -0.117701      34.973827      -1.292481      -2.090643      -0.409040      -4.408702       9.477877     -89.960541     -25.626707      90.007866      93.933121      85.009872    -172.529343      90.939384      29.475853      90.219963     -11.696548     -14.338099       2.856777     -59.786320      88.666122    -135.272446       0.039089      -1.202987     -19.784180      59.554489      88.039513    -160.040482     -88.306175     -20.819380      89.622650       3.919332       1.459851      -1.851047    -171.368240     -85.874855      -0.592987      -4.103915       3.957511     -21.964724
      -6.021034      35.310486       1.195999      -8.690737      14.978671      12.414894     -63.087383     -82.643219      14.994720     -11.513339     -14.068941       1.667399       1.406628      10.846256      -8.145356      -1.054337       4.525449      -1.250779      -1.944585       8.727603      23.994684      95.480576      -0.924200     -81.649895      13.482807     -41.027378      90.452225       0.245507      48.940613      -0.492982      -9.871964      -0.074201      -2.330075       2.844711       8.197892     -19.484396     -90.012825     -19.033293      89.935257     -98.466621       0.193897     -93.212669     -10.803563     -36.196449      56.529537      -0.614637     -50.749554      -0.908229      27.490721      -1.207624      -2.368087      -0.364415      -4.646397       9.827518     -89.894371     -22.549576      90.020340      92.404221      86.398201    -172.349136      91.240074      27.539656      90.251488     -14.626440     -13.468580       1.410430     -25.947830      88.317276    -168.803268       0.043597      -1.157978     -19.428764      49.495075      88.163010    -157.158188     -88.536392     -27.417728      89.579453       6.626936       0.933904      -1.624276    -171.934570     -85.904411      -1.086945      -3.974357       3.839347     -21.547029
      -7.333541      35.343296       1.140948      -6.610126      17.627975      13.587485     -63.168015     -83.055420      15.948609     -11.504703     -13.801762       3.007227       1.179054      10.629478      -7.172361      -1.057174       4.295279       0.439470      -1.583930       7.455931      22.502102      94.406219      -1.580430     -82.061584       9.160290     -30.721163      84.576797      -0.208350      43.571095       0.266669     -11.875627       0.094153      -2.265210       3.441323       2.155629     -14.029710     -90.086372     -16.506777      89.860931     -98.357079       0.203995     -89.544426      -5.709052     -30.880751      59.386513      -0.606072     -43.647175      -0.991633      24.422396      -1.024728      -2.432481      -1.114119       0.903605       1.635944     -89.861855     -19.715063      89.953545      93.329025      87.426804    -174.817566      91.167183      25.489672      90.215942     -17.002649     -12.493486       0.347570     -11.252912      88.000542    -183.246979       0.043242      -1.171714     -19.090460      44.754189      88.481895    -158.949738     -88.788261     -33.242008      89.601189       9.022989       0.803011      -1.554647    -171.892197     -86.124283      -1.011182      -3.853752       3.693238     -21.153027
      -8.599043      35.423489       1.093630      -4.219477      17.849981      14.477820     -62.566391     -83.308220      17.518436     -11.334492     -13.476439       4.259247       1.173739      10.242105      -6.368666      -1.066569       4.321615       1.980525      -1.338933       6.609638      20.965693      93.753632      -1.863023     -82.711113       4.232258     -19.152357      77.321106      -0.234390      37.741116       0.471901     -12.162540       0.080920      -2.276260       1.615711      -5.939291      -6.120553     -90.121056     -14.593451      89.832008     -99.080620       0.029365     -88.130043      -4.799451     -21.476646      63.804676      -0.340941     -47.340824      -0.489127      20.188484      -0.720049      -2.395545      -0.737233       8.005818     -11.873340     -89.862366     -17.135128      89.916145      93.615265      87.700615    -176.938446      91.076904      23.463240      90.206505     -18.910395     -11.525763      -0.454334      -2.252992      87.802406    -192.091782       0.040194      -1.196729     -18.761097      26.134594      89.155251    -146.049438     -88.908958     -38.456196      89.672112      11.262974       0.719445      -1.529199    -171.719910     -86.420242      -0.896654      -3.743669       3.517120     -20.788172
      -9.835958      35.531773       1.046995      -1.732840      16.895073      15.533334     -61.315510     -83.411743      19.747013     -11.021034     -13.010948       5.430608       1.379030       9.967113      -5.805537      -1.094393       4.608875       3.153810      -1.175168       6.125525      19.300554      94.931953      -1.855391     -83.067268       1.343799     -10.975442      70.981651      -0.157576      32.067242       0.506411     -12.233011       0.060341      -2.279414       2.099999     -10.718376       4.764249     -90.123489     -12.841287      89.824127     -99.399033       0.112114     -87.464371      -4.859431     -15.277434      67.662651      -0.189022     -49.597824      -0.247112      17.838787      -0.511639      -2.371955       0.727495       9.915432     -24.667522     -89.891731     -14.769013      89.903656      92.601517      87.510376    -177.812592      90.684769      21.562077      90.138351     -20.158827     -10.461469      -0.952641       4.630029      87.958092    -198.987183       0.038284      -1.181358     -18.455378     -40.525818      89.431992     -84.461952     -88.942162     -43.118740      89.739784      13.305675       0.616156      -1.499970    -171.571793     -86.641823      -0.834017      -3.635733       3.374784     -20.434938
     -11.075609      35.645245       1.012133       0.670363      15.906867      16.871384     -60.215282     -83.376915      21.813971     -10.734646     -12.418405       6.470696       1.629271       9.757037      -5.399210      -1.148217       5.129291       4.109859      -1.072012       5.928063      17.641985      96.153717      -1.769627     -83.445770      -0.337948      -5.550538      65.767899      -0.066094      26.842239       0.443748     -12.237012       0.045529      -2.280646       3.573172     -12.093716      16.191549     -90.106705     -11.236200      89.841888    -100.170845       0.342719     -87.279945      -5.289230     -11.605589      71.102097      -0.101833     -50.613510      -0.130790      16.522024      -0.374512      -2.354916       1.748366       8.096750     -34.715778     -89.931175     -12.599428      89.911278      91.209991      87.134506    -178.259171      90.162926      19.792601      90.040794     -20.895121      -9.377049      -1.207976       9.772481      88.108315    -203.944641       0.036552      -1.160919     -18.152172     -79.375946      89.035248     -50.281090     -88.936790     -47.285053      89.776306      15.164208       0.499495      -1.458125    -171.467834     -86.799759      -0.826195      -3.528781       3.261613     -20.087952
     -12.323423      35.736736       0.986529       2.982722      15.062562      18.457750     -59.579704     -83.195396      23.391548     -10.510985     -11.706308       7.391411       1.887658       9.491962      -5.073009      -1.224356       5.869816       4.877971      -1.008914       5.952622      16.037695      97.303085      -1.621679     -84.025955      -1.280925      -2.143669      61.505424       0.001132      22.124762       0.356459     -12.250201       0.037942      -2.280347       4.550583     -11.570192      25.081347     -90.084579      -9.766691      89.874504    -101.401917       0.505276     -87.324959      -5.699477      -9.490939      74.330902      -0.043965     -50.578171      -0.066951      15.764056      -0.290359      -2.345368       1.328316       6.093825     -35.511925     -89.957100     -10.610637      89.937401      89.819572      86.632004    -178.643372      89.590446      18.127556      89.932167     -21.353708      -8.325554      -1.304952      12.997899      88.223824    -206.889099       0.035014      -1.137182     -17.853178     -91.191231      88.622429     -42.830784     -88.940323     -51.010902      89.791801      16.864407       0.388057      -1.412511    -171.363846     -86.937973      -0.832922      -3.424099       3.158781     -19.749685
     -13.418216      35.877579       1.116786       3.188684      13.954188      22.541578     -61.243095     -82.404930      22.009224     -10.636899      -9.939585       7.403574       2.025854       9.815890      -5.240273      -1.319390       6.751604       5.407876      -0.962153       6.109391      14.473224      98.419044      -1.429658     -84.500092      -2.005881      -0.037110      57.727016       0.044023      17.925117       0.271422     -12.269310       0.034460      -2.281286       4.985243     -10.989475      30.235312     -90.065895      -8.421929      89.909142    -103.505257       0.634647     -87.773132      -5.948349      -8.935371      77.470505       0.007528     -49.720512      -0.007142      15.364301      -0.238042      -2.331588       1.303985       6.763688     -33.483574     -89.956039      -8.791336      89.974121      85.856277      84.076530    -174.267548      88.808502      16.744907      89.777000     -21.726236      -7.401159      -1.396225      15.468342      88.318504    -209.057053       0.037232      -1.106232     -17.564220      12.200481      89.026451    -146.639450     -89.518166     -52.335773      89.961746      16.001648       0.396868      -1.397448    -171.076752     -87.494881      -0.024104      -3.319477       3.017390     -19.516787
     -14.321466      36.046856       1.285496       3.182078      14.144484      27.510555     -63.123493     -81.697197      20.647881     -10.917097      -7.941669       7.640258       1.998733      10.757382      -5.498282      -1.422421       7.815054       5.846018      -0.930359       6.385004      13.026831      99.233070      -1.236988     -85.444275      -2.100399       0.773205      54.599716       0.065411      14.295238       0.206334     -12.281135       0.032892      -2.282449       5.135621     -10.456984      32.787746     -90.052078      -7.191803      89.937073    -106.262344       0.602228     -88.422226      -5.824469      -9.456254      80.728043       0.052733     -48.029129       0.046331      15.128636      -0.205945      -2.320679       1.294543       7.359241     -32.239964     -89.957932      -7.126938      89.999588      83.840736      80.339859    -171.840408      88.819649      15.554870      89.772110     -22.042950      -6.679370      -1.620543      18.057337      88.334053    -211.336838       0.037519      -1.080525     -17.275217      49.561333      84.596443    -184.576004     -90.331276     -54.505692      90.256340      15.129906       0.414398      -1.379748    -170.673660     -88.101868       1.139960      -3.227050       2.847173     -19.193529
     -15.252330      36.170517       1.440758       3.505594      14.650942      31.873219     -64.503845     -81.112953      19.759773     -11.168553      -6.310733       8.139333       1.897738      11.119844      -4.884592      -1.503116       9.080585       5.924463      -0.900139       6.766253      11.545751      99.890190      -1.043234     -87.145973      -1.771671       1.046270      52.396214       0.069568      11.254114       0.151625     -12.256557       0.030634      -2.283198       5.407131     -10.775521      33.320171     -90.041328      -6.066650      89.959160    -108.300110       0.364938     -89.448044      -4.597758     -10.700083      83.358246       0.054370     -46.726425       0.057565      14.734320      -0.179847      -2.320297       1.106639       6.882662     -32.472122     -89.982376      -5.603107      90.005341      82.824692      77.165779    -170.880066      88.829994      14.411889      89.769234     -22.221678      -6.106813      -1.833358      19.270695      88.293991    -212.169479       0.036542      -1.057158     -16.986275      52.671158      79.280525    -188.381729     -90.918045     -56.597149      90.505219      14.332679       0.433541      -1.364619    -169.627090     -88.681351       2.778033      -3.138914       2.677098     -18.889063
     -16.230780      36.226860       1.606641       3.973731      15.432602      35.874222     -65.574875     -80.531204      19.276119     -11.414765      -4.567806       8.677246       1.845889      10.931484      -4.234189      -1.630224      10.185885       6.262853      -0.868449       7.025211      10.353229     100.255753      -0.857857     -89.049782      -1.559203       0.986586      50.764847       0.060704       8.989030       0.109056     -12.264490       0.031071      -2.284645       5.478909     -11.337916      32.776257     -90.030937      -5.037422      89.975082    -111.751495       0.567037     -91.158813      -3.260350     -14.334363      86.001236       0.087262     -44.942822       0.146469      14.882914      -0.176277      -2.292758       1.191130       7.247820     -32.354164     -89.991119      -4.210689      90.028305      81.916725      74.403458    -170.307205      88.838074      13.324614      89.767296     -22.314560      -5.653054      -2.038399      19.422485      88.215698    -211.897354       0.035375      -1.032281     -16.697968      53.504486      73.037720    -190.166367     -90.878349     -58.825974      90.519203      13.555114       0.439182      -1.335934    -168.052414     -89.157898       4.962945      -3.054980       2.519323     -18.581423
     -17.272583      36.177994       1.760173       4.617205      16.216942      39.526695     -66.740639     -79.942589      18.637980     -11.714501      -2.952410       9.133211       1.701024      10.593733      -3.444919      -1.792048      11.287917       6.730290      -0.842023       7.270296       9.358630     100.444916      -0.685204     -90.982628      -1.404047       0.919794      49.606796       0.047310       7.419069       0.076682     -12.271461       0.031991      -2.286796       5.375817     -11.511416      31.808750     -90.020897      -4.095893      89.985558    -112.891724       1.078354     -93.981674      -0.214178     -20.742846      89.328499       0.106791     -42.817078       0.228636      14.875314      -0.163788      -2.266712       1.227391       7.556833     -32.554790     -90.000877      -2.936919      90.047722      81.248055      72.042984    -170.247787      88.840797      12.303878      89.766762     -22.406607      -5.208170      -2.195286      19.855793      88.175346    -211.921997       0.034127      -1.010745     -16.412592      53.421291      66.369873    -191.425797     -90.845779     -61.124374      90.537437      12.810135       0.448154      -1.311309    -161.343048     -89.616646      12.261296      -2.972158       2.372900     -18.270000
     -18.348995      36.022343       1.902066       5.393680      17.163258      42.780533     -67.691811     -79.368019      18.202492     -11.972734      -1.508811       9.542495       1.540608      10.083137      -2.496094      -1.979468      12.476589       7.059432      -0.817418       7.585795       8.372345     100.354324      -0.534194     -92.952232      -1.098374       0.555125      48.825302       0.033256       6.517960       0.053051     -12.282127       0.033700      -2.289395       5.163054     -11.379209      30.715248     -90.012711      -3.234552      89.992447    -113.616737       1.314102     -96.581161       3.360546     -27.602201      92.698456       0.102036     -41.508499       0.250076      14.888899      -0.157050      -2.245872       1.432296       7.483832     -33.333565     -90.011047      -1.771338      90.055481      80.522545      70.127121    -170.394684      88.841721      11.349733      89.767166     -22.519310      -4.804044      -2.340994      20.637413      88.148758    -212.327744       0.033260      -0.986807     -16.131090      52.751778      59.207794    -192.705475     -90.819466     -63.645279      90.562164      12.093548       0.458878      -1.288141     -38.175259     -89.875717     136.031631      -2.891933       2.230170     -17.955830
     -19.452824      35.773617       2.023879       6.415676      18.242470      45.616138     -68.344772     -78.828667      18.067253     -12.161084      -0.339796       9.983987       1.415202       9.618903      -1.494796      -2.194389      13.734376       7.332730      -0.793749       7.943282       7.444216      99.974564      -0.396977     -94.945549      -0.763863       0.075822      48.337414       0.021286       6.122091       0.035644     -12.294443       0.035681      -2.292636       4.914189     -11.080991      29.763918     -90.006859      -2.446592      89.996689    -113.991295       0.939394     -98.888466       7.582567     -36.498734      95.980637       0.089134     -41.045151       0.221198      14.979860      -0.157755      -2.239948       1.745242       7.039763     -34.670086     -90.022522      -0.705116      90.060089      79.739799      68.740402    -170.906891      88.840233      10.462275      89.768570     -22.580614      -4.416704      -2.478473      22.239014      88.173874    -213.584763       0.031151      -0.966678     -15.852591      51.611423      51.534130    -194.516541     -90.817108     -66.687263      90.626877      11.404489       0.457617      -1.247491      -4.087559     -89.457558     170.783340      -2.814259       2.090787     -17.632063
     -20.605209      35.467186       2.161772       7.529878      19.274597      47.947475     -68.509636     -78.268456      18.230812     -12.197566       0.592786      10.271472       1.364216       8.750868      -0.134009      -2.423746      15.113675       7.532842      -0.771596       8.368433       6.568480      99.308754      -0.274259     -96.804764      -0.133668      -1.020796      47.470028       0.013363       5.791078       0.021997     -12.308088       0.036933      -2.295839       4.574253     -10.035015      29.396475     -90.002281      -1.725774      90.000099    -114.002663       0.437700     -99.669647      16.028046     -53.230038     100.392441       0.084104     -40.848728       0.204096      13.973438      -0.079504      -2.237048       1.877914       6.225965     -36.664829     -90.037582      -0.133148      90.068153      78.951294      67.996689    -171.553772      88.836487       9.551745      89.773827     -22.600159      -3.991058      -2.490601      23.921381      88.263168    -214.917648       0.029459      -0.945931     -15.579439      50.646511      43.995548    -196.481766     -90.848145     -68.619385      90.722466      10.742286       0.419032      -1.167819      -1.390396     -89.268486     174.137146      -2.736079       1.990232     -17.299866
     -21.707800      35.211948       2.342797       8.458556      20.049936      51.047798     -68.950356     -77.638359      18.029806     -12.335044       1.618528      10.572488       1.242295       8.627178       0.859843      -2.685143      16.570139       7.755306      -0.751205       8.811954       5.802441      98.480515      -0.141932     -98.450226       0.286752      -1.997646      46.333836       0.007939       5.575386       0.012942     -12.320205       0.037985      -2.298178       4.213577      -8.730271      29.558483     -89.999474      -1.066376      90.002914    -113.873604       0.071459     -99.447975      33.095879     -68.665253     111.891983       0.063089     -40.949879       0.152634      13.277209      -0.039088      -2.239456       1.485397       4.392806     -39.528709     -90.051682       0.389657      90.066498      78.404190      66.418976    -172.280167      88.831421       8.641511      89.777458     -22.562811      -3.469855      -2.380706      25.933687      88.446732    -216.571701       0.028996      -0.924954     -15.313085      50.286591      35.572571    -198.138306     -90.926804     -67.067451      90.805984      10.164257       0.363627      -1.060822      -0.413085     -88.979271     175.613281      -2.658668       1.892036     -16.974928
     -22.858789      34.840862       2.618855       9.598219      19.911701      53.399677     -68.908127     -77.293747      18.222641     -12.432934       2.191919      10.827693       1.234014       8.657241       1.367637      -2.972100      18.053053       8.002944      -0.731657       9.237900       5.142664      97.525490       0.004952     -99.901382       0.445445      -2.762313      44.936920       0.003881       5.474269       0.007596     -12.330330       0.038663      -2.299648       3.768676      -7.038007      29.962561     -89.997780      -0.463226      90.005112    -113.511490       0.076713     -97.913132      64.790131     -77.603157     138.324554       0.023604     -41.847298       0.060273      12.771320      -0.022954      -2.246328       0.784999       2.112476     -40.653393     -90.057678       0.868764      90.052963      78.356956      65.613708    -173.147644      88.824257       7.745729      89.782654     -22.554474      -2.763311      -2.090863      31.221041      88.784012    -221.512039       0.027201      -0.912954     -15.049103      50.467552      28.411112    -199.153275     -91.033089     -62.825684      90.816444       9.584365       0.291074      -0.944319       0.072575     -89.019669     176.705780      -2.581156       1.830130     -16.652349
     -24.178122      34.325127       3.037746      10.989279      17.233984      54.743675     -68.013054     -77.166046      18.489155     -12.213204       2.553358      10.028957       1.467021       8.156818       2.835489      -3.231461      19.530951       8.032645      -0.700456       9.616715       4.457555      96.527267       0.156990    -101.119209       0.364391      -3.172372      43.266575       0.001042       5.458989       0.004281     -12.326445       0.038438      -2.300882       3.357830      -5.268920      30.492554     -89.996483       0.088431      90.007805    -112.998550       0.122342     -95.971352     108.226143     -79.609245     177.130203      -0.001733     -43.235775      -0.008472      12.541171      -0.033108      -2.241916       0.183931       0.114050     -41.533470     -90.056503       1.307192      90.038872      79.019470      66.041382    -173.579803      88.818901       7.017428      89.793282     -22.448416      -2.075238      -1.731135      40.853798      89.145187    -230.748703       0.022174      -0.947611     -14.798224      56.718773      24.355827    -200.099228     -91.243958     -54.159451      91.058464       9.060533       0.153883      -0.768764     -72.448975     -89.946007     104.582924      -2.486180       1.890363     -16.337934
     -25.565300      33.599308       3.606420      12.801857      14.460946      55.750492     -67.430641     -77.034599      18.931446     -12.214190       2.748789       9.798801       1.528692       7.943226       2.972099      -3.536349      20.931532       8.434403      -0.688826       9.872857       4.125066      95.395317       0.323044    -102.085670      -0.224109      -3.273670      41.351963      -0.004291       5.749656       0.004962     -12.347603       0.039982      -2.301422       2.850054      -3.847722      31.117567     -89.997070       0.593090      90.010109    -112.322304       0.399776     -93.819191     132.330994     -78.191795     197.603683      -0.009810     -44.611351      -0.033038      12.354513      -0.035577      -2.248294      -0.289614      -1.202170     -44.628944     -90.050186       1.708176      90.024071      79.445129      67.108643    -173.676666      88.816582       6.353189      89.802895     -22.388176      -1.558931      -1.452515      49.565628      89.358887    -239.073120       0.017856      -0.937564     -14.550067      63.347927      20.636322    -200.178696     -91.566727     -44.688110      91.161049       8.528249       0.018136      -0.595836    -177.228134     -89.137619       0.108354      -2.402255       1.899283     -16.060699
     -27.051010      32.651104       4.246367      14.895606      11.232484      56.583443     -67.161644     -76.894569      19.243835     -12.328481       2.965602       9.620792       1.493150       7.934831       2.660134      -3.822859      22.166286       8.913206      -0.685152       9.984001       3.995369      94.278038       0.478663    -102.803276      -1.102056      -2.961475      39.285309      -0.011277       6.297820       0.007944     -12.355424       0.041127      -2.301747       2.478835      -2.909474      31.736032     -89.998642       1.054757      90.010902    -111.471367       0.561113     -91.768936     140.199860     -77.126007     202.936005      -0.000759     -45.622555      -0.026682      12.278173      -0.040915      -2.257888      -0.506220      -1.133249     -50.542480     -90.040390       2.074855      90.012352      80.130280      68.649857    -173.659576      88.814606       5.793426      89.809868     -22.387480      -1.076044      -1.194725      69.781693      89.536850    -258.949799       0.013020      -0.924746     -14.305175      69.565773      17.445742    -200.264053     -91.952621     -36.715408      91.157150       7.990753      -0.128196      -0.412943    -179.842728     -88.267365      -2.261110      -2.324194       1.887001     -15.803994
     -28.644604      31.677027       4.740773      17.841532       7.746277      55.683559     -65.431923     -77.741158      21.058615     -12.379574       2.272013       9.450987       1.404995       8.387587       2.460276      -4.072423      23.113928       9.564512      -0.702955       9.946493       4.209420      93.342278       0.626367    -103.331429      -2.418411      -1.906525      37.402939      -0.019888       7.163797       0.011816     -12.362204       0.042466      -2.301828       2.185134      -2.604944      31.532030     -90.000504       1.477043      90.010292    -111.147972       0.282821     -91.444801     137.652374     -77.120338     198.625305       0.010069     -46.026054      -0.017015      12.230046      -0.043959      -2.270649      -0.223438      -0.051575     -53.150181     -90.029724       2.410619      90.004944      80.842697      72.070900    -174.055023      88.908272       5.351625      89.836784     -22.599648      -0.682502      -0.861615      67.611107      89.625023    -256.181366       0.007189      -0.931021     -14.039901      71.696068      17.137644    -201.983017     -92.050262     -34.922604      90.954994       6.058131      -0.110761      -0.487390     -75.926277     -74.951103      89.251205      -2.305099       1.729984     -15.241961
     -30.173824      31.104780       5.238688      20.989817       3.354387      54.532375     -61.869541     -79.012115      24.189299     -12.257090       1.183891       8.771708       1.481887       8.603150       2.565715      -4.243232      24.125971      10.342831      -0.748980       9.990175       4.737067      92.459663       0.738172    -103.556679      -3.677674      -0.826327      35.443058      -0.022941       8.027409       0.013241     -12.366761       0.042748      -2.301847       1.673089      -1.444679      30.037127     -90.001450       1.863384      90.009148    -110.605324       0.148790     -90.528214     136.762100     -76.877808     195.737625       0.029642     -45.465828       0.011481      12.276140      -0.047031      -2.278124       0.166681       1.055229     -55.395546     -90.021904       2.717610      90.001221      81.853180      75.222122    -174.388397      89.068863       5.048759      89.872719     -23.131458      -0.287588      -0.492346      64.788101      89.720444    -252.696732       0.005214      -0.932904     -13.758927      71.129944      19.452267    -202.506348     -91.867661     -32.859493      90.709854       4.632232      -0.231174      -0.642948     -68.840309     -74.766098      87.769516      -2.150655       1.641811     -15.376940
     -31.511539      31.087696       5.731619      24.120487      -1.161945      54.287014     -57.056496     -80.460892      28.327114     -12.268468       0.051900       7.698017       1.452434       9.171412       2.521580      -4.315846      24.922792      11.228977      -0.814142       9.922071       5.622967      91.734444       0.828303    -103.585602      -5.068005       0.502064      33.755039      -0.022844       9.074971       0.012388     -12.387012       0.044428      -2.301155       1.451084      -1.451934      24.253342     -90.004623       2.216345      90.008011    -110.249001      -0.159857     -90.157356     133.889893     -76.758926     190.926285       0.056094     -44.067402       0.041237      12.284858      -0.044694      -2.284425       0.159693       0.928170     -56.896824     -90.016479       2.998380      89.998650      82.118515      76.518272    -174.291473      89.168694       4.747256      89.889694     -23.892214      -0.092807      -0.382083      87.964760      89.752937    -275.400269       0.004290      -0.942169     -13.473278      70.455605      22.443748    -202.916580     -91.698853     -30.717642      90.531586       4.023846      -0.566537      -0.649909     -73.897354     -74.865097      85.541435      -2.083266       1.694053     -15.090386
     -32.747395      31.478903       6.241176      27.107229      -5.655169      54.570747     -51.207623     -81.868065      33.359447     -12.484666      -1.053591       6.221748       1.334254       9.731767       2.148652      -4.225570      25.332027      11.948352      -0.877691       9.680118       6.757314      91.154243       0.893651    -103.491531      -6.487553       2.201350      32.510139      -0.018283      10.213165       0.007090     -12.383186       0.044533      -2.302523       1.240770      -1.506434      18.617418     -90.007164       2.539609      90.005417    -110.378426      -0.632577     -91.093491     128.840912     -76.656097     183.984634       0.091565     -41.971142       0.073020      12.286658      -0.040419      -2.290401       0.143201       0.763317     -58.269409     -90.011757       3.255130      89.998100      81.754242      76.804817    -173.916061      89.233917       4.445722      89.897659     -24.664228       0.017558      -0.352166      91.918503      89.758713    -278.974609       0.001633      -0.931322     -13.215281      70.146431      26.252396    -203.148575     -91.562843     -28.390842      90.400719       3.157374      -0.969701      -0.487278     -74.381996     -74.926506      86.903183      -2.019251       1.731091     -14.798313
     -33.955925      32.104649       6.776687      29.873550      -9.946673      54.823727     -44.340233     -83.173973      39.394329     -12.941409      -2.200209       4.443597       1.159417       9.947393       1.366755      -3.930145      25.329721      12.417540      -0.934535       9.291515       8.164854      90.661827       0.946788    -103.385368      -7.934954       4.308512      31.667871      -0.010458      11.627113       0.000100     -12.368947       0.044451      -2.303326       1.051977      -1.585773      13.241863     -90.008301       2.835406      90.002243    -109.644478      -0.957936     -92.926498     125.380966     -76.292961     178.128082       0.113389     -39.772861       0.091443      12.293880      -0.036847      -2.294749       0.130641       0.612945     -59.518814     -90.008278       3.489914      89.998718      81.099609      77.066742    -173.538116      89.327728       4.142155      89.910561     -25.395386       0.084210      -0.363720      83.214561      89.761177    -269.926575      -0.002180      -0.905643     -12.968231      70.305511      30.490549    -203.055344     -91.456284     -25.940247      90.313858       1.693294      -1.496256      -0.150157     -74.354446     -75.213501      88.131676      -1.957828       1.708478     -14.542448
     -35.199120      32.830486       7.323287      32.458996     -13.952670      54.889496     -36.741138     -84.262695      46.221596     -13.574239      -3.280145       2.544278       1.005142       9.739631       0.232904      -3.409125      24.902924      12.594342      -0.980887       8.785513       9.866982      90.205414       0.993558    -103.291542      -9.499156       6.888389      31.110733      -0.000578      13.453400      -0.008154     -12.351577       0.045024      -2.303659       0.894019      -1.681497       8.128590     -90.007729       3.106043      89.999184    -107.497589      -1.167689     -95.307228     123.358284     -75.733215     173.134995       0.111850     -37.878216       0.088145      12.297829      -0.034761      -2.298510       0.116111       0.469361     -60.659649     -90.005867       3.704658      89.999496      80.506004      77.671158    -173.437164      89.422607       3.819699      89.925522     -26.090115       0.151174      -0.370688      77.867058      89.760315    -264.266693      -0.006215      -0.883037     -12.730352      70.949249      34.845924    -202.653687     -91.371361     -23.542471      90.260277      -0.264734      -1.965026       0.156787     -75.120659     -75.788544      88.144386      -1.900087       1.673515     -14.293204
     -36.491810      33.593674       7.897949      34.961002     -17.843445      55.007278     -29.059671     -85.065331      53.164597     -14.272198      -4.093871       0.615226       0.947065       9.258489      -1.120928      -2.688299      24.144411      12.568426      -1.023544       8.245214      11.911022      89.726402       1.036039    -103.195877     -11.248544       9.922550      30.689941       0.009111      15.757607      -0.016153     -12.337944       0.046869      -2.303663       0.766686      -1.774346       3.271292     -90.005890       3.353601      89.996849    -104.068420      -1.361532     -97.990173     122.189964     -75.025185     168.415192       0.096211     -36.470585       0.071957      12.312904      -0.035289      -2.301996       0.101581       0.335274     -61.708504     -90.004372       3.901115      90.000145      79.924950      78.407455    -173.411285      89.516678       3.491687      89.941383     -26.746584       0.221696      -0.367977      77.590454      89.762512    -263.707092      -0.010189      -0.866844     -12.502223      71.971497      39.151550    -202.153046     -91.317375     -21.227240      90.227951      -2.465609      -2.158298       0.330074     -69.849121     -76.261917      94.090942      -1.837477       1.136404     -14.212313
     -37.815868      34.344898       8.429552      37.307869     -21.244127      55.137238     -22.680021     -85.624825      58.860397     -15.018911      -4.656274      -1.146572       0.928595       8.435318      -2.388955      -1.796349      23.203182      12.355211      -1.070578       7.770732      14.249013      89.730553       0.963198    -102.429504     -12.870363      12.651744      29.229050       0.014106      18.868885      -0.021645     -12.329239       0.049290      -2.303438       0.671421      -1.861372      -1.333298     -90.003212       3.580015      89.995399    -100.099815      -1.627189     -98.032028     122.704979     -76.745262     164.897568       0.079609     -36.739429       0.049137      12.306474      -0.037003      -2.302878       0.081056       0.220325     -62.607105     -90.004005       4.080801      89.999733      79.552330      79.330704    -175.047195      89.702148       6.360716      89.915787     -27.578358       0.274187      -0.376737      73.322197      89.761993    -259.315399      -0.013756      -0.840533     -12.343529      72.507858      43.369015    -202.718231     -91.235641     -22.028624      90.264229      -4.924724      -2.017926       0.337908     -67.923210     -76.924164      96.612633      -1.801690       0.240722     -14.634048
     -39.202175      35.046127       9.014432      40.506443     -24.094145      56.253181     -19.928219     -85.802040      61.383102     -15.464744      -4.689841      -2.171340       1.153060       7.733150      -3.232805      -0.757038      21.950346      11.951387      -1.104823       7.259702      16.786932      90.370987       0.769695    -100.891434     -14.130350      14.925756      27.052094       0.010870      22.039751      -0.017672     -12.306616       0.049563      -2.303462       0.597255      -1.848724      -5.723355     -90.000778       3.787157      89.995613     -96.725891      -1.582376     -94.168083     116.451775     -81.561371     155.058777       0.081427     -38.579880       0.040677      12.268094      -0.039748      -2.303867       0.031948       0.057611     -63.440941     -90.002930       4.245245      89.997711      78.657745      79.902924    -178.662491      89.705307      13.750890      89.793900     -28.192423       0.358517      -0.355984      76.897888      89.777115    -263.000580      -0.010662      -0.815977     -12.648314      72.427162      47.224941    -203.613815     -91.181343     -23.150127      90.281349      -7.468383      -1.881650       0.345283     -65.950043     -77.548462      99.170006      -1.777647      -0.359235     -14.648438
     -40.565731      35.691765       9.650236      45.881222     -26.793505      58.797096     -19.092094     -85.673683      62.425381     -15.479931      -4.516815      -2.477075       1.756486       7.072791      -3.886569       0.260514      20.707417      12.113534      -1.161457       6.834754      19.794498      91.378113       1.002305    -101.466591     -14.655746      15.926669      26.572884       0.005980      27.193277      -0.020404     -12.325246       0.056130      -2.307023       0.558281      -2.266182      -8.160198     -89.997124       4.279381      89.996063     -95.111984      -3.423203     -93.143814      71.329369     -81.633026     108.807297       0.112759     -41.993423       0.037139      12.295097      -0.049427      -2.320499      -0.023546      -0.462966     -61.547516     -90.002342       4.702602      89.994659      76.014488      80.210876    -182.179703      89.824226      21.399734      89.668922     -28.624529       0.473620      -0.296322      95.856903      89.798019    -282.317780       0.000540      -0.794531     -13.405573      72.759201      51.340511    -204.216156     -91.185951     -20.896080      90.229942      -9.333169      -2.036063       0.411431     -66.426216     -78.208946      98.989746      -1.731819      -0.601565     -14.117082
     -41.881870      36.207592      10.309674      52.043766     -29.479038      62.206612     -19.132450     -85.464439      62.545277     -15.411722      -4.044688      -2.706862       2.395691       6.841281      -4.315456       1.306541      19.223619      12.517118      -1.172621       6.268486      22.775923      90.444153       1.076363    -101.817574     -17.144470      20.541279      26.753599      -0.008120      29.061502      -0.009439     -12.331509       0.061250      -2.303401       0.469851      -2.200203     -12.125373     -89.997513       4.427305      89.996155     -94.169945      -3.401201     -99.065598      65.694580     -76.201759     100.112160       0.093613     -42.093754       0.015267      12.467223      -0.060114      -2.322633      -0.036271      -0.540747     -62.546154     -90.001900       4.814629      89.996086      72.953949      80.215820    -184.918259      90.139412      27.953011      89.626091     -29.070877       0.576838      -0.235904     114.030510      89.797157    -300.849182       0.013119      -0.768831     -14.129045      73.191544      55.468666    -205.011658     -91.183167     -18.878134      90.197212     -11.019329      -2.291299       0.500928     -67.461044     -78.851715      98.230148      -1.668076      -0.795917     -13.595284
     -43.194210      36.595310      11.036899      58.915226     -31.971249      66.429123     -20.179251     -85.180649      61.674156     -15.279188      -3.399457      -2.737360       3.061686       6.644999      -4.391797       2.412719      17.845446      12.825324      -1.149629       5.734045      25.356945      89.577606       1.158092    -102.215668     -19.769793      25.146734      27.242525      -0.019889      30.511196      -0.000280     -12.328134       0.062529      -2.301982       0.383888      -2.123110     -15.965784     -89.997993       4.562197      89.996269     -94.282028      -3.497578    -105.537323      61.175827     -74.387383      92.162041       0.078081     -42.177509       0.000010      12.536863      -0.063292      -2.322519      -0.040989      -0.551135     -63.526512     -90.003853       4.916625      89.997833      69.627197      79.824684    -186.826752      90.593864      33.570015      89.663841     -29.508593       0.684906      -0.158943     131.818893      89.771263    -318.982391       0.026167      -0.744905     -14.819337      73.862358      59.546185    -205.939590     -91.176865     -17.175648      90.180283     -12.546029      -2.573984       0.597021     -68.700768     -79.466614      97.217194      -1.604739      -0.970378     -13.116051
     -44.631351      36.797546      11.906757      65.537170     -34.995613      70.661888     -20.076717     -85.005478      61.639225     -15.264826      -2.779069      -3.110853       3.604012       6.480080      -4.390441       3.572924      16.541943      13.101034      -1.083058       5.172514      27.620779      88.856316       1.242961    -102.657890     -22.395767      29.515690      28.122280      -0.028143      31.736631       0.007448     -12.321562       0.062114      -2.300989       0.300670      -2.041345     -19.623104     -89.998558       4.685619      89.996368     -94.910881      -3.390816    -111.118576      50.902031     -73.727287      78.726128       0.058057     -42.803307      -0.031678      12.460790      -0.059171      -2.321774       0.434445       0.294514     -61.450974     -90.005211       5.010222      89.998085      65.920357      78.999023    -185.309937      91.113327      36.654671      89.852036     -29.112040       0.756731      -0.133409     136.885956      89.763458    -324.085754       0.040289      -0.709329     -15.502489      75.469154      63.423176    -206.187744     -91.168388     -15.754897      90.171555     -13.804173      -2.755308       0.635485     -69.590462     -80.023285      96.412193      -1.536377      -1.167550     -12.713191
     -46.002739      36.966858      12.790720      73.809158     -34.909767      76.299667     -22.276024     -84.766220      60.418755     -15.236161      -2.344217      -1.884225       4.050096       6.196602      -3.618862       4.780664      15.136183      13.510677      -0.933366       4.425750      29.645254      88.240501       1.332158    -103.169731     -25.108091      33.657932      29.623104      -0.034285      32.767643       0.014943     -12.318906       0.060882      -2.299953       0.220362      -1.948715     -23.099499     -89.999214       4.798532      89.996506     -95.523331      -3.146813    -115.388382      37.042873     -72.398300      62.391693       0.047614     -43.628613      -0.051306      12.434319      -0.057792      -2.314875       0.928592       1.424527     -56.963551     -90.005928       5.095138      89.998657      63.297379      78.140762    -187.949066      91.170113      38.660728      89.961746     -27.887434       0.769723      -0.194004     138.464172      89.746269    -324.980743       0.050907      -0.667280     -16.128469      75.798950      66.587914    -207.266266     -91.168594     -13.889423      90.153625     -14.943986      -2.712737       0.589518     -69.830811     -80.533272      96.392471      -1.479014      -1.383432     -12.296239
     -47.364452      37.060085      13.675105      81.726463     -33.340633      81.453346     -23.109900     -84.676750      60.730625     -15.337381      -2.243001      -0.296630       4.329583       5.736853      -2.326601       6.029083      13.655751      13.972877      -0.697463       3.508382      31.433220      87.770531       1.422021    -103.748009     -27.954048      37.497948      31.831663      -0.037504      33.646805       0.020719     -12.318605       0.059073      -2.298896       0.142308      -1.865259     -26.419144     -89.999771       4.901846      89.996460     -96.180107      -2.812314    -118.408226      22.695314     -69.514816      46.344234       0.043359     -44.711342      -0.065312      12.375782      -0.055178      -2.309925       0.930877       1.695133     -54.948143     -90.006165       5.173114      89.998344      60.626610      77.935692    -191.182999      90.829041      41.163521      89.940010     -26.705719       0.812297      -0.229318     169.869415      88.871887    -356.337433       0.031665      -1.018063     -16.852562      75.744255      69.476059    -208.830582     -91.295959     -11.734448      90.164383     -16.058529      -2.464201       0.438067     -70.327599     -80.993980      96.141953      -1.395906      -1.450980     -11.833932
     -48.772190      37.083454      14.578233      89.434616     -30.955059      86.264725     -23.120138     -84.596664      61.816723     -15.383921      -2.311537       1.370154       4.647945       5.061109      -0.740296       7.304669      12.108532      14.505008      -0.374198       2.427235      33.011208      87.435829       1.509578    -104.364723     -31.103889      41.037800      34.871971      -0.038829      34.466553       0.025106     -12.318236       0.057201      -2.298094       0.070710      -1.777193     -29.576283     -90.000275       4.996387      89.996445     -96.945801      -2.432917    -120.034035      11.180211     -64.827934      33.885048       0.046262     -45.864548      -0.064377      12.326668      -0.052975      -2.305878       0.863982       1.697706     -53.046883     -90.005875       5.244506      89.997749      58.103519      78.178253    -194.503784      90.611549      43.269001      89.934158     -25.622543       0.825914      -0.275892     170.686096      88.744141    -356.642029       0.033686      -1.004501     -17.430164      76.588531      72.473946    -211.012268     -91.234459     -10.060110      90.146965     -17.130295      -2.111173       0.257025     -69.575615     -81.398216      97.240173      -1.339062      -1.565876     -11.352653
     -50.224724      36.977768      15.504130      96.793373     -28.650850      90.699677     -22.261875     -84.535225      63.521061     -15.409332      -2.419907       2.664397       5.005852       4.282236       0.657271       8.605331      10.493690      15.020303       0.036003       1.194200      34.325527      87.194260       1.600211    -105.056808     -34.705975      44.312813      38.826942      -0.038922      35.358105       0.029111     -12.320192       0.055775      -2.297241       0.005098      -1.693077     -32.572552     -90.000641       5.082885      89.996338     -97.924957      -2.041836    -120.579597       3.127861     -58.702293      25.532131       0.053112     -47.032711      -0.052976      12.300611      -0.051816      -2.302856       0.860781       1.395419     -51.208958     -90.005219       5.309852      89.997025      55.518826      78.889839    -197.980759      90.597443      45.445736      89.959213     -24.589474       0.824242      -0.327940     170.101242      88.845291    -355.493164       0.039767      -0.953946     -17.962418      78.798157      75.503578    -213.571503     -91.202156      -8.497754      90.137794     -17.941586      -1.859557       0.128271     -69.213638     -81.810570      97.876816      -1.294936      -1.619088     -10.979759
     -51.712627      36.724503      16.443527     104.068893     -26.370228      94.997849     -22.666903     -84.290260      63.716347     -15.265418      -2.623403       3.639036       5.379170       3.335841       1.810005       9.445684       8.724842      15.645086       0.543220      -0.194633      35.174480      87.228996       1.600199    -105.591087     -38.468540      47.113674      42.872196      -0.038372      36.042492       0.029462     -12.324424       0.053521      -2.297457       0.001031      -1.362901     -34.858551     -90.000717       5.131108      89.996140     -98.540871      -1.962643    -120.829323      -1.680554     -52.694248      21.041220       0.054822     -47.544941      -0.031399      12.289911      -0.049251      -2.301739       0.729596       0.692809     -49.588005     -90.004021       5.346243      89.996185      53.142338      80.260712    -201.885483      90.631187      47.791836      89.980713     -23.602068       0.819546      -0.377613     169.177979      88.957542    -354.052673       0.038439      -0.939466     -18.246918      82.660591      78.392311    -217.114243     -91.188499      -7.170547      90.136513     -18.875370      -1.686375       0.040037     -64.786110     -81.919373     100.959702      -1.391234      -1.957593     -10.860691
     -53.200623      36.311752      17.382868     111.521904     -24.036448      99.620453     -28.078968     -83.466011      58.653519     -14.849170      -2.780106       4.243006       5.920863       1.932858       2.650823       9.671429       7.008454      16.293039       0.956658      -1.449326      35.590488      88.047699       1.609712    -105.839577     -40.951485      48.795635      44.952770      -0.038232      36.342422       0.025404     -12.333011       0.050914      -2.298715       0.090456      -0.731234     -35.760864     -90.000671       5.145849      89.995895     -98.184181      -2.235271    -121.825218      -4.179802     -48.249958      19.173382       0.050604     -47.298943      -0.010526      12.291724      -0.045821      -2.301805       0.597584      -0.129423     -48.477390     -90.002800       5.357384      89.995461      51.272480      82.320610    -206.636063      90.700653      50.512676      89.986610     -22.653757       0.811451      -0.427377     167.680573      89.066162    -352.050995       0.023904      -0.951982     -18.227455      88.800209      80.964668    -222.226700     -91.199028      -6.076283      90.140121     -19.699680      -1.370295      -0.119959     -63.474655     -81.829308     100.423920      -1.264307      -2.319072     -11.992825
     -54.632614      35.729195      18.299265     118.731117     -20.812595     104.565926     -36.945972     -81.925079      50.769016     -14.305021      -2.692637       4.785928       6.653243       0.261252       3.021765       9.873238       5.513524      16.682575       1.295719      -2.487915      35.719917      89.270126       1.716452    -106.225517     -42.139534      49.551907      45.749592      -0.038402      36.618858       0.022030     -12.354034       0.049836      -2.299484       0.137334      -0.170877     -36.282906     -90.000641       5.160338      89.995682     -97.533020      -2.487679    -123.231544      -5.943143     -44.516258      17.947922       0.048420     -47.050549       0.003525      12.308823      -0.044392      -2.301587       0.591255      -0.623290     -47.570351     -90.001999       5.368320      89.995033      50.787243      85.093468    -214.971497      90.865623      56.161961      89.868149     -21.742552       0.796963      -0.477718     164.693741      89.211777    -348.490082       0.005509      -0.935965     -18.229340      96.856491      83.019814    -229.477249     -91.190102      -5.060602      90.138634     -20.391724      -1.106798      -0.259878     -70.131386     -82.014771      93.970337      -1.083108      -2.442270     -13.324688
     -55.989120      34.913773      19.133379     125.439827     -15.945343     109.183517     -44.878536     -79.860161      45.820141     -13.621092      -2.545912       5.215982       7.512136      -1.400636       2.602187      10.089516       4.216846      16.711578       1.591309      -3.380511      35.470516      90.575371       1.866845    -106.912727     -42.655663      49.891197      45.886913      -0.038371      36.819355       0.019107     -12.390438       0.049900      -2.299857       0.081902       0.135094     -36.654888     -90.000641       5.174560      89.995453     -96.608482      -2.766180    -125.079918      -7.299317     -41.330627      16.992346       0.046143     -46.803261       0.012362      12.332591      -0.044152      -2.301275       0.650212      -0.936679     -46.707779     -90.001472       5.379062      89.994797      97.343651      89.049309    -274.234558      91.489670      66.914368      89.456650     -20.845537       0.760247      -0.535833     139.689026      89.655136    -322.649170      -0.010137      -0.741089     -18.130827     109.642754      84.860771    -242.280960     -91.116013      -4.045340      90.122375     -20.848188      -0.923581      -0.377743     -82.641365     -82.078438      81.529106      -0.807903      -2.303688     -14.992884
     -57.423916      34.114750      19.857828     131.959320     -13.902622     111.035599     -41.530712     -79.450562      47.504318     -12.990548      -3.173029       6.344386       8.284365      -2.809715       3.139913      10.253450       3.313547      16.617792       1.821199      -4.055867      35.450825      91.553261       1.900385    -107.241066     -42.751060      50.247334      45.510590      -0.037810      37.021488       0.016996     -12.377593       0.048140      -2.300586       0.136781       0.296906     -36.908764     -90.000519       5.188546      89.995316     -95.363464      -3.067508    -126.384659      -8.366385     -38.835785      15.856003       0.041899     -46.495766       0.016357      12.314778      -0.042316      -2.301131       0.624589      -1.094821     -45.873058     -90.001228       5.389618      89.994583     205.430908      83.986626    -389.270142      91.685272      72.303688      89.589867     -20.067331       0.717866      -0.575176      18.984171      89.353897    -201.565598       0.035118      -0.134865     -17.788198     148.688293      86.401199    -278.538544     -90.571060      -3.431603      90.032906     -21.193724      -0.974095      -0.444936     -84.988190     -81.921600      79.598679      -0.354770      -1.444758     -17.408087
     -58.907314      33.408997      20.566151     138.288254     -15.235232     111.373375     -34.024307     -79.607948      48.791267     -12.541735      -4.227116       6.836393       8.972623      -4.369829       5.139436      10.332786       2.738689      17.102928       1.996155      -4.469836      35.960712      92.071487       1.930324    -107.033287     -42.543831      50.405376      44.799755      -0.037400      37.239918       0.015546     -12.347475       0.045952      -2.301452       0.281848       0.577804     -37.253616     -90.000435       5.202318      89.995277     -94.136024      -3.473482    -127.048256      -8.949099     -36.946606      14.842988       0.039477     -46.190475       0.017363      12.290387      -0.040580      -2.301430       0.563800      -1.138213     -45.410732     -90.001076       5.400010      89.994423     212.974121      77.404770    -396.589111      91.221878      70.094048      90.122124     -19.390114       0.712844      -0.559433      10.938062      88.911705    -193.558594       0.053170       0.160578     -17.840149     190.769562      85.721581    -315.586609     -89.542480      -3.590365      89.871262     -22.030130      -0.926639      -0.506216     -83.111412     -81.888130      81.589828      -0.155675      -1.015635     -18.358953
     -60.435303      32.489300      21.311184     143.274460     -17.354845     112.465691     -29.568077     -79.321877      49.617844     -10.809923      -4.069389       5.459890       9.421043      -4.924399       5.186531       9.936425       2.465370      18.380146       1.823534      -4.198619      36.909145      90.210846       2.256931    -106.301544     -41.803398      50.084747      43.347569      -0.037047      37.447857       0.013550     -12.363503       0.046488      -2.301465       0.287393       0.694419     -38.761745     -90.000839       5.242732      89.994949     -95.627747      -3.656129    -128.028183      -9.200414     -34.937584      13.050725       0.037050     -45.656326       0.019933      12.392078      -0.044999      -2.303289       0.559173      -1.104634     -44.233131     -90.005981       5.833150      89.998131     222.054886      72.170036    -404.440369      90.991440      68.079155      90.395485     -18.702488       0.729022      -0.534632      14.556296      89.181305    -197.379517       0.038288       0.070620     -18.094467     221.324203      86.650055    -342.504822     -88.894051      -7.172941      89.847809     -22.654539      -0.794192      -0.578954     -69.393997     -81.694633      95.431229      -0.042781      -0.822837     -19.009014
     -62.131123      31.230885      21.980185     147.486389     -20.368572     113.995796     -24.872519     -79.136536      53.054474      -7.872246      -3.579587       3.498154       9.638811      -4.652618       4.007390       8.158018       1.678161      16.178043       1.693445      -5.197989      34.126781      89.077637       2.388038    -105.423454     -37.427048      46.858589      39.959225      -0.038227      38.781986       0.025176     -12.348036       0.043691      -2.302233       0.255413       0.643834     -41.238789     -89.988678       4.100846      90.005615     -99.075554      -3.026380    -128.370193      -6.905390     -35.014912      13.153620      -0.047082     -42.020588      -0.069547      12.845078      -0.066036      -2.300692       0.437657      -1.069911     -44.191082     -89.985825       5.060834      89.984474     231.788101      68.197487    -411.731842      90.879326      68.498238      90.462067     -17.990978       0.742921      -0.533223      49.556488      89.741249    -232.684982       0.021861      -0.186766     -18.434240     297.440216      86.782494    -415.942780     -89.320190     -13.740855      90.041519     -23.175806      -0.649660      -0.645442     -71.221817     -81.673126      93.661774       0.148255      -1.209829     -20.209589
     -64.106735      29.743921      22.615215     152.794617     -22.087488     116.253151     -19.987671     -79.039024      57.403076      -5.225985      -3.581614       2.261774       9.794127      -4.408025       2.602802      10.222211       2.088411      15.337403       2.172949      -5.276124      30.373497      89.791603       2.133774    -104.066826     -33.651661      42.792919      39.736637      -0.024066      41.175781       0.054599     -12.310168       0.047398      -2.299787       0.256655       0.723317     -43.609673     -89.995674       4.261350      90.003189     -99.672089      -2.893498    -126.257004      -1.751088     -36.025669      17.771332      -0.026220     -40.485397      -0.095405      13.202654      -0.094444      -2.302600       0.335190      -1.025387     -44.305485     -89.982056       5.559632      89.978615     239.060989      64.131340    -415.484161      90.805496      69.063522      90.507797     -17.280375       0.765126      -0.528821     160.458130      89.410629    -343.755219      -0.004208      -0.529891     -18.695776     333.423401      83.936501    -449.445618     -90.058090     -19.689482      90.273132     -24.076214      -0.645231      -0.633486     -83.728378     -81.844719      81.983047       0.133254      -1.403295     -20.234949
     -66.145851      28.141340      23.298071     158.888885     -22.666101     119.033409     -14.989547     -78.967110      62.047684      -2.916040      -3.758707       0.913219       9.802874      -4.080488       0.326509      12.003595       2.430828      15.826716       2.742570      -5.463632      27.944057      90.488190       2.032210    -102.974052     -31.936913      40.529900      39.525562      -0.028358      42.699219       0.054404     -12.331348       0.054805      -2.300845       0.228717       0.736758     -45.741684     -89.999863       4.410345      90.000450     -99.354301      -2.977900    -124.190308       1.124959     -33.262474      20.973007      -0.006827     -38.343208      -0.109689      13.525291      -0.112635      -2.301911       0.232418      -1.108349     -44.283360     -89.976906       6.018060      89.981628     245.213898      60.300323    -417.504761      90.750000      69.684372      90.538719     -16.563623       0.787087      -0.528946     170.426285      88.762184    -353.630585      -0.037344      -0.870427     -18.824825     348.362671      80.447426    -462.571777     -91.343567     -24.992636      90.603622     -24.902905      -0.824642      -0.545420    -111.928474     -80.938545      57.210640       0.151051      -1.493305     -20.239985
     -68.180168      26.468475      23.959387     164.745789     -22.503960     121.099854      -9.337619     -78.819061      67.397308      -0.669442      -4.221953      -0.165186       9.998652      -3.899967      -1.602763      13.536508       2.632827      16.363710       3.314397      -5.683994      25.844980      90.908157       1.957574    -102.019028     -30.671238      38.939457      38.883865      -0.035209      43.472878       0.044595     -12.349982       0.060004      -2.301735       0.205346       0.749497     -47.741318     -90.002007       4.546680      89.998421     -98.860023      -3.072871    -122.401924       2.739179     -29.783884      22.360134       0.000823     -36.213840      -0.107865      13.820424      -0.127365      -2.301160       0.170252      -1.100694     -44.236038     -89.975533       6.437424      89.987228     250.844330      56.833885    -418.896729      90.702995      70.304207      90.566429     -15.862629       0.805788      -0.531166     173.091904      88.296051    -356.178375      -0.056449      -1.090827     -18.924604     357.957855      76.660934    -471.230255     -91.221191     -29.627247      90.664757     -25.592197      -1.288127      -0.338213    -131.932083     -79.215279      42.445389       0.290416      -0.850250     -20.674896
     -70.186325      24.745995      24.542778     170.217361     -21.863262     122.301476      -3.702565     -78.563728      72.818375       1.455153      -4.923970      -0.904679      10.309829      -4.006119      -3.066931      14.869620       2.749005      16.668394       3.874602      -5.894666      23.936708      91.201530       1.867837    -101.113632     -29.868660      37.950161      38.391262      -0.038725      43.672096       0.032999     -12.361731       0.063230      -2.301705       0.190295       0.767938     -49.621296     -90.002884       4.671453      89.997086     -98.297775      -3.133105    -120.791939       3.578269     -26.308325      22.553562      -0.000535     -34.217464      -0.098762      14.069415      -0.139491      -2.300626       0.124394      -1.062439     -44.196213     -89.976601       6.821085      89.991867     255.977844      53.727879    -419.764343      90.659042      70.925919      90.593300     -15.176988       0.823537      -0.534600     174.437103      87.908615    -357.397858      -0.073168      -1.273498     -19.017700     363.279358      72.800438    -476.181824     -91.132484     -33.776531      90.694275     -26.296198      -1.774779      -0.136858    -142.345840     -78.733261      40.449005       0.333936      -0.460422     -20.818628
     -72.063164      23.400314      25.147722     175.331024     -21.357063     120.909348       3.496256     -78.220856      79.463104       3.489303      -6.498873      -1.578222      10.797304      -4.856541      -3.882753      16.022415       2.737728      16.962852       4.431093      -6.085429      22.334675      91.493118       1.763523    -100.180679     -29.759598      37.663399      38.372932      -0.040372      43.513420       0.022786     -12.371483       0.065357      -2.301708       0.182669       0.795913     -51.393147     -90.003189       4.785629      89.996216     -97.768707      -3.156787    -119.247002       3.977420     -22.911556      21.656748      -0.002754     -32.319672      -0.083904      14.282772      -0.149892      -2.301234       0.092419      -1.006328     -44.185368     -89.979401       7.172171      89.995102     259.948303      51.825527    -420.738220      89.893631      73.059654      90.007675     -14.347702       1.030239      -0.406356     185.079056      85.751038    -367.923035      -0.096325      -1.840153     -18.546087     360.812653      69.910675    -473.262665     -91.040352     -37.502060      90.682922     -27.070810      -2.229471       0.027233    -142.061859     -80.474495      49.195656       0.404074       0.210335     -20.461931
     -73.819931      22.186939      25.752361     179.870529     -20.678530     118.918236       8.881476     -77.743080      84.497437       5.317625      -7.847674      -2.017525      11.244194      -5.884680      -4.555789      17.026773       2.708723      16.990644       4.967034      -6.202955      20.843376      91.745453       1.641403     -99.249634     -30.503450      38.168617      39.395599      -0.041881      43.277599       0.017695     -12.382184       0.066882      -2.300969       0.179592       0.817048     -53.048138     -90.003052       4.890136      89.995651     -97.341362      -3.134478    -117.816597       4.035492     -19.734306      20.007399      -0.004781     -30.548079      -0.068536      14.456638      -0.158070      -2.301739       0.066743      -0.946174     -44.189823     -89.982613       7.493365      89.996613     264.350311      50.723236    -421.820679      89.760895      74.408157      89.853676     -13.562284       1.152100      -0.344295     185.986465      84.716034    -368.721741      -0.150664      -2.236480     -18.597809     358.173035      67.523605    -470.474579     -90.969261     -40.767891      90.651207     -27.896492      -2.474468       0.109414    -132.279816     -82.395805      62.623497       0.461938       1.103736     -19.490477
     -75.490074      20.988678      26.321003     184.199692     -19.894159     116.925911      12.752144     -77.220062      88.170990       6.954334      -8.844442      -2.264844      11.616336      -6.755497      -5.142529      17.918558       2.762750      16.515648       5.458134      -6.136990      19.293339      91.935356       1.504612     -98.355179     -32.532902      39.745659      42.014023      -0.043022      43.291149       0.018454     -12.392817       0.067535      -2.299700       0.181874       0.825061     -54.593204     -90.002350       4.985812      89.995750     -96.988678      -3.082892    -116.461105       3.827717     -16.690567      17.926844      -0.004727     -29.026655      -0.055024      14.599524      -0.164861      -2.302278       0.047047      -0.883604     -44.206051     -89.985573       7.787221      89.996620     268.716644      50.021908    -422.948700      89.779839      75.366180      89.859093     -12.809032       1.264144      -0.289752     187.006638      84.125069    -369.358032      -0.179385      -2.413405     -18.522455     356.327698      65.442604    -468.541290     -90.921120     -43.769299      90.623901     -28.553143      -2.482933       0.114278    -136.314102     -82.083015      57.020107       0.394528       0.922879     -18.655592
     -77.106766      19.762852      26.845642     188.533676     -18.898336     115.076286      15.577896     -76.704956      90.928673       8.410056      -9.501918      -2.337281      11.900806      -7.305319      -5.626712      18.713768       2.918047      15.683322       5.944310      -6.030681      17.860855      92.063164       1.350136     -97.501678     -36.491673      42.446926      47.265930      -0.041675      44.067947       0.026803     -12.400317       0.067178      -2.298203       0.192057       0.816722     -56.047619     -90.001625       5.073237      89.996376     -96.691147      -3.013481    -115.147400       3.299376     -13.551241      15.678636      -0.000928     -27.935957      -0.042383      14.718276      -0.170813      -2.303005       0.032497      -0.821722     -44.237099     -89.988159       8.056007      89.995720     272.844788      49.602074    -423.983276      89.815384      76.044334      89.883400     -12.123346       1.363998      -0.245136     188.118759      83.697830    -370.080078      -0.198592      -2.529267     -18.403160     355.201233      63.655014    -467.337555     -90.886429     -46.511082      90.605400     -29.082727      -2.515033       0.119777    -144.468002     -80.517876      43.912437       0.347408       0.772859     -18.016924
     -78.664284      18.484108      27.318754     193.010406     -17.706108     113.356262      17.719675     -76.214386      93.107529       9.706544      -9.874340      -2.290066      12.105864      -7.528177      -6.093489      19.412529       3.156631      14.777060       6.448864      -5.982790      16.725344      92.153053       1.183588     -96.687340     -43.802940      46.171825      56.465294      -0.036314      45.524418       0.039950     -12.410520       0.067349      -2.296320       0.209093       0.797469     -57.420162     -90.000908       5.153255      89.997314     -96.427788      -2.938636    -113.898926       2.704373     -10.363257      13.288966       0.002724     -27.070599      -0.033512      14.817238      -0.176220      -2.303561       0.020860      -0.761465     -44.271648     -89.990059       8.301924      89.994347     276.681244      49.384060    -424.891907      89.840858      76.504959      89.887192     -11.497319       1.452978      -0.209417     189.221741      83.368416    -370.836090      -0.214291      -2.617149     -18.280144     354.683167      62.129387    -466.753448     -90.859947     -48.999062      90.595192     -29.490534      -2.604829       0.135131    -144.534897     -79.678886      36.670952       0.339996       0.875707     -17.588203
     -80.142471      17.147692      27.722458     197.440094     -16.490601     111.379837      19.883184     -75.753593      95.396980      10.838852     -10.167454      -2.076754      12.232468      -7.491153      -6.446115      20.019096       3.436284      13.942851       6.979337      -6.045176      15.982946      92.269386       1.024714     -95.956963     -56.603100      49.775227      71.925819      -0.028665      46.912968       0.049741     -12.418113       0.067173      -2.294642       0.235212       0.779707     -58.724041     -90.000397       5.226379      89.998589     -96.174904      -2.864461    -112.730232       2.334065      -7.362800      10.669946       0.004404     -26.238338      -0.029282      14.900338      -0.180960      -2.304268       0.012378      -0.700960     -44.299492     -89.991440       8.526834      89.992813     280.424408      49.345146    -425.882111      89.952499      76.724541      90.086075     -10.886244       1.463066      -0.231042     188.834290      83.413330    -370.072815      -0.233153      -2.776291     -18.206383     354.940247      60.930477    -467.146515     -90.865685     -51.163395      90.585220     -29.689880      -2.339473       0.083924    -139.060822     -80.254379      36.666656       0.345423       0.893949     -17.521122
     -81.544067      15.754985      28.036880     201.925110     -15.335096     109.332169      21.384033     -75.270638      97.096222      11.965356     -10.257127      -1.756003      12.442520      -7.377544      -6.639539      20.529106       3.695007      13.372001       7.541113      -6.252249      15.725635      92.487068       0.879823     -95.292084     -72.918045      50.448437      91.782448      -0.024061      47.864471       0.052356     -12.412966       0.064854      -2.292835       0.278586       0.809335     -59.910835     -90.000404       5.293213      89.999680     -95.930634      -2.789966    -111.642677       2.153506      -4.363821       7.645602       0.004442     -25.390926      -0.027788      14.964859      -0.184586      -2.304745      -0.002844      -0.672669     -44.313751     -89.992165       8.732576      89.991646     284.018311      49.485928    -426.852173      90.103790      76.816307      90.427917     -10.316057       1.460089      -0.258598     188.669128      83.633194    -369.525330      -0.246175      -2.829378     -18.115137     355.389008      59.890610    -467.832153     -90.855057     -53.168022      90.577682     -29.739040      -2.091522       0.012743    -128.735016     -81.569527      42.887405       0.352384       0.942474     -17.469328
     -82.880974      14.297886      28.259705     206.205795     -14.530315     107.078995      22.365175     -74.757942      98.372223      13.118896     -10.221682      -1.304536      12.770095      -7.369069      -6.661783      20.954742       3.855617      13.040684       8.131006      -6.603875      15.873005      92.684746       0.753381     -94.704811     -86.248283      47.565590     109.095627      -0.023395      48.518658       0.048603     -12.871242       0.096925      -2.305603       0.265762       0.831103     -59.000362     -90.004700       5.756257      90.014153     -95.704567      -2.712347    -110.629547       2.134693      -1.142336       4.131965       0.003095     -24.459040      -0.027818      15.011656      -0.186831      -2.304846      -0.027399      -0.682702     -44.313675     -89.992241       8.920749      89.991272     287.559204      49.825016    -427.964905      90.306999      76.831902      90.931190      -9.774759       1.448687      -0.286590     188.689987      83.941582    -369.179047      -0.247884      -2.811644     -18.029430     355.916199      59.048203    -468.565948     -90.840904     -54.996048      90.568504     -29.761454      -1.878978      -0.055471    -112.745247     -82.933586      55.998413       0.362403       0.973357     -17.413841
     -84.176109      12.777810      28.404823     210.221191     -14.354366     104.892380      22.832417     -74.200722      99.279190      14.350225     -10.047171      -0.678987      13.258739      -7.499377      -6.581808      21.330343       3.811938      12.707647       8.763530      -7.226161      16.268652      95.265953       0.772589     -93.934532     -90.358055      45.941113     115.941231       0.010526      50.958584       0.024201     -13.302455       0.130444      -2.303253       0.256660       0.907030     -58.049355     -90.001396       6.197641      90.014084     -95.644386      -2.614767    -109.689323       2.524723       1.310411       0.170402       0.000782     -23.431208      -0.030031      15.048939      -0.188050      -2.305553      -0.042881      -0.667349     -44.323505     -89.992424       9.092914      89.990601     290.918671      50.096535    -429.165680      90.308151      76.807121      90.927902      -9.240610       1.416221      -0.313809     189.123306      84.394279    -369.213531      -0.227140      -2.689069     -17.938805     356.995941      58.380402    -469.688110     -90.830742     -56.614891      90.559395     -29.777111      -1.692098      -0.118416     -92.928795     -83.678474      74.355980       0.373176       0.976291     -17.365898
     -85.371521      11.224630      28.539063     213.689011     -14.945825     102.752274      23.804699     -73.687111     100.643898      15.364714     -10.010523      -0.125162      13.678408      -7.365022      -6.643382      21.631210       4.090054      12.634646       9.397936      -7.807793      16.895952     100.563828       1.080779     -93.128265     -92.088341      48.477962     116.022636       0.074022      53.895348      -0.066502     -13.668201       0.158310      -2.297033       0.240322       0.946449     -57.261055     -89.994415       6.601331      90.008461     -95.526970      -2.514991    -108.457596       4.779066       2.969366      -9.521388       0.070994     -24.241770       0.005233      15.159385      -0.184341      -2.302923       0.033797      -0.474890     -43.876209     -89.997772       9.249371      89.988678     294.064240      50.672752    -430.577332      90.313660      76.748207      90.919785      -8.733181       1.375722      -0.350620     189.600296      84.866264    -369.305145      -0.208569      -2.533504     -17.835981     358.172455      57.921009    -470.828339     -90.820335     -58.100418      90.550499     -29.799955      -1.531225      -0.176254     -79.804695     -83.747398      87.379646       0.384936       0.964733     -17.306438
     -86.480461       9.678168      28.636135     215.865677     -16.174665     100.960831      22.929098     -73.591087     100.515236      15.691269     -10.379147       0.312224      13.761386      -7.378809      -6.210338      18.888292       3.366342      10.494345       9.641012      -8.306221      18.888821     102.624031       1.226152     -92.676598     -92.559822      49.604019     115.739738       0.017496      54.534149      -0.024605      -4.049106      -0.432193      -2.275074       0.121857       1.042450     -54.773048     -89.962364       7.369550      89.977112     -95.263466      -2.462692    -108.122818       9.103706       1.657482     -20.888454       0.121362     -25.434170       0.054516       5.139482      -0.052959      -2.159772       0.038010      -0.715600     -41.679710     -90.014771       9.794100      90.001137     295.766846      52.468479    -431.522919      90.337296      76.601486      90.896980      -8.509291       1.603093      -0.216920     191.354797      85.683350    -370.762085      -0.141370      -2.110077     -17.773453     360.217438      58.803566    -472.268463     -90.561584     -57.906994      90.396431     -28.474119      -1.465866      -0.220840     -77.415314     -83.681458      92.552803       0.435629       1.072819     -17.244352
     -87.566933       8.061918      28.713865     216.892929     -17.751444      98.677361      22.196987     -74.210609     100.767120      14.615213     -11.571880       0.598786      12.752482      -7.385516      -5.705484      13.591730       2.565610       6.146252       9.430922      -8.593635      21.600513     103.548744       1.276694     -92.366112     -92.638763      50.552818     115.682121      -0.007884      55.124069      -0.011672      12.414575      -1.338480      -2.080469       0.141108       1.240685     -52.922272     -89.927170       8.072927      89.946442     -94.654602      -2.423872    -108.480812      11.230888       1.399955     -30.176437       0.205135     -28.380867       0.112411     -11.604481       0.397828      -1.880073      -0.181384      -1.423596     -39.416229     -90.035454      10.293057      90.017845     295.051483      55.516563    -430.808990      90.347237      76.477310      90.883316      -8.562954       2.140626       0.085310     192.650772      86.154434    -371.887390      -0.088065      -1.818454     -17.772642     361.885529      61.257896    -472.675476     -89.769241     -55.757336      90.039246     -25.829798      -1.694613      -0.190371     -89.737328     -83.766548      86.001205       0.456889       1.055130     -17.145424
     -88.625374       6.356328      28.789246     217.573898     -19.483419      96.206100      22.222191     -74.926247     101.661774      13.326028     -12.840512       0.791929      11.521691      -7.316786      -5.255504       9.066659       2.864636       2.379671       9.169881      -8.698803      23.880302     103.869469       1.308251     -92.179039     -92.976112      51.231995     115.523376      -0.025094      55.492546      -0.003824      24.862694      -1.937188      -1.768898       0.163621       1.374473     -51.222858     -89.917122       8.719403      89.933357     -94.111656      -2.352688    -108.908142      12.538792       0.294390     -38.861286       0.263612     -31.500778       0.157073     -24.241596       0.865872      -1.626132      -0.406441      -2.103267     -37.227577     -90.039017      10.750835      90.024490     293.984894      58.340107    -429.675629      90.251404      76.404137      90.657478      -8.614861       2.662167       0.373079     193.204956      86.454994    -372.263000      -0.075112      -1.729305     -17.782520     362.689514      63.753429    -472.364746     -89.344704     -53.814140      89.874146     -23.543703      -1.816887      -0.148108    -105.883324     -83.611275      75.891129       0.464567       1.078852     -16.996840
     -89.526047       6.220456      28.930742     216.732224     -21.224636      93.916565      17.248043     -76.002167      98.010124      11.904506     -11.549936       1.371451      10.239567      -7.168089      -4.507879       5.287567       3.921220      -0.830663       8.855575      -8.717672      25.940350     103.854378       1.357309     -91.468925     -88.746437      46.866375     111.582474      -0.119767      57.536201       0.054441      34.609413      -2.274883      -1.475032       0.203740       1.699065     -49.548229     -89.925980       9.311703      89.933975     -93.746231      -2.788694    -116.282349      10.735312      -2.063152     -44.679470       0.296274     -34.250511       0.192479     -34.048904       1.261745      -1.313366      -0.570330      -2.713862     -35.027969     -90.038261      11.169763      90.028938     290.071594      59.682575    -424.398804      90.088875      76.376534      90.164490      -8.700398       3.140751       0.621611     195.201202      87.275009    -374.494629      -0.082781      -1.337465     -18.049009     359.714111      66.658081    -466.754578     -88.981323     -52.109325      89.746880     -21.425493      -2.057854      -0.050988    -136.738739     -81.410400      47.382877       0.468183       1.047101     -16.758902
     -90.333366       6.294803      29.071524     215.401367     -21.607578      94.171776      15.846469     -76.798294      97.432472      10.673076     -10.981987       1.621777       8.827743      -3.544590      -4.156333       2.449578       8.966248      -3.365128       7.949047      -6.541984      27.324120     104.193535       1.418159     -90.981094     -85.706741      42.627594     110.025230      -0.106862      57.354080       0.044368      42.479263      -2.569478      -1.141703       0.191195       1.669256     -48.098911     -89.939720       9.854471      89.938698     -93.781677      -3.232989    -123.738152      10.011856      -5.717134     -44.336388       0.268856     -37.069115       0.189813     -42.114658       1.692151      -0.987532      -0.756529      -3.238723     -33.097374     -90.032593      11.553705      90.023018     287.071320      61.492256    -421.581909      89.866821      76.442192      89.555237      -8.748301       3.614926       0.866240     196.876755      87.800056    -376.239777      -0.100163      -1.173656     -18.200838     360.314453      68.556313    -466.258209     -88.987755     -50.394894      89.758301     -19.598995      -2.296808       0.050938    -142.376968     -80.624512      43.047623       0.490732       1.508906     -16.584791
     -91.199471       6.420009      29.221016     214.220215     -21.791645      94.610649      14.970551     -77.540802      97.313354       9.537246     -11.169036       1.746463       7.617596      -1.915572      -3.740165       0.026872      12.904140      -5.110991       7.179348      -4.916641      28.528654     104.450500       1.406639     -90.900368     -84.120018      42.293724     110.037796      -0.092111      56.806728       0.044669      48.906643      -2.781536      -0.776537       0.173242       1.639857     -46.616631     -89.949509      10.350669      89.946716     -93.588676      -3.229290    -124.470810       9.886121      -9.254579     -44.430908       0.224161     -39.613060       0.182721     -48.601555       2.074823      -0.672016      -0.890145      -3.714305     -31.207035     -90.025009      11.904943      90.015991     284.545258      63.089630    -419.093750      89.799927      76.420891      89.394623      -8.799755       4.095695       1.122019     197.027847      87.994133    -376.320190      -0.117026      -1.151557     -18.256273     361.069763      70.394936    -466.163025     -88.918404     -48.882618      89.736900     -17.945232      -2.428856       0.134188    -141.756088     -80.913895      45.217785       0.489062       1.610318     -16.464468
     -92.026558       6.473768      29.375652     213.209213     -22.067516      95.028175      13.950504     -78.223579      96.973228       8.544355     -11.597659       1.743978       6.585557      -0.942986      -3.428599      -2.200113      14.908733      -6.362706       6.731623      -4.517551      29.844826     104.652412       1.374714     -90.920059     -82.328331      42.838600     109.588509      -0.079774      56.233669       0.045678      54.223267      -2.916607      -0.462577       0.173771       1.631794     -45.173206     -89.958305      10.804502      89.954269     -93.367378      -3.147471    -124.373322       9.542017     -11.656462     -44.490555       0.189122     -42.129456       0.168619     -53.929440       2.354289      -0.390055      -1.003597      -4.192695     -29.387142     -90.019424      12.226162      90.011139     282.168488      64.494804    -416.766846      89.819359      76.452896      89.478004      -8.851295       4.569098       1.378054     196.763290      88.095589    -375.980591      -0.127306      -1.162243     -18.288179     361.743774      72.079597    -466.123901     -88.959869     -47.572853      89.750786     -16.417900      -2.499510       0.200746    -140.246399     -81.326134      48.457523       0.486138       1.623441     -16.324787
     -92.768173       6.439648      29.533846     212.195999     -22.454638      95.340912      13.248285     -78.850609      96.825012       7.654942     -12.189991       1.601204       5.683636      -0.304927      -3.215445      -4.190607      15.985595      -7.385060       6.445085      -4.681959      31.084488     104.819847       1.332784     -90.956451     -80.317245      43.611561     108.932449      -0.071084      55.862553       0.045369      58.627338      -2.995019      -0.196859       0.183911       1.650617     -43.806118     -89.966469      11.219573      89.961586     -93.130173      -3.045911    -123.956032       9.290359     -13.261692     -44.453564       0.161835     -44.556664       0.148942     -58.338177       2.556398      -0.147993      -1.100009      -4.655198     -27.655399     -90.015221      12.520001      90.007629     279.840393      65.729263    -414.574554      89.886223      76.520477      89.684280      -8.910424       5.032078       1.631714     196.270157      88.158409    -375.486481      -0.134133      -1.176785     -18.346081     362.298218      73.643288    -466.117035     -89.032585     -46.420036      89.773499     -15.027620      -2.548991       0.265561    -137.964005     -81.787018      52.365982       0.483714       1.631582     -16.168751
     -93.407661       6.332665      29.685886     211.176498     -22.931074      95.572235      12.859203     -79.429382      96.880554       6.851399     -12.876714       1.344134       4.891644       0.099288      -3.070942      -5.930265      16.633051      -8.310615       6.235251      -5.084222      32.159557     104.970726       1.293186     -90.967827     -78.314056      44.228630     108.306763      -0.065572      55.601772       0.043767      62.278240      -3.036587       0.024463       0.190731       1.659102     -42.510197     -89.973976      11.599217      89.968430     -92.863182      -2.949087    -123.422325       9.113811     -14.434401     -44.193550       0.139207     -46.769558       0.127551     -61.998604       2.701924       0.058206      -1.178647      -5.093894     -26.002825     -90.011978      12.788758      90.004913     277.487793      66.774200    -412.437866      90.005341      76.571205      90.032898      -8.978428       5.477727       1.878564     196.057083      88.260178    -375.319489      -0.140754      -1.175138     -18.427832     362.810394      75.076294    -466.146698     -89.212181     -45.385708      89.828423     -13.754755      -2.580813       0.322143    -132.777985     -82.461365      58.717648       0.483168       1.651288     -15.995796
     -93.942307       6.243452      29.821518     209.952728     -23.535397      95.598793      12.291901     -79.992119      96.699127       6.088256     -13.566718       1.014593       4.166579       0.254380      -2.958783      -7.439782      17.043844      -9.165289       6.065280      -5.594320      33.072018     105.082642       1.275642     -90.888481     -76.605110      44.290607     107.756828      -0.063601      55.449417       0.040245      65.294334      -3.053961       0.205529       0.176773       1.605500     -41.286705     -89.980621      11.946434      89.974350     -92.596199      -2.854735    -122.865143       8.967686     -15.436898     -43.852940       0.120574     -48.773495       0.107532     -65.044754       2.805847       0.233068      -1.240294      -5.510398     -24.420448     -90.009491      13.034605      90.002716     274.913818      67.538109    -410.054657      90.134964      76.627213      90.420601      -9.048757       5.914609       2.121579     195.634552      88.331764    -374.992279      -0.145589      -1.163014     -18.539940     362.570496      76.442024    -465.393311     -89.411850     -44.441746      89.887573     -12.595866      -2.603341       0.378900    -126.378006     -83.038155      65.660316       0.482309       1.661030     -15.821085
     -94.384232       6.180958      29.928875     208.497635     -24.198669      95.475777      11.425471     -80.539780      96.190636       5.367898     -14.169916       0.667279       3.496757       0.290442      -2.861976      -8.744987      17.327806      -9.938785       5.913250      -6.139594      33.849434     105.171341       1.272238     -90.769516     -75.288773      44.093655     107.379730      -0.063537      55.393803       0.037549      67.800148      -3.060497       0.357464       0.157721       1.535468     -40.132149     -89.985687      12.264053      89.979256     -92.349495      -2.760665    -122.330284       8.820763     -16.396847     -43.549927       0.105895     -50.622211       0.090530     -67.584656       2.879137       0.380195      -1.287021      -5.907748     -22.904568     -90.007607      13.259459      90.000946     272.287933      68.103943    -407.620667      90.277092      76.680878      90.858383      -9.120375       6.341233       2.359978     194.843246      88.364319    -374.302887      -0.153028      -1.169040     -18.659254     361.738434      77.721565    -464.045135     -89.601936     -43.580112      89.941574     -11.540280      -2.612695       0.430601    -117.497505     -83.557571      74.419273       0.480923       1.673890     -15.649253
     -94.730392       6.144379      30.001303     206.884109     -24.991566      94.957817      12.761253     -81.114326      97.625031       4.707003     -14.466443       0.483755       2.937813       0.128866      -2.868708      -9.428811      17.546858     -10.292644       5.690833      -6.431187      34.087811     105.271553       1.247192     -90.718094     -74.642075      43.928364     107.342178      -0.062800      55.345322       0.035095      69.034531      -3.057341       0.439618       0.400427       1.440228     -39.165489     -89.989738      12.440960      89.984154     -92.506454      -2.545101    -121.813148       8.631197     -16.882042     -43.429974       0.092198     -51.954529       0.074271     -68.855453       2.932201       0.453927      -1.673008      -6.500464     -21.876844     -90.005630      13.384727      89.998810     270.032715      67.921944    -405.444550      90.333244      76.745010      91.047401      -9.224824       6.664538       2.577113     194.290314      88.361244    -373.820343      -0.157002      -1.175167     -18.773649     358.466675      78.753578    -460.081665     -90.010841     -42.720619      90.058670      -9.581677      -2.804212       0.705929    -103.568947     -83.951027      88.744041       0.488284       1.691436     -15.497877
     -94.983810       6.121419      30.046921     205.318146     -25.910530      94.015617      17.566914     -81.633728     102.185799       4.126071     -14.610494       0.443025       2.507196      -0.062030      -2.945729      -9.498029      17.970135     -10.051038       5.437681      -6.305991      33.859653     105.497108       1.262909     -90.762222     -74.632332      43.793308     107.688629      -0.063258      55.289715       0.034341      69.172058      -3.050352       0.458033       0.528055       1.258775     -38.429100     -89.993050      12.495033      89.988174     -93.243607      -2.215652    -121.154045       8.451545     -16.782763     -43.625092       0.082045     -52.530571       0.061864     -69.016106       2.968844       0.464404      -1.990793      -7.302897     -21.223520     -90.003548      13.423053      89.996819     267.751190      66.787994    -403.185425      90.295898      76.918526      90.989349      -9.321911       6.731943       2.610875     194.356628      88.379448    -373.920593      -0.157416      -1.160515     -18.876633     351.090790      79.457779    -451.832642     -90.894707     -41.880543      90.306450      -7.645135      -3.024569       1.098857     -88.124962     -83.951752     103.763092       0.487818       1.686026     -15.297452
     -95.150658       6.105619      30.028980     203.850525     -26.789280      92.918098      21.346447     -82.234810     105.753639       3.651312     -15.327059       0.434130       2.138462      -0.102994      -3.018739      -9.537772      18.670658      -9.625779       5.153139      -5.996259      33.655975     105.879807       1.317211     -90.867447     -74.554253      43.589138     107.982788      -0.063271      55.124435       0.032963      69.304604      -3.046857       0.472740       0.677894       1.082682     -37.676983     -89.995331      12.548243      89.990768     -93.887901      -1.946866    -120.446655       8.311889     -16.661152     -43.867523       0.076010     -52.994835       0.053931     -69.129898       2.992708       0.472048      -2.073635      -7.945848     -20.405483     -90.002090      13.460710      89.995590     265.165070      65.200546    -400.735260      90.259109      77.212708      90.969574      -9.434951       6.741431       2.593154     194.483505      88.419609    -374.087982      -0.159680      -1.128424     -18.977903     342.469543      80.261612    -442.429596     -91.328613     -41.383179      90.416786      -6.585025      -2.743216       1.319168     -72.997009     -83.600052     116.495857       0.472791       1.684134     -15.120099
     -95.265137       6.094256      29.925716     202.368301     -27.605534      91.962860      25.343954     -82.752518     109.706482       3.198709     -15.875465       0.354667       1.703359      -0.059353      -3.108203      -9.581564      19.529436      -9.109701       4.849108      -5.592331      33.568287     106.194168       1.314830     -90.888550     -74.030853      43.448494     107.852432      -0.062655      54.900524       0.031670      69.465126      -3.045198       0.486300       0.972246       0.985842     -36.938332     -89.996819      12.600588      89.992538     -94.394005      -1.733158    -119.964790       8.216025     -16.643412     -43.982677       0.072353     -53.435333       0.048564     -69.231430       3.008428       0.478610      -2.069258      -8.405068     -19.520689     -90.001129      13.497725      89.994858     262.578278      63.505432    -398.360901      90.225250      77.575897      90.980118      -9.585826       6.748692       2.572806     194.575928      88.460800    -374.235443      -0.162855      -1.094857     -19.086853     335.351746      81.084824    -434.570435     -91.182793     -41.077530      90.364555      -6.061703      -2.098037       1.269574     -54.961811     -82.543083     130.904327       0.457859       1.690404     -14.978262
     -95.357567       6.083411      29.780252     200.625702     -28.389017      91.162407      28.458260     -83.294533     112.844383       2.707157     -16.206898       0.160664       1.108531      -0.046760      -3.106188      -9.636703      20.559984      -8.462364       4.534455      -5.113311      33.705143     106.376030       1.294880     -90.668861     -73.533806      43.345951     107.730202      -0.062402      54.802311       0.031125      69.611351      -3.044040       0.496763       1.197847       1.012230     -36.653938     -89.997711      12.652042      89.993698     -94.681648      -1.589651    -119.800865       8.157990     -16.707766     -43.848999       0.070185     -53.926243       0.044797     -69.324158       3.018821       0.484275      -2.014804      -8.674548     -18.684595     -90.000511      13.534133      89.994431     260.018311      62.043156    -396.142914      89.825317      78.357735      89.267227     -10.780271       3.104111       0.009988     198.565338      88.343193    -377.983856      -0.176119      -1.257480     -18.807150     332.148407      81.444054    -430.618988     -90.942017     -40.795826      90.287804      -5.747502      -1.526170       0.933953     -37.247627     -80.210457     144.633057       0.428925       1.638725     -14.846293
     -95.442245       6.073554      29.626328     198.772491     -29.024782      90.338783      31.926083     -83.756340     116.428703       2.266716     -16.420460      -0.023380       0.491552       0.007686      -3.064909      -9.704021      21.763924      -7.712540       4.197109      -4.539316      33.978004     106.374825       1.247947     -90.239182     -72.972191      43.192822     107.608200      -0.062753      54.795540       0.031275      69.729179      -3.043288       0.504375       1.315223       1.210210     -36.664028     -89.998268      12.702597      89.994446     -94.913918      -1.455481    -119.757057       8.095863     -16.794189     -43.696850       0.068743     -54.429234       0.042088     -69.414772       3.025692       0.489625      -1.948900      -8.868133     -17.901665     -90.000137      13.569917      89.994194     257.121063      61.354305    -393.580688      89.797829      79.006119      88.592926     -11.835672      -0.165032      -2.649259     199.846252      88.323502    -379.117096      -0.252344      -1.420708     -18.640507     332.604828      81.471771    -430.356995     -90.344734     -40.420029      90.115265      -5.536169      -0.278180       0.076985     -34.765240     -80.282257     142.842621       0.369865       1.031023     -14.668381
     -95.526649       6.064785      29.469690     196.837784     -29.584740      89.457077      35.805264     -84.157188     120.440414       1.856114     -16.569403      -0.172115      -0.098767       0.054106      -3.019446      -9.784166      23.155914      -6.880842       3.826468      -3.850844      34.303688     106.229622       1.175929     -89.684799     -72.334679      42.978180     107.481522      -0.063523      54.849514       0.031927      69.823334      -3.042838       0.509991       1.355773       1.541397     -36.931347     -89.998665      12.752277      89.994919     -95.130508      -1.312518    -119.729012       8.020429     -16.879259     -43.593063       0.067789     -54.933899       0.040211     -69.505547       3.030295       0.494894      -1.884601      -9.058059     -17.146446     -89.999916      13.605123      89.994049     254.265381      61.222157    -391.054932      89.884346      79.561920      88.696335     -12.829624      -3.038343      -5.086690     200.292465      88.307472    -379.447723      -0.323297      -1.557626     -18.534931     334.217468      81.400299    -431.301575     -89.597672     -40.101971      89.907341      -5.354281       0.567891      -0.613470     -34.720943     -80.784187     139.152252       0.345096       0.737372     -14.610463
     -95.606750       6.055079      29.317595     194.976151     -30.063692      88.659805      39.162682     -84.513794     123.939850       1.495933     -16.660198      -0.307128      -0.644380       0.085350      -2.970397      -9.877847      24.707722      -5.991982       3.425626      -3.058860      34.634350     105.999283       1.092999     -89.052139     -71.646782      42.712029     107.351379      -0.064531      54.944569       0.032864      69.898293      -3.042617       0.514194       1.338856       1.951526     -37.398312     -89.998947      12.801116      89.995232     -95.326324      -1.164025    -119.712357       7.932360     -16.947609     -43.536755       0.067263     -55.437244       0.039009     -69.596260       3.033418       0.500101      -1.822842      -9.280035     -16.407618     -89.999794      13.639720      89.993950     252.161301      61.158649    -389.192932      89.956291      80.040092      88.733154     -13.627827      -5.357722      -7.024551     200.396118      88.287178    -379.476685      -0.389889      -1.699628     -18.478069     336.586426      81.376808    -433.067810     -88.745567     -39.839737      89.675331      -5.135866       1.142495      -1.136776     -36.427940     -81.452553     134.592453       0.327585       0.540477     -14.591743
     -95.666290       6.045642      29.194630     193.464783     -30.436275      88.072922      41.514412     -84.802811     126.337105       1.269772     -16.674925      -0.382478      -1.073952       0.076019      -2.887457      -9.980750      26.424129      -5.063025       3.004520      -2.203302      34.948792     105.759277       1.017856     -88.372719     -70.937508      42.417080     107.206367      -0.065563      55.060875       0.033796      69.960091      -3.042570       0.517534       1.281510       2.384676     -38.003307     -89.999146      12.849130      89.995445     -95.481537      -1.021484    -119.705292       7.836019     -16.974516     -43.515564       0.067103     -55.938549       0.038362     -69.686180       3.035571       0.505212      -1.761659      -9.546379     -15.692576     -89.999748      13.673741      89.993904     250.363022      61.148251    -387.603333      90.017174      80.415924      88.730682     -14.146697      -7.057470      -8.264603     199.905884      88.228821    -378.931396      -0.450308      -1.875510     -18.462038     338.682739      80.931671    -434.748291     -88.851372     -39.632965      89.703445      -4.985550       1.403856      -1.722104     -39.119347     -82.070641     130.055847       0.316604       0.409613     -14.600091
     -95.713234       6.037593      29.094973     192.233643     -30.710136      87.593773      43.520073     -85.025505     128.391006       1.101208     -16.675247      -0.449082      -1.406366       0.069610      -2.819970     -10.076894      28.347776      -4.122144       2.580329      -1.349242      35.225014     105.553444       0.957610     -87.647812     -70.221596      42.113171     107.040314      -0.066443      55.181355       0.034541      70.016167      -3.042677       0.520525       1.209034       2.797466     -38.692425     -89.999298      12.896362      89.995552     -95.594551      -0.884406    -119.705101       7.729661     -16.948761     -43.522751       0.067274     -56.439102       0.038217     -69.775299       3.037104       0.510235      -1.701944      -9.866718     -15.007027     -89.999733      13.707190      89.993843     248.918274      61.135548    -386.335785      90.068825      80.714218      88.708397     -14.517183      -8.346315      -9.117352     200.350235      88.232582    -379.342041      -0.487802      -1.991895     -18.487740     340.225037      80.692535    -435.980865     -88.915367     -39.441982      89.721199      -5.014162       1.534488      -2.196461     -41.951218     -82.551331     126.116928       0.305000       0.306751     -14.598978
     -95.751793       6.031126      29.013401     191.216324     -30.927881      87.196136      45.282780     -85.209038     130.193237       0.965173     -16.673641      -0.503521      -1.668867       0.069339      -2.778704     -10.169169      30.471844      -3.186446       2.154091      -0.497059      35.445267     105.388870       0.910422     -86.882065     -69.508064      41.806568     106.860970      -0.067125      55.296246       0.035047      70.071877      -3.042901       0.523516       1.141224       3.168046     -39.430630     -89.999435      12.942813      89.995636     -95.674667      -0.751166    -119.709801       7.614356     -16.877352     -43.550571       0.067763     -56.939938       0.038498     -69.863678       3.038226       0.515182      -1.644293     -10.242277     -14.349525     -89.999725      13.740080      89.993813     247.760269      61.122829    -385.314636      90.112320      80.955162      88.678558     -14.795612      -9.372897      -9.742134     201.156952      88.250977    -380.126923      -0.512218      -2.073657     -18.537855     341.501404      80.544678    -437.004211     -88.948936     -39.279060      89.730797      -5.109575       1.571450      -2.564609     -43.503132     -82.782784     124.187180       0.295795       0.248508     -14.580685
     -95.783630       6.026176      28.946682     190.377060     -31.106283      86.869034      46.847862     -85.367157     131.792175       0.851075     -16.668539      -0.549376      -1.881205       0.088445      -2.765655     -10.560872      32.042393      -2.085530       1.547481       0.681727      35.551037     105.258453       0.874685     -86.076591     -68.809418      41.499783     106.683037      -0.067617      55.403404       0.035345      70.129456      -3.043217       0.526626       1.085052       3.484067     -40.196491     -89.999535      12.988488      89.995674     -95.725014      -0.588287    -119.730621       7.502978     -16.740191     -43.625977       0.068580     -57.436802       0.039113     -69.948067       3.039062       0.519874      -1.576919     -10.637353     -13.720606     -89.999702      13.772422      89.993759     246.799973      61.109745    -384.459839      90.148743      81.150772      88.647980     -15.005134     -10.205750     -10.198449     202.186966      88.278435    -381.141785      -0.528792      -2.131050     -18.604200     342.598236      80.433769    -437.877808     -88.964783     -39.131424      89.735641      -5.239139       1.557492      -2.864006     -42.995399     -82.747177     124.924103       0.287423       0.212596     -14.542256
     -95.810356       6.022551      28.890421     189.671875     -31.252722      86.591660      48.409164     -85.508415     133.409302       0.738304     -16.661636      -0.605040      -2.084022       0.105313      -2.749180     -11.194419      32.683228      -0.918131       0.926602       1.718809      35.499535     105.215134       0.848131     -85.263237     -68.086235      41.181885     106.485497      -0.067902      55.487270       0.035360      70.186890      -3.043610       0.529811       1.020815       3.714299     -40.920799     -89.999611      13.033415      89.995651     -95.761337      -0.394689    -119.733177       7.366674     -16.543938     -43.711674       0.069513     -57.941689       0.040028     -70.036232       3.039696       0.524757      -1.516396     -10.951999     -13.112287     -89.999687      13.804224      89.993729     245.972519      61.094585    -383.720917      90.179588      81.315796      88.619423     -15.155389     -10.874420     -10.539970     203.721054      88.325821    -382.670258      -0.537402      -2.162019     -18.682713     343.322021      80.382820    -438.357758     -88.971573     -39.004597      89.738205      -5.176802       1.621214      -3.073247     -41.610600     -82.564598     127.112114       0.284071       0.198596     -14.473193
     -95.836075       6.019724      28.833567     188.981262     -31.353832      86.303787      50.080673     -85.622841     135.211166       0.613488     -16.645840      -0.691929      -2.273377       0.090827      -2.745604     -11.783659      33.034508       0.144725       0.421413       2.421515      35.478146     104.986481       0.794550     -84.725906     -67.605957      40.759640     106.643471      -0.067911      55.532738       0.034902      70.244499      -3.044159       0.533122       0.915946       3.683033     -41.503391     -89.999725      13.077593      89.995644     -95.803284      -0.221639    -119.715744       7.242201     -16.362638     -43.780342       0.070692     -58.449001       0.041060     -70.122154       3.040296       0.529466      -1.449092     -11.177424     -12.527829     -89.999664      13.835481      89.993698     245.235260      61.086765    -383.092621      90.209053      81.478218      88.591118     -15.273980     -11.416503     -10.822257     206.491730      88.422523    -385.449646      -0.536973      -2.149273     -18.772577     343.164398      80.408592    -437.855194     -88.973961     -38.901424      89.739708      -4.878447       1.734384      -3.159615     -39.988262     -82.319061     129.721237       0.281213       0.195909     -14.374027
     -95.859962       6.017525      28.775824     188.300003     -31.387960      86.016182      51.431141     -85.698418     136.754440       0.496412     -16.619682      -0.788459      -2.461143       0.069141      -2.712387     -12.309700      33.212669       1.077275      -0.001935       2.896347      35.513676     104.615211       0.713341     -84.512436     -67.336494      40.293713     107.078354      -0.068025      55.574379       0.034759      70.294838      -3.044661       0.536096       0.716761       3.303980     -41.874504     -89.999756      13.121037      89.995560     -95.854256      -0.053053    -119.693298       7.119157     -16.203522     -43.848831       0.071926     -58.952457       0.042125     -70.207214       3.040874       0.534132      -1.376767     -11.335130     -11.955814     -89.999641      13.866235      89.993698     244.661194      61.024658    -382.662598      90.264854      81.644852      88.406631     -15.364779     -11.879637     -11.012289     210.941101      88.563728    -389.912354      -0.529154      -2.097212     -18.873106     342.282104      80.413109    -436.584045     -88.974564     -38.820805      89.740364      -4.601112       1.830028      -3.219676     -38.078629     -82.007393     132.591385       0.275225       0.179219     -14.273912
     -95.882645       6.016345      28.723007     187.667511     -31.392178      85.732811      52.685558     -85.751244     138.216797       0.386814     -16.597589      -0.876228      -2.648330       0.045964      -2.672415     -12.780580      33.288937       1.901289      -0.367652       3.227092      35.562614     104.302635       0.645201     -84.334473     -67.056808      39.879337     107.444160      -0.068149      55.627445       0.034783      70.344536      -3.045040       0.538965       0.506062       2.914093     -42.199375     -89.999748      13.163736      89.995468     -95.905991       0.115770    -119.669968       6.990527     -16.039696     -43.912945       0.073291     -59.451408       0.043362     -70.291878       3.041396       0.538791      -1.302456     -11.448956     -11.386756     -89.999611      13.896471      89.993683     243.896606      61.045452    -382.075714      90.277962      81.781891      88.462761     -15.460075     -12.298865     -11.142627     215.939301      88.697273    -394.907684      -0.523401      -2.046493     -18.979485     341.071411      80.267120    -434.948517     -88.973846     -38.556290      89.741318      -4.451070       1.741798      -3.332772     -36.316818     -81.652969     135.686295       0.257330       0.072751     -14.217108
     -95.899536       6.014719      28.688847     187.226212     -31.401388      85.536064      53.406487     -85.791275     139.038803       0.331546     -16.585608      -0.930489      -2.770453       0.014799      -2.592913     -13.215734      33.300686       2.653305      -0.698324       3.468765      35.615299     104.048882       0.595643     -84.192467     -66.778275      39.495747     107.763634      -0.068237      55.678638       0.034789      70.395050      -3.045387       0.541853       0.298663       2.531705     -42.505882     -89.999733      13.205726      89.995422     -95.948715       0.278157    -119.645996       6.862398     -15.867089     -43.974186       0.074775     -59.945614       0.044730     -70.375435       3.041888       0.543378      -1.224852     -11.527287     -10.827046     -89.999596      13.926191      89.993698     243.253738      61.035725    -381.561005      90.286499      81.859627      88.488968     -15.506985     -12.639926     -11.140369     220.508255      88.790916    -399.451660      -0.517213      -2.022172     -19.093729     340.915771      80.097008    -434.516174     -88.786064     -38.192215      89.693275      -4.754378       1.905056      -3.664290     -35.207977     -81.324898     138.670212       0.236070      -0.024382     -14.158510
     -95.908913       6.014274      28.672165     186.992569     -31.419426      85.439392      53.568573     -85.819382     139.208740       0.323149     -16.578907      -0.963935      -2.825385      -0.020984      -2.486720     -13.622776      33.270218       3.351788      -1.004422       3.656321      35.666630     103.851730       0.566508     -84.085014     -66.511452      39.132206     108.058937      -0.068278      55.721066       0.034735      70.446671      -3.045747       0.544788       0.091535       2.131060     -42.776810     -89.999710      13.247004      89.995369     -95.977524       0.434196    -119.623085       6.735129     -15.678856     -44.034462       0.076369     -60.435516       0.046196     -70.457672       3.042372       0.547897      -1.144611     -11.578115     -10.282964     -89.999557      13.955424      89.993683     242.606842      60.980442    -381.012909      90.291855      81.901779      88.498734     -15.501949     -12.913560     -11.099829     224.756042      88.860497    -403.664124      -0.510972      -2.012872     -19.210249     340.918457      79.795204    -434.345459     -88.875778     -37.966763      89.717072      -4.818142       2.138101      -4.009947     -34.935467     -81.041641     141.479736       0.225914      -0.109769     -14.069128
     -95.912262       6.013719      28.667089     186.897034     -31.425072      85.399246      53.644375     -85.832443     139.267868       0.333583     -16.570545      -0.993235      -2.839400      -0.053791      -2.380388     -14.009614      33.210941       4.007121      -1.294663       3.808306      35.709663     103.707123       0.554159     -84.008873     -66.262672      38.785038     108.343483      -0.068272      55.752285       0.034628      70.499481      -3.046101       0.547810      -0.119435       1.689221     -42.991020     -89.999672      13.287605      89.995354     -95.993164       0.583523    -119.602005       6.609128     -15.473669     -44.091000       0.078079     -60.921757       0.047781     -70.538666       3.042825       0.552334      -1.063130     -11.608467      -9.757103     -89.999535      13.984169      89.993675     241.978409      60.896580    -380.480988      90.293999      81.918358      88.502838     -15.453998     -13.126519     -11.039283     228.859070      88.911850    -407.733887      -0.504119      -2.012813     -19.328465     340.847473      79.612450    -434.169281     -88.926369     -37.818123      89.730537      -4.808584       2.461461      -4.328778     -35.746944     -80.947769     143.451630       0.214013      -0.209134     -13.953418
     -95.913872       6.013625      28.666218     186.854752     -31.436226      85.379097      53.814915     -85.846611     139.416870       0.341201     -16.563173      -1.026227      -2.843528      -0.083341      -2.289072     -14.380093      33.132698       4.623754      -1.574001       3.937728      35.739780     103.598778       0.553094     -83.953278     -66.030579      38.451588     108.625710      -0.068244      55.773701       0.034517      70.553726      -3.046458       0.550922      -0.333462       1.203603     -43.142376     -89.999664      13.327526      89.995308     -96.001175       0.728921    -119.582230       6.484542     -15.257985     -44.143059       0.079873     -61.404869       0.049447     -70.618568       3.043267       0.556718      -0.981344     -11.622601      -9.247610     -89.999535      14.012424      89.993675     241.400803      60.803158    -379.981415      90.294441      81.922585      88.504921     -15.391654     -13.303543     -10.973042     233.136017      88.954971    -411.978302      -0.496719      -2.014557     -19.446972     340.749847      79.502205    -433.986328     -88.951408     -37.704704      89.737389      -4.775959       2.810522      -4.633093     -37.597992     -81.074547     144.420685       0.202439      -0.312439     -13.815347
     -95.915558       6.013935      28.666302     186.825668     -31.462225      85.364029      54.122417     -85.869064     139.697906       0.340689     -16.557100      -1.062862      -2.850030      -0.110261      -2.211981     -14.733615      33.044205       5.209351      -1.841810       4.052175      35.755035     103.513451       0.557271     -83.910011     -65.811157      38.128300     108.909676      -0.068181      55.787655       0.034396      70.609200      -3.046820       0.554097      -0.549241       0.681061     -43.237801     -89.999641      13.366770      89.995293     -96.006538       0.872093    -119.563011       6.361794     -15.036931     -44.191143       0.081737     -61.884636       0.051153     -70.697372       3.043697       0.561025      -0.899330     -11.626117      -8.751750     -89.999519      14.040206      89.993675     240.869705      60.708961    -379.505066      90.293892      81.921135      88.506424     -15.324203     -13.458557     -10.902970     237.953293      88.994476    -416.763123      -0.488330      -2.013119     -19.566113     340.670288      79.430794    -433.822693     -88.962296     -37.612762      89.740593      -4.622693       3.217169      -5.011766     -40.647308     -81.409859     144.097992       0.190894      -0.396937     -13.639397
     -95.917747       6.014549      28.665962     186.793167     -31.498842      85.347435      54.561146     -85.899261     140.112076       0.331128     -16.551722      -1.102866      -2.863879      -0.135063      -2.146521     -15.074925      32.948254       5.771834      -2.101616       4.155564      35.757992     103.442421       0.564184     -83.874100     -65.600456      37.812321     109.196396      -0.068115      55.796257       0.034291      70.665474      -3.047163       0.557296      -0.765999       0.129907     -43.289124     -89.999611      13.405350      89.995262     -96.011398       1.013469    -119.543976       6.241208     -14.815215     -44.235264       0.083639     -62.360912       0.052893     -70.775200       3.044120       0.565281      -0.817278     -11.617590      -8.266397     -89.999496      14.067526      89.993668     240.366486      60.615799    -379.042206      90.293213      81.918633      88.507271     -15.255276     -13.600892     -10.832117     243.464035      89.029411    -422.241211      -0.478902      -2.007785     -19.685844     340.602325      79.380722    -433.666077     -88.966362     -37.528156      89.742134      -4.491838       3.630080      -5.376215     -44.262913     -81.851379     142.802795       0.182799      -0.474973     -13.448567
     -95.920547       6.015356      28.664660     186.750122     -31.543522      85.326469      55.117046     -85.935822     140.646988       0.313585     -16.546692      -1.145422      -2.886097      -0.158348      -2.089958     -15.406197      32.847309       6.316613      -2.354808       4.250790      35.751415     103.380096       0.572283     -83.842537     -65.395561      37.501873     109.485542      -0.068069      55.801216       0.034228      70.722191      -3.047513       0.560504      -0.983199      -0.442454     -43.308422     -89.999603      13.443295      89.995239     -96.016785       1.153062    -119.524872       6.123333     -14.595592     -44.275669       0.085584     -62.833389       0.054671     -70.852081       3.044551       0.569484      -0.735118     -11.598985      -7.789481     -89.999481      14.094379      89.993675     239.874771      60.523544    -378.582672      90.292824      81.917732      88.507896     -15.186343     -13.738766     -10.768559     249.431046      89.055374    -428.176361      -0.469155      -2.002443     -19.805052     340.551971      79.340706    -433.521881     -88.967743     -37.446674      89.743011      -4.404245       4.020788      -5.706632     -48.020416     -82.304291     140.793137       0.176952      -0.538678     -13.238339
     -95.924019       6.016264      28.662165     186.693375     -31.594587      85.299637      55.778526     -85.977325     141.291122       0.289321     -16.541872      -1.189983      -2.916216      -0.180530      -2.040243     -15.728763      32.743210       6.848161      -2.602087       4.339470      35.738163     103.322762       0.580725     -83.813385     -65.194420      37.195927     109.776299      -0.068033      55.803909       0.034185      70.779045      -3.047849       0.563703      -1.200457      -1.029972     -43.306255     -89.999603      13.480600      89.995239     -96.023132       1.291054    -119.505569       6.008245     -14.379131     -44.312881       0.087562     -63.301823       0.056462     -70.928017       3.044968       0.573645      -0.652817     -11.572386      -7.319627     -89.999466      14.120799      89.993683     239.386551      60.431656    -378.121826      90.292969      81.919502      88.508186     -15.117729     -13.875443     -10.713175     255.889786      89.071312    -434.604492      -0.459155      -1.995866     -19.923786     340.518036      79.305611    -433.389008     -88.968033     -37.365234      89.743622      -4.367846       4.360795      -5.983738     -51.097958     -82.657539     138.810974       0.173318      -0.586108     -13.022286
     -95.927719       6.017145      28.658800     186.629776     -31.649412      85.272957      56.482265     -86.022781     141.980896       0.260753     -16.536579      -1.236270      -2.951302      -0.201806      -1.995420     -16.043663      32.636936       7.370388      -2.843837       4.422368      35.721012     103.268402       0.589516     -83.785713     -64.996086      36.893578     110.067909      -0.068000      55.805672       0.034146      70.835762      -3.048177       0.566888      -1.417317      -1.625598     -43.286293     -89.999588      13.517283      89.995224     -96.029877       1.427427    -119.486252       5.895805     -14.165537     -44.347450       0.089549     -63.766155       0.058263     -71.003036       3.045371       0.577752      -0.570354     -11.539669      -6.856209     -89.999458      14.146770      89.993683     238.949463      60.299171    -377.706726      90.312210      81.926277      88.412529     -15.059776     -14.040824     -10.691703     260.457550      89.067787    -439.128113      -0.449925      -1.996521     -20.036354     340.476776      79.283638    -433.248291     -88.967690     -37.285980      89.744118      -4.370783       4.641103      -6.200693     -52.962364     -82.871490     137.500244       0.170717      -0.625200     -12.824947
     -95.933922       6.018574      28.652399     186.521942     -31.717161      85.214691      57.439514     -86.070953     142.926651       0.221742     -16.528591      -1.290995      -3.006874      -0.243033      -1.926135     -16.343613      32.542549       7.854249      -3.081701       4.507596      35.688892     103.472473       0.585315     -83.887749     -64.726837      36.763760     109.978462      -0.068682      55.936462       0.035354      70.865265      -3.047945       0.568183      -1.711044      -2.197748     -43.296360     -89.999504      13.553346      89.995102     -96.060097       1.576704    -119.456390       5.775299     -13.951312     -44.370323       0.091594     -64.226639       0.060170     -71.078308       3.045744       0.581893      -0.491061     -11.506102      -6.386945     -89.999451      14.172302      89.993675     238.396439      60.217804    -377.178650      90.301743      81.925835      88.465904     -15.050980     -14.239853     -10.726749     261.548706      89.053528    -440.155151      -0.446485      -2.015563     -20.137543     340.346771      79.258331    -433.005646     -88.967278     -37.204773      89.744591      -4.397525       4.872670      -6.370250     -53.730927     -82.977699     136.947433       0.167542      -0.665239     -12.655622
     -95.941948       6.020349      28.642366     186.371262     -31.788893      85.138031      58.469925     -86.121239     143.951645       0.177702     -16.523109      -1.351951      -3.071290      -0.272282      -1.854207     -16.642414      32.443424       8.349223      -3.314352       4.585744      35.656357     103.622353       0.617904     -83.978683     -64.502670      36.681149     109.910461      -0.068772      56.021587       0.035657      70.914452      -3.048025       0.570821      -1.908610      -2.562305     -43.302212     -89.999405      13.588808      89.995087     -96.090775       1.720238    -119.431679       5.663437     -13.759565     -44.396828       0.093671     -64.683067       0.062040     -71.152199       3.046132       0.585947      -0.409540     -11.463252      -5.919272     -89.999428      14.197406      89.993668     237.882401      60.132351    -376.684601      90.298393      81.933182      88.488815     -15.046716     -14.447823     -10.775329     262.907654      89.038460    -441.451904      -0.442583      -2.033150     -20.239532     340.229767      79.242958    -432.764709     -88.942604     -37.112217      89.738892      -4.438800       5.080151      -6.520707     -53.829212     -83.023384     136.894012       0.162806      -0.713435     -12.507916
     -95.950020       6.021996      28.631475     186.209488     -31.855839      85.058624      59.462177     -86.169098     144.939087       0.136695     -16.517195      -1.407953      -3.133324      -0.298726      -1.786494     -16.940281      32.339085       8.856539      -3.543285       4.659636      35.630108     103.733582       0.656047     -84.051750     -64.298851      36.605953     109.855911      -0.068787      56.093868       0.035787      70.970497      -3.048197       0.573913      -2.054475      -2.816511     -43.292377     -89.999344      13.623673      89.995110     -96.125618       1.823782    -119.408401       5.541459     -13.602561     -44.421387       0.095793     -65.135727       0.064005     -71.225639       3.046504       0.589981      -0.328881     -11.419786      -5.452114     -89.999420      14.222107      89.993668     237.355331      60.038895    -376.186646      90.298622      81.945366      88.496849     -15.047157     -14.664110     -10.836559     264.054047      89.022224    -442.531250      -0.439031      -2.051169     -20.340591     340.107513      79.200485    -432.524902     -88.956169     -37.016445      89.742973      -4.493550       5.238966      -6.651834     -53.593300     -83.034698     137.057678       0.157185      -0.775117     -12.363998
     -95.958870       6.023510      28.619335     186.030533     -31.924738      84.970711      60.494488     -86.216110     145.965057       0.095573     -16.511858      -1.463508      -3.196107      -0.325174      -1.719134     -17.233572      32.233059       9.365846      -3.767616       4.728185      35.609123     103.821449       0.693954     -84.111984     -64.101761      36.530621     109.809212      -0.068843      56.163094       0.035908      71.028221      -3.048423       0.577108      -2.179715      -3.016182     -43.273781     -89.999298      13.657969      89.995132     -96.162605       1.914184    -119.384888       5.421973     -13.463677     -44.444752       0.097951     -65.583740       0.065972     -71.298203       3.046873       0.593972      -0.247893     -11.371360      -4.987786     -89.999405      14.246377      89.993668     236.828476      59.941631    -375.689453      90.300896      81.961525      88.498047     -15.042307     -14.884069     -10.907883     265.521027      89.004807    -443.936279      -0.434907      -2.067926     -20.443703     340.033447      79.154602    -432.335022     -88.961372     -36.931606      89.744926      -4.547003       5.328887      -6.741074     -53.195747     -83.030289     137.259781       0.151270      -0.844192     -12.218234
     -95.968315       6.024944      28.606131     185.837006     -31.993870      84.875496      61.564533     -86.261993     147.029190       0.054041     -16.506800      -1.518393      -3.260077      -0.351926      -1.652493     -17.521896      32.126343       9.875677      -3.987334       4.791556      35.592331     103.892891       0.729086     -84.162376     -63.908680      36.454998     109.767731      -0.068942      56.232330       0.036039      71.085960      -3.048662       0.580286      -2.295587      -3.183898     -43.249546     -89.999268      13.691679      89.995163     -96.201805       1.993687    -119.360970       5.303005     -13.338156     -44.467121       0.100125     -66.027290       0.067967     -71.369949       3.047240       0.597918      -0.166784     -11.319236      -4.526383     -89.999405      14.270249      89.993660     236.300278      59.841488    -375.192932      90.304413      81.981453      88.495834     -15.031915     -15.106549     -10.987900     267.308624      88.985664    -445.667450      -0.430126      -2.082938     -20.548944     339.993134      79.103287    -432.179901     -88.963074     -36.852585      89.746002      -4.607001       5.366808      -6.801463     -52.617939     -83.008820     137.503693       0.145650      -0.908998     -12.073570
     -95.978264       6.026340      28.591953     185.630325     -32.062931      84.773720      62.675003     -86.306831     148.134949       0.011786     -16.501886      -1.572681      -3.325357      -0.378874      -1.587314     -17.805317      32.019405      10.385579      -4.202645       4.850147      35.579269     103.951584       0.761682     -84.204773     -63.718792      36.379608     109.729782      -0.069073      56.302464       0.036193      71.143272      -3.048911       0.583437      -2.405923      -3.328828     -43.221741     -89.999229      13.724832      89.995163     -96.242744       2.063952    -119.336792       5.183958     -13.223533     -44.488842       0.102344     -66.466614       0.069999     -71.440926       3.047590       0.601823      -0.085746     -11.264474      -4.068155     -89.999397      14.293712      89.993668     235.772507      59.739349    -374.698639      90.308907      82.004631      88.491783     -15.017153     -15.330720     -11.075411     269.366028      88.964340    -447.673492      -0.424711      -2.095934     -20.655989     339.969879      79.047729    -432.042633     -88.963501     -36.777721      89.746742      -4.675127       5.362986      -6.837518     -51.835949     -82.967621     137.815277       0.140467      -0.970029     -11.931432
     -95.987862       6.027701      28.577267     185.422852     -32.125759      84.678551      63.698223     -86.353493     149.159592      -0.029795     -16.495764      -1.626311      -3.390384      -0.406049      -1.523125     -18.083941      31.912437      10.895431      -4.413697       4.904231      35.569656     104.000870       0.792231     -84.241135     -63.532104      36.304966     109.694328      -0.069239      56.373257       0.036364      71.200050      -3.049165       0.586557      -2.512722      -3.458380     -43.194511     -89.999222      13.757427      89.995171     -96.284798       2.126009    -119.312668       5.064696     -13.118044     -44.510235       0.104609     -66.901901       0.072084     -71.511139       3.047928       0.605694      -0.004881     -11.207494      -3.613510     -89.999397      14.316789      89.993668     235.376465      59.581337    -374.327484      90.348907      82.037117      88.320763     -14.985164     -15.558643     -11.159313     271.792145      88.938225    -450.052032      -0.417311      -2.103965     -20.764471     339.965576      78.998947    -431.932739     -88.963333     -36.706936      89.747299      -4.750964       5.326286      -6.852105     -50.855419     -82.906517     138.199554       0.135582      -1.028747     -11.792515
     -96.000343       6.029170      28.559872     185.168930     -32.203934      84.545509      65.078583     -86.395035     150.536942      -0.079350     -16.493048      -1.683045      -3.463944      -0.432898      -1.464491     -18.357849      31.806583      11.403782      -4.620947       4.954957      35.562187     104.039467       0.819639     -84.270538     -63.346649      36.231339     109.660408      -0.069397      56.445179       0.036519      71.256416      -3.049405       0.589658      -2.615340      -3.570145     -43.166546     -89.999207      13.789473      89.995171     -96.329704       2.181476    -119.287682       4.944846     -13.021495     -44.531494       0.106914     -67.333321       0.074213     -71.580635       3.048259       0.609518       0.075654     -11.148395      -3.162049     -89.999390      14.339474      89.993668     234.767365      59.496147    -373.756134      90.336761      82.065834      88.402596     -14.979843     -15.793544     -11.280070     274.842865      88.912582    -453.057373      -0.412377      -2.111224     -20.869255     339.953766      78.947281    -431.792389     -88.929108     -36.633705      89.739220      -4.832376       5.267891      -6.853403     -49.731472     -82.831413     138.624985       0.130800      -1.086513     -11.658138
     -96.012001       6.030689      28.542551     184.918243     -32.273178      84.419502      66.365135     -86.435883     151.824036      -0.125663     -16.488712      -1.735557      -3.536658      -0.460083      -1.403905     -18.627207      31.701336      11.911327      -4.824392       5.002172      35.556946     104.069984       0.845384     -84.294533     -63.162624      36.158199     109.627510      -0.069573      56.518082       0.036692      71.312225      -3.049662       0.592720      -2.714566      -3.665845     -43.139069     -89.999191      13.820987      89.995178     -96.375900       2.230999    -119.262756       4.824834     -12.932868     -44.552612       0.109270     -67.760880       0.076398     -71.649414       3.048585       0.613310       0.155861     -11.087040      -2.713901     -89.999359      14.361781      89.993652     234.201935      59.401821    -373.232910      90.333809      82.095947      88.440636     -14.964250     -16.022118     -11.390947     277.413818      88.882263    -455.584930      -0.405683      -2.116518     -20.978224     339.908875      78.868187    -431.634796     -88.948677     -36.565624      89.744720      -4.922604       5.167650      -6.835580     -48.466625     -82.736313     139.092514       0.126542      -1.142067     -11.526070
     -96.024002       6.032166      28.524395     184.658096     -32.341484      84.289764      67.685402     -86.475861     153.148102      -0.173343     -16.484104      -1.788910      -3.610896      -0.487199      -1.344743     -18.892118      31.596807      12.417735      -5.024186       5.046065      35.553955     104.094124       0.869701     -84.314262     -62.980370      36.085930     109.595375      -0.069757      56.591465       0.036863      71.367493      -3.049916       0.595757      -2.810873      -3.748431     -43.112175     -89.999184      13.851974      89.995186     -96.423264       2.275182    -119.237793       4.704702     -12.850679     -44.573566       0.111683     -68.184608       0.078631     -71.717461       3.048893       0.617061       0.235769     -11.023549      -2.269496     -89.999352      14.383709      89.993637     233.673553      59.301758    -372.743408      90.336334      82.128891      88.453903     -14.942565     -16.248941     -11.504154     280.037781      88.847404    -458.171051      -0.397956      -2.120175     -21.089691     339.860931      78.797806    -431.474884     -88.956497     -36.499844      89.747200      -5.016914       5.050358      -6.803047     -47.099106     -82.627502     139.583618       0.122086      -1.197904     -11.397769
     -96.036545       6.033666      28.505220     184.385010     -32.409325      84.153397      69.061470     -86.514709     154.531494      -0.223112     -16.479614      -1.842828      -3.688107      -0.514269      -1.287352     -19.152643      31.493248      12.922434      -5.220512       5.086957      35.552608     104.112289       0.892450     -84.329971     -62.799397      36.014580     109.563797      -0.069964      56.665222       0.037051      71.422310      -3.050155       0.598769      -2.904405      -3.819489     -43.086517     -89.999184      13.882436      89.995178     -96.472061       2.314918    -119.212700       4.584414     -12.774442     -44.594448       0.114156     -68.604637       0.080944     -71.784805       3.049197       0.620768       0.315310     -10.957981      -1.828794     -89.999359      14.405272      89.993652     233.164139      59.197884    -372.271515      90.341805      82.164749      88.455238     -14.917974     -16.476278     -11.622452     282.763824      88.807907    -460.863068      -0.389473      -2.121370     -21.202456     339.804260      78.729370    -431.306335     -88.959213     -36.435612      89.748398      -5.114307       4.916317      -6.759226     -45.681328     -82.508873     140.066391       0.117726      -1.253485     -11.273487
     -96.049706       6.035245      28.484995     184.097626     -32.477016      84.008926      70.504074     -86.552017     155.984604      -0.275070     -16.475496      -1.897148      -3.768824      -0.541464      -1.231374     -19.408886      31.390835      13.425087      -5.413496       5.125146      35.552536     104.124741       0.913905     -84.341751     -62.619202      35.944008     109.532570      -0.070150      56.739288       0.037218      71.476669      -3.050386       0.601752      -2.995328      -3.879912     -43.063034     -89.999199      13.912392      89.995216     -96.522331       2.351040    -119.187485       4.464015     -12.703856     -44.615231       0.116703     -69.021004       0.083324     -71.851433       3.049508       0.624448       0.394440     -10.890419      -1.391652     -89.999352      14.426485      89.993660     232.661652      59.089161    -371.806305      90.349037      82.204399      88.450676     -14.896418     -16.705540     -11.749253     285.708466      88.763504    -463.773682      -0.380609      -2.119360     -21.313931     339.735565      78.659340    -431.125092     -88.960175     -36.371944      89.749138      -5.213655       4.766563      -6.706394     -44.251869     -82.383751     140.521225       0.113417      -1.308896     -11.152932
     -96.063538       6.036921      28.463791     183.795547     -32.544594      83.855331      72.022430     -86.587219     157.516113      -0.329055     -16.472002      -1.951595      -3.853184      -0.568919      -1.176280     -19.660864      31.289919      13.925323      -5.603281       5.160881      35.553455     104.131592       0.933278     -84.349640     -62.439022      35.873661     109.501427      -0.070379      56.814957       0.037430      71.529671      -3.050621       0.604656      -3.069859      -3.935265     -43.042175     -89.999168      13.941848      89.995193     -96.574493       2.383830    -119.161980       4.343570     -12.638535     -44.635937       0.119318     -69.433716       0.085780     -71.917374       3.049797       0.628080       0.473155     -10.820795      -0.957936     -89.999344      14.447341      89.993660     232.153427      58.972721    -371.334717      90.357155      82.247116      88.443832     -14.886998     -16.937214     -11.886818     289.075104      88.711884    -467.101654      -0.372425      -2.112723     -21.418278     339.671631      78.584717    -430.947876     -88.960213     -36.309013      89.749611      -5.313727       4.606261      -6.658517     -42.818745     -82.254181     140.965744       0.108836      -1.364004     -11.037297
     -96.078926       6.038617      28.440535     183.465836     -32.617645      83.684875      73.704353     -86.620590     159.214172      -0.388784     -16.469664      -2.009583      -3.944483      -0.596464      -1.123983     -19.908707      31.190653      14.422670      -5.790034       5.194512      35.554958     104.132301       0.950708     -84.353241     -62.258827      35.804153     109.470398      -0.070588      56.891350       0.037622      71.582642      -3.050848       0.607565      -3.134849      -3.982879     -43.024338     -89.999176      13.970807      89.995201     -96.628845       2.414122    -119.136040       4.223019     -12.578382     -44.656570       0.122009     -69.842857       0.088312     -71.982643       3.050084       0.631680       0.551431     -10.749204      -0.527372     -89.999344      14.467843      89.993660     231.654984      58.852402    -370.866882      90.366547      82.294746      88.435028     -14.875951     -17.173353     -12.033442     292.898865      88.649712    -470.891541      -0.363630      -2.100481     -21.520983     339.642578      78.535095    -430.794189     -88.903122     -36.245159      89.735794      -5.409845       4.457038      -6.613471     -41.428829     -82.126892     141.387833       0.103771      -1.420711     -10.927077
     -96.093735       6.040470      28.417284     183.136612     -32.682098      83.518143      75.320023     -86.653152     160.850510      -0.446445     -16.466541      -2.063650      -4.037122      -0.624536      -1.069725     -20.152473      31.092878      14.917468      -5.973723       5.225876      35.557117     104.128304       0.966636     -84.353531     -62.078434      35.734833     109.439362      -0.070803      56.968388       0.037811      71.635170      -3.051087       0.610445      -3.192410      -4.022616     -43.010025     -89.999161      13.999295      89.995186     -96.684776       2.442022    -119.110100       4.102612     -12.523003     -44.677059       0.124798     -70.248383       0.090931     -72.047241       3.050359       0.635237       0.629298     -10.675516      -0.099962     -89.999344      14.488001      89.993660     231.196060      58.670609    -370.446503      90.414795      82.358711      88.270805     -14.857702     -17.393763     -12.174651     296.499115      88.582527    -474.444397      -0.354790      -2.079911     -21.614347     339.544617      78.444839    -430.589722     -88.935432     -36.184517      89.744217      -5.505542       4.301348      -6.580992     -40.194798     -82.012627     141.699234       0.100393      -1.469974     -10.822658
     -96.110855       6.042315      28.391476     182.765747     -32.761360      83.320244      77.271118     -86.678650     162.815460      -0.511133     -16.465508      -2.120891      -4.137952      -0.652538      -1.018304     -20.392376      30.997147      15.409052      -6.154669       5.255627      35.559490     104.118515       0.980604     -84.349800     -61.896908      35.665745     109.408150      -0.071011      57.046051       0.037997      71.687279      -3.051312       0.613303      -3.242742      -4.053932     -42.999489     -89.999153      14.027290      89.995193     -96.743233       2.468251    -119.083488       3.982189     -12.472318     -44.697235       0.127647     -70.650406       0.093620     -72.111168       3.050622       0.638769       0.706704     -10.599766       0.324535     -89.999352      14.507824      89.993652     230.577103      58.558544    -369.872314      90.406532      82.410744      88.341957     -14.848507     -17.616823     -12.329828     299.909912      88.508354    -477.817413      -0.346880      -2.056197     -21.711372     339.403717      78.358109    -430.324066     -88.949532     -36.122875      89.748161      -5.595026       4.150377      -6.547124     -39.056862     -81.905373     141.972809       0.096336      -1.522075     -10.719932
     -96.129440       6.044350      28.362825     182.359924     -32.842667      83.105240      79.371994     -86.702766     164.938248      -0.582872     -16.464478      -2.181176      -4.249362      -0.680702      -0.969993     -20.628550      30.903532      15.897253      -6.332973       5.283970      35.561554     104.101555       0.991980     -84.341019     -61.713165      35.596428     109.376564      -0.071209      57.124950       0.038169      71.738930      -3.051523       0.616127      -3.285989      -4.075112     -42.994377     -89.999153      14.054825      89.995193     -96.804886       2.493269    -119.056564       3.861830     -12.427340     -44.717514       0.130600     -71.048943       0.096418     -72.174461       3.050884       0.642260       0.783649     -10.521879       0.746737     -89.999344      14.527330      89.993668     229.997742      58.450073    -369.334961      90.411072      82.477829      88.367729     -14.819091     -17.799421     -12.451783     302.802490      88.432961    -480.680969      -0.336232      -2.027970     -21.814222     339.225006      78.280945    -430.019470     -88.955055     -36.064434      89.749939      -5.676950       3.998544      -6.511648     -38.040092     -81.807625     142.188980       0.092474      -1.573689     -10.619148
     -96.149918       6.046498      28.330780     181.910522     -32.928112      82.866730      81.675049     -86.723236     167.270447      -0.662889     -16.463732      -2.244959      -4.373250      -0.709012      -0.924970     -20.861183      30.812277      16.382074      -6.508778       5.311241      35.563091     104.076080       1.000522     -84.326355     -61.525860      35.526207     109.344337      -0.071438      57.205505       0.038374      71.790085      -3.051744       0.618931      -3.321703      -4.083264     -42.996811     -89.999146      14.081898      89.995201     -96.870209       2.517444    -119.029266       3.741614     -12.388690     -44.737885       0.133644     -71.443993       0.099301     -72.237114       3.051142       0.645710       0.860159     -10.441690       1.167209     -89.999336      14.546488      89.993660     229.428574      58.346420    -368.807434      90.423996      82.560822      88.368309     -14.769760     -17.946350     -12.548191     305.310425      88.357338    -483.170410      -0.323135      -1.992888     -21.922308     338.985870      78.210175    -429.652313     -88.957077     -36.011318      89.750870      -5.750710       3.840725      -6.471229     -37.141457     -81.718674     142.349945       0.088946      -1.623941     -10.519464
     -96.172127       6.048567      28.295443     181.419373     -33.013683      82.606567      84.134178     -86.738953     169.768707      -0.750363     -16.462858      -2.311404      -4.509768      -0.737505      -0.882370     -21.090431      30.723454      16.863579      -6.682203       5.337622      35.564075     104.041092       1.006054     -84.305229     -61.334011      35.454407     109.311188      -0.071684      57.288162       0.038596      71.840599      -3.051957       0.621690      -3.349144      -4.075619     -43.008713     -89.999146      14.108510      89.995178     -96.939499       2.540982    -119.001663       3.621629     -12.356672     -44.758301       0.136762     -71.835541       0.102264     -72.299149       3.051386       0.649131       0.936250     -10.359113       1.586400     -89.999336      14.565339      89.993660     228.888474      58.247860    -368.306030      90.441650      82.651161      88.356827     -14.719912     -18.111023     -12.654173     307.002686      88.292160    -484.850433      -0.308473      -1.957530     -22.034285     338.704376      78.140381    -429.242950     -88.957611     -35.960911      89.751350      -5.817259       3.678062      -6.426122     -36.339993     -81.636757     142.472900       0.085293      -1.674559     -10.420082
     -96.192078       6.052284      28.268381     181.029831     -33.058567      82.372650      85.746117     -86.731354     171.429306      -0.813405     -16.470581      -2.367435      -4.624653      -0.771055      -0.817851     -21.315598      30.636721      17.342396      -6.852766       5.361580      35.568504     104.004852       1.011650     -84.283226     -61.139313      35.379917     109.277115      -0.071915      57.371395       0.038785      71.890221      -3.052157       0.624399      -3.370487      -4.057034     -43.028446     -89.999138      14.134674      89.995186     -97.008743       2.563143    -118.972511       3.501929     -12.326753     -44.779873       0.140001     -72.223389       0.105344     -72.360504       3.051634       0.652527       1.012086     -10.274627       2.002964     -89.999329      14.583869      89.993652     228.533112      58.237511    -367.972168      90.401642      82.676575      88.511116     -14.747536     -18.206873     -12.788412     307.719330      88.264763    -485.535858      -0.311331      -1.952457     -22.121649     338.186554      78.109398    -428.639404     -88.957443     -35.904854      89.751740      -5.882092       3.524525      -6.381390     -35.590294     -81.557495     142.606522       0.080379      -1.732039     -10.320450
     -96.203049       6.056674      28.255411     180.842438     -33.059368      82.246490      86.217209     -86.723900     171.944839      -0.838453     -16.476654      -2.419844      -4.683184      -0.807516      -0.725950     -21.536003      30.549349      17.821127      -7.019237       5.379090      35.580448     103.991669       1.025157     -84.276688     -60.954765      35.304932     109.244057      -0.072146      57.449131       0.038968      71.938583      -3.052380       0.627068      -3.393613      -4.058248     -43.036606     -89.999146      14.160403      89.995193     -97.067802       2.581026    -118.943306       3.382919     -12.285804     -44.801769       0.143345     -72.607483       0.108545     -72.421036       3.051866       0.655871       1.087761     -10.190198       2.410169     -89.999321      14.602089      89.993652     228.485672      58.255180    -367.928223      90.390999      82.688843      88.551582     -14.787644     -18.163311     -12.812388     309.054688      88.231857    -486.828674      -0.313614      -1.956853     -22.196272     337.675140      78.128052    -428.098938     -88.958176     -35.858635      89.752251      -5.937052       3.402410      -6.351696     -34.890785     -81.482559     142.769348       0.074436      -1.796250     -10.223038
     -96.209038       6.059259      28.248043     180.740768     -33.053783      82.181252      86.416733     -86.723694     172.179459      -0.852514     -16.476011      -2.469752      -4.718509      -0.839724      -0.636185     -21.752563      30.460443      18.297985      -7.182374       5.392070      35.594955     104.000946       1.046401     -84.285408     -60.785992      35.235428     109.213684      -0.072365      57.519958       0.039140      71.986694      -3.052600       0.629754      -3.420058      -4.094051     -43.018883     -89.999138      14.185708      89.995193     -97.117722       2.595780    -118.915710       3.264176     -12.233390     -44.820656       0.146836     -72.988525       0.111905     -72.480721       3.052074       0.659171       1.162928     -10.106632       2.805394     -89.999321      14.620000      89.993637     228.510300      58.256535    -367.951172      90.400436      82.699905      88.519829     -14.813855     -18.114450     -12.826422     310.762756      88.185432    -488.495239      -0.313454      -1.956228     -22.268253     337.290497      78.146118    -427.703369     -88.987656     -35.823715      89.759804      -5.981615       3.298218      -6.337415     -34.320431     -81.421890     142.896210       0.069527      -1.854987     -10.129567
     -96.212418       6.060776      28.243839     180.685928     -33.048843      82.148613      86.549095     -86.727432     172.340668      -0.863297     -16.471910      -2.518959      -4.743542      -0.868803      -0.550049     -21.962420      30.367823      18.757412      -7.344239       5.405975      35.619209     104.029060       1.071548     -84.306808     -60.631096      35.172886     109.186050      -0.072538      57.583889       0.039281      72.035141      -3.052819       0.632481      -3.450681      -4.165192     -42.973675     -89.999146      14.210585      89.995201     -97.162964       2.608572    -118.889320       3.144827     -12.172997     -44.835621       0.150490     -73.366898       0.115434     -72.539665       3.052284       0.662416       1.237216     -10.023936       3.190118     -89.999313      14.637608      89.993637     228.562057      58.250530    -367.995972      90.415497      82.706497      88.466469     -14.835639     -18.068785     -12.840774     312.624634      88.130310    -490.314423      -0.312882      -1.951668     -22.337309     336.966675      78.162491    -427.374664     -89.038979     -35.794205      89.772743      -6.017246       3.206086      -6.334160     -33.868412     -81.373207     143.000717       0.065095      -1.910228     -10.037734
     -96.214485       6.061749      28.241440     180.656937     -33.045830      82.133163      86.689095     -86.733261     172.507065      -0.874237     -16.466276      -2.567645      -4.764123      -0.895564      -0.470597     -22.168095      30.275469      19.209211      -7.503511       5.417949      35.641052     104.070465       1.099236     -84.337357     -60.489418      35.118092     109.161224      -0.072684      57.642105       0.039417      72.084129      -3.053042       0.635271      -3.485639      -4.266678     -42.904999     -89.999146      14.235050      89.995193     -97.204559       2.619218    -118.863708       3.026708     -12.108572     -44.847511       0.154317     -73.742706       0.119135     -72.597839       3.052494       0.665622       1.310773      -9.940661       3.565383     -89.999298      14.654925      89.993622     228.628708      58.241199    -368.050720      90.431465      82.707718      88.407722     -14.855720     -18.027367     -12.856794     314.504303      88.069214    -492.149872      -0.312166      -1.944605     -22.404037     336.672455      78.177971    -427.077393     -89.102585     -35.767532      89.788689      -6.044809       3.121837      -6.338971     -33.519409     -81.333916     143.092331       0.060938      -1.963874      -9.946103
     -96.215912       6.062467      28.240072     180.642075     -33.044846      82.126572      86.860031     -86.740189     172.703629      -0.886455     -16.460058      -2.616056      -4.783198      -0.920691      -0.397145     -22.370123      30.183996      19.655066      -7.660313       5.428524      35.659523     104.120926       1.128196     -84.374321     -60.358868      35.070232     109.138824      -0.072799      57.695728       0.039529      72.133522      -3.053251       0.638071      -3.523297      -4.391303     -42.818279     -89.999146      14.259099      89.995186     -97.243843       2.628123    -118.838722       2.910304     -12.042347     -44.856834       0.158279     -74.115791       0.122963     -72.655319       3.052701       0.668788       1.383651      -9.856380       3.932499     -89.999306      14.671966      89.993622     228.705002      58.230450    -368.110901      90.446716      82.703926      88.349396     -14.875189     -17.989851     -12.874535     316.332245      88.003815    -493.932343      -0.311373      -1.935942     -22.469021     336.392670      78.192932    -426.794525     -89.173378     -35.742691      89.806381      -6.062583       3.051030      -6.352919     -33.370567     -81.324249     143.084305       0.056587      -2.020698      -9.858112
     -96.217598       6.063134      28.238890     180.626053     -33.050179      82.116638      87.142494     -86.745407     173.007797      -0.901302     -16.454693      -2.664786      -4.803721      -0.945338      -0.327700     -22.568811      30.093790      20.095270      -7.814989       5.438627      35.674194     104.177483       1.157048     -84.415787     -60.236599      35.028225     109.118309      -0.072913      57.745289       0.039657      72.183304      -3.053449       0.640879      -3.562984      -4.532889     -42.718227     -89.999146      14.282743      89.995193     -97.283035       2.635835    -118.814377       2.795442     -11.974920     -44.861439       0.162399     -74.486221       0.126937     -72.712196       3.052908       0.671913       1.455533      -9.770962       4.292748     -89.999298      14.688701      89.993637     228.727615      58.227486    -368.118073      90.442825      82.693069      88.356964     -14.899200     -17.963362     -12.903850     318.214294      87.929756    -495.766541      -0.310382      -1.925099     -22.531940     336.123596      78.204010    -426.515228     -89.242737     -35.717846      89.823708      -6.070935       2.985801      -6.375181     -33.376156     -81.330589     143.037170       0.052545      -2.072579      -9.770284
     -96.219307       6.063841      28.237915     180.611923     -33.055935      82.107246      87.417641     -86.750374     173.303146      -0.916468     -16.449438      -2.720564      -4.833985      -0.972335      -0.224599     -22.726871      29.972483      20.368120      -7.984065       5.488650      35.815765     104.247337       1.182552     -84.465698     -60.103622      34.983356     109.095909      -0.073032      57.787376       0.039781      72.232758      -3.053642       0.643690      -3.606511      -4.691936     -42.605759     -89.999146      14.306008      89.995186     -97.336449       2.653648    -118.792580       2.669364     -11.905001     -44.850964       0.166698     -74.853912       0.131166     -72.769196       3.053080       0.675060       1.524897      -9.688675       4.654981     -89.999298      14.705167      89.993622     228.760117      58.224255    -368.132538      90.439201      82.678986      88.362099     -14.921674     -17.937841     -12.931638     319.986542      87.852890    -497.491028      -0.309311      -1.913196     -22.594324     335.860962      78.214577    -426.242004     -89.310585     -35.693649      89.840645      -6.073761       2.920804      -6.401945     -33.399715     -81.329903     143.040771       0.048961      -2.122366      -9.678161
     -96.220932       6.064518      28.237131     180.600220     -33.061722      82.099266      87.677139     -86.754959     173.581345      -0.931828     -16.445200      -2.781290      -4.874655      -1.004455      -0.093897     -22.842310      29.835188      20.466660      -8.159832       5.566439      36.026531     104.326881       1.203885     -84.522385     -59.969429      34.944168     109.074341      -0.073096      57.819530       0.039879      72.283363      -3.053845       0.646581      -3.651408      -4.873790     -42.471046     -89.999138      14.328866      89.995171     -97.402924       2.672078    -118.771515       2.541050     -11.843275     -44.818443       0.171299     -75.219177       0.135679     -72.826019       3.053266       0.678190       1.592398      -9.603394       5.023636     -89.999290      14.721361      89.993622     228.798309      58.221016    -368.151367      90.435417      82.662849      88.366356     -14.943686     -17.913656     -12.959477     321.641541      87.773911    -499.098083      -0.308135      -1.900877     -22.656126     335.603180      78.225082    -425.973816     -89.378159     -35.670010      89.857491      -6.073243       2.856089      -6.431558     -33.434048     -81.325058     143.072937       0.045669      -2.171765      -9.583200
     -96.222328       6.065091      28.236635     180.593063     -33.067459      82.094635      87.953270     -86.759972     173.878143      -0.948106     -16.441126      -2.839634      -4.912481      -1.036033       0.022783     -22.950766      29.716534      20.553745      -8.324192       5.632047      36.181450     104.404060       1.224831     -84.578293     -59.850060      34.914631     109.056084      -0.073145      57.850307       0.039978      72.334808      -3.054045       0.649502      -3.696646      -5.065269     -42.327919     -89.999130      14.351346      89.995171     -97.465500       2.683387    -118.751350       2.423118     -11.787546     -44.782742       0.176052     -75.580276       0.140268     -72.881638       3.053471       0.681249       1.661311      -9.509746       5.386588     -89.999283      14.737279      89.993629     228.848724      58.216347    -368.180450      90.434052      82.645973      88.360992     -14.964969     -17.889637     -12.986360     323.170197      87.693939    -500.578888      -0.306882      -1.888517     -22.717480     335.349945      78.236435    -425.710938     -89.446945     -35.647144      89.874619      -6.070869       2.791615      -6.462918     -33.474846     -81.318069     143.118484       0.042580      -2.220861      -9.486653
     -96.223854       6.065671      28.236122     180.584610     -33.075302      82.088516      88.283501     -86.764580     174.229309      -0.966092     -16.437025      -2.896623      -4.950531      -1.066678       0.132223     -23.036451      29.647236      20.612059      -8.450555       5.624578      36.235592     104.482712       1.246048     -84.635895     -59.737511      34.888973     109.039192      -0.073200      57.879017       0.040073      72.386116      -3.054240       0.652405      -3.744277      -5.263219     -42.182858     -89.999123      14.373464      89.995163     -97.527893       2.691690    -118.731804       2.306083     -11.733179     -44.745739       0.180929     -75.937477       0.144991     -72.936554       3.053664       0.684276       1.730216      -9.414597       5.745279     -89.999275      14.752929      89.993629     228.886276      58.213566    -368.196289      90.428352      82.627411      88.371185     -14.986601     -17.867723     -13.014961     324.637238      87.610237    -501.997864      -0.305455      -1.875043     -22.778412     335.098297      78.246490    -425.447144     -89.515373     -35.624096      89.891632      -6.068000       2.726848      -6.495139     -33.519455     -81.310188     143.167252       0.039711      -2.269507      -9.389380
     -96.225296       6.066240      28.235704     180.577713     -33.083778      82.083626      88.655121     -86.769455     174.624451      -0.985843     -16.433151      -2.949654      -4.985168      -1.095358       0.222688     -23.079681      29.640617      20.629166      -8.528984       5.559546      36.219528     104.558334       1.268408     -84.692497     -59.639061      34.871429     109.025291      -0.073256      57.905956       0.040165      72.437866      -3.054419       0.655314      -3.793061      -5.468389     -42.033352     -89.999130      14.395192      89.995163     -97.585823       2.693299    -118.713348       2.195320     -11.681582     -44.708172       0.185944     -76.291649       0.149827     -72.990570       3.053866       0.687248       1.799255      -9.317459       6.097070     -89.999275      14.768312      89.993629     228.929611      58.210190    -368.216278      90.423615      82.608246      88.377617     -15.008164     -17.846622     -13.043304     325.996033      87.525711    -503.308441      -0.303936      -1.861501     -22.838976     334.848480      78.257011    -425.184753     -89.583961     -35.601215      89.908676      -6.065026       2.662187      -6.527677     -33.565487     -81.302216     143.214584       0.036984      -2.317815      -9.292062
     -96.226700       6.066792      28.235350     180.571762     -33.091835      82.079391      89.021500     -86.774071     175.014603      -1.005011     -16.429518      -3.000462      -5.014290      -1.122322       0.301792     -23.112698      29.649090      20.636854      -8.600176       5.496721      36.207268     104.626465       1.289834     -84.744522     -59.550152      34.859272     109.013313      -0.073303      57.934353       0.040248      72.489632      -3.054608       0.658204      -3.842072      -5.670128     -41.887886     -89.999115      14.416579      89.995163     -97.638405       2.692882    -118.696983       2.090035     -11.629619     -44.673073       0.191090     -76.642601       0.154782     -73.043701       3.054081       0.690174       1.868627      -9.219161       6.440047     -89.999275      14.783453      89.993629     228.975876      58.206696    -368.238983      90.419060      82.588470      88.382759     -15.029809     -17.826372     -13.071774     327.265106      87.439995    -504.529236      -0.302336      -1.847741     -22.899202     334.599457      78.267357    -424.923553     -89.652725     -35.578449      89.925751      -6.062317       2.597669      -6.560312     -33.611721     -81.294487     143.257767       0.034370      -2.365737      -9.195081
     -96.228127       6.067358      28.235003     180.565781     -33.098946      82.074974      89.363747     -86.778389     175.380219      -1.023054     -16.425940      -3.050006      -5.040061      -1.148646       0.377288     -23.141394      29.665987      20.639921      -8.667824       5.434204      36.196663     104.688179       1.310075     -84.792404     -59.465752      34.849865     109.002251      -0.073357      57.963539       0.040331      72.541115      -3.054776       0.661080      -3.891200      -5.864949     -41.749454     -89.999115      14.437584      89.995163     -97.688225       2.693051    -118.681938       1.986034     -11.576132     -44.640362       0.196390     -76.990585       0.159901     -73.096115       3.054269       0.693063       1.937738      -9.122316       6.776770     -89.999275      14.798330      89.993637     229.024109      58.203247    -368.264008      90.414467      82.567986      88.387573     -15.051539     -17.806925     -13.100336     328.455078      87.353027    -505.670990      -0.300613      -1.833667     -22.959167     334.349762      78.277161    -424.662445     -89.721375     -35.555614      89.942772      -6.060129       2.533282      -6.592795     -33.657364     -81.287201     143.295654       0.031889      -2.413233      -9.098691
     -96.229485       6.067926      28.234716     180.560959     -33.104393      82.071434      89.667397     -86.782768     175.707184      -1.039761     -16.422209      -3.098486      -5.063094      -1.174673       0.451224     -23.167412      29.688381      20.640007      -8.733068       5.371894      36.186867     104.744209       1.329066     -84.836449     -59.384663      34.842587     108.991837      -0.073436      57.993134       0.040439      72.592300      -3.054943       0.663918      -3.940039      -6.052407     -41.617458     -89.999123      14.458248      89.995163     -97.736198       2.694216    -118.667847       1.882536     -11.521106     -44.609634       0.201897     -77.335770       0.165251     -73.147484       3.054456       0.695900       2.001463      -9.027388       7.107281     -89.999275      14.812964      89.993645     229.082092      58.198689    -368.298767      90.412117      82.547295      88.383705     -15.073063     -17.787306     -13.127948     329.560577      87.265823    -506.728241      -0.298779      -1.819567     -23.018890     334.098480      78.286972    -424.401611     -89.790558     -35.533001      89.959915      -6.058404       2.469118      -6.624929     -33.701748     -81.280403     143.328415       0.029527      -2.460313      -9.003048
     -96.231049       6.068542      28.234293     180.553177     -33.110058      82.065201      89.967941     -86.786179     176.029785      -1.055878     -16.418699      -3.146234      -5.084536      -1.200559       0.523928     -23.191536      29.714666      20.637957      -8.796550       5.309994      36.177540     104.794914       1.346416     -84.876770     -59.306259      34.837189     108.982002      -0.073512      58.022984       0.040532      72.643196      -3.055121       0.666734      -3.988244      -6.232632     -41.491180     -89.999100      14.478565      89.995163     -97.782974       2.696223    -118.654266       1.779364     -11.465034     -44.580875       0.207643     -77.678162       0.170848     -73.198219       3.054625       0.698703       2.054476      -8.934429       7.430468     -89.999275      14.827344      89.993645     229.127823      58.196060    -368.322601      90.406067      82.525307      88.393623     -15.095327     -17.769789     -13.157266     330.619080      87.176071    -507.738281      -0.296800      -1.804620     -23.078323     333.844788      78.295174    -424.137390     -89.858711     -35.509808      89.976799      -6.057480       2.404933      -6.656687     -33.744858     -81.274071     143.355804       0.027245      -2.506968      -8.908182
     -96.232628       6.069180      28.233850     180.545212     -33.114574      82.058807      90.241898     -86.789406     176.325684      -1.071087     -16.415110      -3.193144      -5.104276      -1.226256       0.595704     -23.214338      29.743361      20.634550      -8.858614       5.248572      36.168690     104.840538       1.363223     -84.913521     -59.230309      34.833458     108.972649      -0.073591      58.053028       0.040621      72.693810      -3.055287       0.669531      -4.035700      -6.406072     -41.369987     -89.999100      14.498540      89.995163     -97.828316       2.699407    -118.641167       1.676569     -11.408121     -44.553978       0.213661     -78.017883       0.176723     -73.248482       3.054778       0.701482       2.102485      -8.842587       7.747538     -89.999268      14.841489      89.993629     229.177811      58.193115    -368.350952      90.400726      82.503014      88.400253     -15.117626     -17.752382     -13.186045     331.609344      87.085892    -508.680145      -0.294693      -1.789512     -23.137533     333.588562      78.303169    -423.871826     -89.926865     -35.486671      89.993660      -6.057084       2.340922      -6.687933     -33.786392     -81.268196     143.378586       0.025086      -2.553228      -8.814162
     -96.234222       6.069826      28.233404     180.537216     -33.118252      82.052322      90.493568     -86.792465     176.598892      -1.085451     -16.411436      -3.239307      -5.122382      -1.251816       0.666783     -23.235949      29.773918      20.629976      -8.919503       5.187705      36.160309     104.882004       1.378289     -84.947197     -59.156658      34.831272     108.963799      -0.073673      58.083157       0.040718      72.744125      -3.055452       0.672311      -4.082314      -6.573359     -41.253178     -89.999100      14.518187      89.995155     -97.872917       2.702967    -118.628326       1.574221     -11.350553     -44.528706       0.219983     -78.354897       0.182910     -73.298126       3.054926       0.704234       2.146263      -8.751457       8.058949     -89.999268      14.855402      89.993637     229.229401      58.190044    -368.381348      90.395767      82.480499      88.405617     -15.140045     -17.735260     -13.214612     332.541351      86.994972    -509.563690      -0.292463      -1.774098     -23.196524     333.330383      78.310783    -423.605042     -89.995361     -35.463539      90.010597      -6.057188       2.277081      -6.718687     -33.826469     -81.262726     143.397125       0.023004      -2.599102      -8.720981
     -96.235832       6.070476      28.232956     180.529068     -33.121284      82.045677      90.727173     -86.795341     176.853592      -1.099092     -16.407677      -3.284784      -5.139087      -1.277237       0.737095     -23.256729      29.805435      20.624739      -8.979379       5.127450      36.152367     104.919380       1.393006     -84.977936     -59.085178      34.830498     108.955376      -0.073752      58.113293       0.040807      72.794159      -3.055619       0.675076      -4.128051      -6.735076     -41.140083     -89.999092      14.537499      89.995155     -97.916306       2.707441    -118.615746       1.472354     -11.292521     -44.504898       0.226625     -78.689232       0.189415     -73.347214       3.055068       0.706943       2.186224      -8.660837       8.365022     -89.999275      14.869081      89.993637     229.281311      58.186996    -368.412506      90.390770      82.457718      88.410965     -15.162566     -17.718483     -13.243079     333.421173      86.903259    -510.395081      -0.290101      -1.758333     -23.255306     333.070465      78.317894    -423.337097     -90.064293     -35.440353      90.027611      -6.057806       2.213408      -6.748929     -33.865089     -81.257607     143.411896       0.021015      -2.644600      -8.628640
     -96.237343       6.071124      28.232563     180.522263     -33.122818      82.040222      90.930847     -86.798477     177.078842      -1.111912     -16.403675      -3.329585      -5.154366      -1.302514       0.806844     -23.276682      29.837780      20.618839      -9.038376       5.067827      36.144833     104.953484       1.406166     -85.006134     -59.015778      34.831062     108.947372      -0.073830      58.143379       0.040892      72.843903      -3.055771       0.677832      -4.172886      -6.891790     -41.030193     -89.999084      14.556496      89.995148     -97.959167       2.712068    -118.603294       1.371028     -11.234137     -44.482384       0.233585     -79.020897       0.196245     -73.395721       3.055205       0.709624       2.222728      -8.570552       8.665980     -89.999275      14.882518      89.993622     229.345398      58.182316    -368.455414      90.388763      82.435318      88.404259     -15.184108     -17.700373     -13.269142     334.243103      86.811981    -511.168854      -0.287636      -1.742383     -23.314083     332.808563      78.325195    -423.068939     -90.134239     -35.417473      90.044876      -6.058771       2.149971      -6.778673     -33.902336     -81.252815     143.423325       0.019115      -2.689708      -8.537135
     -96.238976       6.071773      28.232107     180.513657     -33.125229      82.033035      91.140213     -86.800850     177.308105      -1.124375     -16.399729      -3.373834      -5.168648      -1.327643       0.875795     -23.296072      29.870476      20.612593      -9.096608       5.008913      36.137657     104.984360       1.418806     -85.031921     -58.948338      34.832882     108.939766      -0.073914      58.173321       0.040979      72.893356      -3.055941       0.680571      -4.216798      -7.044049     -40.923019     -89.999084      14.575171      89.995155     -98.001190       2.717211    -118.590973       1.270249     -11.175558     -44.461063       0.240938     -79.349884       0.203467     -73.443649       3.055349       0.712275       2.256103      -8.480571       8.962064     -89.999268      14.895740      89.993629     229.390869      58.180172    -368.481476      90.382103      82.411903      88.416328     -15.207616     -17.685148     -13.298899     335.036560      86.718163    -511.913513      -0.284974      -1.725840     -23.372269     332.545837      78.331108    -422.798645     -90.204094     -35.394135      90.062103      -6.060322       2.086628      -6.807949     -33.938248     -81.248291     143.431763       0.017294      -2.734500      -8.446420
     -96.240616       6.072445      28.231613     180.504684     -33.126904      82.025604      91.335251     -86.803131     177.523193      -1.136451     -16.395741      -3.417556      -5.182136      -1.352636       0.944038     -23.315014      29.903296      20.606125      -9.154161       4.950752      36.130707     105.012146       1.430927     -85.055374     -58.882637      34.835823     108.932533      -0.073992      58.203163       0.041066      72.942528      -3.056098       0.683287      -4.259767      -7.192036     -40.818401     -89.999084      14.593533      89.995148     -98.042488       2.722848    -118.578766       1.170034     -11.117021     -44.440865       0.248662     -79.676216       0.211064     -73.491035       3.055487       0.714890       2.286648      -8.390765       9.253524     -89.999260      14.908742      89.993622     229.441025      58.177494    -368.512177      90.376503      82.388466      88.423912     -15.230448     -17.669289     -13.327024     335.785522      86.624138    -512.613892      -0.282190      -1.708833     -23.430468     332.280853      78.336678    -422.526794     -90.274200     -35.370853      90.079384      -6.062266       2.023385      -6.836753     -33.972923     -81.244019     143.437149       0.015555      -2.778893      -8.356502
     -96.242249       6.073115      28.231136     180.496017     -33.127964      82.018417      91.515373     -86.805389     177.723175      -1.148023     -16.391621      -3.460704      -5.194676      -1.377493       1.011766     -23.333462      29.936220      20.599400      -9.211064       4.893342      36.124004     105.037369       1.441969     -85.076797     -58.818661      34.839813     108.925659      -0.074062      58.232815       0.041142      72.991409      -3.056244       0.685986      -4.301822      -7.336164     -40.716061     -89.999077      14.611583      89.995155     -98.083344       2.728550    -118.566582       1.070446     -11.058580     -44.421658       0.256877     -79.999924       0.219155     -73.537857       3.055618       0.717482       2.314629      -8.301041       9.540509     -89.999268      14.921527      89.993637     229.493042      58.174580    -368.544952      90.371521      82.365028      88.429497     -15.253272     -17.653358     -13.354688     336.494720      86.529732    -513.274536      -0.279276      -1.691534     -23.488472     332.014252      78.341965    -422.253937     -90.344986     -35.347649      90.096786      -6.064542       1.960299      -6.865054     -34.006310     -81.239983     143.440018       0.013901      -2.822928      -8.267377
     -96.243782       6.073776      28.230726     180.488861     -33.127781      82.012589      91.671211     -86.807976     177.899414      -1.158964     -16.387249      -3.503278      -5.206189      -1.402163       1.078991     -23.351461      29.969074      20.592495      -9.267361       4.836668      36.117527     105.060379       1.452030     -85.096397     -58.756374      34.844807     108.919090      -0.074151      58.262245       0.041230      73.040009      -3.056389       0.688672      -4.343007      -7.476839     -40.615726     -89.999084      14.629328      89.995171     -98.123772       2.734254    -118.554474       0.971511     -11.000237     -44.403328       0.265551     -80.321007       0.227697     -73.584137       3.055741       0.720039       2.340316      -8.211479       9.823153     -89.999275      14.934088      89.993637     229.556534      58.170036    -368.588715      90.369209      82.342072      88.423622     -15.275114     -17.635994     -13.379967     337.161285      86.435898    -513.892944      -0.276245      -1.674049     -23.546490     331.746155      78.347458    -421.981232     -90.416962     -35.324791      90.114502      -6.067043       1.897412      -6.892875     -34.038498     -81.236153     143.440475       0.012337      -2.866603      -8.179036
     -96.245911       6.074638      28.229961     180.473099     -33.132488      81.997879      91.896973     -86.807289     178.140793      -1.170710     -16.383877      -3.545866      -5.217999      -1.426919       1.145192     -23.369278      30.001793      20.585581      -9.323161       4.780886      36.111069     105.080589       1.461932     -85.113907     -58.695244      34.850674     108.912766      -0.074236      58.291531       0.041309      73.088341      -3.056536       0.691349      -4.383183      -7.613854     -40.517414     -89.999077      14.646782      89.995171     -98.163681       2.740528    -118.542221       0.873137     -10.942328     -44.386086       0.274731     -80.639511       0.236755     -73.629875       3.055868       0.722564       2.363946      -8.121994      10.101774     -89.999268      14.946450      89.993629     229.559052      58.171997    -368.580933      90.365257      82.332031      88.432961     -15.289927     -17.596958     -13.368690     337.667236      86.373322    -514.352051      -0.274325      -1.662701     -23.605349     331.482117      78.350098    -421.707581     -90.480011     -35.305065      90.129967      -6.067017       1.837826      -6.919669     -34.067127     -81.232765     143.445618       0.010737      -2.910336      -8.091984
     -96.247955       6.075469      28.229149     180.458115     -33.134243      81.984421      92.086296     -86.807007     178.348740      -1.182207     -16.380138      -3.588025      -5.229742      -1.451500       1.210999     -23.386797      30.034569      20.578501      -9.378473       4.725956      36.104450     105.098442       1.470701     -85.129410     -58.635105      34.857162     108.906639      -0.074324      58.320724       0.041396      73.136375      -3.056681       0.694008      -4.422401      -7.747090     -40.421467     -89.999084      14.663945      89.995186     -98.203529       2.746813    -118.529877       0.775432     -10.885061     -44.369705       0.284518     -80.955414       0.246413     -73.675095       3.055984       0.725066       2.385678      -8.032560      10.376575     -89.999268      14.958591      89.993637     229.590088      58.171272    -368.597839      90.360817      82.313591      88.439415     -15.308609     -17.576334     -13.380831     338.141998      86.307571    -514.780273      -0.272082      -1.652293     -23.661896     331.214203      78.353806    -421.433380     -90.543129     -35.285755      90.145447      -6.066766       1.777512      -6.945147     -34.096813     -81.229317     143.451035       0.009356      -2.953199      -8.005647
     -96.249985       6.076319      28.228405     180.443512     -33.136822      81.970436      92.272530     -86.805840     178.551453      -1.192974     -16.376305      -3.629523      -5.240300      -1.475931       1.276705     -23.403994      30.067097      20.571379      -9.433244       4.671804      36.098049     105.114464       1.478961     -85.143463     -58.576229      34.864315     108.900734      -0.074387      58.349686       0.041464      73.184082      -3.056823       0.696641      -4.460795      -7.877236     -40.327396     -89.999077      14.680819      89.995178     -98.242912       2.753108    -118.517578       0.678444     -10.828121     -44.353958       0.294867     -81.268768       0.256641     -73.719765       3.056102       0.727538       2.405719      -7.943193      10.647513     -89.999245      14.970555      89.993629     229.599564      58.172344    -368.597992      90.358360      82.303238      88.442657     -15.323635     -17.541744     -13.367914     338.577942      86.254364    -515.170105      -0.270532      -1.641553     -23.718941     330.945557      78.356972    -421.158203     -90.605865     -35.267761      90.160828      -6.065694       1.718604      -6.969833     -34.125114     -81.226082     143.458130       0.007948      -2.995995      -7.920015
     -96.251991       6.077138      28.227594     180.428421     -33.138824      81.956421      92.451813     -86.804497     178.747681      -1.203635     -16.372198      -3.670715      -5.250507      -1.500157       1.341732     -23.420914      30.099369      20.564228      -9.487519       4.618435      36.091732     105.128685       1.486646     -85.156021     -58.518581      34.872116     108.895073      -0.074468      58.378445       0.041548      73.231499      -3.056975       0.699265      -4.498332      -8.004487     -40.234932     -89.999084      14.697410      89.995171     -98.281914       2.759449    -118.505272       0.582138     -10.771535     -44.338829       0.305925     -81.579582       0.267576     -73.763947       3.056211       0.729973       2.424239      -7.853941      10.914701     -89.999245      14.982306      89.993629     229.612686      58.172688    -368.601685      90.355858      82.291862      88.445404     -15.340253     -17.514463     -13.360734     338.966827      86.207375    -515.512817      -0.269054      -1.632802     -23.774235     330.680145      78.360161    -420.887207     -90.667137     -35.250797      90.175835      -6.063825       1.660373      -6.993394     -34.153095     -81.222946     143.467178       0.006648      -3.038398      -7.835177
     -96.253586       6.077824      28.227095     180.419479     -33.138081      81.947510      92.577065     -86.804039     178.891098      -1.212942     -16.367241      -3.710917      -5.259058      -1.524088       1.406638     -23.437490      30.131155      20.557129      -9.541228       4.565737      36.085773     105.141800       1.494034     -85.167648     -58.462498      34.880596     108.889671      -0.074558      58.406876       0.041636      73.278603      -3.057108       0.701881      -4.535169      -8.129631     -40.143684     -89.999077      14.713725      89.995186     -98.320282       2.765660    -118.493179       0.486586     -10.715014     -44.323917       0.317721     -81.887878       0.279250     -73.807594       3.056324       0.732385       2.441343      -7.764840      11.178009     -89.999252      14.993852      89.993629     229.643311      58.171524    -368.620758      90.352150      82.273575      88.448944     -15.357574     -17.497179     -13.366496     339.383575      86.148468    -515.884277      -0.266992      -1.619615     -23.829451     330.401367      78.363991    -420.606567     -90.737305     -35.233147      90.193039      -6.063437       1.599900      -7.016105     -34.182522     -81.219688     143.471161       0.005534      -3.079902      -7.750595
     -96.255379       6.078592      28.226505     180.407761     -33.139095      81.935432      92.727493     -86.802223     179.057816      -1.222502     -16.362598      -3.751051      -5.267271      -1.547963       1.470696     -23.453796      30.162664      20.550018      -9.594466       4.513780      36.080021     105.153641       1.500655     -85.178215     -58.407734      34.889774     108.884544      -0.074631      58.434978       0.041701      73.325424      -3.057230       0.704471      -4.571215      -8.252712     -40.053391     -89.999062      14.729766      89.995171     -98.358376       2.771746    -118.481026       0.391666     -10.658689     -44.309578       0.330384     -82.193687       0.291784     -73.850731       3.056432       0.734775       2.457199      -7.676020      11.437646     -89.999260      15.005214      89.993645     229.654068      58.171722    -368.623474      90.349724      82.262344      88.451813     -15.375234     -17.473391     -13.356223     339.719635      86.109337    -516.174194      -0.265653      -1.611601     -23.883101     330.131775      78.366753    -420.333435     -90.801353     -35.217400      90.208717      -6.061249       1.542604      -7.037806     -34.208549     -81.216858     143.479980       0.004315      -3.121959      -7.667086
     -96.257019       6.079296      28.225964     180.397888     -33.138645      81.925278      92.855919     -86.800766     179.203629      -1.231655     -16.357420      -3.790607      -5.274965      -1.571563       1.534029     -23.469933      30.193640      20.543053      -9.647232       4.462553      36.074425     105.164154       1.507571     -85.187759     -58.354286      34.899559     108.879646      -0.074702      58.462765       0.041769      73.371941      -3.057361       0.707047      -4.606536      -8.373852     -39.964058     -89.999077      14.745539      89.995186     -98.395790       2.778093    -118.469048       0.297427     -10.602612     -44.295574       0.343920     -82.497032       0.305205     -73.893356       3.056540       0.737127       2.471883      -7.587384      11.693646     -89.999268      15.016376      89.993629     229.675903      58.170158    -368.637085      90.349579      82.251472      88.444641     -15.392851     -17.452532     -13.346051     340.039917      86.073540    -516.448853      -0.264567      -1.603567     -23.935749     329.865967      78.370316    -420.066101     -90.864914     -35.202583      90.224289      -6.058545       1.485823      -7.058732     -34.234486     -81.214111     143.489731       0.003212      -3.163426      -7.584316
     -96.258789       6.080001      28.225275     180.385269     -33.139111      81.912773      93.001076     -86.798256     179.365479      -1.241112     -16.352226      -3.829908      -5.282801      -1.595012       1.596464     -23.485842      30.224365      20.536077      -9.699551       4.412093      36.068836     105.173431       1.513698     -85.196236     -58.301861      34.909874     108.874908      -0.074790      58.490292       0.041860      73.418190      -3.057495       0.709603      -4.641079      -8.492868     -39.875774     -89.999062      14.761043      89.995171     -98.433067       2.784293    -118.457062       0.203857     -10.546935     -44.281910       0.358505     -82.797943       0.319672     -73.935493       3.056643       0.739459       2.485486      -7.498943      11.946197     -89.999268      15.027359      89.993645     229.681610      58.170753    -368.636047      90.345963      82.239494      88.452576     -15.410892     -17.436428     -13.336503     340.344360      86.040489    -516.708130      -0.263493      -1.595192     -23.987677     329.599548      78.372513    -419.797058     -90.927567     -35.188164      90.239601      -6.055541       1.429218      -7.078598     -34.260136     -81.211456     143.499954       0.002203      -3.204378      -7.502200
     -96.260490       6.080688      28.224598     180.373352     -33.138702      81.900925      93.132355     -86.795662     179.513962      -1.250288     -16.346712      -3.868693      -5.290287      -1.618284       1.658309     -23.501539      30.254723      20.529152      -9.751433       4.362360      36.063282     105.181541       1.519466     -85.203728     -58.250504      34.920662     108.870392      -0.074865      58.517570       0.041930      73.464134      -3.057622       0.712154      -4.674899      -8.609844     -39.788586     -89.999077      14.776290      89.995186     -98.470024       2.790420    -118.445190       0.110978     -10.491661     -44.268543       0.374193     -83.096420       0.335240     -73.977119       3.056734       0.741755       2.498094      -7.410689      12.195332     -89.999268      15.038151      89.993645     229.691223      58.170742    -368.639160      90.342941      82.227470      88.457344     -15.429440     -17.423124     -13.326577     340.630707      86.010956    -516.949585      -0.262535      -1.586996     -24.038742     329.332092      78.374901    -419.528290     -90.990433     -35.174236      90.254982      -6.052324       1.372975      -7.097470     -34.285149     -81.208916     143.510559       0.001273      -3.245019      -7.420733
     -96.262123       6.081350      28.223957     180.362244     -33.137691      81.889679      93.252548     -86.792923     179.651581      -1.259183     -16.340950      -3.906997      -5.297292      -1.641365       1.719549     -23.517015      30.284670      20.522301      -9.802855       4.313324      36.057838     105.188683       1.524876     -85.210403     -58.200233      34.931900     108.866043      -0.074940      58.544548       0.042003      73.509773      -3.057740       0.714675      -4.708058      -8.724998     -39.702477     -89.999069      14.791294      89.995186     -98.506599       2.796479    -118.433441       0.018826     -10.436707     -44.255421       0.391151     -83.392509       0.352084     -74.018242       3.056835       0.744031       2.509756      -7.322657      12.441098     -89.999252      15.048772      89.993637     229.702133      58.170391    -368.643951      90.340401      82.215393      88.460625     -15.448422     -17.412422     -13.316179     340.900665      85.984756    -517.174744      -0.261696      -1.579029     -24.088985     329.064209      78.377205    -419.259949     -91.053680     -35.160809      90.270439      -6.048914       1.317141      -7.115425     -34.309383     -81.206512     143.521439       0.000404      -3.285353      -7.339926
     -96.264748       6.082108      28.222486     180.339905     -33.140507      81.868698      93.430534     -86.787399     179.848389      -1.271235     -16.336367      -3.948355      -5.306876      -1.664383       1.778552     -23.532476      30.314535      20.515444      -9.853997       4.265205      36.052017     105.193871       1.529655     -85.215469     -58.150135      34.943386     108.861717      -0.075020      58.571468       0.042079      73.555176      -3.057859       0.717188      -4.740333      -8.837323     -39.617973     -89.999069      14.806028      89.995178     -98.543381       2.802714    -118.421371      -0.072755     -10.382632     -44.243076       0.409561     -83.686203       0.370374     -74.058891       3.056926       0.746275       2.520621      -7.234874      12.683887     -89.999252      15.059212      89.993637     229.733353      58.171265    -368.661438      90.337341      82.200310      88.463783     -15.457008     -17.398386     -13.298638     341.206055      85.948601    -517.444092      -0.260028      -1.568125     -24.140636     328.797089      78.411316    -418.983917     -91.047119     -35.147202      90.268845      -6.040616       1.268084      -7.129111     -34.328327     -81.204796     143.548859      -0.001054      -3.329450      -7.260548
     -96.267311       6.082911      28.221029     180.318497     -33.141300      81.848335      93.574654     -86.781853     180.012970      -1.282792     -16.331577      -3.989043      -5.316510      -1.687376       1.837662     -23.547825      30.344311      20.508564      -9.904765       4.217936      36.045856     105.197418       1.533839     -85.219116     -58.100151      34.954842     108.857391      -0.075086      58.598377       0.042139      73.600235      -3.057984       0.719679      -4.771860      -8.946523     -39.535664     -89.999062      14.820530      89.995171     -98.580162       2.809004    -118.409187      -0.163625     -10.329527     -44.231331       0.429568     -83.977554       0.390266     -74.099052       3.057024       0.748501       2.530661      -7.147205      12.923803     -89.999260      15.069470      89.993645     229.772705      58.170742    -368.687714      90.336044      82.185677      88.459229     -15.464552     -17.380411     -13.277622     341.518250      85.909996    -517.721008      -0.258003      -1.555060     -24.191429     328.535767      78.441620    -418.715881     -91.044563     -35.133522      90.268204      -6.032612       1.218588      -7.143970     -34.352516     -81.202805     143.578766      -0.001876      -3.369265      -7.182164
     -96.269775       6.083591      28.219572     180.298538     -33.141525      81.829681      93.697258     -86.776443     180.156311      -1.293919     -16.326183      -4.029566      -5.325567      -1.710114       1.896645     -23.562946      30.373838      20.501688      -9.955092       4.171407      36.039703     105.199867       1.537716     -85.221840     -58.050625      34.966312     108.853081      -0.075173      58.625172       0.042221      73.644966      -3.058096       0.722157      -4.802759      -9.053180     -39.455162     -89.999054      14.834785      89.995163     -98.616684       2.815182    -118.397026      -0.253755     -10.277029     -44.219921       0.451388     -84.266518       0.411975     -74.138763       3.057113       0.750689       2.539940      -7.059664      13.160714     -89.999252      15.079572      89.993652     229.819916      58.170605    -368.717804      90.326744      82.159103      88.483124     -15.480045     -17.386488     -13.294758     341.881134      85.847969    -518.047119      -0.254507      -1.537347     -24.239830     328.260101      78.474518    -418.433563     -91.043747     -35.117237      90.267998      -6.026156       1.167322      -7.157587     -34.380619     -81.200584     143.608398      -0.002512      -3.408260      -7.103850
     -96.272614       6.084061      28.217150     180.267410     -33.142918      81.807487      93.860992     -86.771759     180.342651      -1.307222     -16.320019      -4.069749      -5.338236      -1.732282       1.952884     -23.578068      30.403088      20.494886     -10.005128       4.125743      36.032639     105.200104       1.540941     -85.222733     -58.000866      34.977699     108.848694      -0.075249      58.652172       0.042288      73.689415      -3.058203       0.724613      -4.832765      -9.156167     -39.377125     -89.999054      14.848795      89.995163     -98.653473       2.821378    -118.385063      -0.343177     -10.225676     -44.208534       0.475360     -84.553177       0.435829     -74.178017       3.057197       0.752861       2.548514      -6.972207      13.394891     -89.999245      15.089495      89.993629     229.885315      58.125668    -368.766724      90.342194      82.141975      88.398003     -15.474237     -17.398741     -13.300753     342.227051      85.781929    -518.357117      -0.250168      -1.511379     -24.289671     327.977295      78.508400    -418.143188     -91.043480     -35.100719      90.267906      -6.020134       1.114517      -7.169266     -34.409397     -81.198349     143.634903      -0.003036      -3.446466      -7.025712
     -96.275581       6.084564      28.214811     180.233551     -33.154243      81.782059      94.126205     -86.765648     180.617905      -1.319846     -16.314035      -4.111115      -5.347103      -1.754576       2.010255     -23.592817      30.431955      20.488104     -10.054628       4.080556      36.026752     105.200539       1.544272     -85.223732     -57.952408      34.989227     108.844498      -0.075332      58.678696       0.042370      73.733467      -3.058316       0.727048      -4.862403      -9.258077     -39.299919     -89.999054      14.862582      89.995163     -98.689339       2.827448    -118.372932      -0.431872     -10.173972     -44.197803       0.501743     -84.837479       0.462099     -74.216774       3.057280       0.755006       2.556436      -6.885155      13.625751     -89.999237      15.099243      89.993622     229.835373      58.119274    -368.706024      90.330215      82.127373      88.445610     -15.488032     -17.399208     -13.292834     342.672607      85.694702    -518.763367      -0.245421      -1.479218     -24.338665     327.723633      78.535912    -417.869324     -91.043243     -35.080250      90.267792      -6.016296       1.063478      -7.182427     -34.436302     -81.196426     143.661362      -0.003645      -3.484905      -6.948097
     -96.277847       6.085845      28.215107     180.232040     -33.151527      81.762497      94.099426     -86.752899     180.607040      -1.325456     -16.310717      -4.148476      -5.349881      -1.777971       2.072530     -23.607248      30.460653      20.481255     -10.103666       4.036044      36.021500     105.200836       1.547436     -85.224541     -57.904541      35.000805     108.840378      -0.075398      58.704922       0.042420      73.777153      -3.058414       0.729469      -4.891500      -9.358501     -39.223610     -89.999046      14.876140      89.995163     -98.724670       2.833506    -118.360268      -0.520020     -10.122503     -44.188053       0.530927     -85.119499       0.491171     -74.255066       3.057358       0.757121       2.563789      -6.798587      13.853646     -89.999229      15.108848      89.993614     229.832748      58.131187    -368.695526      90.309143      82.094757      88.518005     -15.501831     -17.373198     -13.286506     342.968414      85.649612    -519.023315      -0.245266      -1.466663     -24.386162     327.346436      78.561485    -417.491852     -91.066605     -35.065479      90.273476      -6.011606       1.013256      -7.193513     -34.460732     -81.194710     143.684555      -0.004309      -3.524208      -6.870797
     -96.279579       6.086912      28.215414     180.235626     -33.150570      81.752068      94.082306     -86.745087     180.604752      -1.331183     -16.305691      -4.187969      -5.350037      -1.800735       2.134065     -23.621210      30.488855      20.474434     -10.152090       3.991984      36.017502     105.202484       1.550965     -85.226456     -57.858978      35.012997     108.836639      -0.075480      58.730289       0.042499      73.820518      -3.058527       0.731873      -4.920355      -9.460162     -39.145821     -89.999054      14.889462      89.995171     -98.758942       2.839338    -118.347832      -0.607469     -10.070323     -44.178658       0.563412     -85.399254       0.523551     -74.292892       3.057444       0.759214       2.570533      -6.712580      14.077916     -89.999245      15.118269      89.993622     229.884216      58.128941    -368.734222      90.312523      82.084732      88.492714     -15.502695     -17.312933     -13.232343     343.245148      85.614952    -519.267761      -0.243479      -1.455490     -24.433170     327.041443      78.604874    -417.184143     -91.052536     -35.053646      90.269958      -6.002276       0.971322      -7.205727     -34.481670     -81.193779     143.723618      -0.005103      -3.564238      -6.795593
     -96.281029       6.087570      28.215546     180.238449     -33.151524      81.744812      94.097191     -86.738365     180.632614      -1.337323     -16.299076      -4.226695      -5.350216      -1.822428       2.193718     -23.634863      30.516493      20.467716     -10.200004       3.948565      36.013897     105.205193       1.554779     -85.229263     -57.815475      35.025997     108.833290      -0.075540      58.754829       0.042553      73.863640      -3.058626       0.734267      -4.948743      -9.563290     -39.065968     -89.999054      14.902559      89.995163     -98.792549       2.844937    -118.335732      -0.694277     -10.017701     -44.168659       0.599818     -85.676849       0.559846     -74.330254       3.057518       0.761281       2.576642      -6.627161      14.298635     -89.999237      15.127547      89.993629     229.913818      58.127644    -368.753235      90.313683      82.076233      88.480316     -15.504492     -17.261185     -13.186292     343.540924      85.574883    -519.531250      -0.241302      -1.440275     -24.478863     326.763672      78.643547    -416.902740     -91.046898     -35.042469      90.268547      -5.992858       0.929501      -7.218369     -34.506924     -81.192764     143.764633      -0.005514      -3.601602      -6.720962
