HIERARCHY
ROOT root
{
   OFFSET       0.000000        0.000000        0.000000
   CHANNELS 6 Xposition Yposition Zposition Xrotation Yrotation Zrotation
   JOINT LowerSpineJoint
   {
      OFFSET       0.000000        3.328345        0.000000
      CHANNELS 3 Xrotation  Yrotation Zrotation
      JOINT MiddleSpineJoint
      {
         OFFSET       4.330709        0.000000        0.000000
         CHANNELS 3 Xrotation  Yrotation Zrotation
         JOINT UpperSpineJoint
         {
            OFFSET       6.102361        0.000000        0.000000
            CHANNELS 3 Xrotation  Yrotation Zrotation
            JOINT LowerNeckJoint
            {
               OFFSET      10.236220        1.809055        0.000000
               CHANNELS 3 Xrotation  Yrotation Zrotation
               JOINT UpperNeckJoint
               {
                  OFFSET       3.543308        0.000000        0.000000
                  CHANNELS 3 Xrotation  Yrotation Zrotation
                  End Site
                  {
                     OFFSET       7.874016        0.000000        0.000000
                  }
               }
            }
            JOINT RightClavicleJoint
            {
               OFFSET       9.448819        2.047244        1.259843
               CHANNELS 3 Xrotation  Yrotation Zrotation
               JOINT RightShoulderJoint
               {
                  OFFSET      -6.220472       -1.574802        0.393701
                  CHANNELS 3 Xrotation  Yrotation Zrotation
                  JOINT RightElbowJoint
                  {
                     OFFSET     -12.500000        0.000000        0.078740
                     CHANNELS 3 Xrotation  Yrotation Zrotation
                     JOINT RightForearmTwistJoint
                     {
                        OFFSET      -5.216535        0.000000        0.000000
                        CHANNELS 3 Xrotation  Yrotation Zrotation
                        JOINT RightWristJoint
                        {
                           OFFSET      -5.314960        0.000000        0.000000
                           CHANNELS 3 Xrotation  Yrotation Zrotation
                           JOINT RightFingersJoint
                           {
                              OFFSET      -3.149608       -0.393700        0.000000
                              CHANNELS 3 Xrotation  Yrotation Zrotation
                              End Site
                              {
                                 OFFSET       0.000000        3.149606        0.000000
                              }
                           }
                        }
                     }
                  }
               }
            }
            JOINT LeftClavicleJoint
            {
               OFFSET       9.448819        2.047244       -1.259843
               CHANNELS 3 Xrotation  Yrotation Zrotation
               JOINT LeftShoulderJoint
               {
                  OFFSET      -6.220472       -1.574802       -0.393701
                  CHANNELS 3 Xrotation  Yrotation Zrotation
                  JOINT LeftElbowJoint
                  {
                     OFFSET     -12.500000        0.000000       -0.078740
                     CHANNELS 3 Xrotation  Yrotation Zrotation
                     JOINT LeftForearmTwistJoint
                     {
                        OFFSET      -5.216535        0.000000        0.000000
                        CHANNELS 3 Xrotation  Yrotation Zrotation
                        JOINT LeftWristJoint
                        {
                           OFFSET      -5.314960        0.000000        0.000000
                           CHANNELS 3 Xrotation  Yrotation Zrotation
                           JOINT LeftFingersJoint
                           {
                              OFFSET      -3.149608       -0.393700        0.000000
                              CHANNELS 3 Xrotation  Yrotation Zrotation
                              End Site
                              {
                                 OFFSET       0.000000        3.149606        0.000000
                              }
                           }
                        }
                     }
                  }
               }
            }
         }
      }
   }
   JOINT RightHipJoint
   {
      OFFSET      -3.543307        0.178739        0.000000
      CHANNELS 3 Xrotation  Yrotation Zrotation
      JOINT RightKneeJoint
      {
         OFFSET      17.204723        0.000000       -0.196850
         CHANNELS 3 Xrotation  Yrotation Zrotation
         JOINT RightAnkleJoint
         {
            OFFSET       0.000000      -17.840551       -0.161417
            CHANNELS 3 Xrotation  Yrotation Zrotation
            JOINT RightMidFootJoint
            {
               OFFSET       0.000000       -1.568898        2.523622
               CHANNELS 3 Xrotation  Yrotation Zrotation
               JOINT RightToesJoint
               {
                  OFFSET       2.677163       -0.000000        0.000000
                  CHANNELS 3 Xrotation  Yrotation Zrotation
                  End Site
                  {
                     OFFSET       2.362204        0.000000        0.000000
                  }
               }
            }
         }
      }
   }
   JOINT LeftHipJoint
   {
      OFFSET       3.543307        0.178739        0.000000
      CHANNELS 3 Xrotation  Yrotation Zrotation
      JOINT LeftKneeJoint
      {
         OFFSET      17.204723        0.000000        0.196850
         CHANNELS 3 Xrotation  Yrotation Zrotation
         JOINT LeftAnkleJoint
         {
            OFFSET       0.000000      -17.840551        0.161417
            CHANNELS 3 Xrotation  Yrotation Zrotation
            JOINT LeftMidFootJoint
            {
               OFFSET       0.000000       -1.568898       -2.523622
               CHANNELS 3 Xrotation  Yrotation Zrotation
               JOINT LeftToesJoint
               {
                  OFFSET       2.677164       -0.000000        0.000000
                  CHANNELS 3 Xrotation  Yrotation Zrotation
                  End Site
                  {
                     OFFSET       2.362205        0.000000        0.000000
                  }
               }
            }
         }
      }
   }
}
MOTION
Frames:	163
Frame Time: 0.0166667
      -0.463866      34.872833       0.504298     -12.481940      10.435562      10.805516     -70.330688     -68.572029       4.257385     -10.748276     -16.706963      -0.599989       2.441391       6.524463      -9.785110      -3.115994      -9.585485     -23.697453      -1.444044       4.641591      27.225275      96.570877      -1.272569     -90.630089       5.858077     -52.183506      81.624687      -0.043506      43.444855       0.017405      -8.736884      -0.156384      -2.290702       3.070041      10.276159     -20.521070     -90.003143     -30.592529      89.994499    -101.850227      -1.817511    -100.010147     -19.107899     -43.127083      49.386086       0.124012     -69.795952       0.086496      35.767906      -1.313020      -2.067620      -0.732107      -7.548869      10.648220     -90.005043     -34.884544      89.992645      68.584885      72.730293    -158.184448      90.151764      51.878277      90.066154     -11.721730     -11.544188      13.771694    -167.409805      84.034492     -20.080349      -0.045197      -2.749379     -21.996016      38.642979      78.135002    -144.246567     -90.865036     -31.621929      90.210175       2.753448      -2.694561       3.065779     -89.067520     -89.054657      77.562988      -4.668213       4.789808     -25.653292
      -0.464293      34.812580       0.501695     -12.496149      10.446033      10.827471     -70.333496     -68.563004       4.247141     -10.752132     -16.704334      -0.606257       2.438804       6.528609      -9.787894      -3.117924      -9.583570     -23.720041      -1.444981       4.644457      27.228342      96.578140      -1.271059     -90.603226       5.831275     -52.188393      81.595222      -0.043941      43.445812       0.017705      -8.736887      -0.156838      -2.291041       3.069869      10.272848     -20.521349     -90.003159     -30.592585      89.994446    -101.862091      -1.816937     -99.983864     -19.122334     -43.111427      49.363621       0.121820     -69.790146       0.084710      35.767860      -1.313668      -2.067577      -0.732149      -7.547683      10.648024     -90.005051     -34.884541      89.992622      68.589539      72.721298    -158.179581      90.151070      51.949539      90.059525     -11.968608     -11.567987      13.750159    -167.426712      84.024155     -20.197212      -0.040604      -2.728317     -21.959692      38.670906      78.114349    -144.341949     -90.870003     -31.742226      90.212555       2.735508      -2.699441       3.064440     -89.347015     -89.054131      77.238937      -4.684947       4.755825     -25.445440
      -0.466198      34.725441       0.493117     -12.560849      10.457852      10.904570     -70.318459     -68.533401       4.228126     -10.757758     -16.689035      -0.628877       2.438426       6.541218      -9.801285      -3.126635      -9.572233     -23.834204      -1.448006       4.658272      27.219896      96.621597      -1.264024     -90.462898       5.725542     -52.190487      81.498711      -0.043655      43.441891       0.017330      -8.737270      -0.156749      -2.291147       3.070569      10.271925     -20.528149     -90.003136     -30.592564      89.994492    -101.906593      -1.813954     -99.843765     -19.171501     -43.057449      49.294750       0.121704     -69.763489       0.084514      35.765602      -1.313309      -2.067827      -0.734657      -7.536115      10.636006     -90.005058     -34.884537      89.992653      68.648308      72.681107    -158.181519      90.112541      52.105915      90.047394     -12.549404     -11.631142      13.697016    -167.497604      84.011139     -20.468367      -0.032147      -2.680125     -21.954725      38.738403      78.065308    -144.570496     -90.902588     -32.075760      90.221199       2.750914      -2.720233       3.085219     -90.015900     -89.051056      76.474571      -4.714270       4.694903     -25.082150
      -0.470706      34.625679       0.476747     -12.651785      10.463324      11.011818     -70.292557     -68.494766       4.206510     -10.764030     -16.669733      -0.661193       2.439789       6.558100      -9.822670      -3.140234      -9.549287     -24.025782      -1.452068       4.681756      27.183641      96.701393      -1.247526     -90.222328       5.589570     -52.166145      81.404930      -0.043471      43.435467       0.017142      -8.737607      -0.156725      -2.291204       3.071055      10.269936     -20.533445     -90.003136     -30.592558      89.994499    -101.960541      -1.805518     -99.595406     -19.224354     -42.995293      49.240635       0.121459     -69.725517       0.084199      35.762547      -1.312837      -2.068143      -0.738782      -7.518257      10.617426     -90.005066     -34.884529      89.992683      68.721405      72.631760    -158.186218      90.051636      52.287323      90.025986     -13.235393     -11.712627      13.625456    -167.576523      84.002663     -20.795752      -0.023109      -2.622606     -21.961088      38.823170      78.002846    -144.855118     -90.962250     -32.494740      90.236687       2.788317      -2.753976       3.112664     -90.975517     -89.042763      75.395462      -4.739098       4.642537     -24.771229
      -0.478975      34.525787       0.451776     -12.760947      10.466478      11.139800     -70.257072     -68.452454       4.184513     -10.770540     -16.649164      -0.701377       2.442849       6.576620      -9.850936      -3.157552      -9.519377     -24.271395      -1.456071       4.710218      27.119661      96.811501      -1.222722     -89.899963       5.463564     -52.110207      81.357964      -0.043363      43.426823       0.017157      -8.737917      -0.156755      -2.291184       3.070824      10.266307     -20.534498     -90.003136     -30.592554      89.994507    -102.018951      -1.790920     -99.261185     -19.262402     -42.947128      49.232407       0.121195     -69.684502       0.083936      35.759506      -1.312370      -2.068415      -0.743322      -7.497542      10.597707     -90.005066     -34.884521      89.992706      68.797554      72.578125    -158.194382      89.981636      52.474091      90.000397     -13.953407     -11.805675      13.540410    -167.645889      84.006523     -21.147991      -0.014975      -2.557118     -21.967663      38.917595      77.933289    -145.164886     -91.037956     -32.944111      90.256378       2.836152      -2.797795       3.145221     -92.113739     -89.031670      74.128334      -4.760030       4.597819     -24.506573
      -0.492329      34.433151       0.418248     -12.880519      10.487058      11.275137     -70.217155     -68.413506       4.161393     -10.778304     -16.631798      -0.747634       2.446219       6.593286      -9.884329      -3.179117      -9.492244     -24.546331      -1.458905       4.736882      27.033901      96.937820      -1.192627     -89.515663       5.374104     -52.026768      81.378654      -0.043302      43.415890       0.017344      -8.738332      -0.156821      -2.291092       3.069564      10.260462     -20.530230     -90.003120     -30.592546      89.994514    -102.085625      -1.770898     -98.869392     -19.275864     -42.926613      49.280312       0.120956     -69.645744       0.083801      35.756889      -1.311971      -2.068586      -0.747482      -7.476007      10.580483     -90.005074     -34.884510      89.992729      68.864960      72.528282    -158.196121      89.920868      52.651608      89.977661     -14.649031     -11.902320      13.452085    -167.684891      84.020432     -21.519894      -0.008312      -2.497752     -21.980888      39.073082      77.852547    -145.536407     -91.068695     -33.384106      90.265968       2.882249      -2.823509       3.180749     -92.759148     -89.022888      73.357101      -4.777904       4.559379     -24.281527
      -0.513448      34.351673       0.376607     -13.005494      10.533791      11.411995     -70.173927     -68.377716       4.138361     -10.786507     -16.617287      -0.797769       2.449973       6.607280      -9.921450      -3.204058      -9.475121     -24.829456      -1.459164       4.756093      26.934187      97.073441      -1.159482     -89.088814       5.336638     -51.923111      81.473305      -0.043275      43.402645       0.017645      -8.738666      -0.156933      -2.290936       3.067033      10.252315     -20.521732     -90.003128     -30.592541      89.994507    -102.157188      -1.747247     -98.447884     -19.262472     -42.937252      49.379532       0.120770     -69.612724       0.083794      35.754864      -1.311656      -2.068655      -0.750826      -7.455805      10.567675     -90.005058     -34.884510      89.992752      68.920418      72.493935    -158.191971      89.871552      52.814705      89.958984     -15.305701     -11.976869      13.374323    -167.539276      84.092888     -22.016640      -0.004379      -2.459965     -21.997272      39.252079      77.765388    -145.922012     -91.056755     -33.786369      90.265289       2.916259      -2.838287       3.215484     -93.007240     -89.019394      72.995071      -4.792789       4.526927     -24.090044
      -0.541785      34.282494       0.327801     -13.134195      10.592649      11.553801     -70.128677     -68.343826       4.116029     -10.794328     -16.603672      -0.849759       2.454432       6.620080      -9.960980      -3.228526      -9.459746     -25.104660      -1.458391       4.772413      26.828144      97.214622      -1.124730     -88.644447       5.349185     -51.804760      81.632988      -0.043240      43.388023       0.018005      -8.738762      -0.157071      -2.290754       3.063968      10.242343     -20.509380     -90.003143     -30.592546      89.994484    -102.224464      -1.721134     -98.016716     -19.227171     -42.972267      49.521164       0.120669     -69.586319       0.083931      35.753567      -1.311450      -2.068639      -0.753138      -7.438287      10.559438     -90.005043     -34.884506      89.992767      68.965523      72.471565    -158.187271      89.823067      52.962627      89.940414     -15.908904     -12.033464      13.308165    -167.230942      84.208771     -22.614681      -0.002217      -2.438278     -22.011505      39.404675      77.685188    -146.262222     -91.050728     -34.134743      90.265640       2.933562      -2.870389       3.255922     -93.560867     -89.017143      72.345360      -4.805328       4.499325     -23.927193
      -0.576705      34.224655       0.272648     -13.264608      10.657479      11.696934     -70.082886     -68.313469       4.095079     -10.801532     -16.591990      -0.901932       2.459418       6.631069     -10.001548      -3.250983      -9.445045     -25.360102      -1.457054       4.786790      26.722355      97.354523      -1.089969     -88.203735       5.402130     -51.679005      81.839523      -0.043213      43.372639       0.018379      -8.738659      -0.157221      -2.290559       3.060559      10.230999     -20.494068     -90.003143     -30.592554      89.994469    -102.284637      -1.693707     -97.594727     -19.174862     -43.025871      49.694019       0.120638     -69.566536       0.084168      35.752972      -1.311334      -2.068553      -0.754201      -7.423649      10.555180     -90.005035     -34.884502      89.992767      69.002434      72.455711    -158.182327      89.781021      53.092754      89.924171     -16.450474     -12.080532      13.247890    -166.939682      84.313934     -23.161867      -0.009168      -2.460195     -22.013233      39.533810      77.613892    -146.556931     -91.047623     -34.424816      90.266365       2.930819      -2.914185       3.300897     -94.299309     -89.016792      71.529648      -4.815940       4.475807     -23.788723
      -0.617851      34.176582       0.211905     -13.396859      10.722651      11.838609     -70.037636     -68.287201       4.075507     -10.808146     -16.582592      -0.953416       2.464676       6.640038     -10.042228      -3.271045      -9.431967     -25.589367      -1.455297       4.798880      26.621710      97.488045      -1.056554     -87.782867       5.483596     -51.552750      82.073235      -0.043184      43.357086       0.018733      -8.738403      -0.157369      -2.290374       3.056993      10.218843     -20.477083     -90.003151     -30.592564      89.994453    -102.336662      -1.666164     -97.196854     -19.111750     -43.091030      49.884399       0.120626     -69.552589       0.084421      35.752941      -1.311279      -2.068448      -0.754262      -7.411811      10.554290     -90.005035     -34.884506      89.992767      69.031273      72.444260    -158.177658      89.749382      53.206615      89.911713     -16.934444     -12.120809      13.195782    -166.653442      84.408646     -23.672750      -0.015403      -2.481261     -22.014099      39.639336      77.552925    -146.804398     -91.045670     -34.658001      90.267052       2.907208      -2.964586       3.348175     -95.123108     -89.018265      70.646828      -4.824968       4.455715     -23.670921
      -0.664886      34.136421       0.146381     -13.531892      10.783788      11.977371     -69.994209     -68.264854       4.056813     -10.814324     -16.575415      -1.003541       2.469901       6.647085     -10.082312      -3.288861      -9.421663     -25.790144      -1.453203       4.808245      26.529234      97.610893      -1.025720     -87.393661       5.582099     -51.431931      82.316017      -0.043169      43.341965       0.019062      -8.738030      -0.157504      -2.290205       3.053451      10.206499     -20.459595     -90.003151     -30.592581      89.994438    -102.380569      -1.639553     -96.833672     -19.043907     -43.161118      50.079071       0.120631     -69.543404       0.084662      35.753361      -1.311280      -2.068314      -0.753779      -7.402482      10.556122     -90.005035     -34.884510      89.992744      69.052803      72.436623    -158.173157      89.727417      53.307899      89.902924     -17.369562     -12.153379      13.151238    -166.379425      84.493248     -24.142405      -0.020856      -2.502341     -22.014174      39.721363      77.502884    -147.004700     -91.044235     -34.839333      90.267609       2.863780      -3.017886       3.396044     -95.968025     -89.021912      69.759346      -4.832616       4.438612     -23.570675
      -0.716864      34.102386       0.076900     -13.671761      10.828496      12.113659     -69.952522     -68.245628       4.039327     -10.819830     -16.569752      -1.051811       2.475232       6.652882     -10.121416      -3.303859      -9.411943     -25.962906      -1.451209       4.816431      26.446388      97.722145      -0.997854     -87.045921       5.685693     -51.320297      82.551765      -0.043128      43.327839       0.019306      -8.737548      -0.157640      -2.290058       3.050119      10.194564     -20.442549     -90.003151     -30.592581      89.994431    -102.413803      -1.614348     -96.510612     -18.977133     -43.229259      50.267876       0.120695     -69.537720       0.084940      35.754082      -1.311319      -2.068186      -0.752948      -7.395374      10.559684     -90.005020     -34.884510      89.992752      69.068863      72.427032    -158.172012      89.716629      53.400387      89.898323     -17.762875     -12.187869      13.109921    -166.108414      84.571426     -24.589470      -0.025376      -2.530243     -22.008274      39.764473      77.468445    -147.141556     -91.060730     -34.976078      90.272301       2.802283      -3.078816       3.445612     -96.959061     -89.026703      68.740364      -4.839121       4.424016     -23.485399
      -0.774231      34.072842       0.004067     -13.816689      10.873419      12.243093     -69.915749     -68.231064       4.021013     -10.825775     -16.567268      -1.098046       2.479519       6.656203     -10.158848      -3.318648      -9.410788     -26.108854      -1.448393       4.818916      26.374039      97.813797      -0.975092     -86.740936       5.789902     -51.223560      82.770058      -0.043091      43.314724       0.019486      -8.737164      -0.157750      -2.289953       3.046997      10.183293     -20.426863     -90.003151     -30.592588      89.994408    -102.444801      -1.591985     -96.233238     -18.913662     -43.294758      50.440823       0.120743     -69.534599       0.085154      35.754871      -1.311359      -2.068074      -0.752125      -7.389446      10.564482     -90.005005     -34.884514      89.992752      69.077156      72.424095    -158.166199      89.718918      53.487350      89.898857     -18.124256     -12.213389      13.074080    -165.860413      84.641167     -24.990835      -0.029394      -2.558264     -22.002386      39.814419      77.438263    -147.265060     -91.049736     -35.075645      90.270111       2.723026      -3.124320       3.492656     -97.557304     -89.036690      68.125938      -4.844628       4.411617     -23.412817
      -0.836335      34.046341      -0.071741     -13.967517      10.907591      12.370228     -69.883209     -68.218498       4.002337     -10.831562     -16.565754      -1.141687       2.483246       6.658681     -10.194388      -3.331893      -9.413240     -26.229567      -1.445448       4.818618      26.312593      97.888512      -0.957113     -86.482635       5.888393     -51.142506      82.963715      -0.043058      43.303055       0.019599      -8.736752      -0.157836      -2.289882       3.044267      10.173124     -20.413092     -90.003151     -30.592588      89.994392    -102.469147      -1.572709     -96.000969     -18.857145     -43.352722      50.592407       0.120775     -69.533249       0.085303      35.755711      -1.311412      -2.067969      -0.751327      -7.384959      10.569711     -90.005005     -34.884521      89.992760      69.081909      72.424423    -158.159912      89.723999      53.571117      89.900551     -18.465485     -12.229871      13.044076    -165.627884      84.704239     -25.359421      -0.033033      -2.586853     -21.996485      39.838352      77.419083    -147.343918     -91.045189     -35.144272      90.269264       2.628799      -3.171853       3.540655     -98.175407     -89.048943      67.501961      -4.849269       4.401114     -23.351000
      -0.902496      34.021709      -0.150286     -14.124829      10.931974      12.495742     -69.855225     -68.208122       3.983143     -10.837347     -16.565397      -1.182645       2.486248       6.660357     -10.227846      -3.343678      -9.418597     -26.327314      -1.442542       4.816236      26.261776      97.945320      -0.944117     -86.271362       5.976563     -51.078320      83.127052      -0.043018      43.292927       0.019649      -8.736411      -0.157891      -2.289841       3.041934      10.164204     -20.401545     -90.003136     -30.592588      89.994408    -102.488686      -1.556694     -95.812332     -18.809145     -43.401772      50.719627       0.120837     -69.532936       0.085443      35.756496      -1.311475      -2.067897      -0.750506      -7.381701      10.574792     -90.004997     -34.884514      89.992752      69.084038      72.427475    -158.152710      89.730949      53.653297      89.902969     -18.794117     -12.238773      13.018760    -165.406952      84.762184     -25.703199      -0.036392      -2.616188     -21.990877      39.845181      77.408562    -147.389603     -91.043549     -35.188107      90.269035       2.521354      -3.219126       3.589606     -98.766525     -89.063515      66.913422      -4.853214       4.392175     -23.298367
      -0.972249      33.998077      -0.231399     -14.289109      10.947780      12.620214     -69.831711     -68.199791       3.963530     -10.843179     -16.566225      -1.220887       2.488494       6.661294     -10.259138      -3.354317      -9.426966     -26.404766      -1.439654       4.811831      26.220877      97.984764      -0.936034     -86.105515       6.051542     -51.031178      83.257217      -0.042989      43.284336       0.019648      -8.736149      -0.157926      -2.289826       3.040013      10.156598     -20.392391     -90.003151     -30.592592      89.994408    -102.504555      -1.543965     -95.664490     -18.770252     -43.441502      50.821453       0.120852     -69.533112       0.085500      35.757172      -1.311529      -2.067846      -0.749737      -7.379384      10.579396     -90.005005     -34.884521      89.992752      69.084259      72.433060    -158.144318      89.739166      53.735489      89.905968     -19.115498     -12.241466      12.997091    -165.194229      84.816223     -26.028580      -0.039540      -2.646327     -21.985735      39.840351      77.404823    -147.409805     -91.042648     -35.212307      90.268867       2.402273      -3.264904       3.639336     -99.303116     -89.080406      66.386330      -4.856570       4.384567     -23.253515
      -1.045070      33.974804      -0.314946     -14.460710      10.949183      12.746420     -69.811378     -68.192032       3.944461     -10.848482     -16.567095      -1.256161       2.490471       6.662270     -10.288304      -3.363222      -9.436143     -26.464573      -1.436938       4.806699      26.188948      98.010513      -0.932055     -85.983276       6.111104     -50.999725      83.353554      -0.042964      43.277363       0.019605      -8.735893      -0.157944      -2.289829       3.038608      10.150381     -20.385620     -90.003159     -30.592598      89.994392    -102.514473      -1.534181     -95.552963     -18.740892     -43.471058      50.898792       0.120866     -69.533508       0.085518      35.757748      -1.311587      -2.067811      -0.749058      -7.378004      10.583303     -90.005013     -34.884529      89.992737      69.085648      72.438995    -158.138321      89.743469      53.819309      89.907402     -19.435005     -12.239170      12.977829    -164.987335      84.867317     -26.340351      -0.042541      -2.677545     -21.981050      39.802948      77.410767    -147.385010     -91.062637     -35.220753      90.273697       2.273446      -3.319126       3.689810    -100.019508     -89.097656      65.685600      -4.859333       4.378218     -23.215273
      -1.120548      33.951576      -0.400757     -14.640284      10.953500      12.869521     -69.796730     -68.188652       3.924047     -10.854780     -16.571041      -1.289231       2.491019       6.661561     -10.315265      -3.372824      -9.451178     -26.509726      -1.434088       4.798308      26.164917      98.017975      -0.932756     -85.898933       6.155514     -50.984158      83.416557      -0.042958      43.271702       0.019535      -8.735872      -0.157943      -2.289865       3.037524      10.145402     -20.380991     -90.003136     -30.592585      89.994400    -102.526894      -1.527293     -95.474380     -18.719847     -43.493130      50.952942       0.120874     -69.533585       0.085513      35.758106      -1.311612      -2.067800      -0.748559      -7.376620      10.586479     -90.005013     -34.884521      89.992744      69.081337      72.449104    -158.125351      89.755386      53.907291      89.911812     -19.750950     -12.237353      12.952946    -164.828903      84.914879     -26.591717      -0.045221      -2.708283     -21.977665      39.799385      77.414627    -147.383804     -91.050323     -35.217548      90.270660       2.135390      -3.355982       3.741835    -100.313110     -89.119469      65.411995      -4.861860       4.372568     -23.182772
      -1.197538      33.908466      -0.498130     -14.914466      11.028226      13.155177     -69.865524     -67.976692       3.662747     -10.892630     -16.696190      -1.343020       2.464720       6.685899     -10.290489      -3.397992      -9.493909     -26.618444      -1.434344       4.791495      26.201557      98.034180      -0.931879     -85.723618       6.037328     -51.002808      83.289154      -0.042944      43.259995       0.018941      -8.737129      -0.157646      -2.290140       3.035943      10.127585     -20.384386     -90.003159     -30.592588      89.994408    -102.575584      -1.523875     -95.321747     -18.770498     -43.448109      50.882271       0.120658     -69.514587       0.084961      35.756268      -1.311786      -2.067844      -0.755073      -7.360922      10.579986     -90.005013     -34.884521      89.992737      69.099625      72.297089    -158.125977      89.793976      54.191895      89.926300     -20.430176     -12.298114      12.805369    -164.936630      84.966927     -26.557760      -0.047283      -2.751326     -21.932177      40.083317      77.275352    -147.797379     -91.043755     -35.513927      90.270050       2.090632      -3.419487       3.835835    -100.260010     -89.145058      65.391006      -4.863278       4.369673     -23.121143
      -1.274092      33.802845      -0.613761     -15.380502      11.216770      13.727018     -69.980087     -67.519272       3.144037     -10.987807     -16.839842      -1.521284       2.397412       6.703666     -10.224004      -3.440979      -9.575480     -26.762342      -1.432512       4.766187      26.254364      98.064415      -0.910965     -85.391151       5.733183     -51.021603      82.997894      -0.042956      43.249176       0.018180      -8.740828      -0.157088      -2.290532       3.031833      10.093847     -20.410534     -90.003128     -30.592581      89.994461    -102.692726      -1.539819     -95.056770     -18.870907     -43.342873      50.688168       0.120189     -69.465149       0.083950      35.751705      -1.311901      -2.068015      -0.776806      -7.295549      10.508292     -90.005051     -34.884525      89.992691      69.213539      71.905678    -158.169083      89.864960      54.817104      89.953133     -21.786352     -12.544706      12.287156    -165.610046      85.053719     -25.974150      -0.034970      -2.745304     -21.835806      40.911888      76.896294    -148.955276     -91.037407     -36.336189      90.271851       2.193001      -3.524647       3.983507    -100.147781     -89.169670      65.260284      -4.866670       4.365910     -23.051304
      -1.504535      33.167328      -0.834093     -17.289717      13.603925      15.179435     -68.500877     -67.551147       4.454425     -10.200068     -19.630770      -1.676686       8.289941      15.704546      -3.247604      -7.303961     -11.907801     -37.225441      -0.372188       0.019971      15.947563      98.241333      -1.114365     -84.869400      20.881287     -55.747662      93.728920      -0.044900      43.182629       0.026019      -8.806598      -0.160263      -2.290483       1.944734       4.825869     -20.800241     -90.003311     -30.592510      89.994621     -97.836006      18.662207     -59.031349     -50.969990     -27.743084     -34.216637      -6.897336     -87.815292     -10.980428      54.155293      -3.716690      -3.644135       6.196668       9.013584       6.406210     -89.990685     -33.068348      90.005661      68.391861      71.251518    -156.406418      90.490128      56.941738      90.226006     -24.330812     -12.914128      11.589273    -166.492188      85.315208     -25.646839      -0.028423      -2.710716     -21.726789      41.178310      75.593880    -150.230515     -90.572884     -39.212437      90.170830       2.429887      -4.183177       4.340739    -118.760612     -89.043320      46.324245      -4.867801       4.372364     -22.997343
      -2.023918      32.673504      -1.196394     -19.338556      16.829163      16.761126     -68.816666     -67.225380       4.817406      -9.811186     -17.256830      -0.505925       8.167335      17.436239      -5.193342      -8.004848     -12.022014     -38.125069      -0.768849      -0.175747      16.346573      98.484886      -1.145436     -84.467339      18.163116     -54.870808      92.486382      -0.036092      44.256088       0.001491      -8.795083      -0.160649      -2.292016       0.354010      -4.928427     -20.514599     -90.003281     -30.592493      89.994232     -97.206055      16.017563     -67.116150     -51.360870     -31.367729     -28.942995      -4.433119     -87.940681      -7.064828      52.468121      -3.070600      -2.956794       5.431990       8.469677       2.316374     -89.995735     -33.204479      89.999466      68.009758      71.950981    -154.226852      91.151863      56.974525      90.510757     -26.046736     -13.359210      10.762648    -167.444901      85.865639     -25.356228      -0.028479      -2.702236     -21.714376      41.531288      74.771721    -150.567963     -89.767784     -39.253387      89.971771       1.122336      -5.141370       4.772106    -136.330994     -88.783524      28.865301      -4.868423       4.377004     -22.991137
      -2.543627      32.630466      -1.791344     -19.834347      19.628229      17.243292     -69.020119     -67.201469       5.108910      -9.430020     -14.837523       1.274531       8.085029      17.210377      -6.651124      -8.579606     -10.529822     -38.767990      -1.641589       0.353522      17.277716      99.107101      -1.163410     -84.294769      15.026483     -53.526638      91.735031      -0.017894      46.017349      -0.029541      -8.789216      -0.160017      -2.294290      -1.061214     -12.119599     -21.816269     -90.003448     -30.592417      89.993774     -96.696793      13.966002     -72.588249     -52.633190     -34.073765     -28.230875     -39.117058     -89.844803     -40.819241      50.932724      -2.638687      -2.514248       4.988652      11.198603      -2.114981     -90.000679     -33.332794      89.994942      65.860107      73.666626    -151.258865      91.120956      54.544109      90.392700     -27.664608     -13.658889       9.963112    -169.847122      86.287491     -23.334185      -0.028348      -2.695732     -21.705278      40.434933      74.518204    -149.909790     -88.733505     -37.352978      89.717827      -0.514642      -5.992624       5.095450    -146.896530     -88.495506      18.489550      -4.871632       4.357774     -22.978281
      -2.976072      32.851028      -2.549395     -19.617956      21.921612      16.899199     -68.968208     -67.416779       5.445544      -9.131567     -12.847065       2.792121       7.920000      16.207312      -7.255155      -8.906330      -9.003787     -39.009884      -2.437313       0.973296      18.259552      99.910278      -1.069710     -84.357925      11.848704     -52.159508      90.875557      -0.010715      47.211624      -0.036868      -8.787813      -0.159499      -2.294369      -1.720620     -15.049480     -22.589586     -90.003639     -30.592382      89.993294     -96.528572      12.241811     -76.152573     -53.803272     -36.672836     -28.745968    -177.758469     -88.749847    -178.870071      49.529800      -2.351044      -2.241748       4.628688      14.609941      -3.707300     -90.003937     -33.451385      89.992249      63.081535      75.428177    -148.457474      91.100868      51.444710      90.311256     -28.832411     -13.883302       9.282956    -172.799271      86.622826     -20.640869      -0.029727      -2.706680     -21.706858      37.287270      74.918442    -147.591080     -88.781281     -35.074780      89.751709      -1.114276      -6.520438       5.227009    -151.334763     -88.311218      14.267341      -4.870928       4.374374     -22.946466
      -3.269531      33.236698      -3.364223     -19.148735      23.305683      15.722941     -68.617500     -67.919746       5.942337      -8.850238     -11.437465       4.020554       7.770986      14.710185      -7.341802      -9.125556      -7.702787     -38.958286      -3.136699       1.509722      19.273951     100.859001      -0.921107     -84.776436       8.524723     -50.888741      89.659027      -0.014423      47.880840      -0.028483      -8.781488      -0.158080      -2.293429      -1.725272     -15.230791     -22.780264     -90.003403     -30.592386      89.993637     -96.428261      10.860048     -78.489052     -54.991207     -39.086567     -29.958754    -179.576370     -87.943886    -180.306702      48.256203      -2.151160      -2.079960       4.203129      15.748482      -3.841854     -90.004753     -33.560993      89.991234      58.610897      76.882584    -144.553131      91.099403      48.661522      90.301292     -28.025627     -14.254279       9.160087    -174.439026      86.898727     -19.156384      -0.032815      -2.733760     -21.732868      33.565235      75.737251    -144.719070     -88.822975     -33.193134      89.767693      -0.846646      -6.866021       5.345089    -154.141983     -88.186615      11.588440      -4.873161       4.357416     -22.934938
      -3.439258      33.716560      -4.221262     -18.559303      24.099857      14.251045     -68.218063     -68.479675       6.364626      -8.667293     -10.421261       4.984996       7.555336      12.940675      -6.943211      -9.321243      -6.747764     -38.764446      -3.734601       1.875831      20.254349     101.813667      -0.760356     -85.405045       5.165592     -49.767105      88.121887      -0.025196      48.042240      -0.012650      -8.775650      -0.156505      -2.292433      -1.574039     -14.571174     -22.603638     -90.003166     -30.592394      89.994102     -96.398483       9.717910     -80.002716     -56.205444     -41.290314     -31.773849    -180.178085     -87.650658    -180.662216      47.101749      -2.010647      -1.987771       3.796417      15.710764      -3.408665     -90.005440     -33.662262      89.989708      54.106125      77.970490    -140.657166      91.098038      45.666622      90.296516     -26.796425     -14.507984       9.207745    -175.532059      87.056122     -18.034679      -0.033522      -2.736827     -21.743029      29.639456      76.650574    -142.119308     -88.867355     -32.233971      89.769966      -0.560160      -6.609534       5.154560    -153.404343     -88.209969      12.446804      -4.872654       4.371071     -22.928356
      -3.501622      34.244411      -5.122501     -17.902418      24.643894      12.735599     -67.844925     -69.033913       6.657045      -8.588642      -9.727220       5.703568       7.276083      11.079185      -6.164686      -9.486461      -6.099401     -38.498665      -4.239131       2.098057      21.171064     102.732483      -0.609470     -86.103455       1.893324     -48.802773      86.347397      -0.037929      47.719357       0.003778      -8.771467      -0.155235      -2.291609      -1.388636     -13.554269     -22.256231     -90.003044     -30.592428      89.994446     -96.492752       8.744562     -80.947601     -57.466785     -43.221180     -34.151424    -180.599457     -87.855553    -180.921051      46.053761      -1.907752      -1.939673       3.441684      15.661486      -2.776139     -90.006104     -33.755802      89.988708      50.164616      78.804573    -137.284927      91.096794      42.540813      90.288704     -25.237391     -14.613665       9.460110    -175.663483      87.156853     -17.742579      -0.033965      -2.737446     -21.752598      26.614779      77.357101    -140.803101     -88.906471     -32.320831      89.766663      -0.326997      -6.177599       4.919345    -151.537643     -88.312325      14.400573      -4.873524       4.360027     -22.929226
      -3.476411      34.769054      -6.070514     -17.200499      24.901304      11.279115     -67.477844     -69.538773       6.845063      -8.564400      -9.299520       6.206069       6.992420       9.224255      -5.105017      -9.595427      -5.684921     -38.186871      -4.662573       2.225937      22.017155     103.643326      -0.461650     -86.827690      -1.277817     -47.971695      84.358734      -0.048978      46.951271       0.017262      -8.768317      -0.154316      -2.290849      -1.199052     -12.431314     -21.764406     -90.002953     -30.592447      89.994713     -96.640671       7.905961     -81.533546     -58.750465     -44.813488     -36.973740    -181.289307     -88.519836    -181.500732      45.102184      -1.829528      -1.918975       3.133182      15.428992      -2.123492     -90.006699     -33.842194      89.988121      47.338840      79.416290    -135.031006      91.092163      39.400959      90.279709     -23.429390     -14.567540       9.878362    -175.046310      87.170242     -18.089861      -0.034280      -2.737091     -21.761572      24.488800      77.774231    -140.621704     -88.934105     -33.327034      89.758743      -0.069893      -5.788523       4.713336    -149.500183     -88.410728      16.501968      -4.874588       4.346442     -22.933693
      -3.379259      35.253971      -7.057364     -16.514412      24.875967       9.917096     -67.115730     -69.973412       6.947706      -8.568427      -9.125163       6.501340       6.737799       7.427691      -3.868338      -9.638142      -5.461391     -37.862297      -5.014575       2.287872      22.782217     104.555710      -0.315154     -87.557953      -4.332961     -47.263607      82.168961      -0.055927      45.784985       0.025805      -8.765947      -0.153699      -2.290107      -1.011198     -11.305318     -21.102938     -90.002914     -30.592493      89.994850     -96.803680       7.175660     -81.894768     -60.010471     -46.029198     -40.113392    -185.953781     -89.593864    -186.088196      44.238297      -1.767858      -1.914614       2.871036      15.011231      -1.536468     -90.007164     -33.921986      89.987816      45.721104      79.845428    -133.980316      91.087349      36.352867      90.271881     -21.697191     -14.415548      10.333348    -174.125412      87.146385     -18.694500      -0.034022      -2.736557     -21.761610      23.175064      77.966965    -141.358871     -88.957718     -35.153210      89.749222       0.203610      -5.447310       4.535841    -147.458710     -88.495178      18.590343      -4.875359       4.335628     -22.940590
      -3.221779      35.679424      -8.070406     -15.886372      24.604403       8.668167     -66.784431     -70.310387       6.974930      -8.587560      -9.194804       6.604151       6.525186       5.720569      -2.546629      -9.612837      -5.402999     -37.556999      -5.302807       2.300340      23.456865     105.464417      -0.172827     -88.272560      -7.243263     -46.679424      79.797455      -0.057600      44.273537       0.028734      -8.764145      -0.153310      -2.289406      -0.828312     -10.213072     -20.261032     -90.002899     -30.592533      89.994949     -96.963089       6.535350     -82.115044     -61.186977     -46.854904     -43.433414    -357.219849     -88.969925    -357.298706      43.454037      -1.717612      -1.919356       2.648536      14.489614      -1.022961     -90.007553     -33.995659      89.987740      45.228035      80.132668    -134.038437      91.084839      33.452335      90.265656     -20.237095     -14.187307      10.760995    -173.264847      87.086952     -19.259407      -0.033752      -2.735771     -21.760818      22.561680      77.991653    -142.779480     -88.995804     -37.701630      89.742050       0.481393      -5.148137       4.381990    -145.445023     -88.566971      20.640621      -4.875872       4.327488     -22.948387
      -3.014824      36.032547      -9.093461     -15.336121      24.142315       7.550568     -66.529045     -70.516693       6.932432      -8.617707      -9.485093       6.528709       6.354033       4.124564      -1.215514      -9.520103      -5.489948     -37.289700      -5.534059       2.274911      24.037994     106.357002      -0.038998     -88.952316      -9.969652     -46.227371      77.273239      -0.053892      42.475807       0.026481      -8.762773      -0.153093      -2.288765      -0.654720      -9.172299     -19.251204     -90.002907     -30.592575      89.994972     -97.107307       5.971869     -82.247589     -62.213104     -47.295513     -46.800400    -358.819611     -87.241524    -358.857269      42.742027      -1.675557      -1.928672       2.455010      13.948055      -0.544095     -90.007835     -34.063686      89.987801      45.709854      80.299026    -135.057175      91.086197      30.734512      90.260933     -19.021889     -13.892406      11.172107    -172.724197      86.931885     -19.519392      -0.033542      -2.734010     -21.762312      22.552877      77.883301    -144.678345     -89.065544     -40.866459      89.740776       0.756369      -4.886178       4.248630    -143.484756     -88.627724      22.630898      -4.876194       4.321599     -22.956329
      -2.768017      36.297897     -10.113685     -14.906302      23.482777       6.607744     -66.367676     -70.567986       6.838648      -8.652314      -9.941302       6.268907       6.225421       2.664522       0.066304      -9.357939      -5.698349     -37.063610      -5.715094       2.224748      24.529503     107.236412       0.087298     -89.591133     -12.486378     -45.911007      74.626602      -0.045459      40.456669       0.020194      -8.761614      -0.153019      -2.288184      -0.490881      -8.197536     -18.088366     -90.002914     -30.592625      89.994987     -97.213928       5.475032     -82.329399     -63.016712     -47.362457     -50.087894    -359.242920     -85.282204    -359.249664      42.095688      -1.639593      -1.939859       2.280845      13.438337      -0.076087     -90.008011     -34.126530      89.987991      46.934795      80.327797    -136.939346      91.001900      28.498861      90.238060     -18.054657     -13.567890      11.552451    -172.314163      86.743591     -19.685122      -0.033409      -2.733249     -21.767244      23.113466      77.666809    -146.894272     -89.176567     -44.536785      89.749641       1.023890      -4.656126       4.133152    -141.562958     -88.680344      24.577011      -4.876474       4.316749     -22.964424
      -2.483668      36.460022     -11.116159     -14.648427      22.558762       5.848588     -66.286400     -70.486458       6.751696      -8.683120     -10.509002       5.824237       6.139908       1.369936       1.240934      -9.124536      -6.001318     -36.884731      -5.852826       2.164466      24.933441     108.111595       0.207683     -90.192238     -14.780602     -45.731853      71.883339      -0.033168      38.285442       0.010858      -8.760223      -0.153058      -2.287633      -0.330118      -7.294951     -16.770491     -90.002914     -30.592667      89.994972     -97.253532       5.040259     -82.386620     -63.534592     -47.075405     -53.176342    -359.446106     -83.161743    -359.429688      41.509029      -1.608245      -1.951346       2.123065      12.996935       0.384335     -90.008087     -34.184547      89.988251      48.711784      80.133514    -139.603989      90.864105      27.040659      90.206169     -17.304808     -13.334987      11.817431    -172.017960      86.589592     -19.741077      -0.033892      -2.741609     -21.773918      24.126230      77.376602    -149.168900     -89.323647     -48.590351      89.772194       1.281674      -4.453339       4.032954    -139.663849     -88.726837      26.494102      -4.876755       4.312285     -22.973122
      -2.167745      36.520847     -12.078628     -14.584293      21.400276       5.207026     -66.280846     -70.331627       6.716654      -8.719735     -11.162037       5.221789       6.077174       0.254434       2.270032      -8.826355      -6.387201     -36.761742      -5.952375       2.098569      25.252439     108.956703       0.318700     -90.738762     -16.824379     -45.709221      69.071869      -0.018382      36.032692      -0.000459      -8.758560      -0.153177      -2.287166      -0.168572      -6.454995     -15.316617     -90.002907     -30.592714      89.994957     -97.224701       4.665563     -82.447815     -63.736103     -46.474499     -55.973614    -359.571594     -80.952332    -359.537964      40.976494      -1.580551      -1.962235       1.972859      12.652636       0.872634     -90.008080     -34.238121      89.988579      50.563442      79.787270    -142.586868      90.699036      26.421146      90.169357     -16.674164     -13.129209      12.042694    -171.734940      86.452667     -19.801620      -0.034423      -2.746651     -21.782619      25.413067      77.053253    -151.195374     -89.480782     -52.887688      89.804611       1.521415      -4.276921       3.946322    -137.865845     -88.765640      28.307281      -4.876869       4.309445     -22.981594
      -1.826638      36.480919     -12.983619     -14.715699      20.082001       4.642352     -66.339287     -70.164818       6.754206      -8.774759     -11.861432       4.502753       6.012458      -0.662586       3.144619      -8.467634      -6.842309     -36.685360      -6.018510       2.031736      25.497456     109.738541       0.413689     -91.218048     -18.586845     -45.870117      66.222778      -0.002835      33.768936      -0.012304      -8.756678      -0.153350      -2.286843      -0.010896      -5.672498     -13.783704     -90.002930     -30.592756      89.994904     -97.129028       4.344117     -82.516136     -63.612312     -45.600159     -58.428703    -359.661621     -78.727203    -359.616058      40.492920      -1.555952      -1.972168       1.818864      12.398945       1.435191     -90.008003     -34.287613      89.988907      52.201569      79.356766    -145.590179      90.519653      26.638956      90.128326     -16.147635     -12.941596      12.239724    -171.482056      86.324593     -19.847864      -0.035000      -2.750690     -21.792334      26.976692      76.705521    -152.890762     -89.638962     -57.285492      89.846771       1.735656      -4.124119       3.871121    -136.198669     -88.797234      29.989906      -4.876770       4.308402     -22.989168
      -1.466874      36.337845     -13.819555     -15.033400      18.689117       4.126479     -66.437737     -70.030205       6.870426      -8.850814     -12.578182       3.714094       5.932681      -1.377741       3.879054      -8.050341      -7.349694     -36.632648      -6.056052       1.969849      25.685671     110.345436       0.483707     -91.672913     -20.035816     -46.224884      63.402920       0.012065      31.562891      -0.023479      -8.754337      -0.153629      -2.286582       0.149093      -4.963947     -12.194042     -90.002914     -30.592793      89.994881     -96.977432       4.068611     -82.589821     -63.175331     -44.495468     -60.523773    -359.730682     -76.557838    -359.678223      40.053692      -1.534056      -1.981146       1.658532      12.184106       2.068799     -90.007858     -34.333313      89.989273      53.496250      78.882179    -148.470978      90.345108      27.673754      90.085930     -15.714210     -12.772524      12.412112    -171.253403      86.204758     -19.883724      -0.035599      -2.753843     -21.802656      28.860800      76.327370    -154.248245     -89.795128     -61.638981      89.902367       1.919254      -3.992784       3.805936    -134.688446     -88.822113      31.517717      -4.876440       4.309207     -22.995407
      -1.096282      36.088463     -14.578576     -15.525845      17.305584       3.642647     -66.564369     -69.952873       7.052672      -8.951846     -13.296582       2.896498       5.824633      -1.886819       4.493451      -7.578152      -7.896582     -36.585182      -6.068492       1.916252      25.831089     110.708611       0.521556     -92.142349     -21.166616     -46.793015      60.635372       0.025044      29.481005      -0.032962      -8.751782      -0.153961      -2.286424       0.307101      -4.338490     -10.569098     -90.002922     -30.592821      89.994827     -96.774155       3.833220     -82.680550     -62.445606     -43.192772     -62.253918    -359.784210     -74.511436    -359.729797      39.654720      -1.514507      -1.989307       1.499075      11.943038       2.727522     -90.007683     -34.375511      89.989616      54.421642      78.389481    -151.184387      90.186684      29.493866      90.044182     -15.363318     -12.623105      12.561829    -171.041580      86.093369     -19.914436      -0.036179      -2.755970     -21.813177      31.095383      75.914558    -155.272263     -89.945541     -65.807121      89.980011       2.068953      -3.881112       3.749816    -133.357285     -88.840836      32.870171      -4.875884       4.311801     -23.000051
      -0.725151      35.730236     -15.255603     -16.181665      16.006666       3.185844     -66.719086     -69.940300       7.279200      -9.081847     -14.003913       2.081468       5.677338      -2.186395       5.006684      -7.056598      -8.472573     -36.530064      -6.058740       1.872459      25.944159     110.809998       0.524493     -92.642899     -21.987162     -47.590965      57.930202       0.034807      27.584915      -0.039832      -8.749099      -0.154301      -2.286425       0.459790      -3.779429      -8.978873     -90.002937     -30.592844      89.994774     -96.525398       3.629554     -82.808784     -61.450336     -41.717731     -63.611862    -359.824707     -72.649338    -359.773224      39.292198      -1.496934      -1.996837       1.349141      11.626854       3.344291     -90.007484     -34.414478      89.989960      55.009041      77.891914    -153.735901      90.047668      32.054573      90.004036     -15.085219     -12.494018      12.690124    -170.841080      85.990295     -19.943335      -0.036711      -2.757010     -21.823420      33.668560      75.471817    -155.950119     -90.078720     -69.659897      90.092995       2.182664      -3.787434       3.701960    -132.221954     -88.853981      34.031548      -4.875126       4.316102     -23.002913
      -0.365219      35.261795     -15.847925     -16.989391      14.863090       2.759884     -66.908043     -69.987350       7.526572      -9.242680     -14.687458       1.293115       5.484128      -2.279272       5.435249      -6.491777      -9.067656     -36.457741      -6.029375       1.839671      26.033381     110.642136       0.492576     -93.182274     -22.503813     -48.627037      55.310898       0.040365      25.929710      -0.043467      -8.746377      -0.154582      -2.286608       0.604564      -3.258934      -7.502211     -90.002953     -30.592871      89.994713     -96.241486       3.448959     -82.994324     -60.226635     -40.095158     -64.583328    -359.854034     -71.025902    -359.809814      38.962765      -1.481053      -2.003851       1.214328      11.203492       3.842857     -90.007278     -34.450470      89.990303      55.314415      77.392365    -156.147308      89.928757      35.295414      89.966125     -14.870710     -12.385671      12.798119    -170.647751      85.895309     -19.972731      -0.037159      -2.756924     -21.833014      36.526104      75.014511    -156.253494     -90.172630     -73.083221      90.256317       2.259522      -3.709646       3.661255    -131.283890     -88.862274      35.001385      -4.874214       4.321981     -23.003866
      -0.028659      34.682953     -16.355572     -17.939634      13.942618       2.377352     -67.139198     -70.080467       7.773067      -9.433435     -15.330880       0.547537       5.242416      -2.170158       5.786722      -5.890980      -9.674496     -36.359577      -5.982379       1.817361      26.106726     110.205521       0.427908     -93.759132     -22.717230     -49.903751      52.815056       0.041174      24.562923      -0.043555      -8.743780      -0.154822      -2.286980       0.737361      -2.746563      -6.209417     -90.002983     -30.592882      89.994659     -95.928024       3.286895     -83.247040     -58.818665     -38.338554     -65.210930    -359.872589     -69.688133    -359.839478      38.663048      -1.466590      -2.010403       1.097082      10.670204       4.176194     -90.007072     -34.483688      89.990601      55.404373      76.885300    -158.440765      89.829430      39.138699      89.930939     -14.710997     -12.298262      12.886915    -170.457642      85.808258     -20.005259      -0.037488      -2.755668     -21.841692      39.581005      74.569275    -156.147415     -90.200623     -75.981491      90.480049       2.299863      -3.645001       3.626141    -130.519272     -88.866768      35.803528      -4.873200       4.329211     -23.002901
       0.273784      33.995132     -16.781185     -19.025339      13.300862       2.058270     -67.421066     -70.201523       7.999275      -9.651039     -15.915510      -0.144316       4.952606      -1.865819       6.064956      -5.261168     -10.283442     -36.233238      -5.919811       1.806623      26.168627     109.508850       0.334492     -94.363632     -22.619265     -51.417511      50.496140       0.037188      23.523750      -0.040172      -8.741361      -0.155002      -2.287518       0.855028      -2.217325      -5.158965     -90.003006     -30.592886      89.994614     -95.594429       3.137786     -83.572380     -57.267570     -36.456638     -65.538361    -359.884430     -68.674751    -359.864471      38.391747      -1.453320      -2.016545       1.002127      10.040478       4.309632     -90.006889     -34.514370      89.990891      55.351879      76.359436    -160.635391      89.746193      43.488110      89.897942     -14.597456     -12.231146      12.958030    -170.269012      85.728554     -20.041702      -0.037671      -2.753323     -21.849237      42.727821      74.172859    -155.602036     -90.146690     -78.277260      90.756958       2.305507      -3.589971       3.594640    -129.874893     -88.868988      36.490944      -4.872177       4.337322     -23.000153
       0.534508      33.201675     -17.129587     -20.242210      12.972637       1.827371     -67.759750     -70.330994       8.190378      -9.889870     -16.422201      -0.775007       4.618267      -1.374399       6.269802      -4.609396     -10.883578     -36.081169      -5.843688       1.809513      26.220987     108.567810       0.216841     -94.979660     -22.191471     -53.157150      48.423698       0.028810      22.843016      -0.033655      -8.739186      -0.155133      -2.288196       0.956691      -1.659979      -4.392331     -90.003044     -30.592882      89.994576     -95.248466       2.995700     -83.968750     -55.610462     -34.454529     -65.604057    -359.891235     -68.016266    -359.885162      38.144913      -1.441079      -2.022280       0.929497       9.336552       4.220594     -90.006706     -34.542686      89.991142      55.229816      75.801064    -162.742615      89.672348      48.229500      89.864769     -14.522128     -12.182706      13.013318    -170.082123      85.655174     -20.081238      -0.037702      -2.750128     -21.855516      45.858257      73.866524    -154.604599     -90.029266     -79.909790      91.043228       2.279635      -3.540641       3.564605    -129.271683     -88.870750      37.141785      -4.871250       4.345630     -22.995928
       0.750378      32.307774     -17.407894     -21.593489      12.956081       1.707508     -68.162636     -70.451210       8.332445     -10.146919     -16.835451      -1.345736       4.241867      -0.708291       6.387452      -3.942214     -11.463768     -35.906437      -5.755829       1.828833      26.265141     107.376068       0.074797     -95.568703     -21.510796     -55.022114      46.641792       0.016947      22.539053      -0.024792      -8.736935      -0.155379      -2.289083       1.052847      -1.133116      -3.975580     -90.003059     -30.592861      89.994537     -94.885101       2.857864     -84.430458     -53.877922     -32.331436     -65.436401    -359.892670     -67.734436    -359.900604      37.920765      -1.429732      -2.027619       0.877100       8.595103       3.892848     -90.006554     -34.568840      89.991386      55.105865      75.202362    -164.763397      89.597008      53.234646      89.825211     -14.477466     -12.149694      13.055128    -169.900635      85.586433     -20.119854      -0.037620      -2.746608     -21.860413      48.878052      73.689873    -153.168976     -89.913300     -80.833145      91.255127       2.226449      -3.493286       3.534227    -128.616653     -88.874054      37.847763      -4.870564       4.353241     -22.990627
       0.923943      31.319958     -17.626181     -23.090363      13.198458       1.708632     -68.633629     -70.550537       8.415677     -10.420708     -17.150457      -1.863796       3.827991       0.108664       6.402143      -3.267213     -12.010976     -35.723427      -5.658311       1.868582      26.295782     105.928207      -0.090814     -96.084641     -20.793087     -56.803562      45.124832       0.002778      22.622433      -0.014140      -8.734501      -0.155830      -2.290144       1.153342      -0.779232      -4.004347     -90.003105     -30.592834      89.994484     -94.495598       2.718580     -84.953773     -52.112659     -30.099947     -65.018837    -359.891541     -67.841850    -359.912079      37.717049      -1.419122      -2.032544       0.833718       7.876468       3.309856     -90.006409     -34.592972      89.991608      55.031048      74.567108    -166.683945      89.509964      58.364983      89.766373     -14.457195     -12.127413      13.086116    -169.731430      85.519936     -20.150484      -0.037513      -2.743530     -21.863848      51.721188      73.667229    -151.346130     -89.877594     -81.014038      91.308403       2.150852      -3.445369       3.502553    -127.826950     -88.880447      38.690468      -4.870245       4.359277     -22.984655
       1.123601      30.421629     -17.762583     -25.041576      13.650280       2.217965     -69.229324     -70.468666       8.351934     -10.716515     -17.296307      -2.395648       3.379580       1.117116       6.249566      -2.613750     -12.527092     -35.658054      -5.552437       1.929423      26.279156     104.254425      -0.270040     -96.391273     -20.026859     -58.477615      43.902950      -0.011916      23.102041      -0.002130      -8.731615      -0.156292      -2.291380       1.275559      -0.493754      -4.541608     -90.003098     -30.592787      89.994446     -94.083748       2.638117     -85.335243     -50.423500     -27.829172     -64.288704    -359.889252     -68.351433    -359.918549      37.530277      -1.409140      -2.036585       0.727791       7.267692       2.658059     -90.006287     -34.615253      89.991852      55.629799      73.592201    -168.606049      89.298744      63.294147      89.614647     -14.449592     -12.115124      13.099905    -169.526764      85.460266     -20.187307      -0.036638      -2.739067     -21.859339      55.815155      73.072632    -151.141617     -89.760284     -81.379967      91.637543       5.615874      -3.762808       3.694580    -125.974236     -88.727928      39.021641      -4.657337       4.646654     -24.046200
       1.340897      29.713943     -17.765957     -27.544556      14.347357       2.913916     -69.908310     -70.330673       8.267297     -11.017441     -17.428272      -2.895990       2.926604       2.214796       5.864987      -2.002270     -13.034955     -35.715565      -5.434226       1.993804      26.197050     102.367577      -0.464821     -96.447403     -19.079161     -60.063835      43.111046      -0.024941      23.970228       0.011275      -8.727955      -0.156944      -2.292601       1.431288      -0.294750      -5.555164     -90.003052     -30.592722      89.994446     -93.629723       2.640448     -85.515999     -48.879513     -25.570225     -63.237991    -359.884308     -69.270042    -359.917358      37.361092      -1.400150      -2.039534       0.601467       6.682673       2.218613     -90.006126     -34.635830      89.992104      56.711239      72.617195    -169.974991      89.251976      68.165924      89.447960     -14.360479     -12.107128      13.108663    -169.350296      85.402451     -20.202271      -0.036548      -2.737552     -21.855152      60.011871      72.238342    -151.569855     -89.778580     -81.252907      91.559448       8.989897      -4.018013       3.960228    -114.022232     -88.830666      50.810135      -4.523595       4.801682     -24.739405
       1.585796      29.262178     -17.600824     -30.228918      14.603547       3.724331     -70.710846     -70.074715       8.350132     -11.172427     -17.468452      -2.987173       2.559411       3.408769       5.370623      -1.437993     -13.530612     -35.878170      -5.302535       2.059771      26.042782     100.389267      -0.672150     -96.292732     -17.895172     -61.518421      42.835365      -0.034889      25.217058       0.028135      -8.721166      -0.157861      -2.293523       1.616051      -0.254325      -6.842533     -90.002922     -30.592653      89.994438     -92.937531       2.723264     -85.561646     -47.473804     -23.249607     -61.830624    -359.871674     -70.588028    -359.903473      37.209042      -1.392187      -2.041245       0.459624       6.112884       2.386897     -90.005943     -34.654846      89.992325      58.075092      71.807953    -170.545273      89.456657      73.071404      89.278488     -14.170807     -12.089974      13.134669    -169.202087      85.349060     -20.208771      -0.036802      -2.736639     -21.851637      63.745144      71.534943    -151.584366     -89.874916     -80.666275      91.422005      11.662250      -4.008954       4.008434    -101.059921     -88.831078      63.696781      -4.444059       4.849559     -25.183788
       1.864032      29.073290     -17.291716     -32.696564      14.339490       4.486214     -71.696358     -69.774948       8.612267     -11.177376     -17.452578      -2.476707       2.247564       4.706719       5.013028      -0.912820     -14.005220     -36.014015      -5.160826       2.123210      25.881941      98.328255      -0.897170     -96.055855     -16.523262     -62.831875      43.000149      -0.042161      26.825844       0.050111      -8.713993      -0.158763      -2.294188       1.782122      -0.352604      -8.220761     -90.002831     -30.592581      89.994431     -92.034828       2.836912     -85.576454     -46.199421     -20.838360     -60.126034    -359.843323     -72.273491    -359.871307      37.072704      -1.385049      -2.042301       0.310583       5.644463       3.215100     -90.005753     -34.672436      89.992516      59.375107      71.267342    -170.296982      89.788147      77.675804      88.973396     -13.982156     -12.070661      13.165410    -169.051041      85.302025     -20.225332      -0.036689      -2.733330     -21.848167      67.588318      70.799080    -151.518906     -90.043015     -79.391525      91.233170      13.446226      -4.015026       3.988622     -95.312119     -88.720123      69.449966      -4.392918       4.884246     -25.460487
       2.157310      29.123581     -16.898031     -34.746834      13.791099       5.131893     -72.882362     -69.463966       8.980022     -11.079252     -17.404840      -1.385848       1.937307       6.046468       4.933805      -0.413662     -14.446620     -36.006676      -5.011746       2.184029      25.779505      96.230850      -1.138340     -95.838501     -14.992323     -64.018433      43.537224      -0.047122      28.767771       0.075805      -8.708752      -0.159522      -2.294785       1.879350      -0.557536      -9.677156     -90.002785     -30.592524      89.994408     -91.054840       2.923803     -85.677078     -45.055294     -18.358124     -58.232006    -359.791565     -74.284828    -359.815521      36.949787      -1.378533      -2.043391       0.158950       5.337767       4.387835     -90.005562     -34.688702      89.992676      60.577377      70.992455    -169.398636      90.372635      81.825523      88.411079     -13.787582     -12.044397      13.204941    -168.898544      85.258530     -20.244835      -0.036203      -2.728291     -21.843452      71.391876      70.080093    -151.336960     -90.250603     -77.243729      91.014259      14.679235      -3.992719       3.953640     -88.891068     -88.614861      75.890129      -4.363001       4.884146     -25.634031
       2.454465      29.383232     -16.475132     -36.341019      13.055499       5.662069     -74.225273     -69.155632       9.426082     -10.898827     -17.334780       0.197840       1.611601       7.369877       5.146191       0.068243     -14.829717     -35.825809      -4.858793       2.253947      25.755808      94.232582      -1.377487     -95.709389     -13.302758     -65.069061      44.441982      -0.049679      31.005190       0.102566      -8.705847      -0.160073      -2.295349       1.903990      -0.858659     -11.245922     -90.002800     -30.592468      89.994392     -90.069046       2.955968     -85.913551     -44.049538     -15.845156     -56.213200    -359.705505     -76.578003    -359.726105      36.838287      -1.372474      -2.044806       0.003033       5.234629       5.567218     -90.005402     -34.703735      89.992821      61.717499      70.943924    -168.024368      91.666557      85.408432      87.136452     -13.585710     -12.009119      13.252832    -168.758835      85.214355     -20.250324      -0.035668      -2.723639     -21.836439      74.993828      69.396294    -151.011734     -90.447304     -74.207390      90.810638      15.375987      -3.933367       3.880629     -82.808945     -88.500854      82.007477      -4.355270       4.860184     -25.694729
       2.749349      29.815020     -16.074339     -37.496552      12.212600       6.085487     -75.663544     -68.866226       9.940708     -10.649188     -17.263201       2.163845       1.269170       8.630394       5.610590       0.530927     -15.141884     -35.479797      -4.703953       2.338496      25.811789      92.388016      -1.599855     -95.653114     -11.491005     -65.950493      45.693844      -0.049865      33.495178       0.127604      -8.705168      -0.160332      -2.295833       1.867820      -1.192541     -12.909879     -90.002861     -30.592407      89.994370     -89.136330       2.926064     -86.287971     -43.200947     -13.356958     -54.103237    -359.565186     -79.105934    -359.583008      36.736721      -1.366812      -2.046561      -0.156924       5.330822       6.512292     -90.005249     -34.717606      89.992950      62.833466      71.049164    -166.339798      96.416832      88.340225      82.468605     -13.381529     -11.968456      13.304116    -168.636871      85.168938     -20.238865      -0.035318      -2.720246     -21.827440      78.282043      68.757149    -150.538147     -90.608093     -70.342995      90.645508      15.547590      -3.839026       3.761170     -77.144203     -88.374008      87.723305      -4.371247       4.817674     -25.633039
       3.039484      30.377377     -15.740052     -38.260551      11.311486       6.410910     -77.138512     -68.608078      10.516107     -10.341043     -17.216698       4.397341       0.917090       9.785005       6.259808       0.966247     -15.376588     -35.002789      -4.548237       2.440666      25.934931      90.730324      -1.797020     -95.623451      -9.569275     -66.639671      47.293541      -0.047759      36.185299       0.148174      -8.706408      -0.160340      -2.296160       1.786606      -1.500013     -14.614503     -90.002937     -30.592352      89.994362     -88.287376       2.842116     -86.767601     -42.531292     -10.954514     -51.906891    -359.323456     -81.817436    -359.338501      36.644112      -1.361552      -2.048532      -0.318304       5.593468       7.102281     -90.005135     -34.730412      89.993050      63.909576      71.248955    -164.458267     251.610565      89.373154     -72.560684     -13.181464     -11.923517      13.357728    -168.533463      85.122009     -20.213694      -0.035139      -2.718101     -21.817564      81.208443      68.155502    -149.933670     -90.731155     -65.749794      90.520172      15.283219      -3.709859       3.585400     -71.990784     -88.226822      92.937920      -4.399268       4.779524     -25.499863
       3.320878      31.004225     -15.520539     -38.733932      10.469437       6.630263     -78.570229     -68.401703      11.113673      -9.997817     -17.215004       6.735471       0.560784      10.810829       7.018185       1.358729     -15.544515     -34.425804      -4.391051       2.552921      26.114573      89.265411      -1.967149     -95.551094      -7.518325     -67.127335      49.268116      -0.043404      39.014263       0.161041      -8.709881      -0.160162      -2.296328       1.658789      -1.788442     -16.299780     -90.003052     -30.592312      89.994370     -87.661476       2.693764     -87.400154     -42.069107      -8.698530     -49.593880    -358.829132     -84.655930    -358.841980      36.560249      -1.356658      -2.050555      -0.453699       5.990177       7.302378     -90.005005     -34.742229      89.993141      64.876274      71.516388    -162.419662     265.616974      87.861984     -86.306221     -12.991094     -11.873755      13.414429    -168.451965      85.072701     -20.177931      -0.035114      -2.717222     -21.808678      83.592308      67.605400    -149.225906     -90.816628     -60.946209      90.434433      14.717135      -3.581372       3.404235     -68.391747     -88.089622      96.596962      -4.424930       4.761320     -25.366205
       3.624133      31.612778     -15.471433     -39.206894       9.768501       6.785176     -79.592102     -68.680786      11.601738      -9.638317     -17.027840       9.155234       0.180440      11.800304       7.909877       1.712696     -15.609572     -33.788776      -4.237027       2.697660      26.340086      88.043015      -2.105357     -95.373665      -5.356909     -67.378166      51.624714      -0.036976      41.920540       0.164588      -8.715033      -0.159776      -2.296192       1.499857      -2.031188     -17.858421     -90.003151     -30.592274      89.994385     -87.106361       2.527435     -87.999817     -41.807159      -6.647470     -47.205177    -357.240936     -87.556068    -357.250488      36.482502      -1.352087      -2.052734      -0.599577       6.480522       7.049999     -90.004929     -34.753113      89.993202      66.512718      71.944496    -161.266769     262.248077      87.458069     -83.725876     -12.842954     -11.540064      13.605484    -168.630051      84.902710     -19.808638      -0.034091      -2.735075     -21.783619      85.145546      67.294861    -148.072372     -91.073898     -56.379292      90.487892      14.161119      -3.890589       3.621604     -76.181526     -88.094383      88.829941      -4.441893       4.807417     -25.230125
       3.983363      32.142296     -15.591602     -40.078083      10.128353       6.901616     -80.405426     -69.707664      12.086731      -9.648978     -15.812853      10.220852      -0.318954      12.394793       9.174314       2.004272     -15.631322     -33.026764      -4.083619       2.839942      26.660061      86.845261      -2.256850     -94.989365      -3.011041     -67.476341      54.352905      -0.027177      44.823185       0.151864      -8.723700      -0.159530      -2.296153       1.232657      -2.380645     -19.360588     -90.003319     -30.592239      89.994370     -86.814636       2.361523     -88.464729     -41.764385      -4.965153     -44.793190    -194.317184     -89.519661    -194.321274      36.411232      -1.348122      -2.055202      -0.722363       6.855280       6.149126     -90.004898     -34.763153      89.993217      69.466812      71.647148    -161.338699     262.025024      87.768227     -83.422379     -12.751688     -11.514577      13.573845    -168.661789      84.833183     -19.668386      -0.037663      -2.754905     -21.772654      86.152451      67.304909    -146.444885     -91.018471     -52.352428      90.415138      13.504710      -4.035469       3.639009     -83.708336     -88.041962      81.354134      -4.461618       4.901433     -25.085876
       4.334870      32.623684     -15.833744     -41.078453      10.381151       6.767119     -80.975914     -70.709686      12.611991      -9.600136     -14.625858      11.169127      -0.561933      12.485103       9.736080       2.234612     -15.565413     -32.272366      -3.931333       3.009655      26.991297      85.938690      -2.381719     -94.488892      -0.712773     -67.310829      57.292648      -0.014322      47.667904       0.127949      -8.731976      -0.159260      -2.295820       0.928072      -2.875739     -20.734142     -90.003448     -30.592199      89.994339     -86.514679       2.223595     -88.790695     -41.947517      -3.569386     -42.222992    -181.943588     -86.679741    -181.940231      36.347515      -1.344583      -2.057281      -0.788235       7.042363       4.891105     -90.004860     -34.772385      89.993210      71.403343      71.369087    -160.414169     259.207642      88.563034     -80.515045     -12.654147     -11.534788      13.557948    -168.566986      84.809937     -19.709011      -0.038387      -2.752820     -21.775873      87.185455      67.405197    -145.103500     -90.995995     -48.682560      90.365494      12.748244      -3.983943       3.500680     -86.267342     -87.965866      78.888878      -4.481791       4.977154     -24.940676
       4.681743      33.043873     -16.192236     -42.112671      10.470225       6.437905     -81.318207     -71.642494      13.172102      -9.510527     -13.568188      11.935067      -0.601252      12.226194       9.787310       2.358827     -15.485760     -31.612474      -3.770382       3.162051      27.280598      85.289024      -2.499419     -93.874290       1.469525     -66.903870      60.333656      -0.001308      50.390091       0.098924      -8.737635      -0.159132      -2.295222       0.654753      -3.429597     -21.810743     -90.003487     -30.592186      89.994308     -86.160362       2.126627     -89.027374     -42.360222      -2.458179     -39.489887    -180.971710     -83.942635    -180.960403      36.289459      -1.341277      -2.058473      -0.846432       7.113941       3.685884     -90.004852     -34.780914      89.993164      72.772400      71.228119    -158.943954     159.297852      89.762878      19.460516     -12.558346     -11.559875      13.554858    -168.471649      84.790421     -19.768881      -0.038740      -2.748725     -21.783434      88.130203      67.442696    -144.004471     -90.994995     -45.355350      90.328476      11.998809      -3.853687       3.333710     -85.374947     -87.905807      79.871368      -4.501222       5.025568     -24.811213
       5.036707      33.390789     -16.668987     -42.989666      10.550681       6.058776     -81.457809     -72.455612      13.733996      -9.398554     -12.713385      12.497936      -0.595317      12.026117       9.818757       2.353882     -15.431255     -31.091328      -3.595505       3.270946      27.497513      84.785683      -2.627239     -93.159317       3.529555     -66.326126      63.404209       0.008618      52.925373       0.071431      -8.741891      -0.159151      -2.294630       0.403385      -4.080238     -22.624998     -90.003479     -30.592171      89.994286     -85.919540       2.024741     -89.311516     -42.984879      -1.630030     -36.586643    -180.620453     -81.384018    -180.602570      36.237888      -1.338166      -2.058946      -0.906838       7.227723       2.935020     -90.004829     -34.788807      89.993126      73.822090      71.146591    -157.291306      94.000702      87.630661      84.802177     -12.465989     -11.570800      13.567435    -168.390915      84.766129     -19.819242      -0.038850      -2.745064     -21.792040      88.851860      67.409065    -143.160522     -91.002960     -42.341713      90.303490      11.353241      -3.687748       3.170139     -82.118996     -87.853294      83.174316      -4.520198       4.992176     -24.719826
       5.408284      33.663040     -17.253428     -43.640610      10.680378       5.674016     -81.472374     -73.140572      14.255898      -9.286228     -12.017797      12.921703      -0.576480      11.887160       9.827215       2.247191     -15.352330     -30.659346      -3.413947       3.368062      27.671839      84.436127      -2.755615     -92.395081       5.343431     -65.592659      66.363647       0.014588      55.221828       0.047141      -8.745584      -0.159123      -2.294109       0.150719      -4.779665     -23.262568     -90.003464     -30.592186      89.994278     -85.721733       1.938419     -89.547096     -43.764694      -1.148318     -33.637478    -180.443237     -79.064285    -180.421707      36.191406      -1.335339      -2.059233      -0.982278       7.413984       2.546165     -90.004814     -34.796116      89.993103      74.773315      71.107330    -155.685654      91.017502      84.564018      87.838989     -12.373728     -11.565871      13.589414    -168.325897      84.736778     -19.851978      -0.038952      -2.742779     -21.799759      89.296532      67.306908    -142.546539     -91.013626     -39.612389      90.286827      10.826241      -3.532922       3.017266     -79.213371     -87.790901      86.108162      -4.538440       4.957840     -24.633852
       5.801929      33.861553     -17.935610     -44.044930      10.831399       5.298749     -81.415756     -73.704468      14.716619      -9.185545     -11.473686      13.233006      -0.562697      11.797870       9.812778       2.046720     -15.232768     -30.318178      -3.227594       3.464307      27.800016      84.495956      -2.851774     -91.699081       7.032385     -64.773308      69.277657       0.016653      57.221897       0.025792      -8.750023      -0.159245      -2.293919      -0.154580      -5.585633     -23.880392     -90.003487     -30.592199      89.994240     -85.568375       1.869179     -89.723137     -44.672016      -1.027883     -30.660891    -180.338242     -77.031937    -180.316483      36.150116      -1.332794      -2.059344      -1.050062       7.670403       2.443103     -90.004776     -34.802856      89.993103      75.715981      71.090012    -154.223221      90.137726      80.745285      88.717850     -12.278670     -11.546552      13.617694    -168.273331      84.703201     -19.867449      -0.039064      -2.741941     -21.805771      89.455055      67.133354    -142.153732     -91.118782     -37.133648      90.300583      10.423465      -3.405138       2.880805     -77.325699     -87.721184      88.005470      -4.555757       4.924414     -24.551767
       6.228191      33.988873     -18.712086     -44.181770      11.156593       4.956576     -81.344772     -74.132042      15.066200      -9.108899     -11.036507      13.465082      -0.565646      11.794886       9.751588       1.752924     -15.084671     -30.032164      -3.037552       3.552434      27.905359      84.867447      -2.905696     -91.102287       8.367483     -63.832310      71.945313       0.015246      58.895321       0.008807      -8.753468      -0.159237      -2.293760      -0.480000      -6.514774     -24.551353     -90.003502     -30.592209      89.994209     -85.500343       1.824020     -89.795860     -45.652020      -1.329643     -27.774237    -180.269867     -75.331009    -180.251602      36.112728      -1.330567      -2.059546      -1.126046       7.964706       2.542899     -90.004784     -34.809093      89.993073      76.578583      71.075829    -152.817535      89.743271      76.243469      89.129349     -12.174041     -11.516451      13.652887    -168.216339      84.669456     -19.878656      -0.038908      -2.740601     -21.809439      89.419098      66.873009    -142.142975     -91.086800     -34.830227      90.281975      10.232002      -3.275946       2.779761     -72.996628     -87.637634      92.257996      -4.571874       4.893613     -24.472801
       6.681680      34.049145     -19.581947     -44.035084      11.647697       4.646424     -81.225929     -74.402962      15.335395      -9.025484     -10.675993      13.641587      -0.557391      11.884624       9.637277       1.372685     -14.908025     -29.793493      -2.842908       3.633528      27.990381      85.269081      -2.946283     -90.503357       9.217457     -62.768147      74.249374       0.008468      60.216137      -0.000636      -8.756239      -0.158854      -2.293528      -0.760479      -7.232604     -25.119392     -90.003494     -30.592216      89.994202     -85.513016       1.801540     -89.762428     -46.665104      -2.052739     -25.020521    -180.222839     -73.994667    -180.210861      36.078842      -1.328663      -2.059830      -1.208466       8.223027       2.751894     -90.004791     -34.814846      89.993042      77.347694      71.087326    -151.503464      89.551300      71.162308      89.364258     -12.064004     -11.500757      13.678363    -168.143555      84.642334     -19.898783      -0.038693      -2.738675     -21.810793      89.057442      66.545868    -142.406342     -91.071632     -32.688129      90.271095      10.152134      -3.127177       2.649432     -69.467644     -87.536232      95.694443      -4.587225       4.865645     -24.398367
       7.156486      34.039909     -20.545065     -43.601955      12.289186       4.333651     -81.084656     -74.530777      15.512981      -8.941246     -10.377764      13.774315      -0.529921      12.024504       9.419079       0.912816     -14.695271     -29.601934      -2.645188       3.713284      28.053566      85.704735      -2.974709     -89.893906       9.660829     -61.613655      76.249252      -0.003744      61.155663      -0.002214      -8.758822      -0.158196      -2.293289      -0.993631      -7.655940     -25.583838     -90.003494     -30.592230      89.994225     -85.600845       1.798239     -89.628334     -47.673904      -3.180135     -22.440460    -180.189987     -73.050217    -180.186951      36.048450      -1.327018      -2.060202      -1.284261       8.428849       3.010953     -90.004814     -34.820183      89.992996      77.965797      71.147743    -150.279953      89.477745      65.634766      89.522675     -11.949309     -11.491818      13.699300    -168.059830      84.619934     -19.924025      -0.038403      -2.736037     -21.810438      88.397324      66.143181    -142.938034     -91.066277     -30.672720      90.264732      10.125585      -3.000234       2.535160     -66.883781     -87.437141      98.235329      -4.601739       4.837182     -24.330282
       7.647125      33.961521     -21.601677     -42.916302      13.035415       3.991092     -80.931381     -74.531914      15.600046      -8.857963     -10.114945      13.878833      -0.453656      12.138296       8.983995       0.380279     -14.442909     -29.454664      -2.445332       3.795155      28.095572      86.180489      -2.988436     -89.269722       9.737049     -60.383087      77.978485      -0.020900      61.695274       0.004154      -8.761172      -0.157360      -2.293025      -1.168274      -7.754100     -25.939602     -90.003494     -30.592243      89.994278     -85.765045       1.811989     -89.395363     -48.646423      -4.693539     -20.078508    -180.168182     -72.516510    -180.176437      36.021244      -1.325582      -2.060656      -1.351200       8.579776       3.260608     -90.004860     -34.825108      89.992928      78.604805      71.202988    -149.406281      89.346268      59.780746      89.547447     -11.802956     -11.444181      13.761605    -168.021133      84.577232     -19.887714      -0.038317      -2.737870     -21.806524      87.359879      65.755135    -143.578888     -91.067078     -28.788370      90.260651      10.168680      -2.947703       2.480577     -65.757233     -87.354156      99.367699      -4.615167       4.812288     -24.263004
       8.153944      33.853340     -22.727365     -42.029442      13.690087       3.572086     -80.706017     -74.483902      15.717016      -8.745852      -9.872129      13.973653      -0.287025      12.167159       8.307893      -0.224175     -14.159555     -29.376644      -2.240994       3.874682      28.095631      86.700317      -2.991309     -88.651100       9.508431     -59.099483      79.475616      -0.041842      61.823349       0.017937      -8.762132      -0.156533      -2.292713      -1.250185      -7.543111     -26.143896     -90.003433     -30.592264      89.994370     -85.969254       1.839402     -89.112411     -49.567951      -6.536415     -17.936800    -180.157333     -72.400528    -180.178345      35.997395      -1.324309      -2.060943      -1.398534       8.692492       3.586031     -90.004883     -34.829643      89.992874      79.269539      71.140854    -148.894028      89.128822      53.761486      89.531738     -11.736484     -11.507894      13.727524    -167.815948      84.573845     -20.017694      -0.038447      -2.745720     -21.794550      86.233940      65.421463    -144.306030     -91.230087     -27.327595      90.291748       9.411709      -2.810587       2.321812     -65.540291     -87.330925      99.588676      -4.627465       4.789308     -24.209526
       8.670655      33.713543     -23.934105     -41.021141      14.364366       3.012504     -80.485291     -74.402718      15.769310      -8.655250      -9.714742      14.012650      -0.079698      12.106889       7.383300      -0.893175     -13.840397     -29.369175      -2.034079       3.955268      28.057112      87.336304      -2.968384     -88.071823       9.084466     -57.792812      80.828743      -0.065012      61.532887       0.037511      -8.763125      -0.155770      -2.292508      -1.293816      -7.090082     -26.299479     -90.003403     -30.592283      89.994461     -86.237991       1.876233     -88.760689     -50.409279      -8.688874     -16.084379    -180.157852     -72.708984    -180.192841      35.976406      -1.323144      -2.061291      -1.426741       8.812274       3.952522     -90.004890     -34.833858      89.992821      79.718323      71.006851    -148.629852      89.098480      48.185856      89.604195     -11.640998     -11.539106      13.707445    -167.687851      84.574692     -20.077436      -0.038285      -2.740581     -21.792534      84.821716      65.080330    -145.265503     -91.160599     -26.460417      90.273643       8.514555      -2.728487       2.228760     -64.798973     -87.332840     100.340134      -4.639699       4.764802     -24.155022
       9.180544      33.521843     -25.217196     -39.938160      15.002600       2.274352     -80.262321     -74.302078      15.773055      -8.584291      -9.673076      13.977971       0.179985      11.921960       6.147510      -1.617445     -13.479173     -29.437954      -1.825112       4.040824      27.970617      88.140938      -2.900013     -87.561348       8.478757     -56.444767      82.072311      -0.088361      60.831173       0.061246      -8.764025      -0.155061      -2.292237      -1.305915      -6.457519     -26.399420     -90.003380     -30.592312      89.994537     -86.572807       1.916196     -88.350166     -51.152760     -11.114904     -14.580356    -180.171692     -73.435959    -180.221115      35.957863      -1.322127      -2.061795      -1.429621       8.922563       4.243412     -90.004906     -34.837749      89.992783      79.699211      71.029373    -148.360199      89.086830      43.266949      89.660118     -11.548439     -11.546127      13.711226    -167.586349      84.565201     -20.111475      -0.037819      -2.736464     -21.790184      83.105515      64.791107    -146.528915     -91.123169     -26.388124      90.265068       7.563310      -2.645826       2.172165     -63.953850     -87.355637     101.227455      -4.651379       4.741007     -24.104240
       9.691274      33.261650     -26.576893     -38.852772      15.794127       1.259056     -79.899902     -74.383018      15.697294      -8.562538      -9.698174      13.901481       0.449146      11.636426       4.673539      -2.384957     -13.065073     -29.573175      -1.616809       4.138304      27.838161      89.065315      -2.792694     -87.160728       7.720145     -55.081573      83.206665      -0.110072      59.733440       0.087127      -8.764897      -0.154354      -2.291959      -1.286949      -5.651275     -26.429691     -90.003372     -30.592329      89.994621     -86.994278       1.957111     -87.867622     -51.799110     -13.788680     -13.473234    -180.201843     -74.565575    -180.265457      35.941181      -1.321288      -2.062402      -1.413553       8.987643       4.430559     -90.004921     -34.841335      89.992737      79.260178      70.965958    -148.061218      89.492546      38.996227      89.828224     -11.437227     -11.467442      13.779472    -167.678543      84.492378     -19.943275      -0.040017      -2.754493     -21.784916      81.252281      64.869568    -148.072433     -91.105446     -27.010319      90.267494       6.619613      -2.654873       2.231808     -63.996822     -87.415085     101.256371      -4.661578       4.723207     -24.052679
      10.197093      32.918987     -28.014732     -37.820435      16.699919      -0.098363     -79.246735     -74.707291      15.606996      -8.556502      -9.816261      13.777511       0.746821      11.192013       3.019553      -3.186209     -12.607487     -29.761654      -1.407462       4.244490      27.664440      90.102623      -2.645172     -86.901764       6.813168     -53.713474      84.224892      -0.128656      58.262222       0.113400      -8.765400      -0.153694      -2.291692      -1.232229      -4.682793     -26.415142     -90.003357     -30.592348      89.994667     -87.495567       1.993551     -87.327568     -52.364529     -16.660755     -12.761045    -180.254242     -76.072273    -180.331161      35.926315      -1.320665      -2.063052      -1.377682       8.955718       4.501449     -90.004967     -34.844650      89.992691      78.559441      70.923103    -147.816544      89.997070      35.202282      89.982597     -11.343687     -11.412386      13.841572    -167.672943      84.449020     -19.886768      -0.039814      -2.757446     -21.782421      79.105690      65.198341    -149.768158     -91.092453     -28.422405      90.268913       5.711652      -2.636077       2.299452     -63.561119     -87.483696     101.783531      -4.672656       4.700812     -24.006025
      10.713398      32.604301     -29.493509     -37.212753      17.796629      -1.941602     -78.260422     -75.319794      15.588211      -8.559550     -10.178699      13.535985       1.082869      10.535751       1.056879      -4.031883     -12.130188     -30.091579      -1.192559       4.345597      27.404968      91.190460      -2.485067     -86.773773       5.816241     -52.383488      85.130272      -0.143078      56.443790       0.137126      -8.764390      -0.153298      -2.291590      -1.119612      -3.614658     -26.391886     -90.003288     -30.592369      89.994751     -88.090599       2.035825     -86.727348     -52.888603     -19.686018     -12.406455    -180.333847     -77.925049    -180.421829      35.913422      -1.319977      -2.063401      -1.327885       8.950912       4.614106     -90.004990     -34.847710      89.992630      77.097771      71.624161    -147.345108      90.669708      32.365421      90.153206     -10.387010     -11.177942      14.333418    -167.318192      84.493279     -20.192856      -0.038959      -2.743816     -21.782900      76.426918      65.891968    -150.825943     -91.078094     -30.434284      90.267334       5.104748      -2.607998       2.374055     -62.361069     -87.545425     103.126907      -4.683878       4.676025     -23.952080
      11.245978      32.264439     -31.005093     -36.687477      18.963453      -3.949798     -77.070656     -76.038528      15.645602      -8.560069     -10.581512      13.271833       1.441048       9.637257      -0.976253      -4.898811     -11.632305     -30.477537      -0.972705       4.441492      27.095161      92.322136      -2.308089     -86.786415       4.774327     -51.078716      85.981323      -0.152730      54.320255       0.156643      -8.762733      -0.153012      -2.291508      -0.974792      -2.501526     -26.363422     -90.003235     -30.592390      89.994804     -88.705956       2.068411     -86.153816     -53.378502     -22.779913     -12.421835    -180.458054     -80.078957    -180.554199      35.902782      -1.319515      -2.063557      -1.251836       8.915214       4.828964     -90.004997     -34.850544      89.992607      75.263763      72.593796    -146.629990      91.377289      29.857643      90.312897      -9.648967     -11.035079      14.657521    -167.230194      84.490883     -20.239632      -0.037926      -2.736280     -21.784136      73.547073      66.590965    -151.920486     -91.066650     -33.030174      90.269554       4.687137      -2.620871       2.485774     -61.568172     -87.613235     104.060715      -4.694880       4.650624     -23.899355
      11.789926      31.878633     -32.556988     -36.229992      20.050018      -6.000288     -75.637291     -76.799721      15.807013      -8.539365     -11.005939      12.979901       1.815510       8.497663      -2.968215      -5.768834     -11.100713     -30.892467      -0.751430       4.543555      26.754919      93.521057      -2.105645     -86.926933       3.677554     -49.784988      86.783623      -0.157275      51.939919       0.170588      -8.760480      -0.152818      -2.291318      -0.803082      -1.362973     -26.277454     -90.003181     -30.592413      89.994843     -89.301537       2.087985     -85.643143     -53.850815     -25.860846     -12.815422    -180.675613     -82.488503    -180.776230      35.894081      -1.319183      -2.063650      -1.149873       8.839718       5.093609     -90.004997     -34.853153      89.992561      72.771393      73.805573    -145.400955      91.283943      27.543043      90.283295      -9.037337     -10.969093      14.913943    -167.078217      84.511513     -20.361927      -0.035960      -2.720550     -21.788368      70.753868      67.111839    -153.436096     -91.056198     -36.174641      90.276970       4.417089      -2.577045       2.571391     -61.038879     -87.675064     104.715546      -4.705920       4.624824     -23.846510
      12.347733      31.441486     -34.142841     -35.869976      21.097012      -7.994001     -74.007637     -77.577049      16.082262      -8.532835     -11.369719      12.511494       2.173665       7.123722      -4.803849      -6.631439     -10.537593     -31.324852      -0.529965       4.653715      26.392910      94.758545      -1.887979     -87.168877       2.560334     -48.515594      87.552795      -0.156946      49.356403       0.178232      -8.757898      -0.152725      -2.291056      -0.614517      -0.214212     -26.101322     -90.003098     -30.592434      89.994911     -89.875259       2.095493     -85.191895     -54.330242     -28.879997     -13.610102    -181.139389     -85.099884    -181.240494      35.886742      -1.318889      -2.063737      -1.030686       8.764167       5.385644     -90.004990     -34.855568      89.992546      70.583038      74.966301    -144.477295      91.215179      25.374342      90.260010      -8.569688     -10.894890      15.091534    -167.055939      84.489326     -20.345837      -0.035705      -2.720892     -21.788364      67.578560      67.517960    -154.893600     -91.036041     -39.874313      90.289581       4.140802      -2.603869       2.633239     -61.712234     -87.749947     104.154800      -4.715156       4.609141     -23.796373
      12.908435      30.929008     -35.757133     -35.630219      22.074659      -9.896688     -72.147034     -78.359779      16.493868      -8.549981     -11.660769      11.805495       2.501461       5.537027      -6.399720      -7.475085      -9.946294     -31.755005      -0.309013       4.773101      26.018291      96.025589      -1.657364     -87.498573       1.449355     -47.277153      88.304657      -0.152167      46.630203       0.179428      -8.755174      -0.152698      -2.290704      -0.420823       0.917460     -25.804342     -90.003052     -30.592447      89.994942     -90.416374       2.089909     -84.802429     -54.841190     -31.785105     -14.823698    -182.817810     -87.851639    -182.915390      35.880604      -1.318669      -2.063843      -0.893080       8.696375       5.673501     -90.004959     -34.857800      89.992523      68.589005      75.913727    -143.903152      91.170410      23.663944      90.246414      -8.367679     -10.865350      15.161929    -167.067719      84.456718     -20.299517      -0.035788      -2.725304     -21.788904      64.283592      67.915901    -156.420273     -91.008820     -43.998837      90.307793       3.917391      -2.634175       2.690882     -62.608753     -87.823853     103.358864      -4.723526       4.598119     -23.748135
      13.458678      30.313242     -37.388817     -35.522366      23.012377     -11.679441     -70.032043     -79.134506      17.046637      -8.600649     -11.885494      10.838986       2.786145       3.797508      -7.711695      -8.290242      -9.331064     -32.175816      -0.088709       4.902048      25.632113      97.307770      -1.420062     -87.900223       0.378393     -46.085629      89.048141      -0.143639      43.825348       0.174696      -8.752418      -0.152750      -2.290280      -0.232441       2.005156     -25.375383     -90.002998     -30.592468      89.994972     -90.920731       2.068954     -84.473358     -55.407238     -34.525299     -16.480198    -350.672882     -89.306343    -350.763367      35.875423      -1.318508      -2.064007      -0.744186       8.633472       5.939718     -90.004944     -34.859852      89.992516      66.770477      76.619354    -143.764084      91.141937      22.636560      90.240234      -8.433202     -10.892555      15.125311    -167.087814      84.424591     -20.254585      -0.036029      -2.730020     -21.791958      60.994305      68.300735    -158.010376     -90.974098     -48.409199      90.331650       3.746824      -2.661531       2.742728     -63.542957     -87.893860     102.509377      -4.731316       4.588157     -23.703861
      13.992276      29.580936     -39.020287     -35.548470      23.957747     -13.338892     -67.657974     -79.891624      17.764690      -8.686337     -12.056900       9.638146       3.026444       1.947224      -8.757672      -9.069661      -8.698437     -32.588703       0.130930       5.040209      25.234154      98.586205      -1.194304     -88.261856      -0.868366     -45.003273      89.465424      -0.131375      41.000080       0.165037      -8.749955      -0.153137      -2.289688      -0.089205       2.871137     -24.767872     -90.002968     -30.592510      89.994949     -91.423149       2.027347     -84.234093     -56.054352     -37.069134     -18.564129    -358.093506     -86.473175    -358.173676      35.871094      -1.318401      -2.064163      -0.580754       8.579943       6.182735     -90.004929     -34.861755      89.992500      65.165863      77.099419    -144.108444      91.122749      22.346611      90.238632      -8.686969     -10.955653      15.016574    -167.109573      84.394569     -20.214211      -0.036400      -2.734262     -21.797287      57.783180      68.675652    -159.590485     -90.931961     -52.962875      90.361496       3.621783      -2.684986       2.788337     -64.502487     -87.959862     101.619469      -4.738490       4.579231     -23.663622
      14.516190      28.741865     -40.630459     -35.709148      25.010349     -14.917442     -65.005318     -80.645821      18.706514      -8.808706     -12.223721       8.252971       3.216033       0.030930      -9.563659      -9.810439      -8.061922     -33.010639       0.351128       5.183155      24.819284      99.818733      -0.995221     -88.568863      -2.319962     -44.084229      89.438881      -0.116279      38.219036       0.151179      -8.747817      -0.153828      -2.289167      -0.004489       3.393622     -24.012924     -90.002937     -30.592550      89.994904     -91.944641       1.968367     -84.078369     -56.803902     -39.387619     -21.058865    -358.917816     -83.689774    -358.985260      35.867260      -1.318246      -2.064248      -0.417697       8.576381       6.458839     -90.004898     -34.863514      89.992516      63.791138      77.379311    -144.950180      91.106827      22.855360      90.240547      -8.979540     -11.016341      14.899148    -167.130676      84.365250     -20.173199      -0.036823      -2.738261     -21.803440      54.703545      69.073532    -161.020203     -90.880043     -57.516567      90.395248       3.532481      -2.702374       2.825921     -65.459129     -88.021576     100.719482      -4.745007       4.571350     -23.627142
      15.042937      27.805241     -42.197945     -35.974655      26.254099     -16.447742     -62.017162     -81.404541      19.972340      -8.957595     -12.464360       6.753016       3.355420      -1.876197     -10.138463     -10.509967      -7.439305     -33.445190       0.573380       5.323939      24.389568     100.963470      -0.847288     -88.907997      -3.942292     -43.365833      88.907509      -0.098800      35.537788       0.135911      -8.746872      -0.155083      -2.288319      -0.027399       3.388773     -23.037001     -90.002960     -30.592592      89.994804     -92.485680       1.899338     -83.972931     -57.664665     -41.455948     -23.934248    -359.252747     -81.026566    -359.306488      35.863544      -1.318015      -2.064268      -0.273366       8.660243       6.818629     -90.004883     -34.865135      89.992561      62.658783      77.459587    -146.280502      91.089027      24.166559      90.245964      -9.291646     -11.074656      14.780338    -167.146194      84.337677     -20.136238      -0.037103      -2.741641     -21.809273      51.851868      69.476036    -162.245605     -90.795776     -61.943169      90.422478       3.472575      -2.712357       2.855434     -66.349319     -88.078568      99.872490      -4.750935       4.563668     -23.594795
      15.574056      26.784739     -43.703457     -36.310726      27.731133     -17.909607     -58.634960     -82.174713      21.664526      -9.138601     -12.739683       5.201640       3.445188      -3.694881     -10.476563     -11.173829      -6.870107     -33.903267       0.802683       5.442880      23.945070     101.995247      -0.730597     -89.191673      -5.611698     -42.848419      88.011742      -0.081709      33.038803       0.117239      -8.745166      -0.155942      -2.288500      -0.062273       3.033404     -22.143290     -90.002968     -30.592628      89.994675     -93.014977       1.828240     -83.912521     -58.623165     -43.228737     -27.133791    -359.446533     -78.543907    -359.487061      35.859535      -1.317657      -2.064204      -0.166373       8.866483       7.298188     -90.004875     -34.866650      89.992584      61.779053      77.342934    -148.041229      91.036186      26.309677      90.250633      -9.549530     -11.127279      14.674668    -167.147232      84.317802     -20.120081      -0.037302      -2.743020     -21.816923      49.328575      69.859055    -163.258347     -90.698906     -66.118721      90.445816       3.437534      -2.720774       2.881154     -67.270531     -88.132294      98.980431      -4.756180       4.557285     -23.566826
      16.112686      25.701244     -45.135490     -36.626232      29.441280     -19.338144     -54.822624     -82.930061      23.878792      -9.334912     -13.084778       3.701568       3.500122      -5.397935     -10.583330     -11.794490      -6.355688     -34.373928       1.037206       5.542743      23.495617     102.942108      -0.645103     -89.360489      -7.253396     -42.502537      86.827415      -0.067119      30.766243       0.100036      -8.744281      -0.156923      -2.288688      -0.136528       2.395838     -21.434103     -90.002991     -30.592657      89.994537     -93.532059       1.765182     -83.843292     -59.657181     -44.698467     -30.586185    -359.578979     -76.296944    -359.607941      35.855087      -1.317183      -2.064100      -0.107795       9.219180       7.901685     -90.004883     -34.868042      89.992630      61.056641      77.118774    -149.978958      90.968063      29.296839      90.260376      -9.724066     -11.157557      14.602958    -167.133224      84.303902     -20.120102      -0.037169      -2.742571     -21.823179      47.146885      70.230713    -164.026871     -90.592087     -69.926292      90.462585       3.420299      -2.725527       2.902456     -68.147362     -88.182289      98.120079      -4.760923       4.551183     -23.543089
      16.703407      24.538828     -46.499348     -37.218956      31.419905     -20.384253     -50.598667     -83.621117      26.331926      -9.538588     -13.607628       2.266229       3.522901      -6.621114     -10.499611     -12.153598      -6.078122     -34.862125       1.166268       5.567543      23.056850     103.779510      -0.490575     -89.978096      -8.934114     -42.293549      85.313370      -0.051796      29.554495       0.076019      -8.743412      -0.157813      -2.289040      -0.614904      -0.833511     -20.436512     -90.003006     -30.592684      89.994385     -94.318321       1.523544     -83.839615     -60.366566     -45.496681     -33.395786    -359.672394     -75.018730    -359.698608      35.832191      -1.315388      -2.065360      -0.137125       9.920729       8.144484     -90.004898     -34.868828      89.992744      61.057499      76.516754    -151.916519      90.868454      31.944632      90.256248      -9.623355     -11.171529      14.572186    -167.106186      84.305984     -20.133966      -0.037169      -2.739909     -21.816837      45.828709      70.284492    -164.719574     -90.494438     -72.953568      90.487373       3.357988      -2.720302       2.907680     -67.800552     -88.201767      98.410454      -4.765436       4.545484     -23.515709
      17.360235      23.317587     -47.815727     -38.011883      33.412579     -20.941462     -46.259418     -84.196304      28.998114      -9.755459     -14.237980       0.924291       3.464225      -7.341688     -10.670308     -12.248845      -6.055113     -35.417622       1.215587       5.543765      22.679012     104.358475      -0.285464     -90.695892     -10.380949     -42.006840      84.110367      -0.042298      29.536627       0.050929      -8.737783      -0.157306      -2.289658      -1.104500      -4.711418     -19.853062     -90.003021     -30.592714      89.994209     -95.357094       1.124181     -84.074364     -60.590691     -45.727314     -34.915577    -359.730164     -74.763588    -359.761139      35.809597      -1.314482      -2.066652      -0.158077      10.467175       7.698154     -90.004951     -34.869087      89.992821      62.187744      75.559052    -153.783875      90.724640      32.620724      90.216537      -9.191339     -11.169759      14.595674    -166.945557      84.341225     -20.217123      -0.031762      -2.717640     -21.764383      45.571281      69.955055    -165.617203     -90.420372     -74.648376      90.528267       3.231625      -2.701052       2.889503     -63.408295     -88.160316     102.579926      -4.766612       4.543932     -23.493607
      18.033148      21.999098     -49.117260     -38.570091      35.127655     -21.468746     -41.122192     -84.787682      32.721191      -9.958492     -14.782498      -0.214644       3.399407      -7.868959     -10.814558     -12.362892      -6.058064     -36.096489       1.275383       5.496140      22.226835     104.742470      -0.021839     -91.572273     -12.038456     -41.572670      82.900993      -0.036487      29.647392       0.034498      -8.756343      -0.154854      -2.290019      -1.137732      -4.375703     -19.451500     -90.003227     -30.592749      89.994339     -96.180359       0.830498     -84.388664     -60.797379     -45.908131     -36.102573    -359.767365     -74.565758    -359.801483      35.798626      -1.314296      -2.067168      -0.141150      10.675467       7.327210     -90.004997     -34.869343      89.992813      63.383343      74.552277    -155.652100      90.349030      32.655132      90.120010      -8.833021     -11.234097      14.568979    -166.694824      84.395454     -20.370565      -0.023054      -2.681507     -21.706465      45.489681      69.579826    -166.607117     -90.400543     -75.561272      90.639175       3.150959      -2.687553       2.877725     -58.930504     -88.104492     106.825302      -4.766757       4.538604     -23.487120
      18.700161      20.591436     -50.395149     -38.961491      36.775230     -22.075718     -34.624378     -85.392731      37.954178     -10.158097     -15.297614      -1.231200       3.338421      -8.334665     -10.950362     -12.491256      -6.083858     -36.739079       1.333357       5.425724      21.777245     105.087921       0.202098     -92.470436     -13.422678     -41.182682      81.909988      -0.032676      29.645924       0.024630      -8.767143      -0.153770      -2.290305      -1.099062      -3.639365     -19.278593     -90.003166     -30.592762      89.994560     -96.842064       0.597826     -84.730652     -60.999367     -46.077663     -37.127720    -359.791809     -74.392059    -359.827911      35.792648      -1.314328      -2.067355      -0.124765      10.717085       7.076648     -90.005035     -34.869579      89.992760      64.296722      73.542007    -157.242706      89.976852      32.607323      90.026100      -8.521234     -11.290799      14.532855    -166.500504      84.436302     -20.474493      -0.017976      -2.659438     -21.662722      45.338219      69.238869    -167.434677     -90.397667     -76.097939      90.774231       3.129005      -2.682600       2.873799     -57.945419     -88.093208     107.648071      -4.766692       4.531689     -23.488859
      19.355896      19.093287     -51.650940     -39.200199      38.376591     -22.804415     -25.794344     -85.982872      45.640495     -10.348757     -15.792926      -2.147162       3.281810      -8.749966     -11.064583     -12.629962      -6.142716     -37.337383       1.393138       5.333286      21.348480     105.363174       0.401159     -93.367691     -14.683867     -40.802219      81.025230      -0.030240      29.665823       0.018160      -8.777030      -0.152760      -2.290536      -1.032424      -2.556703     -19.193115     -90.003151     -30.592793      89.994751     -97.371986       0.411690     -85.086121     -61.193645     -46.228882     -38.033413    -359.808044     -74.232475    -359.845490      35.789661      -1.314432      -2.067372      -0.110934      10.681067       6.923047     -90.005074     -34.869823      89.992706      64.963036      72.590561    -158.580368      89.608582      32.522026      89.934837      -8.248486     -11.356360      14.488873    -166.310059      84.477303     -20.582619      -0.013282      -2.637307     -21.624222      45.226189      68.955856    -168.244598     -90.378197     -76.433327      90.858521       3.129369      -2.695180       2.889282     -60.529888     -88.135002     104.977402      -4.767140       4.522810     -23.492531
      19.998238      17.505890     -52.884644     -39.299397      39.958702     -23.661840     -13.948007     -86.484077      56.440594     -10.532497     -16.291080      -2.978609       3.229664      -9.138889     -11.150282     -12.776717      -6.227027     -37.896851       1.453369       5.224175      20.944715     105.582870       0.583420     -94.260864     -15.870226     -40.430904      80.197151      -0.028722      29.693169       0.013994      -8.787352      -0.151845      -2.290697      -0.954787      -1.317556     -19.138056     -90.003128     -30.592793      89.994904     -97.802979       0.261949     -85.437202     -61.375446     -46.356205     -38.834011    -359.819153     -74.079750    -359.857330      35.788334      -1.314528      -2.067326      -0.100329      10.609943       6.842475     -90.005081     -34.870071      89.992676      65.457619      71.711548    -159.720032      89.261452      32.435135      89.850006      -8.014250     -11.427350      14.440063    -166.126129      84.517906     -20.693594      -0.008959      -2.614842     -21.591078      45.098869      68.716484    -168.992767     -90.345940     -76.657471      90.884064       3.137676      -2.710903       2.905128     -67.325996     -88.214684      98.168175      -4.768020       4.516625     -23.495445
      20.613867      15.827964     -54.102875     -38.963284      41.872189     -24.967213       4.039399     -86.961723      73.481049     -10.797297     -16.878822      -3.704906       3.123570      -9.511626     -11.144670     -12.945745      -6.353227     -38.408215       1.511517       5.086669      20.568813     105.701561       0.750346     -95.154480     -16.991854     -40.070301      79.417038      -0.027782      29.729053       0.011298      -8.799138      -0.150915      -2.290807      -0.873883       0.006155     -19.077602     -90.003120     -30.592800      89.995026     -98.209999       0.135545     -85.788887     -61.553837     -46.471188     -39.559124    -359.826843     -73.930008    -359.865540      35.788998      -1.314671      -2.067216      -0.093071      10.530116       6.813963     -90.005089     -34.870308      89.992638      65.195129      70.933754    -159.983215      89.079399      32.325047      89.802979      -7.808701     -11.525447      14.374866    -165.910767      84.569046     -20.845192      -0.004103      -2.583760     -21.565664      47.141186      68.631622    -172.131149     -90.328987     -76.768250      90.898933       1.819179       0.641977       2.300129    -132.088135     -87.406364      32.930721      -4.759833       4.719278     -23.564173
      21.182217      14.069746     -55.301514     -37.884953      44.442207     -27.252434      34.908512     -87.072418     103.531281     -11.183440     -17.724192      -4.353570       2.923488      -9.908641     -10.971869     -13.150153      -6.566776     -38.828583       1.573054       4.891111      20.239086     105.633965       0.897931     -96.104240     -18.038074     -39.740257      78.678337      -0.027261      29.787569       0.009432      -8.811785      -0.149945      -2.290911      -0.785304       1.330093     -19.019749     -90.003166     -30.592813      89.995003     -98.701546       0.010776     -86.161972     -61.759472     -46.610722     -40.295841    -359.832428     -73.784279    -359.871399      35.792358      -1.314913      -2.067051      -0.082722      10.459113       6.824604     -90.005104     -34.870556      89.992630      64.326508      70.592934    -159.314896      89.269470      32.212299      89.841164      -7.632630     -11.679588      14.283882    -165.592743      84.650124     -21.110739       0.003492      -2.523389     -21.551540      50.110878      68.395622    -176.450745     -90.321419     -75.984947      90.907875       1.903570       1.466685       1.910860     -45.521442     -87.705193     122.006020      -4.703664       4.931971     -23.630335
      21.717241      12.237955     -56.463982     -36.204063      47.116100     -30.353542      62.666542     -86.270584     130.721237     -11.562179     -18.733873      -4.913391       2.728803     -10.365004     -10.772148     -13.368201      -6.833671     -39.203995       1.640900       4.665850      19.944153     105.514870       1.023224     -97.143692     -19.071306     -39.441833      77.874939      -0.026893      29.851755       0.008011      -8.814714      -0.149626      -2.291082      -0.674626       2.265559     -19.116829     -90.003181     -30.592813      89.994789     -99.183510      -0.101583     -86.528854     -61.980080     -46.759563     -41.031998    -359.836700     -73.643684    -359.875824      35.796268      -1.315166      -2.066874      -0.072884      10.396799       6.862041     -90.005096     -34.870792      89.992622      63.472885      70.698738    -158.567413      89.531349      32.173157      89.898613      -7.510903     -11.827518      14.200953    -165.276093      84.728874     -21.390623       0.011691      -2.459563     -21.544905      52.422981      67.969536    -179.811676     -90.332970     -74.629860      90.898865       2.631907       1.920963       1.906011     -14.552789     -84.128876     156.260223      -4.692399       4.884667     -23.645296
      22.221264      10.333745     -57.593124     -33.844135      49.743286     -34.212299      78.338913     -84.946175     146.040298     -11.914699     -19.865459      -5.337741       2.558032     -10.913130     -10.544332     -13.597624      -7.133796     -39.563622       1.711259       4.423722      19.675463     105.382339       1.124634     -98.231499     -20.089081     -39.173889      76.998718      -0.026620      29.891359       0.007183      -8.814360      -0.149684      -2.291148      -0.567539       2.990496     -19.285902     -90.003166     -30.592817      89.994652     -99.623665      -0.196533     -86.869881     -62.203312     -46.903408     -41.740105    -359.840210     -73.506348    -359.879425      35.799397      -1.315346      -2.066740      -0.069157      10.338656       6.919508     -90.005096     -34.871025      89.992622      62.592762      71.079697    -157.797318      89.781822      32.207062      89.956001      -7.439820     -11.948326      14.133257    -165.012787      84.792267     -21.631598       0.018683      -2.406395     -21.544563      54.353146      67.426132    -182.456161     -90.361115     -72.811180      90.874481       3.601216       2.675438       1.768204     -11.949743     -82.036987     162.733963      -4.717013       4.574553     -23.720819
      22.694078       8.348154     -58.688690     -30.644461      52.215061     -38.860889      87.082512     -83.443352     154.664337     -12.234574     -20.970268      -5.580924       2.406930     -11.578521     -10.290299     -13.840508      -7.467733     -39.905384       1.783840       4.162698      19.425142     105.235924       1.205051     -99.317017     -21.059963     -38.939861      76.090866      -0.026395      29.898815       0.006831      -8.813453      -0.149906      -2.291268      -0.470653       3.594227     -19.473063     -90.003159     -30.592817      89.994591    -100.006958      -0.274910     -87.201942     -62.424351     -47.042053     -42.412296    -359.843140     -73.372696    -359.882355      35.802265      -1.315501      -2.066615      -0.069158      10.280476       6.992780     -90.005096     -34.871254      89.992622      61.918629      71.596474    -157.290436      89.259865      31.903141      89.829414      -7.773769     -11.741955      13.963501    -164.382141      84.878746     -22.115606       0.050499      -2.220324     -21.499638      56.279575      66.745979    -184.726379     -90.396744     -70.437241      90.845139       4.626243       3.366077       1.662891     -13.716174     -81.708206     164.965714      -4.732047       4.356754     -23.716600
      23.123409       6.254868     -59.724140     -26.212698      54.467037     -44.449757      93.610031     -81.425766     161.420639     -12.474049     -20.996943      -5.280825       2.213527     -12.721992     -10.118791     -14.128764      -7.896945     -40.226181       1.863382       3.842219      19.184736     105.014870       1.254405    -100.313202     -21.876486     -38.773106      75.250092      -0.026180      29.862024       0.006897      -8.814544      -0.150173      -2.291352      -0.397269       4.089321     -19.634592     -90.003166     -30.592800      89.994545    -100.370529      -0.336607     -87.611237     -62.665592     -47.185226     -43.080879    -359.845612     -73.250420    -359.884766      35.806820      -1.315755      -2.066427      -0.068400      10.218497       7.105104     -90.005104     -34.871479      89.992615      62.531727      71.811470    -157.823227      88.907799      29.992573      89.714066      -9.287992     -12.301888      12.856441    -164.497864      84.736725     -21.701080       0.067620      -2.310626     -21.277250      58.079590      65.654655    -186.590393     -90.436295     -67.542381      90.814201       5.670726       3.793550       1.726436     -16.161667     -81.937317     166.144058      -4.742104       4.212329     -23.659700
      23.336033       5.366456     -60.576630     -22.602829      57.837749     -48.047966      62.860924     -87.865196     129.144760     -12.781960     -21.040144      -5.285168       2.194413     -23.625111     -10.503408     -14.289328      -7.354249     -42.079449       1.741403       4.091274      19.612242     104.690826       1.061160    -101.057419     -25.434999     -37.983223      70.791130      -0.026888      30.149525       0.006147      -8.762953      -0.151277      -2.289968      -0.582301       1.573722     -19.927954     -90.002769     -30.592827      89.994904    -101.879303      -0.364026     -83.788528     -62.279285     -45.786598     -43.034573    -359.857635     -72.861748    -359.897888      35.717163      -1.310137      -2.067999      -0.394487      10.723236       7.455486     -90.005310     -34.871708      89.992622      71.591759      73.849571    -163.132156      88.926445      25.980528      89.590034     -11.606682     -14.455544       9.348031    -163.216629      85.093864     -23.133394       0.098304      -2.064364     -21.299702      67.639374      66.961098    -192.844467     -90.489708     -64.275818      90.839119       6.764807       1.618659       3.665877     -27.764149     -85.153625     156.527344      -4.719405       4.071999     -23.567238
      23.358328       5.548785     -61.066734     -18.227831      61.180885     -55.979664       7.799572     -88.301338      73.467995     -12.456170     -21.311092      -4.511891       1.604658     -22.913836     -12.097804     -21.151537     -17.187801     -51.823940       2.062539       4.162042      19.239040     105.278770       1.293754     -83.827034     -39.391338     -32.367168      54.102058      -0.019635      29.611250       0.006316      -8.718653      -0.156479      -2.288392      -1.024377      -3.305458     -18.570950     -90.002968     -30.592861      89.994385    -103.230034       0.139380     -84.586273     -63.437683     -43.227314     -43.487614    -359.886597     -72.262566    -359.925812      35.602123      -1.302473      -2.067732      -1.172592      14.224222       8.615517     -90.005295     -34.871948      89.992989      93.139206      81.842918    -179.489639      88.906746      20.580704      89.465668     -13.992398     -17.399895       5.078780    -163.074875      85.349472     -23.359173       0.044746      -1.890251     -21.364912      82.791954      72.543121    -205.180847     -90.570503     -63.544167      90.742859       7.440396       1.535926       3.938325    -127.761597     -87.604431      56.034367      -4.772500       4.259932     -23.458586
      23.398052       5.675040     -61.431438     -17.366720      62.109985     -60.098835     -26.492895     -84.566025      39.845955     -11.565265     -21.230320      -4.800665       1.651759     -22.171921     -13.698678     -23.054790     -21.000446     -49.744968       3.123403      -6.666084       6.056742      99.920258       0.871502     -80.918427     -42.272457     -28.504517      59.926708      -0.024133      28.300171       0.012989      -8.754349      -0.160370      -2.291825      -2.036841      -9.127906     -19.872404     -90.003136     -30.592775      89.994446    -102.604149       0.407535     -86.717445     -63.615318     -42.732063     -43.722996    -359.886444     -72.134041    -359.924652      35.508976      -1.298641      -2.068565      -1.798533      15.739450       9.863621     -90.005043     -34.872189      89.993530     167.551529      81.565216    -251.140320      88.884521      16.258837      89.436974     -16.210022     -18.510973       2.421300    -163.186111      85.492134     -23.298746      -0.000066      -1.806103     -21.380520     110.846703      75.215576    -232.244247     -90.631439     -63.126465      90.661018       7.389365       1.448891       4.046815    -161.272339     -84.574860      20.206068      -4.800032       4.330991     -23.393927
      23.561949       5.793386     -61.662563     -16.543434      62.861340     -63.581493     -43.137230     -81.055687      24.019625     -11.155943     -20.892071      -5.605357       1.535739     -21.303383     -15.374911     -23.161921     -21.766243     -48.664539       1.984384     -15.399712      -6.540983      99.656784       1.116037     -81.418388     -41.285675     -27.976658      65.859711      -0.025968      28.050850       0.016707      -8.912328      -0.150353      -2.293458      -3.331643     -14.060012     -19.998020     -90.003685     -30.592783      89.993958     -99.394913       0.711924     -88.482384     -63.209515     -42.008678     -42.896339    -359.877899     -72.137680    -359.914978      35.469269      -1.297918      -2.069645      -2.145376      15.330935      10.978560     -90.005013     -34.872433      89.993408     193.355026      73.957649    -274.566467      88.856995      11.977563      89.430511     -17.901621     -18.503054       0.921463    -163.839798      85.436577     -22.678629      -0.034570      -1.840032     -21.402849     120.594749      75.389038    -241.830765     -88.914566     -62.867950      89.558632       6.975081       1.586785       4.428980    -106.896423     -88.295914      70.672203      -4.848937       4.492781     -23.421474
      23.711906       5.856311     -61.839710     -14.735653      62.724674     -67.195351     -50.905796     -77.811775      17.189457     -10.670952     -19.134254      -5.234643       1.709557     -20.764410     -15.944103     -23.311607     -22.189770     -47.966255      -0.273839     -19.462271     -18.643354     100.324188       1.393525     -81.965538     -39.475929     -28.157501      70.469276      -0.025630      27.733332       0.020882      -9.029951      -0.144476      -2.293753      -3.496230     -15.188995     -19.271652     -90.004044     -30.592838      89.993027     -95.514587       0.322129     -90.142693     -62.586975     -42.648941     -42.894169    -359.832520     -72.519806    -359.871979      35.686020      -1.309216      -2.071876       1.202598       6.231787       7.905179     -90.003952     -34.872547      89.993011     197.944244      66.289192    -278.621002      88.846558       9.008477      89.474609     -19.240198     -19.546547      -1.420758    -169.646744      83.619972     -16.882399      -0.023919      -2.270051     -21.472935     122.819809      77.050438    -244.444717     -89.023064     -61.996773      89.578720       6.050713       1.595019       4.867008     -12.888166     -84.987267     160.776062      -4.874033       4.265525     -23.605347
      23.855635       5.896313     -61.965530     -12.720447      62.497078     -70.179977     -56.413628     -73.783646      12.595697     -10.048576     -17.774309      -4.129975       2.168215     -20.556536     -15.835707     -22.311878     -21.320934     -47.955238      -1.094663     -20.363089     -25.015337     100.137421       1.438777     -82.160400     -38.228275     -28.041840      74.099007      -0.024575      27.482433       0.020380      -9.049679      -0.142562      -2.293325      -3.423853     -15.091681     -19.033474     -90.003777     -30.592875      89.993355     -90.304962       0.787984     -95.533203     -76.640862     -40.432522     -67.267090    -359.772217     -70.473816    -359.688782      43.638859      -1.789003      -1.878479       3.995600      -1.355536       1.494534     -90.031876     -34.067097      89.989525     197.990692      60.604855    -278.987671      88.852837       7.850528      89.564499     -17.847973     -22.503321      -4.907695    -171.315125      83.891663     -15.263883      -0.040674      -2.036177     -21.742744     123.298714      78.061279    -245.327362     -89.095016     -61.561951      89.586739       6.385285       2.386213       4.472025      -6.792377     -82.776573     165.316132      -4.952343       3.794721     -23.770678
      24.003441       5.939124     -62.060219     -10.512482      62.678822     -73.013824     -57.297535     -72.810471      12.400028      -9.406350     -12.054829      -2.464722       2.709284     -20.443924     -15.708890     -21.439354     -20.427027     -48.054680      -1.400311     -19.791767     -28.422148     100.572891       1.704921     -82.426529     -36.527187     -28.418001      77.528473      -0.024783      27.330732       0.019879      -9.146564      -0.136081      -2.294127      -3.611974     -14.731304     -18.677652     -90.003784     -30.592888      89.993690     -90.620667       0.731263    -103.959290     -81.687889     -41.114525     -78.961548    -359.802612     -70.429970    -359.751740      43.945457      -1.772352      -1.871165       3.782611      -2.555240      -0.693061     -90.015785     -32.661686      90.055191     198.231415      57.264713    -279.708313      88.857094       7.876751      89.649178     -16.106615     -23.687666      -5.835567    -172.161758      84.205833     -14.323489      -0.067582      -1.967883     -21.864197     121.993027      79.074905    -244.083252     -89.136719     -61.403538      89.584129       6.688128       3.211414       3.883898      -7.254965     -83.341766     164.122437      -4.985790       3.520206     -23.861710
      24.141327       5.996720     -62.089653      -8.447836      62.985130     -75.241219     -56.110363     -73.733200      13.953087      -9.125881     -11.715171      -1.256073       3.596468      -8.396108     -15.448396     -20.021912     -19.353449     -48.126587      -1.455474     -19.299242     -32.432087     101.082527       2.109070     -82.746826     -31.753437     -28.959930      86.347115      -0.025400      27.199181       0.019631      -9.258671      -0.128508      -2.294633      -3.817521     -13.310775     -18.694408     -90.003799     -30.592892      89.994118     -91.442314       0.131039    -115.437561     -85.094025     -41.494732     -88.036827    -359.842590     -70.248230    -359.813568      43.798527      -1.746568      -1.869887       3.294057      -2.200459      -0.689478     -90.012230     -32.689896      90.031563     198.593796      55.811893    -280.450775      88.857162       8.500982      89.707985     -15.178984     -24.055244      -5.913339    -171.900543      84.392891     -14.251480      -0.104115      -1.851524     -21.580666     118.604416      79.825417    -240.562164     -89.162468     -61.445686      89.577774       6.960660       3.741935       3.478948      -7.681671     -83.846298     162.851151      -5.007617       3.398044     -23.886827
      24.396870       5.990464     -62.163845      -6.815536      62.664322     -76.720230     -54.232086     -75.564484      16.876804      -9.037827     -11.664314      -0.312459       3.718029      -5.312159     -13.575075      -7.551679      -0.146452     -43.481735      -2.580445     -21.472029     -38.729267     103.268105       2.370689     -87.697166     -26.686304     -29.437469      93.436020      -0.019076      27.420799       0.003948      -9.091811      -0.138472      -2.296084      -3.637703     -11.035441     -23.885651     -90.003113     -30.592854      89.994583     -97.343651       0.952129    -119.313255     -86.852005     -45.631405     -82.936501    -359.867249     -70.177040    -359.866760      43.360218      -1.716303      -1.880968      -2.047884      -3.503422      -1.954115     -90.010513     -32.726212      90.016563     198.147934      55.413654    -280.590088      88.855316       9.074813      89.742119     -13.970742     -24.173674      -5.670617    -171.832611      84.449387     -13.991764      -0.156557      -1.909469     -21.353477     113.964478      80.107475    -235.737808     -89.168823     -60.931599      89.581490       7.216627       4.130905       3.149454      -8.185144     -84.255341     161.654160      -5.018429       3.318407     -23.912497
      24.657999       6.008861     -62.254242      -5.597944      62.432316     -77.869896     -53.082764     -76.889297      18.860235      -9.151697     -11.405920       0.048538       3.511513      -3.445217     -13.529384       1.728308      16.782354     -41.317665      -1.420540     -19.583134     -34.644390     103.826767       2.402027     -90.537682     -26.156818     -27.572584      98.334457      -0.021434      27.293142       0.007254      -8.981888      -0.145649      -2.294190      -3.600285     -10.486355     -27.396891     -90.002731     -30.592766      89.994759     -98.359245       1.111206    -119.102966     -86.747696     -45.682915     -82.528008    -359.868774     -70.332497    -359.881744      43.187107      -1.700714      -1.885335      -2.270576      -4.420623      -1.819721     -90.008827     -32.762249      90.007629     198.236557      55.383232    -281.248108      88.854744       9.916200      89.762375     -12.674137     -24.460178      -5.540479    -171.638443      84.568878     -13.822359      -0.209896      -1.957244     -21.092453     111.556862      80.407272    -233.064911     -89.172852     -60.671452      89.583298       7.348729       4.274632       3.000112      -8.998822     -84.720284     160.220001      -5.024158       3.295115     -23.927689
      24.896088       6.021197     -62.348122      -4.569777      62.188244     -78.823296     -50.588062     -77.987656      21.740782      -9.054935     -11.300305       0.102326       3.609446      -1.728756     -13.665379       9.154931      30.438715     -41.974926       0.226594     -17.937923     -21.841593     103.406052       2.517276     -91.444923     -27.456583     -25.711628     101.215248      -0.021403      27.290707       0.007169      -8.918691      -0.148581      -2.293007      -3.541567     -10.154123     -29.038960     -90.002663     -30.592693      89.994743     -98.397301       0.877496    -118.509575     -86.714737     -45.763924     -83.222168    -359.872284     -70.336250    -359.894470      43.076504      -1.690351      -1.888771      -2.214363      -4.894411      -1.510050     -90.007324     -32.797760      90.002243     198.434540      55.529812    -282.054779      88.990517      10.840972      89.798492     -11.471362     -24.875685      -5.522731    -171.297592      84.757553     -13.808902      -0.253324      -1.942285     -20.824532     108.731438      80.745865    -230.078201     -89.176689     -60.638912      89.581848       7.432491       4.401309       2.857889      -9.054435     -84.864380     159.612732      -5.029443       3.297263     -23.927473
      25.114368       6.016936     -62.438374      -3.366719      61.855846     -79.778542     -45.930111     -78.830902      26.509705      -8.602927     -11.214828       0.025454       4.101351       0.015924     -14.152988      12.087656      37.619091     -40.192715       2.289439     -10.815220      -7.391396     102.175034       2.782233     -91.434669     -29.219656     -24.128664     103.260735      -0.020233      27.433367       0.005888      -8.904868      -0.147726      -2.292171      -3.422349      -9.360730     -29.580696     -90.002792     -30.592670      89.994766     -98.046539       0.374811    -118.364868     -87.032700     -46.188446     -84.831192    -359.877106     -70.221390    -359.907257      42.968769      -1.681934      -1.892866      -2.190553      -5.261113      -1.683435     -90.006302     -32.832699      89.998993     198.463028      55.902359    -282.742249      89.296837      11.743484      89.860641     -10.466594     -25.432358      -5.642090    -170.739532      85.023987     -14.049095      -0.281467      -1.845071     -20.581100     104.427223      80.990845    -225.723694     -89.179108     -60.683525      89.580894       7.578587       4.604873       2.651696      -9.785550     -85.142426     158.658813      -5.035241       3.245068     -23.956417
      25.340399       5.998222     -62.518829      -2.489188      61.297401     -80.387772     -39.472382     -79.401680      32.901814      -7.967291     -10.865891      -0.261900       4.725886       1.114392     -14.517022       8.442890      39.531193     -29.860060       3.270780       5.639560      -0.820284     101.284317       3.112126     -91.249168     -30.784903     -22.926001     104.571297      -0.019132      27.613852       0.004605      -8.892651      -0.147130      -2.291673      -3.205537      -8.172788     -29.699869     -90.002853     -30.592674      89.994843     -97.193344       0.021211    -117.306778     -87.455399     -46.688313     -86.033722    -359.884827     -70.087402    -359.922882      42.767921      -1.670945      -1.898888      -2.351903      -5.630838      -2.094269     -90.005692     -32.867027      89.997208     198.223846      56.222927    -283.262482      89.735527      12.550430      89.945580      -9.551820     -26.093634      -5.834236    -169.951508      85.363068     -14.533300      -0.300753      -1.656186     -20.352139      97.927628      81.200424    -219.142365     -89.174072     -60.001553      89.584000       6.951292       4.494215       3.049647     -12.447843     -86.394211     155.567276      -5.054965       2.971582     -24.104565
      25.531979       5.999081     -62.563690      -1.530251      60.495216     -81.378242     -35.193085     -79.682472      36.759846      -7.544470     -10.987149      -0.023556       5.071725       1.274522     -13.118359       1.954177      38.312275     -17.579142       2.271736       9.571775      -0.363636     102.749069       3.463698     -91.643616     -31.122622     -22.773758     104.914146      -0.022681      27.496769       0.006912      -8.927803      -0.144927      -2.291782      -3.237896      -7.516749     -30.016369     -90.002983     -30.592680      89.994797     -96.557220       0.430709    -115.482048     -88.589684     -45.341530     -89.235039    -359.876770     -69.884628    -359.908020      42.931282      -1.674218      -1.892922      -1.261382      -5.330432      -1.867450     -90.004944     -32.900730      89.995583     198.345673      56.513794    -284.509338      90.276596      13.361890      90.048340      -8.785562     -26.894207      -6.154261    -168.814743      85.773743     -15.382129      -0.307770      -1.381915     -20.126745      93.160484      81.645943    -214.612793     -89.166039     -59.386345      89.591377       6.572731       4.402934       3.172233     -19.377596     -87.452431     148.748718      -5.066439       2.992773     -24.133183
      25.685085       5.999166     -62.578697      -0.376707      59.638092     -82.614235     -32.072903     -79.694221      39.433594      -7.072136     -11.174185       0.568628       5.483466       1.183728     -11.483648      -1.480509      37.708275      -9.761585       1.827452       9.477915       0.224649     104.148605       3.612119     -91.815361     -31.154333     -23.016474     104.371078      -0.025146      27.208393       0.007347      -8.951697      -0.144011      -2.292453      -3.119990      -6.960730     -28.470142     -90.003082     -30.592674      89.994690     -96.981575       0.726574    -114.367165     -89.021172     -44.832642     -90.661720    -359.878571     -69.683075    -359.907196      42.869354      -1.668281      -1.894134      -1.250152      -3.234820      -0.278701     -90.032227     -34.168854      89.989296     198.605606      56.847809    -285.993652      90.981056      14.122499      90.182442      -8.278301     -27.778431      -6.575710    -167.179337      86.239922     -16.788355      -0.297352      -1.031074     -19.942684      87.671829      82.036659    -209.572464     -89.159622     -58.939251      89.597115       6.449863       4.364765       3.152179     -25.122002     -87.911163     143.300873      -5.072596       2.996281     -24.125418
      25.787464       5.989483     -62.563492       0.883231      58.839493     -83.769890     -30.553202     -79.367943      40.552116      -6.561560     -11.311343       1.216842       5.952717       0.653113      -9.999751      -3.608545      37.080856      -4.044363       1.669873       9.162920       1.584372     104.977577       3.581383     -92.070808     -31.013424     -23.337639     103.657440      -0.025848      26.972897       0.008125      -8.962700      -0.143756      -2.292234      -2.960089      -6.531441     -26.870516     -90.003044     -30.592762      89.994705     -97.846268       0.938152    -113.676125     -89.245903     -44.441032     -91.761078    -359.882904     -69.273476    -359.910950      42.760857      -1.661358      -1.897520      -1.444182       0.365107       1.692139     -90.043442     -35.348106      89.987610     198.793945      57.360344    -287.282135      91.267937      14.717102      90.240074      -7.799081     -28.962727      -7.427836    -167.094833      86.730797     -17.278694      -0.133466      -1.118168     -20.527668      81.632027      82.126251    -204.102158     -89.155899     -58.685471      89.600533       6.437631       4.378175       3.078124     -26.623865     -88.007446     142.079636      -5.079641       2.974186     -24.110643
      25.848598       5.977163     -62.527966       2.064372      58.149307     -84.769936     -30.050728     -78.873779      40.670872      -6.060008     -11.418398       1.848741       6.428944      -0.085265      -8.595005      -5.202488      36.636234       0.626973       1.554813       8.952584       3.055734     105.716202       3.541801     -92.292953     -30.850769     -23.659222     103.002464      -0.026164      26.738764       0.008186      -8.966212      -0.143833      -2.292367      -2.842456      -6.166838     -25.997496     -90.003052     -30.592806      89.994652     -98.954094       1.186453    -113.152840     -89.602417     -44.280514     -92.674294    -359.886353     -68.845657    -359.914459      42.653988      -1.655103      -1.900964      -1.718573       4.529203       3.303391     -90.030182     -35.376209      89.989624     198.991791      57.875675    -288.449280      91.196053      15.334881      90.230087      -7.693499     -30.080177      -8.277468    -166.124634      87.219063     -18.589890      -0.024948      -1.110176     -21.024639      75.890755      82.042023    -198.968918     -89.155006     -58.637863      89.601662       6.498075       4.374643       3.022054     -26.595322     -88.017838     142.331619      -5.090288       2.921130     -24.096098
      25.891361       5.951974     -62.478302       3.280215      57.647621     -85.620300     -30.593599     -78.265099      39.743336      -5.627733     -11.497003       2.402595       6.869152      -0.919515      -7.291283      -6.424835      36.431339       4.384238       1.446442       8.900315       4.525336     106.496376       3.506552     -92.399826     -30.696602     -23.968536     102.365829      -0.026325      26.503151       0.008114      -8.965114      -0.144112      -2.292554      -2.745268      -5.813369     -25.540817     -90.003059     -30.592821      89.994637    -100.243317       1.482077    -112.867348     -90.148361     -44.368519     -93.423073    -359.889130     -68.396759    -359.917938      42.550652      -1.649427      -1.904433      -2.026218       9.039268       4.195434     -90.021011     -35.368229      89.991028     198.884109      58.431805    -289.051910      91.159637      15.934657      90.225853      -7.909848     -30.738539      -8.742173    -164.143936      87.595009     -20.783745       0.027318      -1.044192     -21.286165      72.274544      81.570084    -195.822861     -88.903023     -58.696152      89.482933       6.599415       4.200868       3.099663     -24.508253     -87.891594     144.543381      -5.100237       2.853626     -24.075294
      25.928173       5.971837     -62.416111       4.513646      57.323498     -86.349442     -32.840996     -77.335182      37.075794      -5.260220     -11.689971       2.912274       7.269846      -1.973271      -6.044548      -7.298580      36.484898       7.168094       1.336947       8.991839       6.000497     107.241791       3.451699     -92.484619     -30.450476     -24.289787     101.856026      -0.025736      26.319126       0.006663      -8.939050      -0.145664      -2.293484      -2.642572      -5.704393     -26.352825     -90.002922     -30.592840      89.994514    -101.680969       1.816881    -112.770882     -90.697441     -44.530926     -93.896896    -359.890198     -68.043442    -359.919830      42.469059      -1.645299      -1.906999      -2.236883      13.105866       4.577871     -90.015038     -35.360260      89.991959     198.780563      58.980896    -289.486237      91.142418      16.587980      90.224754      -8.215886     -31.253897      -9.081648    -161.289658      87.894325     -23.819521       0.074508      -0.974320     -21.484531      70.140121      81.362404    -194.034286     -89.047836     -58.775944      89.554008       6.571146       3.877053       3.207508     -24.779568     -87.867081     144.098740      -5.096908       2.876262     -24.035730
      25.950794       5.927997     -62.368275       5.331125      57.057629     -86.758011     -33.712006     -76.733597      35.848679      -4.953117     -11.698731       3.417234       7.592245      -2.675986      -4.927488      -7.871690      36.793404       9.076387       1.225668       9.227919       7.473187     107.773262       3.332728     -92.809341     -30.021841     -24.548531     101.736465      -0.024535      26.224947       0.005080      -8.896320      -0.147854      -2.294045      -2.591729      -5.683941     -29.063517     -90.002922     -30.592852      89.994400    -103.069252       2.198657    -112.779602     -91.080063     -44.623146     -93.974480    -359.890289     -67.765862    -359.920227      42.407276      -1.642085      -1.908683      -2.316233      15.593933       4.799144     -90.011101     -35.352345      89.992668     198.438446      59.420315    -289.622467      91.133156      17.286108      90.226006      -8.552318     -31.537872      -9.234679    -158.107254      88.123695     -27.138021       0.111118      -0.912964     -21.623571      64.602730      80.711182    -188.757996     -89.099197     -58.842175      89.572876       6.756945       4.044129       3.125645     -21.373934     -87.729050     147.537369      -5.126472       2.731002     -24.051540
      25.965696       5.951513     -62.321812       6.063239      56.872688     -87.081596     -36.077461     -75.842758      33.142956      -4.746729     -11.934138       3.861829       7.845097      -3.544681      -3.902710      -8.352027      37.147671      10.549586       1.089858       9.670074       8.751118     108.274757       3.229265     -93.098343     -29.625160     -24.734003     101.735924      -0.023718      26.114494       0.004269      -8.853992      -0.150090      -2.294158      -2.531657      -5.391391     -32.401363     -90.002953     -30.592810      89.994385    -104.326286       2.593768    -112.854790     -91.283981     -44.627499     -93.756348    -359.890594     -67.417763    -359.920319      42.343914      -1.638467      -1.910501      -2.278021      15.596957       4.872180     -90.008667     -35.344528      89.993179     198.286499      59.802116    -289.928650      91.022339      18.037962      90.206375      -8.853607     -31.822206      -9.396177    -154.361023      88.334190     -31.013523       0.145931      -0.851337     -21.755135      63.176796      80.497292    -187.549805     -89.200485     -58.922970      89.624176       6.733674       3.776362       3.222459     -21.634836     -87.725838     147.046234      -5.125188       2.735209     -24.024616
      25.983358       5.944781     -62.277248       6.789190      56.747280     -87.426125     -37.637280     -75.173317      31.295357      -4.582783     -12.097061       4.296065       8.059979      -4.078321      -2.855492      -8.417240      36.925915      10.552814       0.864818      10.787109      10.333204     108.782059       3.130071     -93.152206     -29.213556     -24.990053     101.625572      -0.023274      25.964045       0.003718      -8.817407      -0.152205      -2.294350      -2.461095      -4.963788     -35.996471     -90.002991     -30.592707      89.994385    -105.809280       3.040481    -113.093231     -91.454536     -44.796146     -93.173515    -359.891235     -67.223030    -359.921539      42.293430      -1.636722      -1.911735      -2.243115      15.594413       4.981331     -90.007362     -35.336838      89.993042     198.098450      60.160553    -290.093414      90.967010      18.725346      90.197548      -9.149170     -32.008163      -9.484063    -150.183136      88.513115     -35.298103       0.176074      -0.795519     -21.862844      61.975525      80.015450    -186.486938     -89.064323     -59.017719      89.557487       6.776012       3.635174       3.309928     -18.650574     -87.518127     149.828369      -5.137590       2.676997     -24.021072
      26.000425       5.940515     -62.233437       7.494119      56.662155     -87.757927     -39.263477     -74.529266      29.450382      -4.489253     -12.233125       4.684375       8.208191      -4.675573      -1.997883      -8.493896      36.830715      10.519823       0.657271      11.725390      11.444232     109.313271       3.049424     -93.140549     -28.834982     -25.276287     101.428818      -0.022849      25.783657       0.002858      -8.779727      -0.154473      -2.294793      -2.298122      -4.221085     -39.118515     -90.002991     -30.592575      89.994362    -107.135994       3.404303    -113.269966     -91.571938     -44.953930     -92.535561    -359.891907     -67.077789    -359.922638      42.246460      -1.635060      -1.912794      -2.222831      15.587794       5.187160     -90.006523     -35.329273      89.992943     197.934647      60.500519    -290.236298      90.904564      19.401379      90.187057      -9.374650     -32.107250      -9.464429    -144.048462      88.713188     -41.556805       0.206003      -0.733925     -21.976725      61.306747      79.590736    -185.922440     -88.977287     -59.111134      89.512657       6.817816       3.494568       3.410034     -15.618619     -87.247261     152.618576      -5.149676       2.625262     -24.016747
      26.006920       5.934856     -62.201038       7.922688      56.588345     -87.890808     -40.865715     -73.925926      27.684519      -4.451607     -12.429868       5.045800       8.279904      -5.179172      -1.316478      -8.577318      36.794312      10.486764       0.476344      12.478814      12.252151     109.414696       2.886807     -93.527252     -28.281656     -25.573956     101.460159      -0.022377      25.773632       0.002059      -8.768816      -0.154508      -2.294430      -2.285164      -4.285072     -39.891823     -90.002991     -30.592545      89.994400    -108.212189       3.679513    -113.392685     -91.660484     -45.122414     -91.807304    -359.892578     -66.953133    -359.923737      42.200626      -1.633363      -1.913869      -2.213036      15.579348       5.433200     -90.005989     -35.321835      89.992844     197.760529      60.781410    -290.395203      90.774666      20.120062      90.162727      -9.511086     -32.117344      -9.320205    -134.786621      88.913063     -50.957138       0.241825      -0.674877     -22.100611      59.505257      79.258003    -184.214798     -89.065895     -59.168766      89.553238       6.897175       3.448740       3.423581     -14.099977     -87.127197     153.989655      -5.164489       2.543713     -24.022675
      26.001474       5.926588     -62.179150       8.079643      56.557503     -87.821884     -42.309101     -73.359917      26.089266      -4.437459     -12.611980       5.341764       8.338564      -5.661089      -0.750144      -8.699437      36.774250      10.491180       0.307201      13.112247      12.833662     109.610291       2.781511     -93.749435     -27.905773     -25.794992     101.407730      -0.021992      25.675938       0.002038      -8.757262      -0.155089      -2.293970      -2.259831      -4.306086     -40.558685     -90.003014     -30.592506      89.994392    -109.100838       3.896248    -113.494766     -91.691605     -45.283455     -91.043037    -359.893250     -66.837410    -359.924744      42.155567      -1.631581      -1.915006      -2.203425      15.571909       5.660684     -90.005638     -35.314529      89.992775     197.631500      61.015194    -290.577179      90.540947      20.846869      90.117325      -9.641521     -32.128433      -9.196298    -124.052505      89.052803     -61.803036       0.272855      -0.620128     -22.202494      58.223202      78.989784    -183.007690     -89.151642     -59.233578      89.593796       6.947559       3.422500       3.420614     -13.309805     -87.085327     154.669800      -5.176411       2.479034     -24.029421
      25.992445       5.948818     -62.158039       8.181065      56.559708     -87.700104     -44.117970     -72.644211      24.157103      -4.471587     -12.857414       5.563161       8.369906      -6.284186      -0.256449      -8.844881      36.764149      10.519860       0.155539      13.634601      13.236970     109.776817       2.696064     -93.941048     -27.596582     -25.984062     101.344025      -0.021688      25.582634       0.002218      -8.748833      -0.155523      -2.293447      -2.261522      -4.430770     -40.855625     -90.003052     -30.592524      89.994370    -109.851723       4.074842    -113.575417     -91.674782     -45.427280     -90.243263    -359.893829     -66.724754    -359.925629      42.109959      -1.629650      -1.916175      -2.196637      15.565018       5.874765     -90.005432     -35.307346      89.992722     197.642776      61.246647    -290.868073      90.210136      21.548220      90.051155      -9.720258     -32.164860      -9.078657    -109.803886      89.152260     -76.168762       0.302351      -0.561973     -22.305122      57.840309      78.984299    -182.695480     -89.370911     -59.309464      89.702042       6.914357       3.290736       3.441980     -13.500845     -87.125351     154.328796      -5.177675       2.474400     -24.022753
      25.984295       5.940647     -62.142826       8.229223      56.578358     -87.580513     -45.352871     -72.188957      22.878971      -4.526262     -13.060417       5.737186       8.358917      -6.646289       0.065666      -9.012100      36.746666      10.580719       0.014578      14.077625      13.536568     109.977821       2.652951     -93.952080     -27.394829     -26.162632     101.182899      -0.021466      25.493725       0.002217      -8.741188      -0.155888      -2.293127      -2.255165      -4.523360     -41.065552     -90.003059     -30.592541      89.994362    -110.486382       4.229094    -113.644127     -91.622253     -45.531746     -89.446030    -359.894531     -66.613327    -359.926331      42.062267      -1.627466      -1.917370      -2.202965      15.556470       6.114378     -90.005287     -35.300278      89.992714     197.638794      61.458042    -291.094757      89.904701      22.189728      89.989311      -9.819233     -32.186581      -8.976974     -96.489548      89.186920     -89.569595       0.328196      -0.510407     -22.386436      57.646297      78.741043    -182.520370     -89.328300     -59.373119      89.680229       6.970303       3.274316       3.449837     -12.305077     -87.023674     155.536804      -5.191841       2.405147     -24.032255
      25.977575       5.934327     -62.127472       8.294328      56.599380     -87.480362     -46.433304     -71.833626      21.823553      -4.609312     -13.195998       5.850269       8.317920      -6.932321       0.282888      -9.192663      36.719643      10.666605      -0.117370      14.461745      13.770261     110.197014       2.644994     -93.833519     -27.271683     -26.337364     100.958359      -0.021323      25.409021       0.002169      -8.736038      -0.156095      -2.292954      -2.248169      -4.574253     -41.221401     -90.003090     -30.592546      89.994354    -111.021217       4.357309    -113.704376     -91.554512     -45.613155     -88.686165    -359.895203     -66.503906    -359.926971      42.014160      -1.625200      -1.918562      -2.217912      15.546411       6.379269     -90.005203     -35.293320      89.992691     197.660919      61.666733    -291.321320      89.598221      22.782187      89.926407      -9.901361     -32.213928      -8.881439     -83.626129      89.176796    -102.514648       0.353534      -0.460490     -22.464930      57.544563      78.553329    -182.441635     -89.347130     -59.441662      89.687561       7.025111       3.255601       3.456049     -11.341478     -86.933983     156.534927      -5.203800       2.343899     -24.038076
      25.976233       5.949104     -62.113533       8.431440      56.586479     -87.481575     -47.761032     -71.273705      20.602844      -4.663183     -13.814244       5.921595       8.216499      -6.952400       0.397532      -9.380131      36.688251      10.766163      -0.240118      14.796242      13.951414     110.433418       2.663870     -93.610779     -27.208452     -26.513924     100.675285      -0.021231      25.326548       0.002094      -8.733502      -0.156165      -2.292863      -2.239593      -4.589917     -41.336823     -90.003113     -30.592558      89.994362    -111.485130       4.465137    -113.750381     -91.482994     -45.677914     -87.970818    -359.895905     -66.395897    -359.927612      41.966022      -1.622899      -1.919763      -2.238401      15.535159       6.664461     -90.005142     -35.286484      89.992691     197.821228      61.871159    -291.698395      89.243095      23.300522      89.852051      -9.906404     -32.275043      -8.783257     -70.281967      89.120277    -115.954498       0.381246      -0.402089     -22.557463      57.309841      78.570839    -182.259262     -89.484215     -59.488850      89.756256       7.011552       3.155286       3.459841     -11.279286     -86.936859     156.589249      -5.207555       2.326534     -24.029747
      25.974642       5.935371     -62.103310       8.525945      56.584240     -87.469116     -48.565498     -71.008080      19.929638      -4.729669     -14.130195       5.966569       8.109312      -6.934676       0.462167      -9.572920      36.653767      10.875166      -0.353559      15.087536      14.078900     110.677490       2.697471     -93.367287     -27.170498     -26.688965     100.383278      -0.021176      25.247076       0.002037      -8.733895      -0.156087      -2.292795      -2.231594      -4.590596     -41.426826     -90.003136     -30.592558      89.994362    -111.893799       4.551354    -113.792053     -91.416626     -45.743618     -87.306770    -359.896576     -66.290733    -359.928253      41.919033      -1.620680      -1.920966      -2.255996      15.524363       6.941403     -90.005119     -35.279766      89.992683     197.919250      62.057011    -291.981445      88.925797      23.789532      89.785049      -9.927732     -32.322556      -8.695601     -60.693977      89.041771    -125.617424       0.407945      -0.348153     -22.639994      57.144493      78.349289    -182.108276     -89.398933     -59.528316      89.713219       7.071647       3.165450       3.445216     -10.390251     -86.854561     157.588379      -5.222030       2.254524     -24.035522
      25.976557       5.923315     -62.090378       8.696899      56.586605     -87.517601     -49.341316     -70.789787      19.319704      -4.819388     -14.393006       5.969900       7.986229      -6.914793       0.486862      -9.764955      36.605175      10.975465      -0.462537      15.353941      14.180058     110.927887       2.741624     -93.108490     -27.154976     -26.858580     100.083679      -0.021138      25.170218       0.002016      -8.736028      -0.155928      -2.292751      -2.224368      -4.583377     -41.497139     -90.003143     -30.592567      89.994377    -112.256989       4.622380    -113.830849     -91.353722     -45.805191     -86.688309    -359.897186     -66.187088    -359.928894      41.872707      -1.618480      -1.922174      -2.271155      15.514102       7.207648     -90.005104     -35.273155      89.992668     197.908417      62.193851    -292.127869      88.800133      24.214254      89.757179      -9.979169     -32.334862      -8.626622     -54.237602      88.970367    -132.138901       0.428631      -0.315364     -22.712326      57.010059      78.155357    -181.988052     -89.362717     -59.575943      89.693497       7.123123       3.168979       3.432647      -9.637831     -86.776459     158.438370      -5.233730       2.194550     -24.038094
      25.985218       5.940761     -62.072296       9.027658      56.574879     -87.695900     -50.351822     -70.401855      18.469095      -4.908440     -14.827401       5.956045       7.883054      -6.901847       0.524413      -9.962178      36.542526      11.062648      -0.569382      15.605358      14.244023     110.956177       2.777950     -92.821396     -27.166246     -26.953558      99.875450      -0.020900      25.053999       0.001866      -8.726206      -0.156572      -2.292723      -2.189465      -4.535481     -41.547947     -90.003136     -30.592571      89.994392    -112.620186       4.688041    -113.874413     -91.319580     -45.861454     -86.163971    -359.897736     -66.083260    -359.929474      41.826668      -1.616259      -1.923360      -2.283688      15.504362       7.467173     -90.005074     -35.266663      89.992676     197.853195      62.270329    -292.247070      88.858345      24.598534      89.767220     -10.015498     -32.350643      -8.588693     -48.960857      88.910522    -137.490753       0.448014      -0.298581     -22.795887      56.719891      78.143486    -181.726837     -89.466766     -59.613632      89.746353       7.104656       3.069281       3.431039      -9.725827     -86.796432     158.375473      -5.236382       2.182890     -24.026310
      25.996584       5.930297     -62.053963       9.398356      56.544228     -87.912003     -50.903049     -70.261063      18.068752      -4.978122     -14.998546       5.958652       7.798677      -6.860040       0.569058     -10.155144      36.474148      11.140166      -0.674344      15.849517      14.296101     110.761711       2.809966     -92.517395     -27.165468     -27.017500      99.767204      -0.020722      24.931210       0.001874      -8.714320      -0.157295      -2.292618      -2.129090      -4.423340     -41.573666     -90.003136     -30.592575      89.994423    -112.976578       4.744822    -113.917130     -91.323639     -45.913731     -85.778290    -359.898285     -65.981178    -359.930023      41.782093      -1.614098      -1.924529      -2.290120      15.495512       7.720488     -90.005074     -35.260277      89.992676     197.746933      62.376907    -292.300995      88.886658      24.960541      89.771927     -10.071100     -32.362251      -8.544461     -44.277637      88.838135    -142.234207       0.468432      -0.271778     -22.868042      56.466232      77.857071    -181.488831     -89.336205     -59.648842      89.680496       7.164579       3.070535       3.420606      -8.994296     -86.718979     159.224350      -5.250276       2.113702     -24.028830
      26.009768       5.921216     -62.032402       9.820694      56.536507     -88.157188     -51.580410     -70.113594      17.594486      -5.097694     -15.202611       5.885928       7.626317      -6.879574       0.397215     -10.396191      36.425613      11.451426      -0.788510      16.073082      14.475242     110.612534       2.875786     -92.296165     -27.238520     -27.018251      99.721619      -0.020608      24.827923       0.001954      -8.704076      -0.157844      -2.292468      -2.065075      -4.274925     -41.592251     -90.003143     -30.592592      89.994446    -112.964355       4.704943    -113.917809     -91.328156     -45.910049     -85.647957    -359.898834     -65.881187    -359.930603      41.737980      -1.611991      -1.925697      -2.297117      15.486880       7.962849     -90.005074     -35.253994      89.992653     197.670151      62.499966    -292.343964      88.899467      25.301790      89.773796     -10.119287     -32.380978      -8.493154     -40.195866      88.752083    -146.380295       0.489799      -0.238592     -22.941034      56.315788      77.598572    -181.340500     -89.259529     -59.699276      89.640244       7.217742       3.061635       3.419163      -8.292521     -86.630402     160.013657      -5.261839       2.055419     -24.029434
      26.021358       5.937072     -62.012829      10.217492      56.510880     -88.382797     -52.435253     -69.786720      16.919100      -5.200758     -15.578164       5.820062       7.480783      -6.906726       0.248335     -10.600259      36.314224      11.632298      -0.909540      16.314144      14.678887     110.463638       2.941890     -92.068130     -27.310129     -27.025480      99.674149      -0.020568      24.737602       0.002118      -8.699399      -0.158065      -2.292316      -2.010668      -4.121742     -41.597534     -90.003143     -30.592588      89.994446    -112.953339       4.674367    -113.922325     -91.319595     -45.896805     -85.523399    -359.899323     -65.781433    -359.931122      41.694065      -1.609873      -1.926859      -2.302410      15.478935       8.190989     -90.005074     -35.247818      89.992638     197.627335      62.582272    -292.468781      88.905830      25.663412      89.773689     -10.107087     -32.420147      -8.445117     -36.064732      88.648415    -150.595734       0.515794      -0.203030     -23.036867      56.029003      77.431694    -181.067230     -89.206657     -59.720280      89.614243       7.232886       2.994147       3.432135      -7.903611     -86.580246     160.471954      -5.270597       2.013687     -24.024506
      26.031906       5.924887     -61.994473      10.571679      56.500450     -88.579727     -52.977997     -69.683220      16.565372      -5.307689     -15.726127       5.739999       7.340955      -6.912998       0.095245     -10.791545      36.206684      11.781700      -1.008070      16.499731      14.797026     110.326294       3.006286     -91.858109     -27.371582     -27.039930      99.631317      -0.020552      24.655382       0.002262      -8.697708      -0.158114      -2.292202      -1.962918      -3.973306     -41.596977     -90.003174     -30.592615      89.994446    -112.945076       4.647835    -113.928398     -91.306503     -45.881409     -85.405365    -359.899811     -65.682022    -359.931610      41.650814      -1.607780      -1.928005      -2.305726      15.471466       8.412661     -90.005074     -35.241753      89.992638     197.537292      62.681637    -292.492126      88.908905      25.982019      89.773697     -10.143384     -32.438633      -8.398722     -32.985321      88.554703    -153.730270       0.536555      -0.170435     -23.105030      55.756191      77.163208    -180.802658     -89.128464     -59.773384      89.573456       7.275973       3.002435       3.411851      -7.368128     -86.526382     161.100998      -5.281850       1.951920     -24.027454
      26.044773       5.938529     -61.972893      10.998667      56.476768     -88.827744     -53.765789     -69.390686      15.965283      -5.417334     -16.059084       5.657629       7.197740      -6.931125      -0.056237     -10.966029      36.084599      11.877338      -1.097983      16.667864      14.879707     110.189301       3.069302     -91.646507     -27.434889     -27.051199      99.588326      -0.020510      24.573664       0.002343      -8.696089      -0.158177      -2.292117      -1.916205      -3.829423     -41.593651     -90.003174     -30.592615      89.994453    -112.938156       4.626842    -113.938843     -91.291412     -45.859726     -85.293472    -359.900269     -65.582779    -359.932037      41.607559      -1.605663      -1.929130      -2.309508      15.464005       8.633904     -90.005066     -35.235775      89.992653     197.501007      62.775326    -292.599030      88.911491      26.313845      89.772835     -10.133403     -32.477497      -8.350023     -29.835489      88.436569    -156.960724       0.560715      -0.132791     -23.193680      55.491776      77.138039    -180.572525     -89.248940     -59.817104      89.634666       7.241607       2.902976       3.406436      -7.592433     -86.577255     160.882477      -5.282696       1.949389     -24.012989
      26.055923       5.925586     -61.953880      11.371301      56.457783     -89.036797     -54.267437     -69.314499      15.660600      -5.525151     -16.171139       5.579426       7.055714      -6.927623      -0.213772     -11.124537      35.952751      11.923703      -1.180809      16.824593      14.933328     110.062416       3.129786     -91.453217     -27.490301     -27.065367      99.550804      -0.020471      24.495293       0.002410      -8.695617      -0.158172      -2.292050      -1.872873      -3.692816     -41.588909     -90.003174     -30.592619      89.994461    -112.932770       4.607875    -113.951279     -91.276329     -45.838940     -85.187492    -359.900726     -65.484360    -359.932465      41.564846      -1.603578      -1.930245      -2.312421      15.456766       8.852518     -90.005066     -35.229916      89.992638     197.430664      62.885525    -292.655243      88.870552      26.657040      89.763054     -10.155224     -32.506721      -8.296344     -27.264818      88.314560    -159.594467       0.584554      -0.089609     -23.268867      55.311676      76.842033    -180.393631     -89.124474     -59.856205      89.570816       7.299575       2.907905       3.397881      -6.909284     -86.486740     161.670517      -5.296866       1.879685     -24.015055
      26.062983       5.940957     -61.938499      11.660025      56.408581     -89.182724     -54.927307     -69.023041      15.169008      -5.605749     -16.468449       5.525214       6.939516      -6.941662      -0.338626     -11.270837      35.813068      11.932066      -1.258343      16.971951      14.965755     109.932220       3.189960     -91.254837     -27.550890     -27.074554      99.513527      -0.020405      24.411697       0.002431      -8.694194      -0.158251      -2.292016      -1.828017      -3.556309     -41.582745     -90.003181     -30.592619      89.994461    -112.927185       4.592665    -113.966080     -91.258438     -45.814674     -85.083244    -359.901184     -65.386505    -359.932892      41.522293      -1.601492      -1.931349      -2.316055      15.449420       9.072095     -90.005066     -35.224140      89.992645     197.333755      62.936169    -292.720886      88.896957      26.941046      89.767792     -10.140004     -32.536995      -8.259666     -25.422100      88.228706    -161.501236       0.604956      -0.064927     -23.345930      54.654568      76.730118    -179.790604     -89.186813     -59.872101      89.601418       7.314162       2.867548       3.389293      -6.587348     -86.441879     162.038239      -5.304809       1.840014     -24.008242
      26.069174       5.927851     -61.925373      11.898625      56.380547     -89.301758     -55.310162     -68.969521      14.960565      -5.687558     -16.544785       5.462762       6.828489      -6.929026      -0.468879     -11.406326      35.668114      11.905275      -1.331064      17.111689      14.976966     109.810028       3.248178     -91.072304     -27.606760     -27.084370      99.480843      -0.020337      24.328947       0.002446      -8.693272      -0.158308      -2.291992      -1.785511      -3.426125     -41.576710     -90.003181     -30.592628      89.994461    -112.922028       4.578827    -113.982941     -91.238777     -45.792137     -84.978928    -359.901642     -65.289726    -359.933289      41.480278      -1.599446      -1.932443      -2.318253      15.442488       9.285604     -90.005058     -35.218460      89.992661     197.209167      63.005505    -292.715363      88.908691      27.210739      89.769630     -10.184702     -32.556923      -8.243921     -24.063293      88.166679    -162.891830       0.619846      -0.042232     -23.393866      54.443008      76.520638    -179.607971     -89.131310     -59.917465      89.572769       7.339313       2.876845       3.362172      -6.228778     -86.423172     162.469482      -5.315274       1.785249     -24.009876
      26.078474       5.917393     -61.909805      12.198225      56.344070     -89.469978     -55.735596     -68.903610      14.732636      -5.779720     -16.630884       5.389692       6.704794      -6.923728      -0.608343     -11.533759      35.520012      11.851827      -1.400210      17.245943      14.972529     109.686287       3.304956     -90.889908     -27.661112     -27.094709      99.448425      -0.020274      24.247879       0.002466      -8.692641      -0.158341      -2.291975      -1.743056      -3.297307     -41.568680     -90.003174     -30.592628      89.994469    -112.917572       4.566912    -114.000137     -91.220879     -45.767952     -84.882698    -359.902069     -65.193527    -359.933716      41.438503      -1.597392      -1.933525      -2.320866      15.435507       9.499797     -90.005058     -35.212868      89.992653     197.111862      63.101803    -292.717163      88.913963      27.434835      89.770401     -10.203779     -32.560936      -8.193367     -22.691031      88.087234    -164.306931       0.634154      -0.015111     -23.444468      54.407288      76.329834    -179.604782     -89.084534     -59.965626      89.546906       7.372724       2.875901       3.359809      -5.679886     -86.345352     163.076065      -5.326230       1.731706     -24.010201
      26.079802       5.910337     -61.900959      12.309190      56.292126     -89.491150     -56.063622     -68.813324      14.566650      -5.829450     -16.716898       5.356637       6.613790      -6.909460      -0.719534     -11.653934      35.368912      11.776474      -1.466304      17.374086      14.957033     109.564659       3.361099     -90.713005     -27.716656     -27.101894      99.419502      -0.020197      24.163847       0.002447      -8.691728      -0.158404      -2.291953      -1.701274      -3.171070     -41.560234     -90.003174     -30.592628      89.994476    -112.911987       4.557012    -114.019928     -91.199265     -45.742970     -84.784248    -359.902496     -65.098221    -359.934082      41.397034      -1.595366      -1.934600      -2.323087      15.428737       9.710335     -90.005058     -35.207378      89.992638     196.963638      63.155849    -292.700623      88.916489      27.654074      89.770409     -10.222874     -32.546825      -8.146170     -21.615767      88.035637    -165.411240       0.644368       0.000101     -23.482620      53.781952      76.190392    -179.049332     -89.140221     -59.997139      89.573631       7.396744       2.901319       3.319264      -5.326385     -86.325012     163.509216      -5.337240       1.675637     -24.011148
      26.079222       5.928464     -61.894318      12.384889      56.223873     -89.494408     -56.542282     -68.543579      14.226377      -5.866061     -16.975231       5.329791       6.544897      -6.909902      -0.803946     -11.768682      35.215214      11.683845      -1.530072      17.497253      14.933297     109.435150       3.417310     -90.525925     -27.780008     -27.102669      99.389580      -0.020100      24.073391       0.002411      -8.689502      -0.158549      -2.291947      -1.656891      -3.042718     -41.551155     -90.003174     -30.592625      89.994469    -112.905487       4.550248    -114.041473     -91.173965     -45.714188     -84.683159    -359.902924     -65.003410    -359.934479      41.355629      -1.593331      -1.935664      -2.325934      15.421913       9.920479     -90.005066     -35.201981      89.992638     196.875275      63.190861    -292.756958      88.918121      27.821728      89.770020     -10.237587     -32.558117      -8.137735     -20.808506      88.011604    -166.235352       0.650068       0.005961     -23.508923      53.481262      76.179993    -178.839371     -89.185722     -60.023777      89.597260       7.385355       2.850274       3.321797      -5.137948     -86.312424     163.746628      -5.343940       1.644500     -24.004696
      26.080372       5.919897     -61.889286      12.461557      56.172043     -89.517578     -56.796242     -68.500923      14.127167      -5.911576     -17.025631       5.291986       6.471836      -6.896912      -0.896667     -11.877247      35.063213      11.573731      -1.591242      17.616983      14.901272     109.307632       3.472097     -90.346207     -27.837969     -27.107761      99.360886      -0.020021      23.985092       0.002390      -8.688178      -0.158640      -2.291943      -1.613927      -2.914772     -41.540382     -90.003174     -30.592632      89.994469    -112.900391       4.543030    -114.061264     -91.151283     -45.688099     -84.587921    -359.903351     -64.909470    -359.934845      41.314800      -1.591332      -1.936719      -2.328222      15.415217      10.129611     -90.005074     -35.196671      89.992622     196.774567      63.258446    -292.749329      88.918915      27.948288      89.770096     -10.254919     -32.533653      -8.095696     -20.072079      87.992279    -166.980438       0.654512       0.011778     -23.526943      53.425968      76.055061    -178.838821     -89.137573     -60.047951      89.571960       7.404552       2.861593       3.299981      -4.703878     -86.258133     164.260712      -5.354124       1.589972     -24.005856
      26.080400       5.936074     -61.884121      12.522087      56.093475     -89.522812     -57.218586     -68.262421      13.850993      -5.942227     -17.256512       5.270486       6.405709      -6.896383      -0.978451     -11.982974      34.911057      11.453787      -1.651105      17.733122      14.863963     109.175095       3.526157     -90.161606     -27.899107     -27.109354      99.332603      -0.019934      23.894989       0.002359      -8.686409      -0.158753      -2.291936      -1.570348      -2.786611     -41.528629     -90.003174     -30.592632      89.994476    -112.894600       4.537829    -114.082863     -91.128021     -45.659294     -84.495750    -359.903748     -64.816261    -359.935242      41.274010      -1.589323      -1.937769      -2.330926      15.408529      10.337362     -90.005058     -35.191463      89.992630     196.771683      63.332302    -292.871735      88.831993      28.066538      89.750504     -10.244260     -32.555710      -8.074864     -19.371891      87.963333    -167.692398       0.660318       0.024508     -23.546858      53.347450      76.066963    -178.853043     -89.160477     -60.071091      89.583954       7.387076       2.807209       3.305527      -4.501976     -86.240685     164.503723      -5.360745       1.559825     -23.999432
      26.080601       5.925700     -61.880627      12.567242      56.042587     -89.528427     -57.417358     -68.244957      13.795829      -5.978904     -17.282433       5.240231       6.341746      -6.879864      -1.062665     -12.083987      34.761292      11.322068      -1.709247      17.846792      14.822901     109.047997       3.578684     -89.989189     -27.953974     -27.114883      99.307220      -0.019861      23.807076       0.002341      -8.685638      -0.158799      -2.291931      -1.528994      -2.660757     -41.515770     -90.003174     -30.592619      89.994476    -112.889641       4.531959    -114.103058     -91.106552     -45.633339     -84.408211    -359.904175     -64.723915    -359.935608      41.233814      -1.587361      -1.938801      -2.332737      15.402079      10.542638     -90.005066     -35.186321      89.992645     196.631317      63.381348    -292.819275      88.881332      28.171288      89.761208     -10.268941     -32.509834      -8.032850     -18.723831      87.960258    -168.343292       0.661577       0.022654     -23.557652      53.322105      75.963875    -178.885574     -89.124176     -60.095882      89.564423       7.404855       2.820784       3.284782      -4.069396     -86.182175     165.016571      -5.370994       1.504996     -24.000977
      26.080641       5.940170     -61.875977      12.622773      55.972466     -89.535149     -57.794418     -68.031166      13.551438      -6.007483     -17.491983       5.219319       6.282248      -6.876542      -1.138018     -12.183253      34.611996      11.184894      -1.766643      17.957376      14.779945     108.917229       3.630251     -89.813805     -28.011572     -27.116613      99.282745      -0.019776      23.717602       0.002309      -8.684388      -0.158879      -2.291919      -1.487139      -2.535832     -41.502361     -90.003159     -30.592615      89.994484    -112.883934       4.527983    -114.124878     -91.084572     -45.604347     -84.323784    -359.904572     -64.632210    -359.935974      41.193638      -1.585379      -1.939829      -2.334976      15.395633      10.746608     -90.005066     -35.181282      89.992630     196.547638      63.422096    -292.851501      88.904472      28.270517      89.765755     -10.283816     -32.497948      -8.017796     -18.102591      87.959175    -168.968216       0.662394       0.020141     -23.567303      53.225887      75.983070    -178.875595     -89.156158     -60.118992      89.580894       7.385146       2.768750       3.290004      -3.866276     -86.163177     165.258667      -5.377708       1.474262     -23.994576
      26.080376       5.929633     -61.873077      12.651991      55.919373     -89.530388     -57.966702     -68.021370      13.517756      -6.038284     -17.507874       5.194274       6.223458      -6.858724      -1.217065     -12.278672      34.465942      11.039786      -1.822738      18.065823      14.736056     108.792969       3.680316     -89.651535     -28.062429     -27.122570      99.261299      -0.019705      23.630894       0.002307      -8.684467      -0.158877      -2.291909      -1.447296      -2.413756     -41.487873     -90.003166     -30.592628      89.994476    -112.878792       4.524179    -114.145447     -91.064095     -45.575352     -84.244247    -359.904968     -64.540260    -359.936310      41.153599      -1.583397      -1.940846      -2.339278      15.388701      10.956180     -90.005066     -35.176319      89.992653     196.438065      63.484489    -292.824585      88.914513      28.363558      89.767998     -10.302408     -32.455585      -7.971091     -17.485392      87.955574    -169.584488       0.663527       0.021519     -23.573145      53.211319      75.892563    -178.924728     -89.127914     -60.145294      89.565392       7.392590       2.781922       3.270372      -3.451556     -86.107140     165.743378      -5.387809       1.420104     -23.996428
      26.076790       5.918920     -61.871983      12.615104      55.868855     -89.469086     -58.101372     -68.011421      13.502885      -6.054995     -17.519180       5.181163       6.178475      -6.832840      -1.286096     -12.372066      34.321285      10.890355      -1.878164      18.171444      14.692140     108.672523       3.729464     -89.496956     -28.112608     -27.126774      99.243301      -0.019640      23.543636       0.002293      -8.684870      -0.158862      -2.291899      -1.408321      -2.295230     -41.473717     -90.003159     -30.592615      89.994492    -112.872253       4.523716    -114.168297     -91.040359     -45.539154     -84.163139    -359.905365     -64.447296    -359.936584      41.112839      -1.581351      -1.941867      -2.350464      15.379984      11.185431     -90.005058     -35.171444      89.992668     196.306366      63.532280    -292.791321      88.918762      28.483414      89.768623     -10.329281     -32.404060      -7.922830     -16.842646      87.952454    -170.223648       0.663631       0.023429     -23.575327      53.199863      75.836731    -178.985580     -89.125809     -60.174942      89.563629       7.384241       2.794602       3.241945      -3.169962     -86.092690     166.094757      -5.396925       1.374018     -23.995989
      26.079647       5.933515     -61.863514      12.746295      55.824772     -89.530792     -58.495872     -67.807335      13.230658      -6.101002     -17.725681       5.135756       6.117022      -6.828424      -1.362857     -12.464917      34.178337      10.739721      -1.933326      18.274933      14.648795     108.544785       3.777654     -89.334511     -28.165379     -27.128384      99.224739      -0.019556      23.455984       0.002268      -8.684875      -0.158861      -2.291901      -1.368003      -2.175638     -41.458538     -90.003159     -30.592619      89.994484    -112.865570       4.525226    -114.191833     -91.018715     -45.497589     -84.089355    -359.905792     -64.355026    -359.936859      41.071823      -1.579292      -1.942882      -2.365847      15.369976      11.430885     -90.005058     -35.166653      89.992668     196.273758      63.595707    -292.850555      88.921265      28.611446      89.768242     -10.358076     -32.405701      -7.915137     -16.156424      87.936089    -170.914536       0.666770       0.030674     -23.586275      52.978973      75.978645    -178.848129     -89.324623     -60.215878      89.666084       7.329432       2.698862       3.234301      -3.284295     -86.140129     165.971786      -5.396084       1.378418     -23.981335
      26.078285       5.926720     -61.860565      12.754124      55.765446     -89.503639     -58.664768     -67.773506      13.192975      -6.121763     -17.756870       5.122192       6.062936      -6.808340      -1.437905     -12.554856      34.038757      10.585121      -1.987736      18.376680      14.607299     108.425446       3.824357     -89.186630     -28.211039     -27.134066      99.209427      -0.019491      23.372074       0.002260      -8.686073      -0.158792      -2.291892      -1.330810      -2.060129     -41.442463     -90.003166     -30.592609      89.994492    -112.859451       4.525527    -114.214188     -90.999481     -45.458286     -84.020874    -359.906158     -64.264099    -359.937164      41.031361      -1.577274      -1.943897      -2.381802      15.359575      11.682259     -90.005058     -35.161942      89.992683     196.155365      63.644104    -292.830200      88.922188      28.716356      89.768333     -10.384822     -32.365307      -7.877396     -15.566389      87.934113    -171.500259       0.666183       0.033315     -23.586113      53.028770      75.892387    -178.970657     -89.278488     -60.247528      89.641464       7.340549       2.707368       3.231579      -2.802282     -86.068909     166.540390      -5.408670       1.315575     -23.985392
      26.073627       5.920777     -61.860714      12.686720      55.710724     -89.422493     -58.784889     -67.741386      13.178322      -6.127001     -17.783497       5.119418       6.028670      -6.784570      -1.495090     -12.642994      33.901539      10.428660      -2.041752      18.476191      14.568307     108.309998       3.870250     -89.045753     -28.256401     -27.137951      99.196846      -0.019420      23.286015       0.002250      -8.687096      -0.158740      -2.291897      -1.294434      -1.947263     -41.426857     -90.003174     -30.592602      89.994484    -112.852882       4.526151    -114.236755     -90.979065     -45.418797     -83.951187    -359.906555     -64.174316    -359.937500      40.991203      -1.575289      -1.944901      -2.398100      15.348984      11.934917     -90.005066     -35.157299      89.992683     196.035233      63.685810    -292.809723      88.922928      28.817295      89.768250     -10.407914     -32.312046      -7.828216     -14.952684      87.932800    -172.106964       0.665322       0.036103     -23.584003      53.018028      75.850372    -179.040054     -89.268158     -60.277519      89.635605       7.321489       2.718326       3.209405      -2.505388     -86.051041     166.918533      -5.417906       1.268741     -23.986250
      26.071777       5.939417     -61.859039      12.676271      55.633621     -89.391098     -59.086681     -67.521515      12.987453      -6.135550     -17.988152       5.112451       5.991295      -6.784913      -1.546616     -12.730475      33.767513      10.272851      -2.095681      18.574392      14.532026     108.188484       3.915336     -88.898743     -28.303783     -27.140093      99.183792      -0.019339      23.197811       0.002228      -8.687657      -0.158720      -2.291904      -1.256698      -1.832066     -41.410423     -90.003159     -30.592594      89.994492    -112.846764       4.527189    -114.258217     -90.961456     -45.377457     -83.888756    -359.906952     -64.085251    -359.937805      40.951118      -1.573304      -1.945900      -2.415545      15.337946      12.192078     -90.005058     -35.152740      89.992691     196.039459      63.746075    -292.917297      88.864044      28.867823      89.754944     -10.395870     -32.306515      -7.805849     -14.439317      87.933563    -172.617142       0.665236       0.038474     -23.585808      52.922348      75.893417    -179.040009     -89.296402     -60.295372      89.649895       7.305920       2.674209       3.218117      -2.258432     -86.006554     167.215897      -5.424853       1.235181     -23.979414
      26.067640       5.931089     -61.859451      12.615332      55.584103     -89.320747     -59.183926     -67.510376      12.989724      -6.141195     -17.999929       5.107668       5.960821      -6.759851      -1.599559     -12.815951      33.637009      10.114456      -2.149065      18.670559      14.496494     108.079681       3.959251     -88.770851     -28.344368     -27.145432      99.174507      -0.019265      23.112370       0.002209      -8.689157      -0.158639      -2.291904      -1.222497      -1.723382     -41.395103     -90.003159     -30.592602      89.994499    -112.840805       4.526778    -114.279922     -90.944252     -45.340263     -83.826225    -359.907318     -63.997566    -359.938141      40.911671      -1.571359      -1.946904      -2.431481      15.327260      12.443830     -90.005066     -35.148254      89.992691     195.904449      63.789467    -292.871307      88.898636      28.956751      89.762383     -10.422738     -32.245598      -7.750060     -13.800727      87.928947    -173.249344       0.665173       0.042677     -23.585085      52.885376      75.854668    -179.077957     -89.294548     -60.323078      89.648430       7.284494       2.684544       3.195789      -1.954929     -85.980774     167.590012      -5.433747       1.188492     -23.980480
      26.061899       5.923487     -61.860554      12.524292      55.535984     -89.222916     -59.269138     -67.492477      12.994693      -6.140814     -18.013605       5.106645       5.937861      -6.732308      -1.646102     -12.900666      33.508469       9.956274      -2.202422      18.765144      14.463619     107.973915       4.002203     -88.648216     -28.384792     -27.148947      99.167038      -0.019193      23.026390       0.002199      -8.690501      -0.158574      -2.291911      -1.188785      -1.617972     -41.380478     -90.003174     -30.592598      89.994484    -112.834419       4.527000    -114.302277     -90.926163     -45.302261     -83.763229    -359.907654     -63.910557    -359.938446      40.872395      -1.569423      -1.947893      -2.447231      15.316610      12.692737     -90.005051     -35.143852      89.992699     195.774246      63.833481    -292.836639      88.913971      29.059568      89.765465     -10.449102     -32.181839      -7.689515     -13.139503      87.919411    -173.903671       0.665443       0.050288     -23.584332      52.844482      75.828278    -179.114685     -89.304695     -60.351376      89.653175       7.259716       2.699294       3.167084      -1.714269     -85.977684     167.903336      -5.442084       1.146479     -23.979214
      26.063055       5.917384     -61.855476      12.588663      55.492271     -89.242081     -59.446476     -67.461800      12.937941      -6.172071     -18.045866       5.077066       5.886425      -6.714881      -1.715436     -12.984795      33.383369       9.799088      -2.255743      18.858791      14.433156     107.867691       4.043599     -88.527092     -28.421469     -27.155088      99.159180      -0.019128      22.944824       0.002191      -8.692512      -0.158458      -2.291904      -1.155830      -1.514037     -41.364494     -90.003166     -30.592581      89.994492    -112.829094       4.526640    -114.323303     -90.913338     -45.264320     -83.711777    -359.908020     -63.824158    -359.938751      40.833324      -1.567496      -1.948873      -2.463287      15.305775      12.943432     -90.005058     -35.139530      89.992691     195.686890      63.896309    -292.824738      88.920471      29.161770      89.766823     -10.479466     -32.145329      -7.652082     -12.536448      87.910316    -174.503326       0.666120       0.056925     -23.585878      52.824970      75.769371    -179.158585     -89.311913     -60.388702      89.654877       7.262100       2.705908       3.170196      -1.316530     -85.908295     168.369400      -5.452009       1.097066     -23.980232
      26.059097       5.911313     -61.855347      12.533235      55.437016     -89.172775     -59.547821     -67.435471      12.934624      -6.173866     -18.067152       5.079001       5.855449      -6.691278      -1.767473     -13.067394      33.260834       9.642214      -2.308885      18.950308      14.406623     107.769310       4.084292     -88.416855     -28.455605     -27.161066      99.154404      -0.019057      22.863432       0.002177      -8.694829      -0.158327      -2.291899      -1.124949      -1.414434     -41.348930     -90.003166     -30.592592      89.994484    -112.823288       4.526118    -114.344711     -90.899551     -45.227261     -83.659630    -359.908386     -63.738647    -359.939087      40.794617      -1.565590      -1.949851      -2.478639      15.295102      13.190553     -90.005058     -35.135265      89.992699     195.569702      63.937939    -292.802063      88.923347      29.252270      89.767288     -10.503071     -32.092216      -7.603240     -11.950769      87.908043    -175.080566       0.665003       0.060935     -23.581558      52.829227      75.723312    -179.241577     -89.293999     -60.417503      89.645157       7.239452       2.715632       3.153539      -1.000838     -85.878174     168.757935      -5.461794       1.047504     -23.981628
      26.056044       5.930589     -61.854126      12.502924      55.367329     -89.124008     -59.815647     -67.216583      12.755723      -6.174649     -18.269859       5.077902       5.830163      -6.686873      -1.807499     -13.149911      33.140614       9.487901      -2.362173      19.040176      14.383491     107.667763       4.124310     -88.303322     -28.492579     -27.163477      99.150383      -0.018975      22.779106       0.002159      -8.696435      -0.158246      -2.291909      -1.093007      -1.314599     -41.333668     -90.003166     -30.592581      89.994492    -112.817162       4.526723    -114.366272     -90.885818     -45.187744     -83.609619    -359.908722     -63.653641    -359.939392      40.755875      -1.563673      -1.950822      -2.494560      15.284244      13.437640     -90.005051     -35.131077      89.992699     195.519180      63.972042    -292.859253      88.924675      29.313660      89.767090     -10.510118     -32.071098      -7.579634     -11.381210      87.907707    -175.644485       0.664054       0.063541     -23.580145      52.722416      75.788414    -179.228928     -89.337273     -60.438465      89.667885       7.202946       2.667901       3.158212      -0.859268     -85.872444     168.943008      -5.467722       1.021110     -23.973148
      26.054222       5.946200     -61.853539      12.483771      55.299728     -89.096085     -60.051998     -67.033730      12.611833      -6.178576     -18.443729       5.071332       5.805215      -6.685474      -1.845929     -13.231036      33.024883       9.334301      -2.415237      19.128933      14.363519     107.570107       4.163747     -88.196167     -28.526686     -27.167950      99.147293      -0.018906      22.694983       0.002144      -8.698388      -0.158145      -2.291921      -1.062059      -1.215489     -41.318520     -90.003166     -30.592585      89.994492    -112.810768       4.530499    -114.387642     -90.857002     -45.186283     -83.554001    -359.909119     -63.569977    -359.939636      40.716274      -1.561687      -1.951782      -2.517073      15.271092      13.710386     -90.005066     -35.126965      89.992691     195.492386      64.023178    -292.917328      88.925262      29.337084      89.767067     -10.505698     -32.046143      -7.546418     -10.843534      87.910820    -176.175461       0.663498       0.064815     -23.578873      52.580303      75.840172    -179.172745     -89.375305     -60.452930      89.687943       7.175789       2.625863       3.153482      -0.702719     -85.854813     169.130234      -5.472689       0.992989     -23.965757
      26.049398       5.935871     -61.854626      12.406384      55.252930     -89.014572     -60.109310     -67.039825      12.640581      -6.176870     -18.438105       5.071292       5.785125      -6.657535      -1.887869     -13.310971      32.911499       9.179498      -2.468111      19.216114      14.344574     107.486053       4.202176     -88.106743     -28.555071     -27.174713      99.146667      -0.018835      22.614080       0.002128      -8.701031      -0.157998      -2.291926      -1.034882      -1.124127     -41.304943     -90.003166     -30.592577      89.994492    -112.805420       4.528280    -114.408287     -90.834366     -45.187237     -83.498734    -359.909454     -63.487640    -359.939972      40.678665      -1.559852      -1.952741      -2.535831      15.259212      13.962788     -90.005066     -35.122910      89.992691     195.380219      64.074371    -292.890106      88.925972      29.426989      89.766960     -10.527290     -31.986456      -7.487332     -10.252750      87.903885    -176.758148       0.663625       0.071442     -23.576199      52.539677      75.813858    -179.206863     -89.388100     -60.479836      89.694191       7.145411       2.639693       3.127284      -0.448659     -85.847046     169.426559      -5.480597       0.951357     -23.965425
      26.048122       5.949045     -61.852993      12.402677      55.165356     -88.994713     -60.344456     -66.898972      12.550672      -6.193186     -18.559101       5.032899       5.758602      -6.659634      -1.926534     -13.391000      32.800072       9.028181      -2.521364      19.302643      14.329938     107.394142       4.239439     -88.008186     -28.587120     -27.177906      99.144707      -0.018758      22.531321       0.002109      -8.702959      -0.157899      -2.291925      -1.006501      -1.030662     -41.290134     -90.003143     -30.592564      89.994507    -112.800430       4.527737    -114.427307     -90.812271     -45.185894     -83.449074    -359.909790     -63.405071    -359.940277      40.640713      -1.557973      -1.953699      -2.555170      15.247174      14.212506     -90.005066     -35.118931      89.992691     195.411942      64.151627    -293.028717      88.822197      29.476368      89.743553     -10.509814     -31.983601      -7.458271      -9.795156      87.903969    -177.210602       0.663254       0.075064     -23.574978      52.433823      75.861496    -179.207306     -89.427933     -60.498333      89.714622       7.117902       2.601333       3.133027      -0.238492     -85.815872     169.643387      -5.486848       0.920870     -23.958424
      26.043701       5.937209     -61.853718      12.336494      55.122131     -88.921829     -60.391312     -66.919907      12.586928      -6.193143     -18.538582       5.031261       5.738848      -6.632024      -1.967217     -13.469157      32.692940       8.875836      -2.573973      19.386635      14.316579     107.317192       4.276411     -87.928833     -28.611950     -27.185728      99.145523      -0.018692      22.452042       0.002096      -8.705936      -0.157729      -2.291940      -0.981744      -0.943634     -41.276810     -90.003166     -30.592575      89.994484    -112.795609       4.524847    -114.446671     -90.792435     -45.185432     -83.399071    -359.910126     -63.323601    -359.940613      40.603645      -1.556159      -1.954648      -2.571377      15.236146      14.448652     -90.005051     -35.115009      89.992699     195.244370      64.173233    -292.947906      88.879585      29.570242      89.756012     -10.545519     -31.916481      -7.411837      -9.196599      87.906990    -177.799820       0.661340       0.075145     -23.569376      52.420784      75.823700    -179.264343     -89.430161     -60.526527      89.715302       7.090963       2.618863       3.112154       0.056871     -85.796074     169.976151      -5.495426       0.876353     -23.960333
      26.038160       5.927877     -61.854523      12.252998      55.081665     -88.829849     -60.445724     -66.917084      12.605370      -6.189416     -18.537926       5.032610       5.723897      -6.602942      -2.003929     -13.547196      32.587067       8.725499      -2.626845      19.469410      14.305879     107.243843       4.312639     -87.853943     -28.637033     -27.191320      99.147736      -0.018620      22.373137       0.002077      -8.708688      -0.157578      -2.291939      -0.958447      -0.860376     -41.264439     -90.003159     -30.592567      89.994499    -112.789978       4.523636    -114.467293     -90.770096     -45.183163     -83.346817    -359.910461     -63.242470    -359.940918      40.566528      -1.554329      -1.955590      -2.587346      15.225255      14.679823     -90.005043     -35.111156      89.992699     195.102295      64.209198    -292.893982      88.907410      29.674627      89.761879     -10.577695     -31.852713      -7.353395      -8.590269      87.895645    -178.398819       0.661354       0.083905     -23.566830      52.388779      75.796806    -179.302444     -89.444664     -60.554893      89.722412       7.059156       2.636837       3.084883       0.295799     -85.799759     170.252670      -5.503317       0.836694     -23.959362
      26.039589       5.920413     -61.849117      12.324127      55.045040     -88.854195     -60.593212     -66.899673      12.563192      -6.218166     -18.556850       5.005003       5.679098      -6.584444      -2.065437     -13.624988      32.483986       8.578037      -2.679798      19.551247      14.298359     107.169601       4.347624     -87.779045     -28.659470     -27.198864      99.149048      -0.018564      22.298996       0.002092      -8.711989      -0.157382      -2.291945      -0.936891      -0.778144     -41.250736     -90.003159     -30.592558      89.994499    -112.784264       4.525865    -114.488106     -90.750275     -45.179733     -83.304794    -359.910614     -63.176422    -359.941010      40.534386      -1.552809      -1.956343      -2.571554      15.179664      14.854108     -90.005051     -35.107372      89.992645     195.010391      64.267853    -292.870148      88.919739      29.777552      89.764565     -10.612286     -31.816854      -7.317343      -8.046230      87.884750    -178.939102       0.661844       0.091443     -23.566824      52.378914      75.736427    -179.349213     -89.454140     -60.592609      89.725426       7.054106       2.646629       3.089335       0.653640     -85.737312     170.644806      -5.512902       0.789312     -23.960768
      26.035753       5.913529     -61.848801      12.273393      54.995705     -88.788559     -60.669498     -66.883057      12.570442      -6.216852     -18.568050       5.009394       5.654744      -6.560294      -2.109959     -13.701581      32.382374       8.431805      -2.732753      19.631119      14.294941     107.102562       4.382387     -87.712509     -28.680382     -27.205997      99.152664      -0.018503      22.225151       0.002080      -8.715558      -0.157182      -2.291937      -0.917191      -0.699643     -41.237442     -90.003166     -30.592541      89.994499    -112.777855       4.527971    -114.509682     -90.731255     -45.176853     -83.262123    -359.910706     -63.129765    -359.941132      40.507664      -1.551616      -1.956976      -2.519455      15.085890      14.941717     -90.005058     -35.103630      89.992577     194.892487      64.306526    -292.840179      88.924835      29.867865      89.765533     -10.638879     -31.764587      -7.269826      -7.507082      87.881340    -179.469360       0.660467       0.095998     -23.560925      52.392544      75.689919    -179.435806     -89.437630     -60.621677      89.716400       7.023547       2.658729       3.074139       0.951813     -85.714561     170.982529      -5.522221       0.742145     -23.962627
      26.029932       5.907738     -61.850204      12.179138      54.950577     -88.690834     -60.723236     -66.863716      12.585161      -6.207809     -18.579309       5.016680       5.643030      -6.534561      -2.142844     -13.777302      32.282818       8.286578      -2.785506      19.709072      14.293938     107.038788       4.416949     -87.649742     -28.701643     -27.211702      99.157570      -0.018433      22.149509       0.002068      -8.718844      -0.157002      -2.291955      -0.897722      -0.622833     -41.225269     -90.003159     -30.592533      89.994499    -112.771545       4.528701    -114.531013     -90.712440     -45.174553     -83.217186    -359.910767     -63.084152    -359.941284      40.481068      -1.550394      -1.957625      -2.466617      14.985297      15.022564     -90.005074     -35.099941      89.992508     194.778351      64.342461    -292.814758      88.927177      29.959040      89.765778     -10.661881     -31.706301      -7.214622      -6.952021      87.874992    -180.015121       0.659557       0.102459     -23.555635      52.362957      75.668312    -179.480713     -89.442833     -60.649387      89.718750       6.989950       2.675997       3.050261       1.185180     -85.717690     171.266113      -5.529906       0.703476     -23.961985
      26.031626       5.925420     -61.843616      12.270403      54.915173     -88.731636     -61.015488     -66.663429      12.370728      -6.236139     -18.773977       4.982810       5.610696      -6.530688      -2.187246     -13.853735      32.185509       8.144936      -2.838440      19.785738      14.294439     106.968773       4.450621     -87.580093     -28.724579     -27.215670      99.161873      -0.018366      22.073988       0.002051      -8.721741      -0.156840      -2.291978      -0.876986      -0.544771     -41.213116     -90.003166     -30.592520      89.994492    -112.765434       4.530236    -114.552681     -90.695435     -45.171890     -83.178490    -359.910919     -63.039566    -359.941406      40.454433      -1.549127      -1.958279      -2.414287      14.883737      15.101673     -90.005074     -35.096317      89.992485     194.771011      64.396698    -292.881866      88.928627      30.053755      89.765182     -10.685326     -31.702623      -7.202440      -6.426444      87.861237    -180.539764       0.661107       0.109987     -23.559050      52.124912      75.835007    -179.318176     -89.642662     -60.685520      89.824524       6.922923       2.588130       3.042347       1.125245     -85.778664     171.183182      -5.527589       0.714021     -23.946362
      26.029360       5.921081     -61.842175      12.250049      54.862560     -88.690704     -61.113724     -66.631393      12.362391      -6.239141     -18.799120       4.983393       5.581840      -6.510738      -2.233722     -13.928345      32.091438       8.003087      -2.891102      19.861351      14.297657     106.908829       4.483690     -87.522743     -28.741652     -27.223967      99.166611      -0.018305      22.003059       0.002037      -8.725712      -0.156614      -2.291981      -0.859068      -0.471364     -41.200626     -90.003159     -30.592510      89.994507    -112.760086       4.529510    -114.572929     -90.681435     -45.170540     -83.143204    -359.911072     -62.995277    -359.941559      40.428444      -1.547887      -1.958923      -2.360242      14.779751      15.177415     -90.005081     -35.092766      89.992470     194.670746      64.438705    -292.866058      88.929047      30.132851      89.765198     -10.708864     -31.658514      -7.162064      -5.925007      87.860413    -181.032593       0.659383       0.113160     -23.552664      52.151371      75.767792    -179.414795     -89.600464     -60.715458      89.801659       6.912290       2.599895       3.043890       1.487694     -85.720688     171.601395      -5.539137       0.656599     -23.949987
      26.024071       5.916528     -61.843479      12.163923      54.814945     -88.601799     -61.170151     -66.605148      12.373889      -6.229156     -18.817575       4.993017       5.569638      -6.487040      -2.265744     -14.002049      31.999218       7.862362      -2.943697      19.935352      14.303604     106.854675       4.516670     -87.471718     -28.758596     -27.230934      99.172974      -0.018248      21.930836       0.002023      -8.729542      -0.156407      -2.291993      -0.841985      -0.400875     -41.189262     -90.003159     -30.592503      89.994507    -112.754135       4.529373    -114.593674     -90.665154     -45.168484     -83.103851    -359.911224     -62.951443    -359.941711      40.402630      -1.546640      -1.959571      -2.306395      14.675373      15.251537     -90.005074     -35.089275      89.992470     194.565292      64.474396    -292.846924      88.929550      30.212963      89.765091     -10.728851     -31.604456      -7.110631      -5.404717      87.857246    -181.543213       0.658009       0.117911     -23.546270      52.132610      75.740013    -179.471191     -89.591835     -60.743366      89.796867       6.876462       2.615763       3.025958       1.743902     -85.713875     171.908508      -5.547032       0.616397     -23.950771
      26.017057       5.912858     -61.846180      12.040120      54.767624     -88.483871     -61.210960     -66.573158      12.391818      -6.212221     -18.838419       5.006015       5.566899      -6.462308      -2.289262     -14.075163      31.908947       7.723072      -2.996187      20.007887      14.311575     106.802856       4.549513     -87.423271     -28.776209     -27.236568      99.180206      -0.018173      21.857193       0.002003      -8.733095      -0.156215      -2.292016      -0.824927      -0.331667     -41.179028     -90.003159     -30.592495      89.994507    -112.747856       4.529844    -114.614731     -90.647255     -45.165897     -83.061790    -359.911377     -62.908127    -359.941864      40.376945      -1.545381      -1.960212      -2.252965      14.571444      15.324399     -90.005089     -35.085842      89.992439     194.489639      64.514648    -292.860809      88.890388      30.297312      89.755898     -10.739592     -31.552086      -7.057025      -4.904025      87.856079    -182.033218       0.656379       0.122078     -23.539017      52.090313      75.734253    -179.507919     -89.601982     -60.769314      89.801941       6.840602       2.632999       3.003070       1.967592     -85.718735     172.187027      -5.554208       0.580227     -23.949429
      26.018679       5.908494     -61.842194      12.099724      54.706543     -88.514275     -61.336586     -66.601219      12.419428      -6.247512     -18.797945       4.943233       5.534412      -6.457495      -2.334538     -14.147922      31.822102       7.586038      -3.048738      20.080528      14.321954     106.743752       4.580996     -87.367294     -28.793663     -27.243500      99.184151      -0.018108      21.785261       0.001978      -8.736705      -0.156015      -2.292023      -0.806757      -0.259650     -41.166679     -90.003159     -30.592495      89.994499    -112.743599       4.529748    -114.631943     -90.634438     -45.164028     -83.031609    -359.911530     -62.865620    -359.942017      40.351433      -1.544130      -1.960840      -2.199966      14.470383      15.396488     -90.005074     -35.082470      89.992447     194.396942      64.566368    -292.850983      88.914146      30.366308      89.761261     -10.764411     -31.516556      -7.021143      -4.407870      87.850060    -182.524399       0.656004       0.127048     -23.537148      52.018188      75.688339    -179.514618     -89.603279     -60.803661      89.800926       6.832424       2.641700       3.009447       2.279217     -85.657372     172.541931      -5.563303       0.534997     -23.949823
