HIERARCHY
ROOT root
{
   OFFSET       0.000000        0.000000        0.000000
   CHANNELS 6 Xposition Yposition Zposition Xrotation Yrotation Zrotation
   JOINT LowerSpineJoint
   {
      OFFSET       0.000000        3.328345        0.000000
      CHANNELS 3 Xrotation  Yrotation Zrotation
      JOINT MiddleSpineJoint
      {
         OFFSET       4.330709        0.000000        0.000000
         CHANNELS 3 Xrotation  Yrotation Zrotation
         JOINT UpperSpineJoint
         {
            OFFSET       6.102361        0.000000        0.000000
            CHANNELS 3 Xrotation  Yrotation Zrotation
            JOINT LowerNeckJoint
            {
               OFFSET      10.236220        1.809055        0.000000
               CHANNELS 3 Xrotation  Yrotation Zrotation
               JOINT UpperNeckJoint
               {
                  OFFSET       3.543308        0.000000        0.000000
                  CHANNELS 3 Xrotation  Yrotation Zrotation
                  End Site
                  {
                     OFFSET       7.874016        0.000000        0.000000
                  }
               }
            }
            JOINT RightClavicleJoint
            {
               OFFSET       9.448819        2.047244        1.259843
               CHANNELS 3 Xrotation  Yrotation Zrotation
               JOINT RightShoulderJoint
               {
                  OFFSET      -6.220472       -1.574802        0.393701
                  CHANNELS 3 Xrotation  Yrotation Zrotation
                  JOINT RightElbowJoint
                  {
                     OFFSET     -12.500000        0.000000        0.078740
                     CHANNELS 3 Xrotation  Yrotation Zrotation
                     JOINT RightForearmTwistJoint
                     {
                        OFFSET      -5.216535        0.000000        0.000000
                        CHANNELS 3 Xrotation  Yrotation Zrotation
                        JOINT RightWristJoint
                        {
                           OFFSET      -5.314960        0.000000        0.000000
                           CHANNELS 3 Xrotation  Yrotation Zrotation
                           JOINT RightFingersJoint
                           {
                              OFFSET      -3.149608       -0.393700        0.000000
                              CHANNELS 3 Xrotation  Yrotation Zrotation
                              End Site
                              {
                                 OFFSET       0.000000        3.149606        0.000000
                              }
                           }
                        }
                     }
                  }
               }
            }
            JOINT LeftClavicleJoint
            {
               OFFSET       9.448819        2.047244       -1.259843
               CHANNELS 3 Xrotation  Yrotation Zrotation
               JOINT LeftShoulderJoint
               {
                  OFFSET      -6.220472       -1.574802       -0.393701
                  CHANNELS 3 Xrotation  Yrotation Zrotation
                  JOINT LeftElbowJoint
                  {
                     OFFSET     -12.500000        0.000000       -0.078740
                     CHANNELS 3 Xrotation  Yrotation Zrotation
                     JOINT LeftForearmTwistJoint
                     {
                        OFFSET      -5.216535        0.000000        0.000000
                        CHANNELS 3 Xrotation  Yrotation Zrotation
                        JOINT LeftWristJoint
                        {
                           OFFSET      -5.314960        0.000000        0.000000
                           CHANNELS 3 Xrotation  Yrotation Zrotation
                           JOINT LeftFingersJoint
                           {
                              OFFSET      -3.149608       -0.393700        0.000000
                              CHANNELS 3 Xrotation  Yrotation Zrotation
                              End Site
                              {
                                 OFFSET       0.000000        3.149606        0.000000
                              }
                           }
                        }
                     }
                  }
               }
            }
         }
      }
   }
   JOINT RightHipJoint
   {
      OFFSET      -3.543307        0.178739        0.000000
      CHANNELS 3 Xrotation  Yrotation Zrotation
      JOINT RightKneeJoint
      {
         OFFSET      17.204723        0.000000       -0.196850
         CHANNELS 3 Xrotation  Yrotation Zrotation
         JOINT RightAnkleJoint
         {
            OFFSET       0.000000      -17.840551       -0.161417
            CHANNELS 3 Xrotation  Yrotation Zrotation
            JOINT RightMidFootJoint
            {
               OFFSET       0.000000       -1.568898        2.523622
               CHANNELS 3 Xrotation  Yrotation Zrotation
               JOINT RightToesJoint
               {
                  OFFSET       2.677163       -0.000000        0.000000
                  CHANNELS 3 Xrotation  Yrotation Zrotation
                  End Site
                  {
                     OFFSET       2.362204        0.000000        0.000000
                  }
               }
            }
         }
      }
   }
   JOINT LeftHipJoint
   {
      OFFSET       3.543307        0.178739        0.000000
      CHANNELS 3 Xrotation  Yrotation Zrotation
      JOINT LeftKneeJoint
      {
         OFFSET      17.204723        0.000000        0.196850
         CHANNELS 3 Xrotation  Yrotation Zrotation
         JOINT LeftAnkleJoint
         {
            OFFSET       0.000000      -17.840551        0.161417
            CHANNELS 3 Xrotation  Yrotation Zrotation
            JOINT LeftMidFootJoint
            {
               OFFSET       0.000000       -1.568898       -2.523622
               CHANNELS 3 Xrotation  Yrotation Zrotation
               JOINT LeftToesJoint
               {
                  OFFSET       2.677164       -0.000000        0.000000
                  CHANNELS 3 Xrotation  Yrotation Zrotation
                  End Site
                  {
                     OFFSET       2.362205        0.000000        0.000000
                  }
               }
            }
         }
      }
   }
}
MOTION
Frames:	183
Frame Time: 0.0166667
      -0.395760      35.062805       0.413076     -12.481940      10.435562      10.805516     -70.330688     -68.572029       4.257385     -10.748276     -16.706963      -0.599989       2.441391       6.524463      -9.785110      -3.115994      -9.585485     -23.697453      -1.444044       4.641591      27.225275      96.570877      -1.272569     -90.630089       5.858077     -52.183506      81.624687      -0.043506      43.444855       0.017405      -8.736884      -0.156384      -2.290702       3.070041      10.276159     -20.521070     -90.003143     -30.592529      89.994499    -101.850227      -1.817511    -100.010147     -19.107899     -43.127083      49.386086       0.124012     -69.795952       0.086496      35.767906      -1.313020      -2.067620      -0.732107      -7.548869      10.648220     -90.005043     -34.884544      89.992645      68.584885      72.730293    -158.184448      90.151764      51.878277      90.066154     -11.721730     -11.544188      13.771694    -167.409805      84.034492     -20.080349      -0.045197      -2.749379     -21.996016      38.642979      78.135002    -144.246567     -90.865036     -31.621929      90.210175       2.753448      -2.694561       3.065779     -89.067520     -89.054657      77.562988      -4.668213       4.789808     -25.653292
      -0.395609      34.987274       0.409802     -12.482932      10.457588      10.850787     -70.376228     -68.518280       4.189327     -10.759848     -16.721754      -0.599113       2.429783       6.517343      -9.766894      -3.092481      -9.542822     -23.604418      -1.422892       4.593855      27.046791      96.579208      -1.273291     -90.627670       5.846750     -52.188251      81.606522      -0.043919      43.448795       0.017744      -8.735058      -0.156931      -2.291005       3.036255      10.233640     -20.331196     -90.003166     -30.143559      89.994514    -101.851692      -1.812722    -100.002251     -19.118591     -43.123318      49.375538       0.121894     -69.799164       0.084852      35.767014      -1.313684      -2.067490      -0.718281      -7.520179      10.743750     -90.004944     -34.363998      89.992622      68.584839      72.685921    -158.195404      90.158546      51.932777      90.062431     -11.894670     -11.555842      13.756767    -167.433853      84.024208     -20.103394      -0.042392      -2.725705     -21.803318      38.737858      78.089363    -144.404556     -90.869530     -31.707752      90.212227       2.746058      -2.698763       3.062033     -89.569710     -89.059319      76.958900      -4.641641       4.736188     -25.441973
      -0.393507      34.842117       0.392112     -12.585310      10.578182      11.207385     -70.544083     -68.156876       3.819771     -10.812945     -16.766342      -0.634509       2.382820       6.499911      -9.685021      -3.082780      -9.527949     -23.558187      -1.401299       4.537073      26.887383      96.584236      -1.271795     -90.504074       5.709844     -52.209599      81.458496      -0.043638      43.447205       0.017480      -8.736347      -0.156774      -2.291040       2.994669      10.165641     -20.176275     -90.003197     -29.700138      89.994568    -101.906525      -1.808848     -99.929497     -19.176533     -43.074993      49.280476       0.121952     -69.784264       0.084911      35.764645      -1.313510      -2.067528      -0.718616      -7.462300      10.733000     -90.004799     -33.849949      89.992622      68.769920      72.326645    -158.331726      90.157936      52.216080      90.064934     -12.805032     -11.576362      13.648457    -167.442322      84.014984     -20.328482      -0.022932      -2.611832     -21.561617      39.469574      77.782372    -145.432724     -90.905426     -32.243729      90.222046       2.839946      -2.722512       3.067436     -89.927032     -89.064468      76.445885      -4.618367       4.675553     -25.171095
      -0.398694      34.768532       0.437577     -12.805447      10.450713      10.860982     -70.276260     -68.805588       4.075649     -10.833076     -16.474283      -0.777051       2.410017       6.369218      -9.879300      -2.850326      -8.846240     -22.035646      -1.295906       4.374778      25.759443      96.640739      -1.263363     -90.025223       4.881492     -52.190125      80.645515      -0.043307      43.475067       0.017063      -8.728699      -0.156991      -2.291097       2.993243      10.178260     -20.080503     -90.003258     -29.264137      89.994690    -101.636604      -1.818695     -99.188522     -19.434858     -42.851933      48.737091       0.120671     -69.715233       0.083334      35.736336      -1.311990      -2.068313      -0.798253      -7.403419      10.671721     -90.004799     -33.344501      89.992294      69.380394      72.989059    -157.747787      90.099937      50.666012      90.029800     -12.677000     -11.341967      13.205662    -167.496597      84.094994     -22.122053       0.072874      -2.026873     -21.288462      39.797470      78.285774    -145.051422     -90.717918     -31.588638      90.176758       2.654505      -2.712484       2.931590    -101.087372     -89.100700      65.193794      -4.601040       4.599500     -24.892221
      -0.439834      34.926098       0.543038     -12.833458      10.122471       9.765321     -69.792259     -70.142281       4.607546     -10.866153     -16.051224      -0.921049       2.436697       6.079278     -10.037419      -2.693924      -8.284880     -19.525692      -1.329920       4.477490      26.220602      96.802177      -1.294414     -88.494843       2.756982     -52.204739      78.458672      -0.043046      43.458382       0.016333      -8.714832      -0.157711      -2.291271       3.010769      10.253067     -19.977182     -90.003761     -28.835434      89.995102    -101.073677      -1.727400     -97.302826     -20.106560     -42.059460      47.904984       0.118290     -69.481224       0.079597      35.670589      -1.308233      -2.070328      -0.976637      -7.273581      10.416018     -90.005493     -32.847515      89.990334      70.252365      74.880592    -156.524414      89.828331      46.994438      89.916878     -11.314544     -10.816031      12.633892    -163.573715      85.240181     -28.754608       0.129060      -1.569563     -21.327641      39.450489      79.658302    -142.945618     -90.268005     -29.142584      90.069496       2.148889      -2.679204       2.663655    -124.475502     -89.000572      42.403027      -4.578909       4.528467     -24.680679
      -0.483872      35.159683       0.633508     -12.645527       9.755828       8.665079     -69.293678     -71.461601       5.191697     -10.885016     -15.629078      -0.957296       2.450085       5.811911     -10.011393      -2.545640      -7.771507     -16.889986      -1.348446       4.528885      26.626253      97.132683      -1.280255     -86.752007       0.894148     -52.225826      76.554474      -0.043060      43.402176       0.015771      -8.709436      -0.158123      -2.291526       3.022199      10.234466     -20.026703     -90.004700     -28.413897      89.995445    -100.752991      -1.565068     -95.132668     -20.814159     -41.097656      47.374992       0.117346     -69.146301       0.077038      35.627728      -1.305395      -2.071832      -1.123847      -6.899233       9.887587     -90.005943     -32.358829      89.988121      70.915527      76.663574    -155.536362      89.512474      43.545628      89.822121      -9.910815     -10.487384      11.966264    -155.702713      86.381836     -38.251011       0.112282      -1.487022     -21.401825      38.513378      80.947479    -140.521225     -89.802750     -26.764391      89.964195       1.953075      -2.478105       2.289693    -141.382965     -88.751274      26.557745      -4.560599       4.459526     -24.416733
      -0.524362      35.427498       0.718898     -12.329287       9.332361       7.585611     -68.760429     -72.756271       5.875363     -10.894217     -15.208070      -0.908908       2.459493       5.567185      -9.894072      -2.417533      -7.289690     -14.344032      -1.353030       4.546052      26.833208      97.547035      -1.225544     -85.129883      -0.409635     -52.160393      75.315224      -0.043195      43.335831       0.015647      -8.706295      -0.158438      -2.291618       3.027319      10.117502     -20.120895     -90.005714     -27.999414      89.995720    -100.529907      -1.367358     -93.003975     -21.384884     -40.267216      47.208801       0.117110     -68.815193       0.075901      35.599812      -1.303430      -2.072750      -1.242120      -6.352651       9.243245     -90.006119     -31.878330      89.986458      71.437126      78.212288    -154.744171      89.254036      40.358524      89.765999      -8.463354     -10.216571      11.306031    -143.970032      87.209549     -50.733288       0.096516      -1.451194     -21.386770      36.869030      82.160500    -137.585083     -89.378906     -24.499825      89.873573       2.075469      -2.214185       1.898890    -150.867447     -88.482239      18.094006      -4.541191       4.399409     -24.096115
      -0.560559      35.699539       0.801001     -11.923362       8.845896       6.546311     -68.177032     -74.014320       6.675591     -10.896413     -14.787235      -0.790022       2.467426       5.343264      -9.721927      -2.311370      -6.836044     -11.957339      -1.345689       4.536703      26.819805      97.990097      -1.143942     -83.691292      -1.203307     -52.024261      74.680313      -0.043307      43.270016       0.015822      -8.703389      -0.158750      -2.291572       3.016954       9.931033     -20.168535     -90.006577     -27.591879      89.996002    -100.342178      -1.152139     -91.040726     -21.800329     -39.641121      47.346375       0.116913     -68.531235       0.075684      35.581600      -1.302187      -2.073158      -1.327912      -5.748648       8.632848     -90.006134     -31.405863      89.985504      71.864510      79.514763    -154.117447      89.085869      37.423187      89.744171      -7.008851      -9.938100      10.703131    -131.510834      87.656807     -63.445347       0.086098      -1.384403     -21.305737      34.317184      83.300072    -133.913513     -89.038795     -22.370855      89.805374       2.414093      -1.936914       1.524082    -156.399429     -88.237564      13.286046      -4.520797       4.343246     -23.767651
      -0.592370      35.954300       0.878664     -11.461292       8.303114       5.575364     -67.529350     -75.222488       7.596591     -10.894862     -14.362838      -0.618248       2.474191       5.140441      -9.519934      -2.225360      -6.405993      -9.754890      -1.329216       4.507876      26.597416      98.425797      -1.042379     -82.449471      -1.574640     -51.841858      74.544579      -0.043389      43.204842       0.016129      -8.700796      -0.159024      -2.291432       2.991378       9.700543     -20.140509     -90.007195     -27.191166      89.996277    -100.181519      -0.933269     -89.275391     -22.085806     -39.205177      47.694000       0.116518     -68.303062       0.075913      35.570663      -1.301536      -2.073220      -1.382048      -5.163936       8.130872     -90.006081     -30.941286      89.985191      72.240677      80.595421    -153.643478      88.990723      34.731739      89.742500      -5.594220      -9.642333      10.168297    -121.420685      87.860474     -73.590454       0.078868      -1.311315     -21.177994      30.680666      84.342628    -129.313934     -88.792847     -20.393082      89.759499       2.863865      -1.660137       1.170201    -159.777618     -88.024750      10.278248      -4.498813       4.289851     -23.456360
      -0.615190      36.177425       0.949717     -10.976058       7.640105       4.694440     -66.809921     -76.364418       8.632008     -10.893211     -13.941198      -0.412090       2.479948       4.928748      -9.309540      -2.152548      -5.969466      -7.746102      -1.309185       4.480778      26.184982      98.754089      -0.888370     -81.950081      -0.962997     -51.527649      75.651115      -0.043713      43.078579       0.016494      -8.691974      -0.159833      -2.291238       2.961697       9.412906     -20.040520     -90.007698     -26.797159      89.996658    -100.009079      -0.721961     -87.673080     -22.258587     -38.922855      48.191124       0.115922     -68.127937       0.076220      35.566082      -1.301371      -2.073054      -1.408825      -4.648966       7.746339     -90.005959     -30.484493      89.985405      72.728310      81.454002    -153.449478      88.938515      32.281521      89.749680      -4.288111      -9.333552       9.697132    -116.113022      87.934311     -78.881622       0.071324      -1.271420     -21.022232      25.192217      85.279022    -122.991478     -88.834259     -18.575226      89.774078       3.346889      -1.459795       0.877084    -161.848251     -87.893738       8.332976      -4.469309       4.267955     -23.182501
      -0.623030      36.364605       1.011579     -10.492980       6.981220       3.921645     -65.990028     -77.458405       9.798476     -10.895173     -13.525512      -0.190256       2.483056       4.739716      -9.104966      -2.099483      -5.572114      -5.930465      -1.283093       4.432251      25.614700      98.919373      -0.708715     -82.070778       0.312901     -51.093941      77.597885      -0.044112      42.926926       0.017346      -8.694324      -0.160046      -2.290837       2.864420       8.919552     -19.764748     -90.008209     -26.409763      89.996948     -99.944000      -0.528779     -86.194839     -22.377642     -38.740238      48.705841       0.115218     -67.983055       0.076446      35.564728      -1.301426      -2.072810      -1.419687      -4.191318       7.456437     -90.005714     -30.035347      89.986023      73.225655      82.121246    -153.382538      88.928436      30.060345      89.762581      -3.114371      -9.026930       9.289703    -113.986404      87.962540     -80.981293       0.063642      -1.259797     -20.858089      18.737459      86.054199    -115.822113     -88.853523     -16.921684      89.781952       3.817162      -1.188324       0.559249    -161.742996     -88.011055       8.872626      -4.437830       4.244796     -23.008221
      -1.480320      36.261475       0.947774     -11.557007       6.905897       6.153397     -64.395485     -79.446388      12.004115     -11.022470     -13.055143      -0.304603       2.329695       8.408705      -9.890927      -1.681231      -1.492395      -5.428553      -1.705858       6.632082      24.779282     100.374153       0.364883     -82.252495       7.754653     -50.664196      86.879532      -0.021571      43.755123       0.007803      -8.687496      -0.158632      -2.290789       3.160204       9.484461     -21.284994     -90.017944     -25.460093      89.997864    -100.189499      -0.452279     -90.174538     -23.073092     -38.289040      47.865608       0.123468     -68.321884       0.083296      35.834377      -1.312721      -2.062239      -0.531094      -4.691335       8.770475     -89.989426     -28.934740      90.001770      75.527565      81.603546    -153.882919      88.931549      28.556774      89.759056      -4.639861      -9.600542       8.134994     -98.660904      88.226158     -96.366211       0.036751      -1.330603     -20.506714      26.506781      86.151955    -122.141968     -89.865219     -15.579227      89.994583       3.954202      -1.075814       0.462146    -167.706711     -86.867691       3.667313      -4.372832       4.152050     -22.755224
      -2.462966      36.229298       0.858274     -11.865053       8.013586       6.778033     -63.845303     -80.716454      13.153811     -11.193464     -13.601783      -0.235231       2.170354       8.872015     -10.020473      -1.481597       0.415910      -5.107821      -1.889584       7.744594      24.567717      99.917259       0.364463     -82.186882       8.808291     -50.054821      88.423164      -0.031834      43.651390       0.019616      -8.694557      -0.162407      -2.287421       2.986242       9.050303     -20.434050     -90.024895     -23.981232      89.997559    -100.439995      -0.494517     -90.513725     -23.156876     -38.217140      47.408916       0.118092     -68.365646       0.078515      35.819397      -1.311176      -2.065876      -0.564968      -4.430196       8.424440     -89.982414     -27.220165      90.011078      73.427223      83.191933    -150.820541      89.510666      27.185835      89.892342      -5.572899     -11.478264       6.356403    -101.250198      88.308746     -93.799080       0.036811      -1.310941     -20.227287      14.707805      86.824707    -109.862747     -89.357033     -14.277233      89.897308       4.022244       0.691501      -1.066115    -168.933029     -86.718224       2.795122      -4.241176       4.104267     -22.372986
      -3.437426      36.127899       0.506674     -10.775394      10.094019       7.563151     -63.703144     -81.394127      13.900255     -11.294668     -13.637279       0.484888       1.971331       8.381485      -9.466813      -1.445640       0.936840      -4.587323      -1.879146       7.903198      24.357622      99.344292       0.263988     -82.129112       9.234100     -49.958878      88.842873      -0.037969      43.596107       0.023253      -8.705029      -0.162396      -2.287085       2.832682       8.708556     -19.673090     -90.031448     -21.451853      89.990730    -101.162460      -0.562572     -90.392853     -19.669043     -37.901951      49.693546      -0.065155     -62.695599      -0.097134      34.947620      -1.290396      -2.086541      -0.559923      -4.457084       8.429538     -89.972885     -25.625132      90.010078      93.336670      85.479660    -172.855164      90.977425      28.431952      90.220238      -7.129498     -12.951892       4.321267     -68.043938      88.201385    -126.920692       0.045428      -0.971291     -19.868685      30.787392      89.282127    -131.253952     -88.357735     -20.270384      89.613480       6.457152       2.305585      -2.571458    -168.655823     -86.735313       3.271615      -4.086353       4.021934     -21.978508
      -4.363151      36.062027       0.131502      -8.774952      14.167037       8.461819     -64.254219     -81.961990      14.283072     -11.442270     -13.617780       1.576485       1.662592       7.863932      -8.763530      -1.415805       1.184991      -2.363165      -1.625127       7.050810      23.258249      96.552864      -0.360001     -81.622849      11.289641     -41.617653      87.944069       0.260161      48.888680      -0.530347      -9.905116      -0.069258      -2.333558       2.563412       7.900796     -19.421862     -90.002312     -19.032669      89.942062    -101.352112      -0.248983     -89.908966     -10.145164     -36.625580      56.416454      -0.601222     -50.418633      -0.877956      27.473711      -1.193868      -2.343770      -0.511136      -4.707926       8.825685     -89.909325     -22.547209      90.025810      91.088249      86.638786    -171.952835      91.269157      26.392799      90.246071      -9.730948     -12.113636       3.107733     -41.478893      87.865913    -153.107422       0.053671      -0.903966     -19.511782      18.412918      89.285172    -126.272285     -88.615837     -27.002327      89.556206       8.874297       1.941581      -2.411509    -168.542587     -86.865501       3.387923      -3.955705       3.889421     -21.576170
      -5.263690      36.073719      -0.241544      -6.775851      17.037319       9.042965     -64.593369     -82.524460      14.825848     -11.571471     -13.467949       2.695446       1.323586       7.809670      -7.736947      -1.414290       1.171985      -0.681310      -1.380791       6.196841      21.906431      95.237846      -1.060606     -81.879555       7.419688     -31.004166      82.712700      -0.191597      42.825455       0.242784     -11.903152       0.096226      -2.268234       3.161348       2.758929     -14.201031     -90.076797     -16.505550      89.867317    -100.900986      -0.271504     -87.035103      -4.930806     -31.496773      59.601906      -0.596574     -43.272072      -0.964878      24.408623      -1.014842      -2.413573      -1.194908      -0.454396       1.482741     -89.883476     -19.711071      89.959587      91.582359      87.526199    -174.010910      91.190460      24.344883      90.209312     -12.131015     -11.233543       2.098130     -28.301466      87.567284    -165.943237       0.054104      -0.921402     -19.168146       6.058558      89.425804    -120.659103     -88.861488     -32.891605      89.568909      11.090213       1.701540      -2.286692    -168.251007     -87.077744       3.634625      -3.835305       3.731594     -21.191002
      -6.122250      36.100216      -0.599488      -4.596628      17.380787       9.296389     -63.929005     -82.962585      16.325691     -11.460003     -13.314754       3.749892       1.278653       7.546179      -6.963521      -1.410276       1.406639       0.916368      -1.221790       5.683794      20.534588      94.634514      -1.391159     -82.231560       3.191178     -19.305710      76.091675      -0.224914      36.944595       0.462753     -12.183619       0.080135      -2.277820       1.242618      -4.596087      -6.873143     -90.112381     -14.591997      89.836205    -101.165604      -0.345907     -86.200768      -4.189494     -21.954073      63.741661      -0.329421     -46.793034      -0.470779      20.182896      -0.723298      -2.394802      -1.204589       4.315551     -10.092129     -89.893578     -17.129379      89.921814      92.229317      87.818718    -176.497055      91.099854      22.387604      90.200592     -14.327771     -10.381318       1.239873     -19.654552      87.391579    -174.360306       0.050583      -0.957260     -18.830631     -67.251495      89.388153     -53.251633     -88.995705     -38.141941      89.637810      13.166822       1.515250      -2.205447    -167.685608     -87.350647       4.073644      -3.724844       3.551386     -20.834103
      -6.935995      36.143826      -0.956078      -2.375070      16.240828       9.650313     -62.244076     -83.275864      18.865957     -11.134488     -13.060628       4.761530       1.495898       7.349267      -6.448821      -1.421668       1.788841       2.172708      -1.107715       5.385670      19.032827      95.818054      -1.443242     -82.143433       0.723194     -11.049905      70.106766      -0.154870      31.293581       0.500542     -12.235593       0.057728      -2.280381       1.563734      -8.871068       3.021421     -90.115845     -12.839572      89.827637    -100.927345      -0.148845     -85.871178      -4.474908     -15.411268      67.079216      -0.175271     -48.880981      -0.232641      17.834448      -0.521372      -2.379579      -0.493695       5.042738     -20.655016     -89.918831     -14.762489      89.910500      91.310371      87.690140    -177.496796      90.781738      20.527287      90.151604     -16.266714      -9.476098       0.547341     -13.876245      87.602333    -180.215576       0.048703      -0.953225     -18.502464     -95.885727      88.675926     -29.830408     -89.010284     -42.832134      89.703362      15.054354       1.328336      -2.128954    -167.179276     -87.562675       4.438444      -3.617550       3.400041     -20.486536
      -7.732307      36.243835      -1.263884      -0.309908      14.964878      10.100839     -60.301643     -83.547638      21.689451     -10.827330     -12.824923       5.668890       1.744881       7.180603      -6.119491      -1.453257       2.308236       3.190815      -1.029395       5.265164      17.507164      97.030251      -1.407979     -82.069275      -0.654872      -5.628601      65.218147      -0.070663      26.105745       0.437203     -12.231935       0.042438      -2.281263       2.829098     -10.290168      13.206123     -90.101822     -11.234296      89.846054    -101.200699       0.178003     -85.804817      -5.171977     -11.254256      69.850601      -0.088859     -49.713650      -0.121152      16.523594      -0.386171      -2.364752       0.163704       4.516382     -30.279427     -89.935532     -12.594070      89.923180      90.771774      87.567169    -178.841721      90.344414      18.980015      90.074203     -16.895309      -8.455150       0.245955     -12.020482      87.819916    -181.903778       0.046222      -0.933305     -18.230618    -103.016548      87.923851     -27.340271     -88.996140     -47.004490      89.736084      16.760664       1.137499      -2.044451    -166.860367     -87.702248       4.622577      -3.510628       3.283600     -20.142378
      -8.515598      36.372417      -1.526389       1.658624      13.759816      10.739051     -58.486317     -83.716415      24.409269     -10.553919     -12.537766       6.519037       2.003362       6.939537      -5.880948      -1.502007       2.986608       4.033043      -0.978192       5.298455      16.017548      98.151131      -1.308733     -82.101784      -1.390239      -2.276720      61.183067      -0.009289      21.422016       0.347958     -12.236562       0.034473      -2.281334       3.871621     -10.398567      21.696899     -90.084084      -9.764887      89.878571    -101.981018       0.417048     -85.907425      -5.964750      -8.487106      72.374283      -0.035656     -49.414959      -0.064594      15.777401      -0.301356      -2.356204       0.062918       3.754681     -31.794176     -89.945770     -10.606102      89.949364      90.253212      87.382912    -180.103973      89.883858      17.528574      89.989891     -17.279919      -7.465745       0.086154     -11.259134      87.961777    -182.344391       0.044450      -0.917088     -17.930683    -106.315857      87.361839     -28.288717     -88.998299     -50.746887      89.747871      18.315720       0.961466      -1.959404    -166.553940     -87.826187       4.787293      -3.406157       3.175573     -19.805067
      -9.130633      36.582493      -1.571057       1.034400      12.123389      13.663457     -58.480686     -83.375015      24.487698     -10.560387     -11.336374       6.246062       2.200094       7.218040      -6.188403      -1.565561       3.781459       4.598097      -0.937829       5.435053      14.521894      99.243752      -1.146908     -82.202301      -1.880083      -0.221891      57.848137       0.028541      17.203863       0.261688     -12.251762       0.030708      -2.282123       4.482563     -10.208293      27.509813     -90.067238      -8.420378      89.913086    -103.587463       0.602317     -86.356651      -6.744361      -7.110649      74.780594       0.008716     -48.292534      -0.011609      15.374551      -0.246405      -2.342597       0.311822       5.316833     -29.043449     -89.938225      -8.787080      89.982117      86.778145      85.436600    -175.687302      89.100914      16.379879      89.836761     -17.559200      -6.536156      -0.031835     -11.297169      88.103447    -181.964462       0.045870      -0.894672     -17.642431     -90.794357      88.667648     -43.354992     -89.520988     -52.173336      89.913795      17.411335       0.956299      -1.922122    -165.196014     -88.281761       6.571495      -3.302613       3.032306     -19.576700
      -9.546307      36.834034      -1.473110       0.131049      10.953066      17.422871     -59.057434     -83.055626      24.239899     -10.670042      -9.948268       6.082463       2.289379       8.080732      -6.756439      -1.635834       4.703754       5.016341      -0.905931       5.657104      13.082615     100.072754      -0.988472     -82.371025      -1.973191       0.692267      54.826080       0.048125      13.593467       0.189087     -12.259636       0.029083      -2.282987       4.833268      -9.911024      30.903532     -90.052086      -7.190421      89.942268    -105.784058       0.637236     -86.989731      -7.378528      -6.717574      77.332939       0.045710     -46.337742       0.037282      15.142275      -0.211924      -2.330701       0.505911       6.764629     -27.055126     -89.937508      -7.123008      90.006531      85.232430      82.357185    -172.745300      88.683662      15.450170      89.750656     -17.802181      -5.725718      -0.215368     -10.993189      88.259804    -181.922546       0.045295      -0.878465     -17.352474      44.111019      87.282814    -176.841171     -90.280647     -54.511471      90.205551      16.500835       0.959825      -1.882792    -162.612442     -88.785439       9.812448      -3.211668       2.861305     -19.262751
      -9.993197      37.055695      -1.353706      -0.225404      10.148293      20.583971     -60.336613     -82.700119      23.312220     -10.843189      -8.952082       6.289834       2.215519       7.943385      -6.322610      -1.682440       5.948734       5.068065      -0.884977       6.063204      11.588857     100.696594      -0.840039     -82.922585      -1.684342       0.986869      52.393044       0.048301      10.681458       0.129134     -12.234468       0.027528      -2.282938       5.231536     -10.567630      31.571396     -90.039886      -6.065403      89.966202    -107.715843       0.474119     -87.755653      -7.602101      -6.822320      79.925514       0.055509     -44.199329       0.064595      15.056862      -0.201300      -2.314233       0.674818       8.174158     -25.426994     -89.945885      -5.600694      90.020889      84.986023      79.717461    -171.620453      88.732758      14.538635      89.757637     -17.995861      -4.924512      -0.317169     -11.616009      88.447998    -180.865387       0.043589      -0.860222     -17.060036      53.615253      82.858788    -185.004074     -90.878342     -56.866077      90.473991      15.646162       0.963739      -1.844575    -156.621552     -89.258476      16.362627      -3.124657       2.698971     -18.953508
     -10.439309      37.242886      -1.192708      -0.017585       9.531557      23.280500     -61.342476     -82.369987      22.889202     -10.917336      -8.226602       6.857247       2.192769       7.626419      -5.703512      -1.765023       6.935558       5.276897      -0.851911       6.294667      10.304530     101.064972      -0.690414     -83.708733      -1.474931       0.999572      50.864361       0.038387       8.442238       0.083220     -12.242872       0.028369      -2.285092       5.347829     -11.299356      30.925016     -90.027771      -5.036239      89.983208    -109.560616       0.248292     -89.548683      -7.185449      -7.880822      82.815842       0.056444     -41.759880       0.093102      14.965302      -0.186278      -2.308748       0.791251       9.168817     -24.428343     -89.960091      -4.207798      90.030052      84.855385      77.457321    -171.084244      88.766159      13.614146      89.763420     -18.164167      -4.186310      -0.366081     -13.063582      88.605179    -178.983215       0.042454      -0.841682     -16.770994      56.582516      77.251595    -186.595398     -90.858971     -59.130005      90.494637      14.829659       0.967435      -1.804911    -132.733612     -89.687668      40.806042      -3.043107       2.527211     -18.645796
     -10.884574      37.362949      -0.988697       0.674405       8.930203      25.597755     -62.182556     -82.088486      22.784666     -10.963299      -7.676746       7.685690       2.163796       7.128991      -4.882704      -1.874670       7.888607       5.466716      -0.818921       6.508985       9.117420     101.198036      -0.545490     -85.533882      -1.031077       0.809861      50.564125       0.028162       6.854892       0.051597     -12.256704       0.029826      -2.287198       5.284152     -11.504580      30.235321     -90.016418      -4.094785      89.994446    -110.810272       0.071182     -91.581856      -6.324020      -9.738400      86.451401       0.059310     -39.274529       0.114271      14.888568      -0.175334      -2.303491       0.874103      10.038770     -23.586283     -89.971375      -2.933547      90.034988      84.718338      75.507362    -170.956146      88.787071      12.725612      89.767479     -18.331507      -3.491585      -0.383734     -15.882426      88.799744    -175.744781       0.041187      -0.825877     -16.485741      58.038521      71.003212    -186.852264     -90.841331     -61.373978      90.515846      14.040814       0.966634      -1.764143     -47.512527     -89.759598     126.626328      -2.962373       2.380629     -18.325640
     -11.349752      37.403893      -0.743462       1.746535       8.459038      27.594027     -62.747841     -81.907829      23.058229     -11.000791      -7.184977       8.748202       2.126339       6.553876      -3.876208      -2.014254       8.870833       5.546729      -0.786378       6.770945       7.949550     101.053596      -0.424321     -87.763512      -0.399515       0.382569      50.783039       0.019740       5.900606       0.031265     -12.269426       0.031633      -2.289481       5.157195     -11.364523      29.757221     -90.007141      -3.233550      90.002007    -111.810272      -0.147000     -93.698708      -5.278354     -11.755215      90.712433       0.060592     -37.251385       0.119190      14.844943      -0.168947      -2.299566       0.949875      10.779037     -23.008812     -89.980858      -1.767817      90.035355      84.465942      73.900314    -171.056671      88.801445      11.891384      89.770531     -18.518372      -2.859353      -0.408386     -19.587368      89.005981    -171.663315       0.040045      -0.808245     -16.204250      58.899544      64.145790    -186.812607     -90.826096     -63.581017      90.537468      13.277815       0.964728      -1.722783     -14.432097     -89.475929     160.369507      -2.884529       2.242660     -17.993786
     -11.821568      37.397129      -0.416320       2.022137       6.845600      31.174377     -64.375198     -81.023407      21.524044     -11.085359      -5.534302       9.297809       2.166086       5.475562      -2.468564      -2.150123      10.142119       5.376620      -0.754749       7.230461       6.721153     100.719597      -0.316979     -90.072678       0.318231      -0.038405      51.294914       0.012906       5.297159       0.016916     -12.270112       0.032132      -2.291809       4.945409     -10.792096      29.061943     -89.999283      -2.445705      90.007980    -112.746674       0.024266     -96.023338      -4.150906     -16.007376      93.954391       0.063294     -36.412613       0.145163      14.978141      -0.166322      -2.269876       1.088722      11.468605     -22.701906     -89.991234      -0.701800      90.042374      84.989182      70.028656    -170.131973      88.805550      11.108785      89.777214     -19.290567      -1.968697       0.006253     -54.484547      89.690704    -136.402710       0.032478      -0.886933     -15.880519      59.261173      55.697624    -186.386032     -89.427429     -64.865135      89.641487      12.523339       0.650232      -1.510416    -173.779266     -89.648575       2.072082      -2.829123       2.155061     -17.614305
     -12.263552      37.421402       0.116365       1.957545       1.721929      35.961563     -65.324371     -79.704872      19.978222     -10.986410      -3.513767       9.113226       2.475673       4.611707      -1.357224      -2.279153      11.656407       5.074708      -0.720807       7.849180       5.513625     100.377602      -0.176327     -92.262825       0.172605       0.741384      51.910412       0.008636       4.747610       0.001910     -12.263768       0.031502      -2.294960       4.572020      -9.419992      28.383566     -89.990715      -1.725100      90.013977    -112.765991       0.540401     -96.370361      -2.177144     -22.493200      94.073418       0.058648     -36.128773       0.148115      15.063354      -0.162462      -2.248609       1.440180      11.766890     -23.278748     -90.006432       0.272809      90.057030      85.494400      64.338524    -168.128922      88.815720      10.290755      89.794006     -20.555952      -1.462593       0.229692    -158.113312      89.593750     -32.758511       0.027833      -0.948340     -15.600370      59.580818      49.324799    -186.483917     -89.667915     -65.754692      89.893852      11.835814       0.405091      -1.338314    -176.581650     -88.796410      -0.038238      -2.733921       2.241891     -17.258581
     -12.671138      37.504803       0.710525       3.356310      -3.640967      41.398422     -65.889885     -78.576225      19.580538     -10.808838      -1.587857       9.503623       2.804602       5.210881      -1.355016      -2.485365      12.963618       5.174994      -0.693682       8.301472       4.667656      99.675781      -0.029189     -94.183105      -0.325457       1.221571      52.088631       0.005133       4.498172      -0.004231     -12.319592       0.035301      -2.297366       3.682721      -6.827447      28.966948     -89.984474      -1.066025      90.020370    -113.663788       0.501085     -98.319931      -0.089308     -25.656542      94.356071       0.046049     -35.469326       0.136038      16.258923      -0.243620      -2.259280       1.714551      11.037817     -24.484875     -90.019989       1.164505      90.059433      85.218079      57.943165    -167.432770      88.817612       9.372395      89.807152     -21.490784      -0.865114       0.492947    -170.120743      89.282829     -20.771828       0.025951      -0.904260     -15.347087      58.478897      44.067776    -188.098541     -90.924965     -66.391647      90.888519      11.184122       0.162892      -1.156076    -178.319016     -88.240166      -0.980449      -2.653434       2.250986     -16.910778
     -13.081481      37.600304       1.324485       4.888816      -7.670626      46.960087     -66.610703     -77.954147      19.296825     -10.980957       0.029450       9.969340       2.726343       6.669552      -1.402636      -2.683554      14.443171       5.224896      -0.669914       8.807793       3.949519      98.637184       0.095988     -95.939774      -0.485478       1.061848      51.382042       0.000341       4.651923       0.002337     -12.349509       0.038641      -2.297287       2.996733      -4.821546      29.616196     -89.984474      -0.463054      90.024780    -114.139084       0.243745    -101.461418       1.607716     -26.812885      94.619164       0.034276     -34.527573       0.123427      17.040548      -0.288793      -2.267668       1.880340       9.560124     -26.504471     -90.026115       1.980434      90.053871      84.779755      52.100422    -167.200745      88.818321       8.541080      89.803513     -22.133581      -0.340889       0.526770    -174.418335      89.005341     -16.431938       0.025255      -0.822765     -15.096504      56.866795      37.985821    -190.929703     -90.962334     -66.886925      90.963921      10.578941      -0.007244      -0.982322    -180.409790     -88.377411      -2.351249      -2.587117       2.184798     -16.576780
     -13.523227      37.769978       1.916131       7.431666     -10.278467      52.342888     -67.497314     -77.519577      19.171406     -11.287511       1.115179      10.968279       2.486861       7.481164      -0.679063      -2.840046      16.281979       5.275314      -0.655651       9.466975       3.383799      97.378433       0.217995     -97.498878      -0.608268       0.949997      50.276272      -0.003553       5.207329       0.018638     -12.338449       0.040147      -2.295206       2.712049      -4.169848      27.939444     -89.987686       0.088472      90.026443    -114.072861       0.716111    -102.501991       3.735452     -29.312620      95.257896       0.016571     -34.927582       0.082532      16.149151      -0.222493      -2.255872       1.896170       7.667135     -29.473793     -90.032089       2.727365      90.050278      83.767303      47.026741    -167.844574      88.818840       7.639445      89.793823     -22.578695      -0.084345       0.267605    -178.099564      88.630737     -12.563784       0.023860      -0.784550     -14.846215      54.750500      32.339630    -194.257660     -91.254814     -63.604088      90.774902      10.030504      -0.073402      -0.866613    -179.794327     -89.211937      -1.227054      -2.513687       2.103590     -16.243727
     -14.037989      37.897373       2.457254      10.139738     -12.087698      56.652245     -67.880127     -77.477242      19.581633     -11.602703       1.450975      11.877853       2.246262       8.001515      -0.089052      -3.041902      17.873837       5.613581      -0.653805       9.879260       3.126642      96.069740       0.350806     -98.667572      -1.146194       1.181183      49.399151      -0.005897       5.917207       0.027482     -12.346957       0.042060      -2.295866       2.348691      -3.849760      25.016979     -89.991463       0.593211      90.025658    -113.815880       0.929094    -101.790398       7.185667     -33.204350      96.413033       0.009812     -35.440205       0.060365      15.554047      -0.184516      -2.251315       1.456020       5.031881     -31.618086     -90.040726       3.410737      90.043823      82.674133      43.400677    -168.748489      88.819359       6.790659      89.784325     -22.736839       0.110320      -0.008422    -179.408340      88.241966     -10.905642       0.019929      -0.756335     -14.597267      53.250484      27.663261    -196.736206     -91.485809     -55.146812      90.509224       9.478198      -0.106316      -0.779505     -10.543484     -89.747536     168.650909      -2.439142       2.003896     -15.921574
     -14.725693      37.870098       2.967379      12.456353     -14.235351      59.721550     -67.663475     -77.709381      20.217958     -11.897519       1.336237      12.161595       2.073231       8.191752       0.175292      -3.269929      19.348249       6.073594      -0.660388      10.155875       3.051820      94.853645       0.480331     -99.570320      -1.885147       1.688083      48.542057      -0.007795       6.747643       0.031411     -12.353283       0.043318      -2.297286       1.995334      -3.593495      22.735157     -89.995026       1.055030      90.023003    -113.355217       0.845333    -101.017021      11.327550     -37.023323      97.843430       0.008654     -35.803539       0.050799      15.216859      -0.167694      -2.251425       0.862788       2.350376     -32.451649     -90.044891       4.035918      90.035667      82.094627      41.318043    -169.436829      88.818016       6.027835      89.779312     -22.885103       0.366754      -0.176047    -180.059067      87.776657      -9.914096       0.015093      -0.749375     -14.350175      53.977947      24.519793    -197.483200     -91.643494     -41.452484      90.497505       8.928736      -0.169159      -0.660358      -8.331122     -89.220695     171.899597      -2.360498       1.952669     -15.582517
     -15.641615      37.606586       3.522094      14.129558     -16.850397      61.438290     -67.328697     -78.148865      20.796019     -12.293210       0.931597      11.839603       1.838208       7.984997       0.050167      -3.491893      20.790045       6.540359      -0.671324      10.377369       3.076239      93.763031       0.598686    -100.264153      -2.762660       2.468270      47.656666      -0.010576       7.820069       0.035149     -12.349196       0.044257      -2.298561       1.845518      -3.995043      21.364536     -89.998360       1.477494      90.019669    -112.970406       0.690120    -100.704811      16.117516     -40.951965      99.557571       0.009838     -36.174019       0.047336      15.079571      -0.164136      -2.248480       0.339875       0.020122     -32.504128     -90.044899       4.607811      90.028679      82.119202      40.878326    -169.485031      88.817307       5.439002      89.778145     -23.242277       0.658917      -0.277698    -181.257462      87.322182      -8.510622       0.010682      -0.728393     -14.097780      57.328613      22.024376    -195.875198     -91.796646     -23.743498      90.631477       8.352073      -0.265934      -0.499300      -9.896974     -89.163063     171.675247      -2.281845       1.914306     -15.257644
     -16.725437      37.042961       3.999480      16.124428     -18.982573      62.034790     -67.059593     -78.714775      21.521349     -12.741046       0.131995      11.734965       1.614763       7.545433      -0.211812      -3.708834      21.943453       7.112168      -0.698665      10.478143       3.354141      92.765320       0.706111    -100.814270      -3.728342       3.405449      46.742531      -0.016018       9.107142       0.038313     -12.343391       0.044970      -2.299518       1.858352      -5.048662      20.856667     -90.000908       1.863928      90.016174    -112.044556       0.485099    -100.776642      21.751007     -44.668518     101.679565       0.013745     -36.400448       0.046131      14.947777      -0.162302      -2.250556      -0.115667      -1.987194     -32.316875     -90.043877       5.130822      90.023071      82.311630      42.101955    -169.538132      88.816177       4.912588      89.780190     -24.128437       0.971342      -0.367846    -183.939667      86.858536      -5.922095       0.007732      -0.703163     -13.839445      59.103390      20.535881    -195.280746     -91.923485     -11.382545      90.652206       7.783293      -0.382800      -0.313552      -6.992589     -88.969757     175.739914      -2.211043       1.838731     -14.979506
     -17.948763      36.354362       4.434392      18.001650     -20.871716      61.684784     -66.585327     -79.484154      22.434462     -13.240501      -0.949356      11.614775       1.345065       6.934092      -0.414667      -3.887723      22.870476       7.679198      -0.739567      10.522397       3.822633      91.907364       0.792165    -101.121185      -5.086569       4.672084      45.079708      -0.025513      10.507629       0.039437     -12.339027       0.045438      -2.300643       2.158808      -7.332854      21.316936     -90.002853       2.217396      90.012886    -111.021339       0.229571     -99.833252      27.676472     -48.035816     104.029350       0.019429     -36.447350       0.051466      13.784278      -0.091567      -2.243824      -0.501010      -3.692655     -32.308224     -90.031113       5.207193      90.013374      82.852295      44.522224    -169.373062      88.815636       4.518363      89.783295     -25.154016       1.330164      -0.382340    -186.375504      86.351357      -3.702657       0.004978      -0.674899     -13.602165      59.310123      20.221853    -195.640854     -91.899879      -4.860534      90.611008       7.269305      -0.511336      -0.125922      -5.497370     -88.943871     177.518631      -2.143538       1.766931     -14.735302
     -19.299906      35.627777       4.829803      19.781986     -22.414375      61.106567     -66.013298     -80.289604      23.489164     -13.762050      -1.952963      11.559885       1.053338       6.611824      -0.561429      -4.026554      23.562120       8.284286      -0.790882      10.464691       4.462353      91.180420       0.856428    -101.268616      -6.518770       6.110878      43.410248      -0.034831      11.938369       0.038345     -12.336390       0.045484      -2.301514       2.558731      -9.972147      21.884779     -90.003731       2.540717      90.009743    -109.758194      -0.107124     -98.984573      33.684200     -50.751610     106.431427       0.027220     -35.967224       0.064073      13.119590      -0.059168      -2.247689      -0.840507      -5.104258     -32.809742     -90.022255       5.275917      90.006783      83.588570      47.387787    -169.150803      88.815483       4.239625      89.786087     -26.081789       1.675771      -0.356351    -188.296600      85.944443      -2.035866       0.002248      -0.663197     -13.372075      59.288052      20.422966    -195.884613     -91.785690       0.013230      90.571747       6.776185      -0.648447       0.056078      -5.978002     -89.416458     177.178802      -2.076570       1.735550     -14.489027
     -20.744379      34.868382       5.151565      21.686613     -23.701635      60.380703     -65.214653     -81.100723      24.752338     -14.268005      -2.890684      11.564574       0.777466       6.434449      -0.512630      -4.128236      24.036940       8.960038      -0.846020      10.277883       5.224867      90.587234       0.898351    -101.270111      -7.947826       7.658327      41.877857      -0.041759      13.292795       0.035567     -12.334420       0.044945      -2.302067       2.918321     -12.328468      22.310978     -90.003555       2.836482      90.006950    -108.322754      -0.445633     -98.288803      39.345589     -52.766342     108.666870       0.030464     -34.960110       0.075639      12.740392      -0.043449      -2.256231      -1.180781      -6.136110     -34.602928     -90.015968       5.338614      90.002380      84.310532      50.662613    -168.983582      88.816185       4.042546      89.789368     -26.818899       1.970886      -0.310824    -189.686508      85.571190      -0.813261      -0.000295      -0.647692     -13.148487      58.711071      21.500557    -196.528366     -91.639099       2.233612      90.542007       6.365417      -0.782894       0.226479     -13.603662     -89.897491     169.013428      -2.012011       1.700717     -14.285680
     -22.266916      34.091164       5.400161      23.781874     -24.751122      60.041344     -64.839996     -81.664322      25.613876     -14.769787      -3.500064      11.663019       0.534736       6.351674      -0.348145      -4.187598      24.295822       9.688237      -0.894032       9.924375       6.038148      90.127098       0.916170    -101.125038      -9.347985       9.281694      40.552277      -0.045671      14.515212       0.031057     -12.332686       0.044007      -2.302611       3.151368     -14.112132      22.575233     -90.002655       3.107028      90.004478    -106.761971      -0.731666     -97.764572      44.412323     -54.229450     110.619377       0.028842     -33.540825       0.080909      12.516866      -0.034309      -2.265242      -1.535116      -6.525740     -38.788670     -90.011459       5.395797      89.999496      84.946274      53.816208    -168.909424      88.817055       3.899106      89.792175     -27.330725       2.189935      -0.264153    -190.583572      85.157539      -0.005254      -0.001537      -0.638762     -12.928980      57.565960      23.211178    -197.707352     -91.520264       1.937832      90.520050       5.988503      -0.914930       0.386330    -180.200287     -89.569786       1.979073      -1.949078       1.678030     -14.084796
     -23.854948      33.290188       5.627168      26.090588     -25.582642      60.389130     -65.191826     -81.952354      25.825150     -15.280960      -3.694623      11.948645       0.299622       6.472647      -0.029727      -4.197948      24.354523      10.438875      -0.925693       9.399901       6.837250      89.787628       0.910874    -100.854561     -10.689275      10.966966      39.489094      -0.046952      15.575896       0.026594     -12.328650       0.042609      -2.302844       3.178297     -14.985847      22.660976     -90.001160       3.354502      90.002365    -104.985954      -0.938963     -97.316116      48.683128     -55.185040     112.184975       0.022652     -31.862099       0.077037      12.389865      -0.028518      -2.273707      -1.975994      -5.996831     -45.497089     -90.008141       5.448076      89.997643      85.293167      56.546043    -168.780594      88.818504       3.787862      89.794289     -27.656799       2.216057      -0.308812    -191.479767      84.913071       0.958881      -0.003574      -0.641761     -12.716308      56.633057      24.750122    -198.704895     -91.441223       1.767041      90.499458       5.630886      -1.034964       0.528499    -181.190598     -89.138031       0.863772      -1.887831       1.658559     -13.860834
     -25.490911      32.447906       5.824504      28.604620     -26.218151      61.250431     -66.051682     -82.041840      25.560621     -15.779653      -3.589522      12.391605       0.075338       6.745799       0.518077      -4.149857      24.214939      11.171955      -0.932104       8.694895       7.560315      89.611221       0.886443    -100.480911     -11.919798      12.599642      38.723274      -0.046253      16.486540       0.022678     -12.326477       0.041321      -2.302837       2.987170     -14.994555      22.439894     -89.999496       3.580871      90.000679    -103.001587      -1.072838     -96.876122      51.987381     -55.667278     113.279442       0.013436     -30.030466       0.063770      12.304021      -0.023785      -2.282263      -2.004301      -4.550845     -51.047596     -90.005722       5.496128      89.996101      85.341164      58.976887    -168.575424      88.873367       3.699630      89.805504     -27.788118       2.060018      -0.467097    -192.610352      84.842354       2.212233      -0.005302      -0.627583     -12.505337      55.881134      26.138821    -199.549713     -91.387192       1.672460      90.480614       5.296081      -1.141940       0.653501    -181.370148     -88.880630       0.595229      -1.828554       1.631370     -13.636909
     -27.061476      31.667711       5.964289      31.163151     -26.909027      61.666534     -65.393593     -82.503166      26.511482     -16.193293      -3.713705      12.604825      -0.136239       7.227529       1.375254      -4.057975      23.920532      11.969594      -0.914645       7.841423       8.231515      89.676132       0.854918    -100.051682     -13.014958      14.045541      38.292885      -0.043465      17.263388       0.019090     -12.333683       0.040685      -2.302488       2.676982     -14.822659      21.557592     -89.998589       3.787946      89.999527    -101.004547      -1.181590     -96.393875      54.255733     -55.764103     113.804840       0.005734     -28.004908       0.045923      12.250997      -0.019492      -2.289637      -1.455871      -2.700926     -53.279758     -90.003792       5.540179      89.994972      85.490990      61.791000    -168.549728      88.891052       3.717468      89.811089     -27.418650       2.005059      -0.471120    -192.586685      84.777473       2.624555      -0.007837      -0.619140     -12.306784      55.341862      27.451103    -200.319824     -91.378929       1.618318      90.468460       4.692379      -1.130768       0.683428    -180.984634     -89.531342       1.913945      -1.768429       1.590263     -13.393496
     -28.420918      31.130405       6.030299      33.242908     -27.927790      61.279644     -62.710194     -83.387352      28.903725     -16.597620      -4.182180      12.044081      -0.354610       7.738047       2.134965      -3.919853      23.551023      12.823629      -0.873385       6.907978       8.842999      89.980682       0.818999     -99.564499     -13.969605      15.248761      38.176842      -0.037843      17.912735       0.013779     -12.342091       0.040479      -2.302534       2.111162     -14.294820      19.535515     -89.998405       3.977422      89.998421     -99.456123      -1.209150     -95.874359      55.092197     -55.822094     113.134872       0.006625     -26.154020       0.030739      12.225657      -0.017006      -2.294360      -0.740277      -0.855066     -53.369377     -90.002296       5.580383      89.994316      85.804710      64.873230    -168.439194      88.964157       3.855280      89.827194     -26.513792       2.014970      -0.352180    -191.596954      84.835503       2.502079      -0.008497      -0.595964     -12.086040      54.934940      28.534636    -200.944214     -91.364548       1.588319      90.454575       4.109836      -1.117849       0.699824      -1.322434     -89.682732    -177.628357      -1.716959       1.492529     -13.111794
     -29.650509      30.740761       6.045539      35.239647     -28.889486      60.929871     -59.717052     -84.154366      31.521442     -17.017496      -4.548368      11.242753      -0.513692       8.065017       2.533349      -3.690907      22.998974      13.552934      -0.802709       5.865180       9.349482      90.474678       0.782721     -99.067497     -14.763025      16.262310      38.330505      -0.031884      18.483196       0.008273     -12.343451       0.040360      -2.302875       1.564800     -13.762749      17.353287     -89.998718       4.150782      89.997337     -98.159592      -1.172246     -95.372940      54.747219     -55.841335     111.460548       0.010331     -24.676601       0.018146      12.225283      -0.017052      -2.297276      -0.054806       0.884537     -52.528328     -90.001259       5.617127      89.994026      86.057610      67.677170    -168.343094      89.095261       3.960364      89.852631     -25.710270       1.971942      -0.282280    -190.850891      85.060051       2.585424      -0.009116      -0.598274     -11.840728      54.603397      29.525766    -201.438156     -91.337418       1.563948      90.437935       3.550084      -1.131683       0.722516       0.207239     -89.545372    -175.593170      -1.665131       1.434048     -12.866488
     -30.763647      30.517315       6.031005      37.253231     -29.637075      60.876144     -56.869427     -84.758881      33.972393     -17.452518      -4.740672      10.371861      -0.620574       8.265032       2.703493      -3.370837      22.291742      14.184754      -0.715070       4.777989       9.851160      91.132591       0.752927     -98.600136     -15.409286      17.095615      38.707230      -0.026799      18.995607       0.004554     -12.352500       0.040886      -2.301983       0.863620     -13.188416      12.036313     -89.999077       4.309103      89.996437     -96.958534      -1.110807     -94.886093      53.546085     -55.749130     109.060181       0.014072     -23.537239       0.008653      12.244620      -0.018751      -2.298902       0.113852       1.440783     -52.114246     -90.000771       5.650636      89.994011      85.972191      69.984886    -168.476364      89.221054       3.898801      89.876778     -25.265697       1.924171      -0.221753    -190.277603      85.282776       2.531031      -0.008848      -0.577981     -11.598188      54.368420      30.597773    -201.804749     -91.300011       1.527724      90.415176       3.001132      -1.166037       0.741889      36.814590     -89.937729    -138.349060      -1.613751       1.409820     -12.619041
     -31.768459      30.461439       6.004077      39.362053     -30.106258      61.104458     -53.972240     -85.273277      36.477310     -17.886013      -4.808864       9.513093      -0.694483       8.443228       2.826797      -2.954610      21.411516      14.703690      -0.614838       3.668214      10.402430      91.957611       0.731324     -98.159042     -15.922105      17.760853      39.228874      -0.022490      19.394226       0.001162     -12.344625       0.040729      -2.302500       0.237055     -12.602772       6.903169     -89.999504       4.454123      89.995689     -95.832855      -1.034310     -94.417572      51.715157     -55.574638     106.093895       0.016461     -22.713192       0.002174      12.254979      -0.020782      -2.300392       0.273940       1.970325     -51.556713     -90.000305       5.681347      89.993874      85.428650      71.730408    -168.972168      89.296257       3.706047      89.890366     -25.066494       1.842572      -0.233911    -190.041916      85.397453       2.630566      -0.009191      -0.577289     -11.379727      54.155300      31.848051    -202.171509     -91.266151       1.489392      90.390747       2.483953      -1.197661       0.749302     170.052811     -89.534622      -4.508276      -1.563376       1.397421     -12.374567
     -32.674015      30.551580       5.970159      41.607552     -30.360962      61.596642     -51.103874     -85.700485      38.949299     -18.306536      -4.770055       8.662553      -0.721837       8.572401       2.912911      -2.452795      20.385729      15.148161      -0.505866       2.570643      11.060031      92.928154       0.723669     -97.791649     -16.355404      18.332685      39.964073      -0.019261      19.718159      -0.000797     -12.338927       0.040874      -2.302675      -0.308605     -12.014167       2.023321     -89.999863       4.586809      89.995064     -94.787819      -0.963391     -94.025810      49.460468     -55.295647     102.701767       0.017967     -22.119621      -0.001514      12.267474      -0.023038      -2.301515       0.430146       2.502701     -50.765568     -89.999992       5.709450      89.993828      84.518295      73.065918    -169.775116      89.340858       3.448003      89.898125     -24.916893       1.758231      -0.256464    -189.853394      85.525162       2.749332      -0.009593      -0.573557     -11.172349      53.894131      33.413441    -202.639053     -91.238274       1.451088      90.365646       1.987694      -1.219588       0.741389     172.248703     -89.056381      -1.749290      -1.514772       1.385093     -12.135766
     -33.492393      30.768091       5.928181      44.206436     -30.540798      62.392166     -48.169975     -86.038811      41.477039     -18.676844      -4.660051       7.816371      -0.658738       8.584894       2.943631      -1.876397      19.241812      15.550636      -0.389176       1.511636      11.863331      94.027344       0.732529     -97.527069     -16.807636      18.937153      40.908997      -0.016964      19.996683      -0.001801     -12.335962       0.041435      -2.302628      -0.778300     -11.428346      -2.606316     -90.000099       4.708186      89.994553     -93.749046      -0.915271     -93.718712      47.018158     -54.920658      98.992393       0.018776     -21.743107      -0.003204      12.284370      -0.025633      -2.302487       0.579428       3.038812     -49.776600     -89.999802       5.735142      89.993889      83.316788      74.159950    -170.879044      89.356186       3.145475      89.900887     -24.789095       1.677193      -0.282993    -189.678314      85.653831       2.877989      -0.010103      -0.570274     -10.967773      53.544178      35.565887    -203.302704     -91.216408       1.407270      90.338066       1.497327      -1.221757       0.710836     172.628677     -88.642052      -0.861274      -1.468101       1.370878     -11.902464
     -34.254448      31.052441       5.885081      47.139454     -30.813572      63.251492     -44.750851     -86.331779      44.478859     -18.993004      -4.561040       6.913503      -0.493426       8.436449       2.850886      -1.224150      17.997650      15.874282      -0.263563       0.504332      12.804974      95.233986       0.757256     -97.389458     -17.327074      19.642048      42.016933      -0.015437      20.244806      -0.002093     -12.334025       0.042294      -2.302389      -1.177430     -10.850423      -6.993824     -90.000206       4.819231      89.994171     -92.724197      -0.889619     -93.510498      44.591183     -54.480270      95.091042       0.019083     -21.551167      -0.003808      12.302957      -0.028380      -2.303390       0.717673       3.577599     -48.574062     -89.999725       5.758648      89.994019      82.044464      75.375847    -172.178207      89.366096       2.818731      89.903252     -24.684141       1.602156      -0.310241    -189.524414      85.778267       3.018967      -0.011279      -0.567910     -10.767528      53.225426      38.211872    -204.079208     -91.204071       1.354384      90.309090       1.070143      -1.184954       0.657054     172.498688     -88.574524      -0.656552      -1.422079       1.346427     -11.678955
     -35.014023      31.331087       5.843841      50.331039     -31.436947      63.973103     -40.750004     -86.581825      48.020924     -19.260036      -4.487227       5.894994      -0.219928       8.093753       2.559239      -0.497563      16.668268      16.090918      -0.127922      -0.449876      13.878034      96.520844       0.794767     -97.387589     -17.951231      20.481199      43.258930      -0.014538      20.474812      -0.001977     -12.332582       0.043365      -2.302055      -1.511723     -10.285564     -11.147008     -90.000214       4.920783      89.993935     -91.705910      -0.873646     -93.378548      42.261295     -54.016312      91.048721       0.019048     -21.518497      -0.004073      12.320734      -0.031126      -2.304184       0.843170       4.111359     -47.251854     -89.999733       5.780146      89.994171      80.971558      76.977112    -173.524048      89.388725       2.512138      89.908501     -24.599287       1.542526      -0.326237    -189.364624      85.883949       3.136537      -0.013027      -0.569325     -10.573862      53.043205      41.349106    -204.875305     -91.197433       1.284761      90.278076       0.687930      -1.121480       0.582096     171.654999     -88.773186      -1.337888      -1.378257       1.305070     -11.469745
     -35.749283      31.615396       5.827916      53.691200     -32.610306      64.684135     -31.572119     -86.827179      55.966866     -19.281685      -4.390388       5.015945       0.091906       7.783504       2.521277      -0.051130      15.358514      16.338360       0.020977      -1.360579      14.725245      97.695496       0.835031     -97.360893     -18.628242      21.377146      44.387199      -0.014467      20.623322      -0.001203     -12.321431       0.043354      -2.302109      -1.766939      -9.782756     -14.576332     -90.000145       4.977412      89.994125     -91.082100      -1.072277     -93.357887      39.597630     -53.577114      86.860764       0.018771     -21.614115      -0.003763      12.352136      -0.035899      -2.304255       0.965485       4.457946     -46.000824     -89.999840       5.792126      89.994270      80.200310      78.755295    -174.850372      89.418144       2.259561      89.915009     -24.521948       1.499772      -0.326798    -189.091873      85.884430       3.091631      -0.011478      -0.591462     -10.384563      53.191372      44.921101    -205.578598     -91.195374       1.235633      90.256088       0.335767      -1.057114       0.506813     169.800293     -89.091896      -3.104029      -1.355256       1.221877     -11.289259
     -36.403255      31.920383       5.850884      57.281151     -34.354927      65.712585     -17.342396     -86.773560      67.510399     -18.939278      -4.309476       4.492157       0.462313       7.413134       3.163837       0.018789      14.406426      16.627483       0.119381      -2.045237      15.032680      98.763496       0.911260     -97.235344     -19.165648      22.056744      44.993523      -0.015334      20.611305       0.000335     -12.312940       0.042673      -2.302249      -1.918397      -9.500542     -16.387171     -90.000092       4.994780      89.994469     -90.685234      -1.438957     -93.848221      37.342033     -53.162342      83.858490       0.017831     -21.773846      -0.002933      12.377508      -0.040535      -2.303727       0.981916       4.306762     -45.050526     -89.999947       5.795793      89.994255      79.619377      80.388756    -176.116928      89.440094       2.038236      89.919861     -24.460295       1.466505      -0.321851    -188.715179      85.760330       2.875682      -0.009466      -0.667797     -10.218737      53.622772      48.770298    -206.248474     -91.195099       1.204434      90.242226       0.023332      -0.999973       0.439964     164.399368     -89.477943      -8.425363      -1.355576       1.080894     -11.136123
     -36.993881      32.245987       5.913221      61.318542     -36.467682      67.256645      -6.947586     -86.389725      74.464996     -18.468018      -4.169774       4.117706       0.960056       6.859046       3.969206       0.081520      13.756478      16.916462       0.193310      -2.508927      15.312364      99.945007       1.037629     -97.223770     -19.699989      22.691467      45.366646      -0.016244      20.541302       0.001730     -12.318033       0.042749      -2.302140      -2.045786      -9.387038     -17.544312     -90.000076       5.011818      89.994644     -90.178215      -1.760082     -94.595749      35.665123     -52.760372      81.625206       0.016835     -21.952534      -0.002390      12.389646      -0.043443      -2.303234       0.939704       4.024591     -44.418324     -90.000015       5.799401      89.994186      79.202637      81.901566    -177.457138      89.455841       1.829619      89.923561     -24.398445       1.438873      -0.315548    -188.331177      85.620087       2.666962      -0.008317      -0.757809     -10.053289      54.313820      52.862976    -206.995911     -91.195618       1.183869      90.233376      -0.284364      -0.940595       0.373939     137.165573     -89.823418     -35.620880      -1.355654       0.942514     -10.997359
     -37.529301      32.588932       6.020818      65.861183     -38.884686      69.423637      -1.769568     -85.824081      75.556404     -17.923359      -3.886023       3.843570       1.547496       6.225712       4.862543       0.140402      13.263479      17.233730       0.255975      -2.853930      15.614511     101.255440       1.199103     -97.313889     -20.284367      23.368263      45.613613      -0.016988      20.440689       0.002856     -12.329651       0.043232      -2.301996      -2.172381      -9.368272     -18.446552     -90.000076       5.028546      89.994759     -89.622978      -2.078250     -95.495201      34.264336     -52.368111      79.718445       0.016211     -22.107037      -0.002016      12.397495      -0.045359      -2.302906       0.892295       3.735117     -44.015980     -90.000053       5.802944      89.994125      78.974503      83.297379    -178.856171      89.475830       1.633653      89.927765     -24.336853       1.413465      -0.310770    -187.973587      85.479866       2.504299      -0.008303      -0.847962      -9.879780      55.353905      57.121914    -207.847595     -91.195923       1.169854      90.227669      -0.587504      -0.882388       0.310768      24.002752     -89.753380    -148.738159      -1.355277       0.808544     -10.859544
     -38.023605      32.937168       6.178654      70.964348     -41.470566      72.311104      -1.109701     -85.162590      71.680618     -17.354410      -3.373266       3.621322       2.183265       5.585609       5.774232       0.200288      12.837990      17.560349       0.313189      -3.144278      15.931548     102.678398       1.384235     -97.484245     -20.929358      24.106588      45.785519      -0.017535      20.325533       0.003716     -12.344676       0.043972      -2.301870      -2.302915      -9.397128     -19.248041     -90.000084       5.044986      89.994797     -89.074638      -2.412779     -96.541039      33.004097     -51.983818      77.945030       0.016079     -22.218029      -0.001592      12.404638      -0.046717      -2.302681       0.859251       3.487713     -43.759899     -90.000076       5.806430      89.994087      78.992828      84.583733    -180.361038      89.503487       1.449947      89.933052     -24.278391       1.388401      -0.308827    -187.660126      85.349640       2.397948      -0.009542      -0.930307      -9.701739      56.845879      61.436028    -208.865005     -91.232903       1.150202      90.230728      -0.882677      -0.827017       0.251155       8.822966     -89.460968    -163.865173      -1.353770       0.690625     -10.719447
     -38.490746      33.277950       6.392036      76.710022     -44.085365      75.987900      -3.433140     -84.413193      64.548195     -16.792158      -2.588120       3.424215       2.833555       5.002336       6.655264       0.267055      12.441550      17.865618       0.367863      -3.411055      16.245531     104.186554       1.582785     -97.725258     -21.628168      24.902004      45.903221      -0.017906      20.207909       0.004329     -12.361472       0.044856      -2.301765      -2.436978      -9.448414     -20.008623     -90.000092       5.061159      89.994812     -88.566376      -2.770737     -97.736397      31.822769     -51.610355      76.213173       0.016407     -22.277834      -0.000967      12.411852      -0.047715      -2.302514       0.844447       3.300967     -43.590115     -90.000092       5.809866      89.994057      79.441620      85.793137    -182.152405      89.537033       1.279364      89.939201     -24.223734       1.364776      -0.308029    -187.377914      85.225822       2.330980      -0.011668      -1.005722      -9.521256      58.936657      65.703377    -210.169556     -91.211914       1.106251      90.225029      -1.169486      -0.774026       0.194722       4.656031     -89.187561    -167.977921      -1.351578       0.579993     -10.579109
     -38.943817      33.600948       6.665113      83.193840     -46.589119      80.545036      -7.654261     -83.528175      55.375854     -16.258316      -1.506898       3.242934       3.469779       4.519705       7.481756       0.344835      12.063118      18.123789       0.420651      -3.664808      16.538254     105.748550       1.787505     -98.027863     -22.365694      25.739620      45.970005      -0.018112      20.098021       0.004723     -12.378989       0.045810      -2.301702      -2.572531      -9.507740     -20.752945     -90.000076       5.077058      89.994812     -88.118324      -3.154932     -99.077583      30.687780     -51.250309      74.471420       0.017112     -22.283634      -0.000075      12.419164      -0.048471      -2.302394       0.839241       3.166811     -43.457436     -90.000122       5.813251      89.994049      80.700981      86.934120    -184.612015      89.574333       1.122535      89.945808     -24.173061       1.343158      -0.307445    -187.116837      85.104843       2.290223      -0.014423      -1.076908      -9.339989      61.864597      69.850677    -211.984955     -91.202652       1.030243      90.222710      -1.449046      -0.723758       0.141237       2.843756     -88.965332    -169.734100      -1.347845       0.488424     -10.438320
     -39.405476      33.873093       7.009577      90.408737     -48.788403      85.862762     -11.574404     -82.596779      49.477112     -15.770340       1.052322      -1.070764       4.020983       4.051353       9.389906       0.410345      11.682033      18.483118       0.469736      -3.909268      16.896399     107.319267       2.037676     -98.307121     -23.162827      26.626415      45.889034      -0.018192      20.012117       0.004635     -12.401168       0.047126      -2.301728      -2.722745      -9.542287     -21.534843     -90.000084       5.092688      89.994789     -87.773476      -3.615578    -100.537407      29.586470     -50.941685      72.560455       0.018047     -22.240028       0.000840      12.427022      -0.049133      -2.302381       0.840893       3.057195     -43.348087     -90.000130       5.816568      89.994041      84.398247      88.078026    -189.240631      89.598030       1.029222      89.949150     -24.053633       1.344915      -0.292414    -186.529053      84.784134       2.114552      -0.017767      -1.056448      -9.236491      65.994728      73.784897    -214.696533     -91.198677       0.885325      90.222534      -1.737862      -0.673982       0.087442       1.919799     -88.845177    -170.639023      -1.340287       0.430286     -10.304694
     -39.912621      34.103615       7.431681      98.413597     -50.634659      92.057510     -15.273133     -81.609261      46.481838     -14.919501       4.817231      -8.825744       4.501364       3.873784      11.561055       0.447947      11.315839      19.134445       0.523911      -4.137040      17.460983     108.996078       2.368562     -98.681755     -24.041512      27.569181      45.572468      -0.018329      19.950407       0.004220     -12.436986       0.049315      -2.301842      -2.927829      -9.522778     -22.453743     -90.000122       5.108058      89.994766     -87.614044      -4.232265    -102.185143      28.524862     -50.701862      70.311996       0.019122     -22.165129       0.001545      12.444954      -0.050419      -2.302499       0.870423       2.941390     -43.324715     -90.000130       5.819824      89.994057      97.120827      89.072815    -202.064148      89.334824       1.005768      89.902794     -23.817619       1.377888      -0.259279    -185.492172      84.167130       1.875390      -0.020752      -1.016106      -9.097497      71.788315      77.408913    -217.998871     -91.197121       1.903777      90.197662      -2.075428      -0.612240       0.024757       1.171970     -88.654945    -171.061081      -1.336051       0.357486     -10.089011
     -40.370071      34.268204       7.878445     106.067352     -52.091484      96.864853     -15.613379     -81.063606      46.456497     -12.861238       6.747982     -13.686227       5.101501       4.484805      10.440252       0.332675      11.659413      19.256456       0.442937      -3.837630      17.830353     110.590523       2.658423     -99.841942     -24.604795      28.148527      44.856743      -0.019679      19.815313       0.006322     -12.516768       0.053778      -2.300696      -3.107384      -9.262064     -24.571472     -90.000076       5.153145      89.994026     -89.236145      -4.833081    -103.767380      26.823692     -50.168629      67.132935       0.021442     -22.035288       0.004552      12.532464      -0.055985      -2.301197       0.922018       2.818126     -44.403728     -90.000092       5.829284      89.994308     -72.732758      88.712967     -32.935745      89.025719       4.320353      89.773338     -23.898140       1.420162      -0.198794    -184.954620      83.646935       1.620701      -0.030006      -1.121436      -9.115315      73.193329      82.026604    -218.824432     -91.200302      -1.151924      90.260475      -2.231016      -0.554004      -0.041326      -0.080805     -88.351776    -173.095001      -1.328684       0.245345     -10.188985
     -40.881775      34.287960       8.419333     113.498535     -53.220551     100.519142     -13.569254     -80.734055      48.537502      -9.870812       6.416543     -15.033200       5.998975       5.279428       7.455785       2.162969      13.151056      14.905551       0.245184      -1.248177      14.768391     111.868225       2.645931    -100.528633     -23.250576      27.178087      43.193565      -0.003496      22.135050      -0.001320     -12.464672       0.045401      -2.301191      -3.176771      -8.744033     -27.786341     -90.001114       4.018818      90.009377     -92.143364      -4.735200    -103.781372      23.415781     -47.500416      62.994801       0.005870     -24.317417       0.020570      12.481874      -0.048878      -2.297434       0.902869       2.644689     -46.442928     -89.992744       4.637386      89.979469     -63.873108      85.542435     -43.430943      89.146439      10.962063      89.659981     -23.969416       1.443935      -0.154151    -184.741562      83.314125       1.448067      -0.039295      -1.341908      -9.116098      53.352642      87.217667    -200.024658     -90.990250      -7.605506      90.331024      -2.517399      -0.477004      -0.117251      -0.481796     -88.092247    -174.124100      -1.323861       0.131873     -10.333461
     -41.577297      34.287567       9.087697     121.884155     -53.638386     105.002892     -13.594362     -80.353966      48.606583      -7.490672       6.023589     -15.280260       6.523202       6.377617       3.814405       5.384868      12.946307      12.684453       0.444422      -0.262940      11.260055     111.917046       2.693042     -99.411140     -23.213081      27.313900      44.047161       0.055562      26.901943      -0.008150     -12.434545       0.050735      -2.300315      -3.212513      -8.197987     -30.913961     -90.000229       4.186468      90.004890     -92.641670      -4.403511    -102.342567      20.719360     -42.779549      60.535343      -0.034942     -28.467844       0.036471      12.434799      -0.049921      -2.298842       0.853802       2.322494     -48.401283     -89.994583       4.752191      89.983185     -59.235794      82.816490     -49.285625      89.317764      16.970163      89.598129     -23.885912       1.443144      -0.147546    -184.460342      83.050301       1.567135      -0.049934      -1.524798      -8.876052     -67.599922      87.030045     -79.712433     -90.534950     -13.782094      90.322556      -2.834179      -0.375477      -0.217573     -13.448505     -87.710732    -187.502319      -1.352746       0.031978     -10.120826
     -42.206959      34.360554       9.848199     130.861755     -53.487736     110.071815     -14.449689     -79.893990      47.882854      -5.314372       5.774521     -15.487548       7.061038       7.401188      -1.214763       7.979933      12.240759      12.119210       0.706530       0.047922       9.534175     111.690506       2.840166     -98.822220     -25.744026      30.368176      43.302765       0.048970      30.449974      -0.029916     -12.455564       0.060690      -2.303951      -3.230710      -7.801721     -33.743896     -89.998688       4.341852      90.001320     -92.733208      -4.341547    -101.600410      18.343988     -38.771465      54.927921      -0.019567     -31.327131      -0.000008      12.457550      -0.056746      -2.305884       0.847327       2.102441     -50.121227     -89.996315       4.859249      89.987740     -54.934723      80.319519     -54.740498      89.481606      22.356739      89.565918     -23.785559       1.417023      -0.171849    -184.239197      82.872543       1.849554      -0.064660      -1.666545      -8.519513     -83.605095      82.556190     -63.756382     -89.902824     -19.323423      90.246803      -3.018789      -0.260607      -0.324486     -25.728325     -86.790268    -200.371521      -1.353341      -0.007247      -9.839177
     -42.832485      34.422672      10.665751     139.628754     -52.791512     114.679993     -14.709813     -79.331123      47.713879      -3.049467       5.504167     -15.670865       7.715478       7.989871      -5.574554      10.170532      11.328598      11.912701       1.024113      -0.003662       8.469398     111.179077       2.962584     -98.427078     -29.355494      34.777637      42.363060       0.025242      32.893063      -0.037187     -12.456091       0.067080      -2.306638      -3.205015      -7.374067     -36.434879     -89.997253       4.484026      89.999519     -92.480232      -4.279312    -101.237999      16.698381     -35.567692      49.517918      -0.000633     -33.387463      -0.026090      12.458188      -0.062944      -2.308992       0.825389       1.886972     -51.734966     -89.998161       4.957286      89.990891     -51.574795      77.821754     -59.094475      89.726509      27.164835      89.579796     -23.733000       1.383981      -0.199019    -184.118362      82.851547       2.162136      -0.078391      -1.759980      -8.197377     -85.627548      78.239342     -61.180599     -89.014709     -24.105597      90.078651      -3.187020      -0.148657      -0.426212     -30.882591     -85.765678    -206.063065      -1.354058      -0.058377      -9.591538
     -43.474590      34.472767      11.506665     147.884308     -51.639278     118.670013     -14.583009     -78.672890      47.926437      -0.723922       5.302963     -15.805023       8.471035       8.352201      -9.337680      12.022029      10.298697      11.972381       1.419180      -0.386783       8.034797     110.577675       3.069681     -98.031464     -33.798885      39.946278      41.768780       0.003411      34.385571      -0.036981     -12.452754       0.070442      -2.308663      -3.152168      -6.942057     -38.979099     -89.996315       4.614128      89.998581     -92.035095      -4.226937    -101.031929      15.670969     -33.013729      43.951279       0.017778     -34.804920      -0.039111      12.461693      -0.068933      -2.310794       0.798212       1.690033     -53.227959     -89.999725       5.047039      89.993095     -48.790672      75.411087     -62.733028      89.979004      31.495707      89.621399     -23.705334       1.340850      -0.234084    -184.034851      82.838387       2.451478      -0.090089      -1.791434      -7.909175     -85.541679      74.051819     -60.124844     -88.588745     -28.109442      89.954216      -3.345454      -0.052663      -0.523639     -35.523815     -84.966515    -211.157394      -1.341155      -0.004656      -9.343274
     -44.119751      34.529995      12.329144     155.275406     -50.289989     121.721649     -13.960081     -77.995659      48.628193       1.578511       5.164937     -15.903303       9.335674       8.664456     -12.662770      13.589586       9.194578      12.257159       1.893353      -1.054210       8.049484     110.057396       3.154190     -97.570496     -38.863838      45.496143      41.507645      -0.011345      35.007751      -0.033055     -12.448837       0.070447      -2.309960      -3.081835      -6.519410     -41.384697     -89.995766       4.733169      89.997948     -91.553589      -4.173142    -100.805244      15.211866     -31.332382      36.878967       0.037190     -35.832336      -0.043593      12.482833      -0.075032      -2.312174       0.775916       1.539823     -54.598145     -90.001167       5.128997      89.994759     -46.655807      73.069656     -65.561218      90.279678      35.412151      89.697701     -23.694290       1.291661      -0.273668    -183.992233      82.855827       2.740854      -0.101211      -1.773675      -7.647423     -85.041328      69.993912     -58.989517     -88.720711     -31.336382      89.924080      -3.467571       0.041227      -0.617401     -39.106190     -84.214828    -215.180435      -1.324481       0.125430      -9.100300
     -44.739536      34.582336      13.055893     161.282867     -49.206924     123.200233     -12.689581     -77.402489      49.976475       3.727266       4.924822     -15.978252      10.191569       8.877288     -15.470232      14.919143       8.046968      12.740942       2.464510      -2.002989       8.407823     109.719589       3.210512     -97.075554     -44.397751      51.118011      41.622219      -0.018412      34.834141      -0.025219     -12.443845       0.067218      -2.310571      -3.002026      -6.120074     -43.661987     -89.995483       4.842052      89.997322     -91.100349      -4.088883    -100.408897      14.971665     -30.555052      26.685558       0.058438     -36.674286      -0.042758      12.512764      -0.080056      -2.312614       0.752208       1.418382     -55.852970     -90.002632       5.203914      89.995773     -45.518894      70.743408     -67.148491      90.764946      38.991856      89.847237     -23.716612       1.241628      -0.309288    -184.009415      82.934113       2.999429      -0.109640      -1.693955      -7.435100     -84.615807      66.205116     -57.637379     -88.818092     -33.965279      89.880409      -3.514743       0.220184      -0.746430     -34.378822     -82.019287    -211.255600      -1.289573       0.636244      -8.793491
     -45.340080      34.580631      13.688580     165.996414     -48.726303     123.147644     -11.589340     -76.891815      51.150990       5.545530       4.424460     -16.047392      10.806662       8.334804     -17.294930      16.064730       7.163133      13.197681       3.120770      -3.035556       8.908538     109.607140       3.235827     -96.626488     -50.312370      56.649143      42.165260      -0.016263      33.981449      -0.015316     -12.432087       0.061283      -2.310354      -2.912287      -5.736828     -45.789536     -89.995430       4.941598      89.996902     -90.677589      -3.939740     -99.830940      13.951241     -29.224350      15.379588       0.065483     -37.224937      -0.036043      12.497461      -0.079952      -2.310457       0.691552       1.221702     -57.077232     -90.003471       5.272547      89.995827     -44.843735      68.494804     -67.928688      91.409851      42.307808      90.074051     -23.758936       1.208743      -0.322986    -183.995361      82.992744       3.136255      -0.110738      -1.604542      -7.278502     -84.486984      62.569893     -56.059795     -88.890427     -36.241055      89.829460      -3.514660       0.490945      -0.919926     -32.758312     -80.179932    -211.580368      -1.128534      -0.151342      -8.993721
     -45.943878      34.495640      14.303550     170.238388     -48.436493     122.381294     -10.592478     -76.407455      52.235054       7.168364       3.853054     -16.078545      11.264507       7.439304     -18.243353      17.042007       6.445292      13.722344       3.834409      -4.119883       9.579720     109.711365       3.238821     -96.247520     -56.781487      61.847675      43.447609      -0.006183      32.588554      -0.005324     -12.416432       0.053554      -2.309877      -2.819058      -5.366332     -47.816044     -89.995651       5.032677      89.996536     -90.201607      -3.753718     -99.108269      12.412243     -26.333595       4.468173       0.077755     -38.070309      -0.031489      12.469603      -0.077346      -2.307816       0.621071       1.007509     -58.236076     -90.003799       5.335382      89.995743     -44.911236      66.322617     -67.865562      91.234634      45.352745      90.124359     -23.783791       1.202362      -0.304278    -183.853348      82.995560       3.148196      -0.100431      -1.519131      -7.129140     -84.409294      59.026188     -54.424953     -88.942680     -38.253365      89.787682      -3.498545       0.694423      -1.057647     -36.870644     -79.981552    -217.062424      -1.120074      -0.394478      -9.028940
     -46.571068      34.339859      14.939538     174.182281     -48.287529     121.121346      -9.173559     -75.956764      53.814884       8.717063       3.142862     -16.095448      11.718122       6.368441     -18.560747      17.885328       5.875707      14.166063       4.541423      -5.113369      10.306900     109.999290       3.231966     -95.999153     -63.809307      66.459923      45.873154       0.005863      30.842220       0.003352     -12.397795       0.045892      -2.309253      -2.725483      -5.019068     -49.755638     -89.995995       5.116021      89.996216     -90.045410      -3.575252     -98.456612      11.174012     -22.653595      -4.844805       0.059912     -38.049877      -0.019248      12.434522      -0.069760      -2.306195       0.551466       0.801330     -59.404690     -90.003578       5.392938      89.995583     -44.897518      64.447060     -67.801498      91.109138      48.122959      90.173409     -23.787327       1.209488      -0.284132    -183.642426      82.873276       3.139446      -0.096207      -1.561782      -6.961291     -84.146004      55.747231     -52.941135     -88.484741     -40.110760      89.626678      -3.512746       0.876871      -1.186249     -40.633450     -79.679634    -221.754761      -1.106913      -0.385333      -8.922489
     -47.225906      34.131916      15.609241     177.901077     -48.207630     119.640953      -7.620433     -75.512489      55.629681      10.186767       2.375668     -16.069815      12.175140       5.222565     -18.450096      18.611391       5.433915      14.588181       5.225204      -5.923497      10.935577     110.421074       3.224929     -95.882484     -71.759285      70.323868      50.007618       0.015743      28.858526       0.009508     -12.376454       0.039360      -2.308770      -2.627427      -4.678638     -51.593090     -89.996468       5.192282      89.996025     -90.181351      -3.431837     -98.041611      10.518637     -19.159929     -11.859927       0.019385     -36.662453      -0.004692      12.397938      -0.058721      -2.305627       0.488881       0.619967     -60.559654     -90.003075       5.445629      89.995384     -44.615303      62.920898     -68.020027      91.021500      50.636806      90.220711     -23.780027       1.216019      -0.267166    -183.439865      82.805450       3.179439      -0.092546      -1.631510      -6.773866     -84.203094      52.451698     -51.140709     -88.667259     -41.739635      89.629936      -3.487484       1.057410      -1.321698     -44.532234     -79.135017    -226.721085      -1.090887      -0.298153      -8.741301
     -48.012032      33.582710      16.271639     180.835342     -48.808094     119.255608      -6.860552     -75.109367      56.601269      11.340633       1.818680     -16.081575      12.427065       4.203577     -18.633953      19.233231       5.088175      14.999393       5.884398      -6.581982      11.465758     110.447639       3.209008     -95.645248     -79.299591      73.017067      54.721268       0.012466      27.813042       0.007962     -12.360935       0.038103      -2.308246      -2.519434      -4.340345     -53.273972     -89.996826       5.262060      89.995903     -90.457977      -3.310476     -97.784302      10.416838     -16.898613     -17.241262      -0.012955     -34.797852      -0.000978      12.813335      -0.067121      -2.304431       0.422121       0.478704     -59.694359     -90.004791       5.896324      89.997986     -40.629402      62.506969     -71.983765      90.790764      53.042728      90.211678     -23.882010       1.177821      -0.289822    -183.399445      82.870697       3.077777      -0.079123      -1.596713      -6.712982     -82.524689      51.416389     -51.760254     -88.844330     -44.392727      89.632660      -3.568399       1.173005      -1.399697     -46.182358     -78.970268    -228.290085      -1.058558      -0.416634      -8.641841
     -48.864159      32.859329      16.934542     183.778214     -49.304306     119.374374      -6.179336     -74.710304      57.618404      12.413353       1.351261     -16.047279      12.651389       3.331399     -18.690622      19.765730       4.928320      15.376132       6.510765      -7.027619      11.899553     110.504555       3.188356     -95.428062     -88.430038      75.035027      61.606659       0.010248      26.794287       0.005788     -12.350079       0.037210      -2.307897      -2.408496      -4.014322     -54.849072     -89.997238       5.325892      89.995872     -90.749130      -3.206135     -97.612122      10.542685     -14.981854     -21.158422      -0.030728     -32.769413      -0.003691      13.163041      -0.077987      -2.304274       0.363392       0.362348     -58.899063     -90.003807       6.309413      89.998756     -36.506557      62.138016     -76.225677      90.105225      55.124031      90.010757     -23.931458       1.108032      -0.355663    -183.439117      83.058769       3.183008      -0.074481      -1.502362      -6.627066     -80.204132      50.899261     -52.939228     -88.960434     -47.203297      89.635231      -3.698078       1.211674      -1.439313     -47.062695     -78.906342    -229.201416      -1.057609      -0.486274      -8.574142
     -49.763218      32.006142      17.581598     186.310883     -49.731575     119.432480      -5.258172     -74.288536      58.919628      13.517065       0.901144     -15.796264      12.978927       2.578596     -18.413414      20.218599       4.695625      15.740623       7.136117      -7.503469      12.391460     110.133553       3.152884     -95.009964     -95.937187      76.192245      67.666397       0.001597      26.552774       0.001304     -12.809695       0.063844      -2.312055      -2.244326      -3.737421     -54.288200     -89.994904       5.787017      89.997963     -91.023354      -3.081606     -97.305817      10.773150     -14.101826     -24.273907      -0.026548     -31.566563      -0.007242      13.465641      -0.093260      -2.302806       0.320694       0.306483     -58.110874     -90.002151       6.687294      89.998955     -32.556297      61.556820     -80.482414      89.345383      56.977470      89.722664     -23.971813       1.033955      -0.429019    -183.511688      83.286568       3.371679      -0.073111      -1.388072      -6.511018     -77.556282      50.440960     -54.433796     -89.033142     -49.834805      89.634583      -3.828561       1.236592      -1.474420     -47.841148     -78.804382    -230.182343      -1.050577      -0.432167      -8.504354
     -50.712284      31.070383      18.216543     188.243576     -50.283089     119.102097      -3.934688     -73.912704      60.688698      14.551950       0.358121     -15.253313      13.301566       1.930827     -17.860489      20.625185       4.420980      15.987759       7.761774      -8.014661      12.920448     109.858086       3.130191     -94.707451     -95.308235      76.112183      67.178177      -0.007004      26.954865      -0.003298     -13.193769       0.089737      -2.310385      -2.072082      -3.437484     -53.706268     -89.995468       6.226241      89.997459     -91.308067      -2.946330     -96.950439      11.016492     -14.429734     -26.687616      -0.017125     -30.832373      -0.010770      13.713714      -0.108861      -2.302921       0.275543       0.233782     -57.376274     -90.000053       7.032994      89.996902     -28.810909      60.856403     -84.511116      89.013695      58.651402      89.551178     -24.001602       0.951275      -0.521772    -183.665344      83.529152       3.671609      -0.081105      -1.293755      -6.385893     -74.678879      50.177883     -56.360802     -89.092239     -52.309967      89.627022      -3.910911       1.256908      -1.515703     -49.603992     -78.394913    -232.301010      -1.047321      -0.442877      -8.308921
     -51.691708      30.104893      18.856543     189.987518     -50.857510     118.503288      -2.580387     -73.591446      62.562622      15.439434      -0.187772     -14.596924      13.552030       1.318622     -17.353764      20.950945       4.283442      16.422258       8.387383      -8.425003      13.674776     109.404182       3.049484     -94.265915     -95.490738      75.952370      67.750267      -0.011633      26.751570      -0.000724     -13.532660       0.109094      -2.307125      -1.929457      -3.195395     -53.149746     -89.996666       6.628036      89.995880     -91.529579      -2.817441     -96.566795      11.320312     -14.821307     -28.587652      -0.007896     -30.242212      -0.012348      13.927512      -0.123192      -2.303219       0.234570       0.160620     -56.691795     -89.998230       7.349237      89.995117     -25.819984      60.050018     -87.667641      89.091736      60.197121      89.540497     -24.016630       0.874867      -0.602002    -183.831589      83.813004       4.018365      -0.086749      -1.155363      -6.239173     -71.801056      50.108707     -58.283363     -89.144913     -54.623322      89.611687      -3.980148       1.288855      -1.557091     -51.259060     -77.935287    -234.399628      -1.037519      -0.539056      -8.141003
     -52.692459      29.100279      19.504538     191.666931     -51.379608     117.759903      -1.234283     -73.296074      64.494675      16.233017      -0.696021     -13.829741      13.768406       0.765495     -16.800926      21.223133       4.155181      16.871952       9.016310      -8.819437      14.551767     108.951073       2.961919     -93.819733     -95.034096      75.583710      67.949074      -0.014734      26.479185       0.001532     -13.819036       0.125168      -2.304453      -1.799848      -2.977002     -52.630493     -89.997787       6.995577      89.994324     -91.745834      -2.692957     -96.186317      11.567476     -15.234889     -30.025013      -0.000778     -29.685350      -0.013288      14.106138      -0.135321      -2.303315       0.196649       0.094595     -56.049660     -89.996796       7.638532      89.993774     -23.856359      59.221741     -89.772881      89.150406      61.645046      89.528923     -24.036219       0.816928      -0.660905    -183.982681      84.062988       4.322360      -0.089631      -1.017947      -6.102018     -68.782799      50.208061     -60.251434     -89.074509     -56.739307      89.547226      -4.055143       1.319922      -1.595210     -52.639030     -77.504478    -236.214584      -1.031090      -0.622491      -7.987860
     -53.714954      28.045300      20.167509     193.415634     -51.799168     117.112160      -0.030487     -73.003357      66.328041      16.960527      -1.100440     -13.007536      13.963341       0.310918     -16.229046      21.451963       4.029334      17.315027       9.643966      -9.189245      15.489371     108.511345       2.870897     -93.384438     -93.927597      75.070816      67.688293      -0.016857      26.181772       0.003383     -14.060095       0.138620      -2.302376      -1.680350      -2.775300     -52.144531     -89.998711       7.331785      89.992989     -91.956154      -2.573626     -95.808876      11.781008     -15.644382     -31.034740       0.004802     -29.148474      -0.013890      14.256118      -0.145455      -2.303317       0.161976       0.035632     -55.447678     -89.995728       7.903162      89.992836     -22.527285      58.421341     -91.247185      89.196762      62.994431      89.514328     -24.063334       0.773465      -0.704175    -184.127960      84.272209       4.583650      -0.092327      -0.905423      -5.984651     -65.735962      50.340702     -62.184399     -89.162987     -58.678215      89.546387      -4.135842       1.347159      -1.628825     -53.800117     -77.108734    -237.703369      -1.022126      -0.661056      -7.831215
     -54.755882      26.931837      20.840544     195.104340     -52.187069     116.386780       1.198081     -72.732536      68.222328      17.614536      -1.474392     -12.119522      14.133368      -0.074532     -15.634988      21.645376       3.899409      17.736759      10.270901      -9.540529      16.479572     108.074783       2.777522     -92.958748     -92.188240      74.451263      66.929581      -0.018270      25.868549       0.004894     -14.262764       0.149853      -2.300843      -1.569891      -2.588265     -51.689724     -89.999390       7.639334      89.991882     -92.161934      -2.457099     -95.424896      11.959760     -16.054811     -31.682045       0.009266     -28.634531      -0.013952      14.382500      -0.153916      -2.303177       0.130567      -0.016599     -54.881943     -89.994965       8.145229      89.992233     -21.769361      57.660572     -92.119453      89.234032      64.253029      89.498650     -24.094715       0.743646      -0.731709    -184.252533      84.447464       4.794218      -0.093463      -0.806359      -5.885575     -62.639870      50.572666     -64.149094     -89.222054     -60.434410      89.536339      -4.222130       1.377316      -1.658153     -54.714390     -76.774223    -238.804047      -1.012246      -0.692631      -7.681805
     -55.813221      25.758257      21.515324     196.669586     -52.604923     115.524109       2.458340     -72.482529      70.170418      18.198082      -1.838449     -11.179580      14.278659      -0.417256     -15.014213      21.809225       3.748187      18.137518      10.908356      -9.911210      17.586058     107.638336       2.683516     -92.542053     -89.874245      73.745155      65.673294      -0.019179      25.539429       0.006098     -14.433348       0.159224      -2.299806      -1.467721      -2.414503     -51.264683     -89.999840       7.920677      89.991020     -92.362419      -2.344272     -95.042198      12.113173     -16.462963     -32.053791       0.012789     -28.140493      -0.013680      14.489211      -0.160924      -2.302946       0.102026      -0.062990     -54.349800     -89.994446       8.366649      89.991852     -21.437304      56.945942     -92.494255      89.264709      65.429916      89.482216     -24.127735       0.724874      -0.746928    -184.354645      84.591042       4.957903      -0.093491      -0.722126      -5.801871     -59.564331      50.860859     -66.140541     -89.325356     -62.036190      89.548424      -4.348484       1.423344      -1.687498     -55.234791     -76.586357    -239.199402      -0.996902      -0.696182      -7.562828
     -56.886055      24.518829      22.188362     198.127060     -53.061798     114.577881       3.701297     -72.244293      72.113930      18.723427      -2.175465     -10.211883      14.404471      -0.718253     -14.375969      21.938429       3.567801      18.520664      11.557691     -10.299468      18.802078     107.205765       2.590066     -92.136917     -87.115501      72.969353      64.006912      -0.019734      25.192734       0.007082     -14.576811       0.167045      -2.299179      -1.373319      -2.253245     -50.867554     -90.000145       8.178061      89.990364     -92.556282      -2.235983     -94.666306      12.251226     -16.854847     -32.219810       0.015557     -27.661736      -0.013212      14.579401      -0.166734      -2.302712       0.076225      -0.104107     -53.849289     -89.994179       8.569202      89.991676     -21.363279      56.289375     -92.545280      89.291618      66.532135      89.464645     -24.159428       0.714108      -0.754087    -184.435699      84.705513       5.084080      -0.093140      -0.655905      -5.727993     -56.545578      51.155464     -68.148102     -89.572830     -63.472847      89.648880      -4.476710       1.472069      -1.715151     -55.685932     -76.435051    -239.351303      -0.984907      -0.699035      -7.396850
     -57.971092      23.204496      22.858463     199.495270     -53.549976     113.565804       4.939237     -72.014931      74.061790      19.199747      -2.484310      -9.222528      14.515216      -0.971349     -13.726835      22.039890       3.358387      18.879786      12.222351     -10.708507      20.135056     106.779350       2.497512     -91.745827     -84.075157      72.132355      62.072063      -0.020023      24.832560       0.007908     -14.697310       0.173561      -2.298853      -1.285964      -2.103456     -50.496223     -90.000336       8.413494      89.989937     -92.740494      -2.132484     -94.298607      12.379674     -17.205261     -32.230289       0.017721     -27.195972      -0.012646      14.655662      -0.171535      -2.302495       0.052999      -0.140493     -53.378593     -89.994057       8.754484      89.991631     -21.469986      55.688000     -92.369469      89.316605      67.562546      89.446083     -24.188288       0.709531      -0.755084    -184.495056      84.795654       5.178987      -0.092476      -0.605034      -5.659360     -53.565800      51.451405     -70.188721     -89.939156     -64.739517      89.847473      -4.586519       1.516587      -1.739264     -56.158924     -76.279556    -239.529465      -0.973692      -0.707295      -7.209260
     -59.064682      21.808807      23.523769     200.807693     -54.065426     112.510315       6.168090     -71.790764      76.005630      19.635111      -2.765941      -8.218820      14.615138      -1.179042     -13.069274      22.128008       3.121613      19.212725      12.907603     -11.144746      21.599522     106.361427       2.406255     -91.370346     -80.907196      71.241463      60.004829      -0.020095      24.463469       0.008587     -14.798472       0.178999      -2.298746      -1.204979      -1.964156     -50.148811     -90.000404       8.628866      89.989693     -92.912247      -2.034140     -93.940834      12.504508     -17.486113     -32.130486       0.019402     -26.739548      -0.012046      14.720299      -0.175498      -2.302306       0.032150      -0.172604     -52.935966     -89.994087       8.923974      89.991684     -21.706741      55.136921     -92.027176      89.340721      68.523392      89.426392     -24.213684       0.709420      -0.751898    -184.535812      84.865547       5.249933      -0.091782      -0.567509      -5.593706     -50.614407      51.736740     -72.276039     -90.376862     -65.863434      90.133278      -4.684050       1.555167      -1.760024     -56.640118     -76.122467    -239.740128      -0.964113      -0.708269      -7.021701
     -60.104225      20.403065      24.122450     201.323242     -54.698345     111.180191       8.803858     -71.487221      79.242462      20.162628      -3.137834      -7.172704      14.945784      -0.632047     -12.380553      22.193447       3.245121      19.033298      13.385933     -11.361184      22.405767     106.039879       2.271851     -91.052620     -75.914803      70.068954      56.000149      -0.020974      24.004677       0.011230     -14.587795       0.166108      -2.300868      -1.146637      -1.689305     -50.706211     -89.999367       8.735544      89.990623     -92.477379      -1.725879     -91.172585      13.077935     -18.984560     -41.357208       0.143185     -30.816301       0.043399      15.149442      -0.195792      -2.299664       0.239486       0.127901     -50.539452     -89.997406       9.256213      89.990601     -21.944431      54.729435     -91.772034      89.406189      69.354347      89.448097     -24.302114       0.662888      -0.783695    -184.681442      84.983376       5.321555      -0.089492      -0.487326      -5.572786     -47.854500      52.151756     -74.611046     -90.857635     -66.645058      90.503723      -4.460715       2.131186      -2.090286     -58.502415     -76.206535    -240.945145      -0.953694      -0.538641      -6.894187
     -61.092476      18.933249      24.707064     201.033218     -55.569790     108.939774      13.185251     -71.255089      84.076630      20.488533      -3.907986      -6.231354      15.287870      -0.368054     -11.400764      22.184895       4.640310      17.859491      13.465160     -10.924785      22.060118     105.963882       2.017809     -91.181725     -71.706635      69.069679      52.673466      -0.019766      23.592777       0.011297     -14.569714       0.164302      -2.301546      -1.149630      -1.570870     -49.509495     -89.999504       8.691901      89.992424     -90.699219      -3.907085     -88.954308      13.198005     -20.571627     -45.201160       0.368484     -42.176777       0.244464      15.134833      -0.199455      -2.299211      -0.330858       2.246603     -48.067043     -90.001572       9.516667      89.986809     -22.422522      54.352036     -91.044998      89.662575      69.857857      89.666924     -24.409765       0.599664      -0.827571    -184.759705      85.051208       5.358465      -0.087836      -0.439132      -5.540008     -45.573097      53.111195     -76.625099     -90.796288     -67.093796      90.509956      -4.358268       3.258861      -2.598758     -60.613476     -76.405975    -242.021088      -0.938332      -0.452473      -6.833739
     -62.022430      17.381542      25.268353     199.758438     -56.501698     105.795006      18.049288     -70.815361      89.205147      20.917572      -4.945918      -5.058137      15.732858      -0.271345      -9.681745      22.372238       6.711530      15.552884      13.468341     -10.392595      20.907583     105.711784       1.659215     -91.214912     -67.820938      67.966469      49.812454      -0.018461      23.295723       0.010469     -14.546533       0.162950      -2.301260      -1.195982      -1.769261     -48.107887     -89.999580       8.647009      89.993462     -88.323479      -4.434221     -89.747681      15.704535     -22.732166     -43.401428       0.602587     -55.323193       0.472968      15.263703      -0.209528      -2.305374       0.244586       4.805461     -45.548313     -90.001892       9.621029      89.986900     -23.077629      53.968880     -90.237198      90.026474      70.261429      90.017120     -24.519220       0.563971      -0.840652    -184.821564      85.109184       5.378798      -0.085714      -0.395289      -5.511792     -43.470432      53.907944     -78.785446     -90.755035     -67.358971      90.518127      -4.578108       4.216187      -3.060109     -62.408703     -76.569778    -242.680588      -0.923386      -0.454478      -6.766040
     -62.953346      15.743223      25.818838     197.597687     -57.349110     101.922401      22.924316     -70.181671      94.575439      21.417246      -5.886632      -3.635475      15.949330      -0.217156      -8.156571      22.697725       8.338185      13.285833      13.513104      -9.921514      19.553175     105.291580       1.397475     -90.945633     -64.630928      66.868988      47.505531      -0.017720      23.072655       0.009147     -14.536774       0.162668      -2.301179      -1.260381      -1.913732     -46.992729     -89.999664       8.602870      89.994026     -86.241669      -4.623937     -90.515610      16.790594     -23.877565     -42.410641       0.840963     -68.776115       0.653470      15.541032      -0.228092      -2.314218       1.897631       8.355377     -43.318420     -90.001953       9.722388      89.987679     -23.676403      53.596184     -89.542557      90.448509      70.487785      90.452042     -24.596960       0.576782      -0.803774    -184.835815      85.144249       5.362887      -0.082631      -0.367731      -5.482287     -41.239723      54.658985     -81.188850     -90.726608     -67.289101      90.529350      -4.878740       5.041580      -3.411153     -64.737587     -76.783241    -243.462967      -0.909031      -0.513096      -6.694114
     -63.894764      14.015487      26.357313     194.994873     -58.107124      97.679260      27.443769     -69.517792      99.859138      21.798876      -6.667219      -2.090559      15.938255      -0.311158      -6.713774      23.142462       9.217710      10.875688      13.622994      -9.589461      18.166792     103.417610       1.347346     -89.137032     -62.586842      66.021065      45.714329      -0.016930      22.896765       0.001423     -14.609921       0.166361      -2.307169      -3.158015      -0.630753     -49.588234     -89.944366       3.884955      89.914886     -84.484383      -4.727362     -91.655418      17.455631     -24.887878     -41.738647       1.683692     -81.276863       1.447533      15.771711      -0.242760      -2.318082       2.985210      11.590274     -40.759048     -90.002502       9.821941      89.988731     -24.438450      53.112118     -88.696434      90.646706      70.617126      90.676338     -24.639803       0.640800      -0.665654    -184.809006      85.183151       5.316726      -0.076031      -0.322576      -5.450273     -38.836193      55.495716     -83.601105     -90.706459     -66.852203      90.540962      -5.096175       5.696222      -3.596586     -68.151817     -77.088242    -244.746063      -0.896167      -0.611955      -6.617820
     -64.846123      12.190032      26.882988     192.644028     -58.792725      93.542831      31.693426     -69.047638     105.175354      21.867132      -7.456313      -0.438354      15.900903      -0.837823      -5.374994      23.701569       9.570032       7.788700      13.763846      -9.442520      16.793016      99.884193       0.945965     -86.773987     -61.556118      64.813263      45.446350      -0.019058      22.836946       0.002198     -14.868961       0.177982      -2.304080      -3.193943       0.454033     -49.805389     -89.952675       0.910654      89.945915     -83.188087      -4.870751     -92.956673      18.115345     -26.035984     -41.139252     173.195709     -87.946518     172.930252      16.064863      -0.258680      -2.322139       3.692041      14.515965     -38.344555     -90.003670       9.919778      89.989883     -25.624882      52.731060     -87.367760      90.613548      70.706223      90.661049     -24.625429       0.710154      -0.555626    -184.733322      85.196609       5.235951      -0.068979      -0.308164      -5.413077     -36.480961      56.287243     -85.536377     -90.887962     -66.039528      90.685814      -5.126999       6.167686      -3.649935     -72.960907     -77.480782    -246.779846      -0.885703      -0.745502      -6.532412
     -65.803101      10.255436      27.395952     190.027344     -59.435131      88.911293      37.283764     -68.374725     112.195503      21.758644      -8.196858       1.139462      15.714008      -1.506294      -4.518105      24.253229       9.757857       4.593215      13.884441      -9.323402      15.408504      95.757179      -0.094062     -85.185043     -60.558559      63.567574      45.891499      -0.020735      22.921728       0.005041     -14.949334       0.184112      -2.301944      -2.694308       1.464729     -49.296009     -89.961243      -1.386247      89.977890     -82.397545      -5.131380     -94.513046      18.901670     -27.561756     -40.479080     178.828842     -78.004356     178.532150      16.362534      -0.274953      -2.324935       3.214903      14.796116     -36.138592     -90.005272      10.015953      89.990891     -26.972614      52.334362     -85.745102      90.597977      70.754883      90.654671     -24.572067       0.782399      -0.460173    -184.667038      85.197678       5.178001      -0.064840      -0.308325      -5.368026     -33.928947      57.305595     -87.272766     -90.796455     -64.889000      90.625870      -4.726156       6.565819      -3.569043     -76.501732     -77.698669    -246.512451      -0.877193      -0.759777      -6.456231
     -66.753441       8.221354      27.901842     187.273331     -59.954292      83.970528      43.639755     -67.313057     120.260162      21.517763      -8.844334       2.638147      15.377095      -2.179030      -4.111413      24.788099       9.848132       1.488996      14.009660      -9.246902      14.059992      91.228615      -1.508484     -83.966995     -59.784092      62.499741      46.799496      -0.022556      23.163822       0.008205     -14.946040       0.186956      -2.300905      -2.049157       2.559551     -48.083977     -89.967834      -3.201972      89.997581     -82.283745      -5.520783     -96.635986      19.921093     -29.638971     -39.627335     179.317047     -68.546471     178.977219      16.557913      -0.285893      -2.324711       3.007684      14.878027     -34.225189     -90.006531      10.110530      89.991196     -28.557823      51.969521     -83.880844      90.589844      70.803291      90.653427     -24.493368       0.837489      -0.390170    -184.605698      85.200935       5.132578      -0.061318      -0.310033      -5.318486     -31.449114      58.230858     -88.501282     -90.741371     -63.126038      90.589622      -4.235487       7.193470      -3.613927     -84.013649     -78.148392    -250.488968      -0.880418      -0.950288      -6.201972
     -67.678284       6.093132      28.406778     184.581757     -60.391315      78.909889      50.596542     -66.227783     128.990250      20.831064      -9.570042       4.192265      13.921410      -3.389209      -3.777645      25.582300       9.806427      -2.821780      14.200943      -8.986844      12.685274      89.338409      -2.184701     -85.446342     -57.128704      59.756649      47.449562      -0.023566      23.424704       0.008619     -14.934637       0.188987      -2.300948      -1.351661       3.969733     -46.050144     -89.977005      -3.941758      90.002983     -82.010902      -5.898954     -98.862000      20.984610     -31.649204     -38.721497     179.475250     -59.910172     179.078873      16.768148      -0.297250      -2.325898       2.943987      14.884172     -32.202747     -90.007675      10.203515      89.991768     -30.438168      51.776829     -81.674706      90.032440      71.021301      90.092125     -24.221256      -0.095568      -1.217985    -183.863800      84.653862       4.341223       0.009856      -0.714870      -5.396171     -29.848408      58.973282     -88.717590     -90.722328     -60.714050      90.561043      -4.771013       9.215826      -1.573222    -107.708954     -78.278526    -271.992920      -0.805156      -1.175363      -6.015823
     -68.444290       6.096918      28.845699     172.694260     -60.928020      64.227715      64.554420     -58.675735     144.283798      16.643251       4.092614      -2.019796      13.246827      -9.477901       1.054582      25.521246       9.558799      -4.092715      14.327317      -9.315707      12.877257      89.628479      -1.286063     -84.874290     -53.187099      53.937435      44.634201      -0.022369      23.610003       0.000730     -14.922806       0.190867      -2.304971      -0.747383       5.293390     -44.749092     -89.986786      -3.777974      89.999130     -83.790192      -7.981635    -106.206314      24.039783     -32.318527     -37.405346     179.702515     -52.398594     179.268127      16.869385      -0.303627      -2.321675       2.986317      14.046568     -31.663521     -90.010948      10.347757      89.992149     -39.080719      48.898495     -69.904762      89.219810      68.986771      88.914848     -25.216656      -4.621233      -5.060187    -189.058441      87.606468       9.716204       0.028846       2.230501      -5.331014     -39.691338      58.757004     -76.778450     -90.723969     -58.229179      90.622978      -5.471189       6.792696       0.446971    -129.712631     -76.423225    -296.594879      -0.781020      -0.509594      -5.492330
     -69.191277       6.051534      29.061022     162.090881     -60.215523      53.923988      65.121201     -59.568062     146.968231      15.738995       2.389612      -0.924952      11.208200      -5.908019      -2.419788      25.619087       8.656757      -5.283945      14.581385      -9.811261      12.555134      89.847580      -0.801671     -84.630486     -49.293995      48.018162      41.845573      -0.025367      23.594009       0.000633     -15.259706       0.209747      -2.299617      -1.063169       5.287965     -44.859020     -89.993477      -3.614261      89.994469     -85.143440      -9.674855    -116.936852      26.569836     -33.710640     -36.017925     179.876099     -47.722786     179.484131      16.865227      -0.302750      -2.316823       2.793586      13.598544     -32.133770     -90.010002      10.437414      89.992096     -42.434517      48.441902     -65.803246      89.297157      68.717247      89.115974     -26.083652      -8.739914      -9.068037    -302.607666      89.458069     123.404594       0.002312       4.860007      -5.208094     -46.555622      61.125187     -68.970680     -90.725342     -55.607689      90.660812      -6.501027       4.306775       2.209378    -129.153503     -76.558266    -298.020996      -0.757922      -0.115544      -5.452005
     -69.957863       6.011204      29.139843     151.537781     -58.608528      44.184200      65.396599     -60.332973     148.719727      14.857476       2.094249       0.213237       9.805000      -3.672798      -3.924008      25.323196       8.041269      -2.647453      14.262284     -12.804900       2.174695      89.450081      -1.053617     -85.059845     -44.012291      43.418716      38.629906      -0.026075      23.332624       0.007798     -15.402353       0.215971      -2.298270      -1.127053       5.071154     -44.680595     -89.996193      -3.453264      89.990410     -89.665245     -10.178492    -127.466278      28.425276     -34.931187     -34.322254     179.903381     -48.405159     179.643311      17.057898      -0.311562      -2.313551       1.365986       8.157269     -28.663937     -90.009865      10.525122      89.993179     -44.254543      47.872746     -63.341228      89.341484      68.916328      89.253662     -27.037779     -11.414315     -11.713825    -346.508972      87.827278     167.349518      -0.018933       6.495963      -5.126989     -52.716747      62.966877     -61.928349     -90.748390     -53.421150      90.644737      -8.264001       3.136327       3.247248    -129.823624     -76.581680    -301.320526      -0.771654       0.019349      -5.493234
     -70.749687       6.019122      29.161619     144.177368     -55.768772      36.947323      64.141457     -61.199253     150.137253      14.349646       2.032210       1.654197       9.336027      -4.137832      -4.183107      24.662077       7.020508       0.353994      14.404396     -13.258061       2.499669      88.728294      -1.710136     -85.903381     -39.105545      39.243828      35.923927      -0.024255      22.901163       0.014079     -15.286198       0.206811      -2.299974      -0.714578       5.193739     -44.083752     -89.997055      -3.294870      89.989365     -95.421478      -8.676362    -131.942596      28.030809     -35.950653     -34.660267     179.918243     -49.200321     179.737610      17.156532      -0.319273      -2.312389       0.244211       4.743401     -25.482836     -90.008034      10.611237      89.992302     -42.632854      47.926674     -64.182022      91.292953      69.211952      91.202362     -27.534157     -11.512653     -12.253520    -345.806061      87.640045     166.416702      -0.082567       6.751170      -5.263574     -50.080837      62.726402     -63.732311     -88.441498     -52.159801      89.629272      -9.689303       3.632972       5.177893    -117.763306     -78.484673    -290.613800      -0.889380      -0.211799      -5.715749
     -71.440384       6.069575      29.156195     141.469116     -54.605240      34.058643      61.068913     -62.180832     148.789490      14.409259       1.853199       2.666051       9.397007      -5.452114      -3.714166      24.834318       8.338078       0.529195      14.670802     -12.377975       2.875941      88.048172      -2.305652     -86.788177     -36.150936      36.482864      34.856331      -0.022106      22.480602       0.015445     -15.136673       0.196832      -2.300762      -0.253697       5.455320     -43.370880     -89.997643      -3.139109      89.989960     -99.302902      -7.622418    -132.849945      27.700026     -36.353489     -34.686687     179.928497     -48.811359     179.790558      17.175629      -0.319552      -2.305611      -0.094079       2.984648     -22.861145     -90.005737      10.695891      89.992325     -41.802910      47.009098     -64.420456      90.993690      69.897652      91.012848     -27.498096     -11.072990     -11.660722    -345.577728      87.654579     166.085114      -0.087386       6.818765      -5.271201     -49.444851      61.772068     -62.545670     -88.671387     -50.068264      89.686188     -10.605247       3.814903       5.457648    -109.068512     -79.369873    -282.293335      -0.917448      -0.634933      -5.831480
     -71.989975       6.083452      29.136024     139.185394     -53.774155      31.431513      59.241333     -62.640049     148.159378      14.263375       1.566382       3.319864       9.194696      -6.489697      -3.532721      25.242044      10.662963       0.078779      14.884121     -11.203923       2.771426      87.516983      -2.696506     -87.518181     -34.545532      34.777374      34.741276      -0.020753      22.181866       0.013752     -15.055113       0.191919      -2.301095      -0.020256       5.446686     -43.437180     -89.998505      -2.986026      89.991066    -100.767853      -7.223008    -132.545700      27.762327     -36.865101     -34.477646     179.936142     -49.239117     179.825516      17.144012      -0.316661      -2.301486      -0.441440       1.117889     -21.209236     -90.003822      10.779135      89.992455     -41.196453      46.390148     -64.540009      90.782066      70.672501      90.889236     -27.410433     -10.684848     -11.240868    -344.795868      87.783287     165.247604      -0.090183       6.697204      -5.246864     -49.050095      61.000175     -61.408310     -88.825073     -48.993584      89.707947     -10.498415       3.974115       5.316199     -97.175339     -79.802635    -270.026215      -0.924030      -0.625492      -5.786233
     -72.422485       6.067034      29.109215     137.107132     -53.120972      29.103088      57.975410     -62.934654     147.793381      14.026779       1.199922       3.730465       8.873061      -7.304236      -3.588599      25.759491      13.297497      -0.828279      15.059032     -10.104211       2.502181      87.112709      -2.930160     -88.089157     -33.534992      33.587563      34.881512      -0.019805      22.064150       0.010940     -15.009171       0.190086      -2.301554       0.123397       5.338888     -44.029739     -89.999207      -2.835464      89.992004    -101.547165      -6.967979    -132.213455      27.722797     -37.096157     -34.399742     179.938492     -50.071453     179.845123      17.139294      -0.315115      -2.298918      -0.595899      -0.067673     -20.320509     -90.002205      10.861022      89.992683     -40.694057      46.055611     -64.733398      90.644890      71.446396      90.821030     -27.352140     -10.399858     -10.954623    -344.107391      87.877586     164.512558      -0.095731       6.586065      -5.213284     -48.519321      60.441963     -60.718075     -88.922119     -48.635807      89.711182     -10.322911       4.183469       5.117107     -81.740082     -79.655334    -254.766159      -0.917593      -0.612423      -5.704473
     -72.729424       6.040958      29.077425     134.944122     -52.437695      26.795870      57.419876     -63.116226     147.709641      13.675974       0.815740       4.040819       8.532999      -7.888220      -3.659401      26.407799      15.980652      -2.184765      15.217474      -9.141786       2.075339      86.762703      -3.050312     -88.579117     -32.867264      32.755806      35.036678      -0.019185      22.040064       0.008231     -14.983019       0.189673      -2.302163       0.201873       5.154153     -44.910862     -89.999718      -2.687423      89.992798    -101.975677      -6.811487    -131.963867      27.707188     -37.515491     -34.245720     179.938522     -50.740128     179.855652      17.211464      -0.318450      -2.297767      -0.533701       0.060327     -19.773083     -90.000931      10.941528      89.992950     -40.140453      45.759808     -65.167664      90.555611      72.210655      90.793228     -27.312683     -10.146226     -10.703387    -343.464600      87.953178     163.819656      -0.102053       6.491940      -5.181049     -47.755203      59.913872     -60.512852     -88.979530     -48.640835      89.706718     -10.204950       4.428212       4.894230     -65.838081     -78.663361    -239.589371      -0.909779      -0.609330      -5.620266
     -72.929413       6.015044      29.036827     133.022079     -51.728191      24.808226      57.504025     -63.210148     147.933304      13.272489       0.582197       4.363721       8.226699      -8.026897      -3.668341      26.555555      16.727039      -2.463697      15.357868      -8.661999       2.017742      86.621994      -3.131142     -88.809135     -32.300163      32.051785      35.118469      -0.018833      22.022165       0.006416     -14.962146       0.189150      -2.302405       0.256957       5.161440     -44.998875     -89.999962      -2.541802      89.993408    -102.364403      -6.816996    -131.776459      27.875961     -37.773045     -34.067627     179.939468     -51.231564     179.863327      17.281485      -0.322062      -2.297131      -0.367868       0.270886     -19.060007     -90.000069      11.020689      89.993340     -39.714912      45.548893     -65.772881      90.496422      72.924911      90.789429     -27.289873      -9.906526     -10.471940    -342.803802      88.023819     163.105499      -0.108247       6.401902      -5.151796     -47.005566      59.455273     -60.536991     -89.012711     -48.759373      89.700150     -10.232553       5.163578       4.477520     -58.404457     -77.941048    -233.863022      -0.914128      -0.852113      -5.454798
     -73.056816       5.990926      29.004675     131.488937     -51.121750      23.242336      58.128872     -63.206276     148.504730      12.906073       0.529967       4.663370       8.013446      -8.265556      -3.795063      26.692703      17.314583      -2.738022      15.528719      -8.334607       2.022310      86.487984      -3.147960     -89.006668     -32.012417      31.739319      35.161522      -0.018578      22.040283       0.004977     -14.940202       0.188519      -2.302610       0.310793       5.200407     -45.056705     -90.000084      -2.398682      89.994003    -102.533875      -6.772257    -131.656509      27.886526     -37.975239     -33.972519     179.940002     -51.373936     179.869003      17.357885      -0.326220      -2.296336      -0.247498       0.994639     -18.733999     -89.999664      11.098549      89.993591     -39.525158      45.527061     -66.336693      90.459160      73.504395      90.795074     -27.271334      -9.630934     -10.198543    -341.919861      88.109627     162.182907      -0.114931       6.309341      -5.120225     -46.287693      59.007671     -60.697960     -89.031532     -48.923786      89.694427     -10.253510       5.798555       4.097560     -55.693275     -77.765556    -233.330978      -0.912133      -1.025038      -5.356775
     -73.144447       5.968434      28.978415     130.355316     -50.725960      22.116436      58.704910     -63.191143     149.001480      12.606236       0.509936       4.863386       7.825315      -8.488932      -3.998706      26.805853      17.634365      -3.045557      15.710186      -8.152428       2.038235      86.384644      -3.120588     -89.142914     -31.907337      31.614391      35.249214      -0.018566      22.150215       0.003828     -14.929571       0.188747      -2.302830       0.335468       5.251058     -45.103146     -90.000175      -2.257918      89.994476    -102.524971      -6.739506    -131.586823      27.940825     -38.057980     -33.900475     179.940430     -51.415890     179.871719      17.429958      -0.330444      -2.296158      -0.133972       1.544645     -18.366022     -89.999451      11.175120      89.993721     -39.546879      45.690121     -66.753891      90.403465      74.001907      90.759727     -27.272264      -9.386384      -9.964233    -340.557251      88.238991     160.779556      -0.116411       6.194735      -5.100286     -45.538620      58.565880     -60.944836     -89.041306     -49.014042      89.690796     -10.273366       6.204999       3.842582     -53.707058     -77.683044    -233.447937      -0.911113      -1.135791      -5.299589
     -73.201950       5.945945      28.955851     129.547119     -50.479008      21.363468      59.114841     -63.181175     149.342239      12.381944       0.510139       4.985671       7.688863      -8.652157      -4.194784      26.905132      17.697018      -3.450724      15.895956      -8.151052       2.032220      86.335815      -3.075072     -89.199112     -31.843090      31.546495      35.285511      -0.018601      22.238770       0.003023     -14.918506       0.188555      -2.303040       0.356167       5.223314     -45.310936     -90.000298      -2.119538      89.994797    -102.469170      -6.719725    -131.543579      28.018614     -38.104935     -33.835411     179.940765     -51.445843     179.873230      17.498606      -0.334476      -2.296065      -0.039581       1.951303     -17.934404     -89.999359      11.250405      89.993782     -39.656509      45.893650     -67.124290      90.307404      74.428970      90.639191     -27.279245      -9.129448      -9.728586    -339.209290      88.341049     159.391907      -0.121579       6.086811      -5.079621     -44.723354      58.119133     -61.312565     -89.046165     -49.017391      89.688843     -10.189615       6.541082       3.608268     -52.448910     -77.688934    -234.010757      -0.909182      -1.215976      -5.258326
     -73.235901       5.927039      28.938623     129.002304     -50.365383      20.884449      59.391041     -63.159580     149.539398      12.231989       0.523769       5.053651       7.599039      -8.760953      -4.355995      27.001301      17.544460      -3.959424      16.088160      -8.298520       1.995539      86.309135      -3.017171     -89.219032     -31.800779      31.508230      35.286388      -0.018692      22.315081       0.002579     -14.911968       0.188351      -2.303057       0.346131       5.259202     -45.143974     -90.000343      -1.983444      89.995018    -102.390259      -6.706698    -131.517441      28.104170     -38.129139     -33.779343     179.940994     -51.469814     179.874100      17.564211      -0.338283      -2.295968       0.040878       2.281042     -17.470335     -89.999329      11.324412      89.993797     -39.842533      46.093098     -67.431175      90.194969      74.759041      90.457672     -27.294806      -8.830359      -9.438031    -337.711334      88.442879     157.858276      -0.126551       5.983807      -5.055892     -43.925529      57.648499     -61.708054     -89.048622     -48.990654      89.687592     -10.043931       6.835570       3.388716     -51.666870     -77.752983    -234.834091      -0.906780      -1.280979      -5.226119
     -73.249916       5.912476      28.926952     128.697464     -50.359055      20.647631      59.529457     -63.129169     149.597656      12.152425       0.546182       5.081292       7.555160      -8.821149      -4.466826      27.102533      17.309490      -4.496031      16.294605      -8.514843       1.952008      86.305336      -2.956255     -89.205414     -31.772909      31.488998      35.277576      -0.018774      22.381264       0.002230     -14.905588       0.188088      -2.303179       0.343650       5.207689     -45.291084     -90.000443      -1.849668      89.995155    -102.301147      -6.685021    -131.500717      28.200029     -38.140430     -33.723724     179.941010     -51.486507     179.874237      17.644882      -0.343606      -2.296362       0.105219       2.571272     -16.990353     -89.999321      11.397188      89.993813     -40.102577      46.281483     -67.689758      90.074638      75.023018      90.233315     -27.313168      -8.509624      -9.119629    -335.895111      88.552299     156.007156      -0.130638       5.876148      -5.032665     -43.153008      57.136650     -62.125790     -89.049744     -48.931774      89.686821      -9.869181       7.111914       3.174321     -51.244404     -77.855759    -235.794357      -0.904343      -1.338304      -5.201658
     -73.246521       5.901874      28.920490     128.614914     -50.439457      20.634724      59.528481     -63.095013     149.526459      12.133225       0.576676       5.079370       7.552243      -8.837922      -4.520487      27.200068      17.151419      -4.928334      16.512157      -8.683487       1.959482      86.316628      -2.891328     -89.168983     -31.742559      31.473526      35.236992      -0.018862      22.428762       0.002090     -14.901063       0.187743      -2.303148       0.326892       5.200984     -45.153931     -90.000465      -1.718102      89.995255    -102.222359      -6.648150    -131.488724      28.279631     -38.138145     -33.680641     179.940872     -51.506889     179.874146      17.738514      -0.349660      -2.296617       0.167193       2.835300     -16.504353     -89.999321      11.468736      89.993797     -40.415966      46.459602     -67.927383      89.956215      75.239525      89.988846     -27.325415      -8.178664      -8.788854    -333.664398      88.666351     153.742691      -0.134413       5.764152      -5.010312     -42.402374      56.580856     -62.573036     -89.050133     -48.851357      89.686340      -9.671515       7.386175       2.956336     -51.087006     -77.978188    -236.768616      -0.901829      -1.391280      -5.183959
     -73.232422       5.890355      28.916147     128.651733     -50.575966      20.752314      59.458286     -63.055672     149.397720      12.150071       0.613364       5.036636       7.575172      -8.821535      -4.540357      27.284042      17.047609      -5.270891      16.728729      -8.805902       2.007088      86.349075      -2.826368     -89.103668     -31.714577      31.468546      35.180332      -0.018910      22.462189       0.002018     -14.896303       0.187361      -2.303158       0.311613       5.152186     -45.189735     -90.000526      -1.588767      89.995316    -102.152504      -6.610313    -131.481232      28.344473     -38.128044     -33.648975     179.940781     -51.531757     179.874191      17.830866      -0.355210      -2.296526       0.227258       3.085857     -16.018185     -89.999313      11.539088      89.993797     -40.679348      46.621986     -68.182793      89.854019      75.410637      89.758499     -27.336260      -7.829115      -8.438196    -330.802795      88.786179     150.848190      -0.138316       5.647595      -4.988359     -41.726883      56.148773     -62.992207     -88.836189     -48.830711      89.615341      -9.553071       7.429714       2.892006     -52.409428     -78.280563    -238.707840      -0.919699      -1.467539      -5.153852
     -73.206757       5.883256      28.914911     128.837387     -50.790623      21.021189      59.281849     -63.015682     149.156433      12.207420       0.651801       4.970483       7.621378      -8.778575      -4.527086      27.357433      16.977501      -5.546185      16.944569      -8.889073       2.087904      86.400093      -2.754617     -89.010254     -31.691353      31.466969      35.099731      -0.018963      22.483526       0.001892     -14.893182       0.187030      -2.303206       0.289272       5.092942     -45.193077     -90.000557      -1.461562      89.995346    -102.082314      -6.575805    -131.478012      28.393467     -38.108719     -33.629742     179.940689     -51.559990     179.874344      17.920656      -0.360388      -2.296261       0.285500       3.331010     -15.533027     -89.999329      11.608248      89.993797     -40.960903      46.784069     -68.418396      89.762764      75.553749      89.539009     -27.331018      -7.485438      -8.088380    -327.390900      88.901215     147.406342      -0.141751       5.531977      -4.965791     -40.946911      55.492397     -63.491402     -88.933136     -48.827583      89.647308      -9.421572       7.487594       2.754801     -56.877659     -78.899719    -243.354065      -0.914653      -1.459008      -5.129085
     -73.171379       5.874626      28.917181     129.166000     -51.033436      21.438452      59.022095     -62.979378     148.873077      12.290066       0.695433       4.873573       7.686766      -8.712456      -4.494159      27.420088      16.932167      -5.770964      17.156443      -8.942868       2.188588      86.467506      -2.680014     -88.900307     -31.667755      31.472532      34.996185      -0.019006      22.489401       0.001870     -14.890811       0.186698      -2.303172       0.263965       5.059137     -45.094204     -90.000557      -1.336493      89.995377    -102.012955      -6.545028    -131.477295      28.435032     -38.084820     -33.616486     179.940613     -51.589489     179.874481      18.008530      -0.365289      -2.295838       0.340277       3.573117     -15.050347     -89.999313      11.676254      89.993782     -41.164997      46.940979     -68.729691      89.690475      75.667343      89.354240     -27.317747      -7.105905      -7.699883    -322.602264      89.024002     142.589706      -0.145956       5.409842      -4.941967     -40.280109      55.002670     -63.976395     -88.992653     -48.875862      89.668533      -9.187613       7.182194       2.752546     -60.814381     -79.303291    -247.360931      -0.903227      -1.474958      -5.078222
     -73.138924       5.863062      28.918127     129.482819     -51.220257      21.860567      58.752098     -62.964558     148.633148      12.350451       0.740121       4.763873       7.740594      -8.652332      -4.468808      27.472607      16.900665      -5.961166      17.362713      -8.975825       2.304545      86.537849      -2.604815     -88.782921     -31.638294      31.470572      34.881947      -0.019031      22.490820       0.001844     -14.889262       0.186457      -2.303150       0.240587       5.047340     -44.979126     -90.000565      -1.213515      89.995384    -101.953323      -6.517289    -131.477936      28.471573     -38.063938     -33.605053     179.940552     -51.619423     179.874634      18.094906      -0.370076      -2.295372       0.391733       3.813188     -14.569770     -89.999313      11.743157      89.993767     -41.197136      47.071087     -69.129425      89.650078      75.732925      89.242004     -27.310349      -6.709681      -7.286675    -316.300049      89.143234     136.259674      -0.148698       5.284526      -4.918977     -39.757744      54.735043     -64.428787     -89.023911     -48.950336      89.679977      -8.877913       6.761411       2.826566     -62.970200     -79.486816    -249.397583      -0.898739      -1.489651      -5.006728
     -73.112251       5.851154      28.917330     129.751266     -51.350201      22.241844      58.487278     -62.968899     148.427612      12.387244       0.782286       4.658710       7.779505      -8.605213      -4.451199      27.516598      16.878777      -6.125878      17.563604      -8.993640       2.435680      86.601746      -2.530514     -88.664177     -31.603521      31.458544      34.766029      -0.019060      22.493298       0.001817     -14.888389       0.186327      -2.303144       0.221684       5.054671     -44.866837     -90.000565      -1.092606      89.995407    -101.904488      -6.493423    -131.479416      28.506195     -38.049694     -33.592773     179.940506     -51.649082     179.874771      18.180338      -0.374822      -2.294923       0.440829       4.052382     -14.091053     -89.999313      11.808909      89.993767     -41.136211      47.177471     -69.539589      89.632439      75.760757      89.188286     -27.299366      -6.318225      -6.870273    -308.495270      89.245476     128.430695      -0.150727       5.166352      -4.894910     -39.309185      54.549931     -64.855476     -89.038460     -49.022060      89.685257      -8.599159       6.339660       2.922840     -64.139450     -79.583496    -250.442627      -0.892745      -1.476162      -4.947186
     -73.089912       5.837725      28.914806     129.981934     -51.432854      22.596960      58.219406     -62.989925     148.250534      12.401524       0.824778       4.554183       7.803653      -8.570147      -4.445960      27.548630      16.863760      -6.271871      17.753677      -8.995136       2.581415      86.665016      -2.456650     -88.554482     -31.562263      31.434525      34.653648      -0.019082      22.498516       0.001800     -14.887884       0.186257      -2.303137       0.205401       5.077716     -44.757019     -90.000534      -0.973719      89.995415    -101.860146      -6.473800    -131.481720      28.540882     -38.040852     -33.578907     179.940460     -51.678669     179.874908      18.265032      -0.379535      -2.294487       0.487957       4.291310     -13.614560     -89.999321      11.873572      89.993805     -41.015373      47.275513     -69.951012      89.627655      75.774048      89.168892     -27.283041      -5.923132      -6.443328    -298.631439      89.329193     118.546158      -0.152329       5.052448      -4.869276     -38.889202      54.421127     -65.292145     -89.044205     -49.022835      89.688065      -8.483915       5.906152       3.040988     -62.191837     -79.435295    -248.427643      -0.886915      -1.450500      -4.888771
     -73.073074       5.824988      28.911118     130.159149     -51.472836      22.897179      57.971909     -63.022694     148.108383      12.395829       0.863264       4.458071       7.815447      -8.548676      -4.448925      27.574074      16.854225      -6.401805      17.938042      -8.988539       2.731219      86.723404      -2.384602     -88.452278     -31.516302      31.402620      34.545506      -0.019097      22.506672       0.001791     -14.887396       0.186224      -2.303131       0.192042       5.112023     -44.647137     -90.000511      -0.856824      89.995415    -101.821617      -6.457463    -131.484406      28.575489     -38.036716     -33.563908     179.940399     -51.707642     179.875000      18.349123      -0.384176      -2.294032       0.533338       4.530329     -13.140303     -89.999306      11.937154      89.993797     -40.875431      47.357399     -70.317001      89.628510      75.773254      89.167397     -27.260576      -5.529477      -6.013001    -286.669312      89.387611     106.567284      -0.153531       4.942118      -4.841758     -38.516647      54.317886     -65.696785     -89.046608     -49.022045      89.689117      -8.296509       5.470755       3.183111     -59.430912     -79.196625    -245.486557      -0.878954      -1.451301      -4.843020
     -73.060913       5.812620      28.906649     130.290329     -51.479660      23.147964      57.742931     -63.062733     147.995300      12.373658       0.898338       4.369743       7.817242      -8.538836      -4.458803      27.593571      16.848637      -6.519769      18.115973      -8.978897       2.880652      86.777031      -2.314310     -88.357422     -31.466562      31.364199      34.441856      -0.019108      22.517521       0.001786     -14.886954       0.186216      -2.303127       0.184584       5.156441     -44.533211     -90.000496      -0.741876      89.995422    -101.788429      -6.443442    -131.487091      28.609497     -38.036480     -33.548054     179.940338     -51.736298     179.875061      18.433064      -0.388797      -2.293581       0.576682       4.769353     -12.668303     -89.999306      11.999673      89.993797     -40.737206      47.429871     -70.626480      89.630470      75.767937      89.170570     -27.233124      -5.135254      -5.579292    -272.985107      89.414856      92.869514      -0.154532       4.833739      -4.812611     -38.168831      54.221149     -66.080460     -89.047356     -49.020760      89.689461      -8.092886       5.044324       3.333351     -56.719921     -78.927086    -242.570618      -0.871344      -1.459219      -4.801030
     -73.052521       5.800237      28.901527     130.383438     -51.459877      23.358351      57.529221     -63.108238     147.907196      12.337445       0.931076       4.287009       7.810744      -8.538723      -4.475368      27.608255      16.846685      -6.627864      18.288305      -8.967570       3.027895      86.826698      -2.245625     -88.268738     -31.414068      31.321249      34.341923      -0.019126      22.530651       0.001784     -14.886375       0.186212      -2.303119       0.182485       5.208422     -44.413761     -90.000458      -0.628863      89.995430    -101.759140      -6.431361    -131.489792      28.642836     -38.039001     -33.531624     179.940262     -51.764805     179.875122      18.517105      -0.393430      -2.293112       0.618161       5.008145     -12.199006     -89.999290      12.061140      89.993790     -40.608246      47.496765     -70.880592      89.630608      75.764778      89.170029     -27.202761      -4.740934      -5.144676    -258.824097      89.406822      78.697311      -0.155439       4.726040      -4.782310     -37.835304      54.128643     -66.451553     -89.047691     -49.021507      89.689575      -7.908624       4.672295       3.468647     -54.616196     -78.695076    -240.283920      -0.863590      -1.477180      -4.765004
     -73.047066       5.787723      28.895891     130.447235     -51.419079      23.537859      57.325737     -63.158138     147.837830      12.290030       0.962230       4.208615       7.797791      -8.546380      -4.497808      27.621380      16.847689      -6.728735      18.458628      -8.954389       3.176031      86.872475      -2.178378     -88.185951     -31.359577      31.274576      34.245720      -0.019135      22.546238       0.001787     -14.885694       0.186200      -2.303113       0.184666       5.266365     -44.287945     -90.000443      -0.517744      89.995415    -101.733139      -6.421545    -131.492447      28.675539     -38.043839     -33.514893     179.940201     -51.793152     179.875168      18.600576      -0.398039      -2.292655       0.657877       5.246691     -11.732477     -89.999298      12.121573      89.993767     -40.491653      47.560455     -71.083649      89.628006      75.767097      89.162483     -27.170025      -4.348802      -4.713228    -245.807526      89.364571      65.671616      -0.156307       4.618468      -4.751267     -37.507755      54.033401     -66.816338     -89.047951     -49.021645      89.689636      -7.737249       4.316257       3.597019     -52.730583     -78.466393    -238.232025      -0.855698      -1.492449      -4.729761
     -73.044922       5.774365      28.889328     130.473267     -51.355045      23.681385      57.135235     -63.212513     147.791245      12.229727       0.992302       4.131707       7.777798      -8.561903      -4.527014      27.632914      16.851347      -6.823771      18.626604      -8.940272       3.324247      86.918793      -2.114577     -88.104462     -31.306822      31.228622      34.163544      -0.019146      22.565430       0.001790     -14.883898       0.186157      -2.303165       0.196148       5.268081     -44.386482     -90.000450      -0.408503      89.995415    -101.710640      -6.413462    -131.494904      28.709164     -38.051544     -33.496780     179.940125     -51.821136     179.875183      18.683470      -0.402641      -2.292209       0.695534       5.484890     -11.268782     -89.999306      12.180997      89.993767     -40.367420      47.625004     -71.253761      89.627747      75.771744      89.160286     -27.138668      -3.963934      -4.290795    -235.179367      89.296783      55.036522      -0.157311       4.508801      -4.718697     -37.183247      53.951164     -67.176849     -89.022903     -49.024406      89.681274      -7.570237       3.950179       3.733907     -50.939198     -78.227859    -236.283569      -0.848021      -1.507550      -4.694364
     -73.043297       5.761554      28.882961     130.498795     -51.285526      23.821779      56.944782     -63.270855     147.750702      12.162110       1.022615       4.060458       7.752227      -8.583505      -4.563205      27.644640      16.854067      -6.915964      18.793789      -8.925327       3.472369      86.964287      -2.047217     -88.022713     -31.258310      31.178406      34.082771      -0.019177      22.589798       0.001705     -14.883418       0.186206      -2.303258       0.197302       5.261081     -44.439938     -90.000450      -0.301050      89.995377    -101.686409      -6.406799    -131.497803      28.735798     -38.056202     -33.483181     179.940048     -51.850109     179.875198      18.766291      -0.407224      -2.291764       0.731969       5.722819     -10.807990     -89.999275      12.239423      89.993790     -40.255795      47.693565     -71.394905      89.628914      75.784416      89.160057     -27.104626      -3.585275      -3.876356    -226.769104      89.210617      46.621593      -0.158780       4.400681      -4.684594     -36.858738      53.845810     -67.538376     -89.037788     -49.025234      89.686249      -7.447647       3.726322       3.817289     -50.189125     -78.137268    -235.422089      -0.839914      -1.549073      -4.669933
     -73.043091       5.748188      28.876202     130.507828     -51.205746      23.946909      56.759823     -63.331638     147.721954      12.088307       1.052200       3.988095       7.724367      -8.608680      -4.602813      27.655106      16.859091      -7.004767      18.958689      -8.910178       3.619270      87.006203      -1.981660     -87.946945     -31.208088      31.130335      34.000881      -0.019210      22.611364       0.001717     -14.882796       0.186179      -2.303223       0.196163       5.286537     -44.367222     -90.000427      -0.195403      89.995377    -101.664230      -6.401452    -131.500397      28.761944     -38.061935     -33.469425     179.940002     -51.879112     179.875229      18.848265      -0.411736      -2.291319       0.765927       5.959739     -10.350630     -89.999275      12.296881      89.993774     -40.125904      47.755016     -71.527328      89.630531      75.802254      89.160088     -27.070278      -3.208193      -3.464508    -220.103210      89.110741      39.952206      -0.160188       4.292343      -4.649859     -36.542751      53.760143     -67.896065     -89.044060     -49.035172      89.688385      -7.402218       3.595412       3.850161     -50.273151     -78.176750    -235.491119      -0.830382      -1.589290      -4.649061
     -73.043884       5.734549      28.869133     130.506912     -51.117558      24.063704      56.572681     -63.394505     147.695816      12.010988       1.081828       3.915206       7.694741      -8.636204      -4.643756      27.664959      16.866003      -7.090145      19.121868      -8.894223       3.765800      87.044579      -1.917511     -87.876465     -31.154882      31.079765      33.918343      -0.019233      22.633566       0.001749     -14.882159       0.186157      -2.303195       0.197365       5.333622     -44.245701     -90.000404      -0.091520      89.995377    -101.643555      -6.397756    -131.502869      28.789619     -38.069748     -33.454185     179.939941     -51.907784     179.875275      18.929733      -0.416245      -2.290870       0.797874       6.195782      -9.896466     -89.999283      12.353363      89.993797     -39.982071      47.813065     -71.652687      89.635017      75.823502      89.166321     -27.035282      -2.837489      -3.061440    -214.886444      89.002350      34.733280      -0.161670       4.184628      -4.614525     -36.227135      53.675831     -68.255043     -89.046387     -49.045330      89.689148      -7.364507       3.466175       3.878813     -50.307934     -78.208061    -235.521042      -0.820577      -1.627079      -4.627205
     -73.045357       5.720794      28.861872     130.499664     -51.023170      24.175070      56.382595     -63.458920     147.670456      11.931183       1.111570       3.842019       7.663804      -8.665521      -4.685493      27.674557      16.874418      -7.172688      19.283655      -8.877226       3.911965      87.080093      -1.854495     -87.810181     -31.099976      31.027315      33.836399      -0.019257      22.656767       0.001787     -14.881574       0.186141      -2.303166       0.204254       5.392956     -44.102669     -90.000282       0.010578      89.995384    -101.623856      -6.395445    -131.505203      28.818607     -38.079174     -33.437763     179.939880     -51.936146     179.875244      19.010815      -0.420721      -2.290390       0.828009       6.431130      -9.445272     -89.999283      12.408915      89.993790     -39.822529      47.868595     -71.774185      89.644302      75.846214      89.183838     -26.999615      -2.472879      -2.666946    -210.759018      88.888390      30.605255      -0.163302       4.077710      -4.578554     -35.913887      53.591637     -68.613647     -89.047440     -49.055309      89.689476      -7.328372       3.341943       3.905082     -50.308884     -78.234352    -235.518280      -0.810791      -1.665398      -4.605649
     -73.047195       5.707030      28.854555     130.489548     -50.925655      24.283672      56.190796     -63.524605     147.646378      11.848650       1.141559       3.769094       7.630881      -8.696856      -4.729346      27.684301      16.883417      -7.253413      19.444319      -8.859261       4.057731      87.113289      -1.793168     -87.747505     -31.047722      30.976244      33.763554      -0.019277      22.685373       0.001803     -14.880997       0.186172      -2.303170       0.209968       5.438446     -44.038261     -90.000267       0.110994      89.995384    -101.603783      -6.394128    -131.507614      28.846569     -38.088390     -33.421871     179.939804     -51.964634     179.875229      19.091459      -0.425209      -2.289930       0.858533       6.665437      -8.997577     -89.999290      12.463536      89.993790     -39.645142      47.921417     -71.894707      89.659523      75.869415      89.215759     -26.963297      -2.113770      -2.280219    -207.442688      88.770714      27.289793      -0.165028       3.971560      -4.541937     -35.604820      53.508312     -68.969833     -89.047745     -49.065212      89.689522      -7.292914       3.221999       3.929764     -50.287685     -78.257538    -235.493179      -0.801011      -1.704107      -4.584579
     -73.049034       5.693342      28.847311     130.480225     -50.828152      24.392561      55.997337     -63.590714     147.622421      11.765034       1.171483       3.695487       7.597722      -8.729179      -4.774001      27.693804      16.893152      -7.332917      19.603462      -8.840787       4.202294      87.148972      -1.731494     -87.682304     -30.997553      30.927937      33.689079      -0.019293      22.711088       0.001805     -14.879856       0.186113      -2.303174       0.213204       5.468123     -43.967934     -90.000267       0.209737      89.995392    -101.583565      -6.393387    -131.509918      28.873198     -38.096931     -33.406826     179.939743     -51.993290     179.875198      19.171570      -0.429649      -2.289458       0.887575       6.898558      -8.553541     -89.999290      12.517239      89.993797     -39.449570      47.971066     -72.015846      89.680923      75.892944      89.263039     -26.926548      -1.761482      -1.902206    -204.728363      88.650352      24.577791      -0.166748       3.865777      -4.504725     -35.301113      53.426117     -69.322166     -89.048050     -49.075169      89.689560      -7.257842       3.104374       3.954063     -50.252224     -78.278694    -235.453506      -0.791248      -1.742970      -4.563950
     -73.051666       5.679202      28.839745     130.459854     -50.726116      24.491882      55.808346     -63.658394     147.606232      11.676459       1.201409       3.621039       7.561513      -8.764180      -4.822633      27.703430      16.902727      -7.411791      19.761396      -8.821746       4.346056      87.184105      -1.670571     -87.618195     -30.950077      30.880527      33.621170      -0.019313      22.740938       0.001801     -14.878821       0.186087      -2.303203       0.218710       5.486969     -43.960037     -90.000252       0.306818      89.995384    -101.563141      -6.393142    -131.512299      28.897932     -38.104729     -33.392906     179.939651     -52.022240     179.875168      19.251143      -0.434048      -2.288985       0.914896       7.130542      -8.112875     -89.999290      12.570040      89.993797     -39.230022      48.015263     -72.137421      89.706688      75.916901      89.321136     -26.891832      -1.427637      -1.543615    -202.440994      88.527168      22.293777      -0.167758       3.758097      -4.467392     -35.001808      53.358757     -69.670486     -89.027336     -49.088886      89.682510      -7.225658       2.971260       3.988882     -50.210571     -78.297997    -235.414078      -0.781589      -1.782575      -4.543106
     -73.052948       5.665755      28.832794     130.459351     -50.631710      24.609039      55.605186     -63.724579     147.574814      11.593314       1.231861       3.545918       7.528567      -8.796819      -4.867558      27.713047      16.913467      -7.488887      19.918032      -8.801555       4.489202      87.220024      -1.609643     -87.553696     -30.902826      30.833950      33.550976      -0.019335      22.769804       0.001796     -14.877889       0.186058      -2.303207       0.223886       5.510102     -43.929661     -90.000252       0.402272      89.995377    -101.541748      -6.393991    -131.514633      28.923019     -38.112423     -33.378895     179.939606     -52.051029     179.875153      19.330202      -0.438400      -2.288526       0.940405       7.361359      -7.675611     -89.999283      12.621969      89.993790     -39.023987      48.058907     -72.243370      89.730896      75.946312      89.375137     -26.856161      -1.113938      -1.209110    -200.593124      88.406975      20.450544      -0.169091       3.653328      -4.429503     -34.699932      53.263828     -70.022064     -89.040001     -49.095901      89.686653      -7.190797       2.854923       4.014071     -50.161991     -78.316353    -235.360718      -0.772033      -1.821452      -4.522603
     -73.053871       5.652209      28.826027     130.463028     -50.540039      24.729691      55.399925     -63.789288     147.541962      11.511600       1.262307       3.468114       7.497110      -8.828337      -4.911519      27.722467      16.925077      -7.564908      20.073189      -8.780576       4.631362      87.257767      -1.548381     -87.487473     -30.855625      30.788570      33.476166      -0.019360      22.795286       0.001806     -14.876709       0.185979      -2.303201       0.226456       5.531189     -43.862286     -90.000252       0.496151      89.995361    -101.519997      -6.395398    -131.516907      28.948349     -38.119949     -33.364784     179.939545     -52.079773     179.875153      19.408619      -0.442726      -2.288085       0.964018       7.590916      -7.241677     -89.999275      12.673009      89.993767     -38.805553      48.098766     -72.345436      89.758339      75.976494      89.437943     -26.821953      -0.808011      -0.885225    -199.033218      88.287209      18.896114      -0.170597       3.550293      -4.391395     -34.405304      53.177853     -70.369217     -89.045326     -49.105015      89.688377      -7.156437       2.734669       4.041957     -50.110348     -78.334007    -235.305588      -0.762475      -1.859770      -4.502433
     -73.054611       5.638668      28.819368     130.469177     -50.449818      24.852293      55.192799     -63.853527     147.508301      11.429561       1.293005       3.389369       7.465243      -8.860048      -4.956333      27.732147      16.936573      -7.640432      20.227266      -8.758767       4.772868      87.295288      -1.487853     -87.422050     -30.810850      30.744505      33.406689      -0.019382      22.824413       0.001799     -14.875604       0.185938      -2.303219       0.231987       5.544762     -43.854412     -90.000244       0.588447      89.995369    -101.497406      -6.397329    -131.519241      28.972507     -38.126610     -33.351524     179.939453     -52.108631     179.875092      19.486526      -0.447060      -2.287629       0.985980       7.819268      -6.810930     -89.999268      12.723208      89.993774     -38.571205      48.134285     -72.445297      89.790970      76.006836      89.514641     -26.788956      -0.509020      -0.570548    -197.696884      88.167877      17.565990      -0.172183       3.448640      -4.353236     -34.116955      53.096756     -70.712265     -89.047409     -49.115219      89.689026      -7.122851       2.613102       4.070824     -50.056461     -78.351334    -235.249313      -0.752975      -1.896989      -4.482507
     -73.055344       5.625173      28.812803     130.476288     -50.359413      24.975018      54.983646     -63.917000     147.473495      11.347910       1.323734       3.309629       7.433767      -8.891484      -5.000532      27.741755      16.948545      -7.714977      20.379995      -8.736198       4.913728      87.332809      -1.427383     -87.357018     -30.765505      30.699583      33.335480      -0.019412      22.852900       0.001808     -14.874763       0.185910      -2.303231       0.237035       5.564094     -43.824535     -90.000229       0.679192      89.995361    -101.475029      -6.399810    -131.521545      28.997080     -38.133617     -33.337967     179.939392     -52.137329     179.875076      19.563864      -0.451332      -2.287155       1.006176       8.046341      -6.383360     -89.999268      12.772550      89.993774     -38.318134      48.164387     -72.543839      89.829735      76.037247      89.607971     -26.757086      -0.216811      -0.264413    -196.530548      88.048279      16.406618      -0.173748       3.347796      -4.315072     -33.837208      53.023399     -71.050095     -89.048111     -49.126186      89.689186      -7.091179       2.506411       4.089715     -49.995800     -78.370110    -235.185440      -0.743562      -1.930638      -4.463796
     -73.056244       5.611887      28.806335     130.482666     -50.268002      25.095125      54.774517     -63.979610     147.438995      11.266307       1.354221       3.229931       7.402632      -8.923115      -5.044089      27.751160      16.960926      -7.788749      20.531290      -8.713171       5.053633      87.371284      -1.366740     -87.291313     -30.719513      30.654436      33.260509      -0.019438      22.878448       0.001816     -14.873775       0.185832      -2.303223       0.239333       5.582983     -43.757431     -90.000237       0.768427      89.995361    -101.453247      -6.402654    -131.523788      29.021935     -38.140957     -33.324116     179.939346     -52.165916     179.875061      19.640574      -0.455555      -2.286691       1.024565       8.272137      -5.958861     -89.999268      12.821094      89.993767     -38.045670      48.188072     -72.639275      89.875847      76.066963      89.721710     -26.726070       0.071129       0.035650    -195.515549      87.929657      15.399469      -0.175437       3.248688      -4.276758     -33.568977      52.957901     -71.379608     -89.048576     -49.137329      89.689209      -7.060411       2.423267       4.094853     -49.925491     -78.391052    -235.106857      -0.733830      -1.961450      -4.447568
     -73.058327       5.599723      28.799885     130.475845     -50.171062      25.196991      54.574898     -64.041824     147.407562      11.185039       1.382951       3.154825       7.371786      -8.956052      -5.084771      27.760189      16.974482      -7.860744      20.681059      -8.689550       5.193104      87.412582      -1.308440     -87.223808     -30.673529      30.609364      33.192448      -0.019446      22.904623       0.001837     -14.872225       0.185760      -2.303250       0.251807       5.564301     -43.869469     -90.000244       0.856151      89.995361    -101.433624      -6.406174    -131.525772      29.049644     -38.150734     -33.308144     179.939255     -52.193829     179.874969      19.716724      -0.459758      -2.286207       1.041129       8.496799      -5.537298     -89.999268      12.868824      89.993759     -37.749645      48.200420     -72.725616      89.932892      76.091286      89.865631     -26.695747       0.358645       0.334273    -194.625778      87.812508      14.518748      -0.177235       3.151841      -4.238157     -33.325325      52.909554     -71.686356     -89.034813     -49.150845      89.684425      -7.032443       2.353843       4.092312     -49.846004     -78.414276    -235.016998      -0.723676      -1.989843      -4.433862
     -73.059853       5.590382      28.794548     130.479385     -50.084454      25.295813      54.385849     -64.101501     147.371552      11.107697       1.409833       3.091239       7.341548      -8.990382      -5.123412      27.770191      16.985624      -7.932855      20.830622      -8.665461       5.332130      87.454918      -1.246092     -87.153633     -30.630226      30.559212      33.121006      -0.019484      22.933857       0.001764     -14.872085       0.185775      -2.303325       0.254657       5.547204     -43.921577     -90.000229       0.942427      89.995346    -101.411667      -6.410165    -131.528168      29.071413     -38.157219     -33.296413     179.939209     -52.222477     179.874954      19.792805      -0.463957      -2.285738       1.056815       8.720524      -5.118517     -89.999268      12.915737      89.993767     -37.462944      48.203873     -72.781746      89.998680      76.113152      90.033821     -26.663618       0.643892       0.629486    -193.845215      87.697563      13.749131      -0.179289       3.057255      -4.198069     -33.114597      52.847317     -71.957466     -89.043465     -49.159523      89.687202      -7.003033       2.299328       4.082211     -49.760410     -78.438347    -234.912766      -0.713371      -2.018217      -4.421527
     -73.061272       5.583076      28.790205     130.485428     -50.007313      25.383026      54.214611     -64.154472     147.336655      11.037884       1.433455       3.034368       7.316569      -9.022683      -5.155563      27.779497      16.997639      -8.003691      20.978413      -8.641572       5.469642      87.496140      -1.185241     -87.086159     -30.585047      30.512583      33.044617      -0.019518      22.958120       0.001791     -14.871877       0.185726      -2.303278       0.253847       5.561850     -43.841427     -90.000214       1.027261      89.995354    -101.390907      -6.414630    -131.530304      29.092730     -38.163944     -33.284904     179.939148     -52.250988     179.874924      19.868057      -0.468072      -2.285249       1.070419       8.942702      -4.703115     -89.999260      12.961869      89.993767     -37.171238      48.194836     -72.814957      90.074348      76.127884      90.228920     -26.636541       0.910710       0.910878    -193.197342      87.595520      13.113094      -0.180718       2.953873      -4.155630     -32.942474      52.798092     -72.187637     -89.046890     -49.169403      89.688286      -6.974182       2.250524       4.069918     -49.668621     -78.463776    -234.798950      -0.702890      -2.045516      -4.410793
     -73.062439       5.577133      28.786625     130.494003     -49.939022      25.462648      54.055477     -64.201164     147.298294      10.975830       1.455106       2.983043       7.296180      -9.052149      -5.181559      27.788628      17.010321      -8.072994      21.124876      -8.617176       5.606464      87.536598      -1.125364     -87.020363     -30.536768      30.464437      32.963829      -0.019543      22.980629       0.001828     -14.871634       0.185689      -2.303232       0.254640       5.597851     -43.714603     -90.000198       1.110667      89.995354    -101.371361      -6.419789    -131.532303      29.115061     -38.171856     -33.272560     179.939072     -52.279144     179.874878      19.942894      -0.472261      -2.284780       1.079976       9.165064      -4.290437     -89.999268      13.007233      89.993797     -36.898407      48.173386     -72.816872      90.143188      76.130539      90.403992     -26.628836       1.046738       1.082022    -192.898743      87.558952      12.822893      -0.178775       2.829737      -4.110665     -32.791309      52.751984     -72.391434     -89.048233     -49.178471      89.688667      -6.944286       2.203079       4.058578     -49.571770     -78.490097    -234.676178      -0.692424      -2.071487      -4.401168
     -73.063049       5.572153      28.783689     130.505798     -49.881653      25.538090      53.907101     -64.241638     147.254623      10.921646       1.475744       2.936322       7.280125      -9.078254      -5.202154      27.797789      17.023323      -8.141365      21.270147      -8.592201       5.742596      87.577065      -1.066122     -86.955231     -30.486670      30.415266      32.880100      -0.019570      23.002008       0.001870     -14.871333       0.185656      -2.303189       0.260390       5.645170     -43.571442     -90.000183       1.192687      89.995354    -101.352524      -6.425358    -131.534164      29.137905     -38.180367     -33.259735     179.938995     -52.307026     179.874817      20.017220      -0.476350      -2.284307       1.087514       9.387363      -3.880542     -89.999268      13.051831      89.993797     -36.639481      48.146095     -72.807457      90.209511      76.099854      90.567528     -26.641483       1.082461       1.163438    -193.074844      87.605476      13.006850      -0.177170       2.860827      -4.074976     -32.656322      52.713287     -72.573433     -89.048576     -49.187477      89.688828      -6.910467       2.160029       4.043966     -49.468781     -78.517670    -234.540604      -0.681908      -2.093491      -4.392676
     -73.062927       5.568120      28.780821     130.506607     -49.850197      25.598568      53.771023     -64.269089     147.172409      10.873912       1.501859       2.916423       7.265622      -9.103042      -5.221924      27.806749      17.034536      -8.209638      21.414034      -8.565536       5.877426      87.617035      -1.008128     -86.891327     -30.438318      30.366720      32.802742      -0.019594      23.027290       0.001888     -14.871004       0.185665      -2.303199       0.267101       5.681118     -43.509109     -90.000183       1.273309      89.995361    -101.334198      -6.431016    -131.536011      29.158747     -38.188339     -33.248028     179.938950     -52.335052     179.874786      20.091188      -0.480421      -2.283819       1.093648       9.609009      -3.473551     -89.999275      13.095695      89.993797     -36.379162      48.116161     -72.797546      90.276131      76.038620      90.723518     -26.666595       1.044558       1.178216    -193.565552      87.702286      13.502998      -0.175276       2.955660      -4.043726     -32.531029      52.690834     -72.723824     -89.048943     -49.196934      89.688972      -6.874581       2.121293       4.026569     -49.361080     -78.546143    -234.396790      -0.671367      -2.112819      -4.384955
     -73.062653       5.564922      28.778389     130.505844     -49.831848      25.644360      53.659592     -64.283836     147.100357      10.831405       1.526924       2.899679       7.253911      -9.125414      -5.240001      27.814108      17.042572      -8.276788      21.555298      -8.534468       6.008430      87.661232      -0.949404     -86.823235     -30.391821      30.321136      32.721905      -0.019605      23.048515       0.001887     -14.870225       0.185593      -2.303198       0.269718       5.700273     -43.445240     -90.000183       1.352600      89.995354    -101.315193      -6.436781    -131.537811      29.175962     -38.194946     -33.238438     179.938858     -52.364052     179.874741      20.165672      -0.484525      -2.283301       1.106380       9.759761      -3.140180     -89.999260      13.138824      89.993759     -36.136032      48.078781     -72.782547      90.342072      75.955246      90.868256     -26.700575       0.959988       1.148121    -194.272842      87.823448      14.213167      -0.173350       3.064882      -4.014534     -32.433525      52.682007     -72.837509     -89.043503     -49.208591      89.687119      -6.838133       2.084776       4.008060     -49.249599     -78.575340    -234.248062      -0.660797      -2.130611      -4.377870
     -73.060661       5.562614      28.776890     130.525146     -49.831673      25.703239      53.553001     -64.291809     147.027115      10.799041       1.549837       2.877240       7.247651      -9.142282      -5.252919      27.820704      17.047749      -8.343061      21.694649      -8.499639       6.135747      87.708733      -0.890922     -86.752335     -30.348116      30.279175      32.642551      -0.019621      23.071220       0.001880     -14.869082       0.185525      -2.303222       0.274658       5.710266     -43.440125     -90.000183       1.430564      89.995354    -101.293770      -6.442814    -131.539597      29.191259     -38.200214     -33.230080     179.938782     -52.393692     179.874649      20.240528      -0.488640      -2.282804       1.132127       9.791694      -2.966322     -89.999275      13.181257      89.993698     -35.930668      47.980194     -72.765594      90.369621      75.865807      90.912407     -26.740925       0.880472       1.134653    -195.138306      87.952515      15.079521      -0.171690       3.198449      -3.988215     -32.360943      52.684662     -72.928406     -89.048424     -49.221348      89.688713      -6.802082       2.054458       3.985557     -49.134296     -78.605232    -234.093094      -0.650219      -2.146878      -4.371351
     -73.056480       5.561021      28.776522     130.566788     -49.853447      25.776249      53.458828     -64.291443     146.957428      10.781174       1.568935       2.843884       7.251522      -9.149778      -5.256041      27.826113      17.052143      -8.407567      21.831726      -8.460231       6.260297      87.762566      -0.830574     -86.675056     -30.303740      30.239283      32.550301      -0.019639      23.086081       0.001895     -14.868642       0.185451      -2.303204       0.277373       5.729328     -43.354305     -90.000168       1.507219      89.995354    -101.270210      -6.449730    -131.541275      29.207586     -38.204849     -33.221447     179.938705     -52.423050     179.874557      20.314030      -0.492728      -2.282343       1.161528       9.804456      -2.833943     -89.999275      13.222973      89.993668     -35.772457      47.855312     -72.738533      90.367073      75.768967      90.883064     -26.784145       0.831765       1.146428    -195.988815      88.067711      15.930497      -0.169793       3.343760      -3.964543     -32.313343      52.706608     -72.995880     -89.055824     -49.237049      89.691124      -6.765713       2.029416       3.961083     -49.014652     -78.635902    -233.930923      -0.639691      -2.162009      -4.365654
     -73.052719       5.559786      28.776447     130.601089     -49.876286      25.836134      53.384865     -64.289406     146.901749      10.763460       1.586294       2.814083       7.255205      -9.157332      -5.259886      27.830742      17.053394      -8.472511      21.967007      -8.418472       6.382362      87.818993      -0.770751     -86.595734     -30.261003      30.200495      32.461018      -0.019645      23.103622       0.001882     -14.867531       0.185381      -2.303222       0.282832       5.737103     -43.348427     -90.000175       1.582587      89.995361    -101.246880      -6.456332    -131.543015      29.220375     -38.208145     -33.214973     179.938644     -52.453075     179.874527      20.387175      -0.496768      -2.281860       1.192568       9.795030      -2.737338     -89.999306      13.263986      89.993668     -35.631203      47.751312     -72.711266      90.369728      75.666695      90.866959     -26.832750       0.777450       1.147429    -196.896423      88.176537      16.836180      -0.168028       3.463775      -3.941020     -32.273605      52.725365     -73.049408     -89.063538     -49.251678      89.693611      -6.730645       2.006219       3.936038     -48.892559     -78.666916    -233.765930      -0.629152      -2.176431      -4.360366
     -73.049934       5.558720      28.776386     130.622757     -49.895035      25.879318      53.326237     -64.286201     146.856628      10.745618       1.602229       2.787901       7.258957      -9.165039      -5.262880      27.833618      17.051949      -8.536569      22.099817      -8.373967       6.501402      87.876732      -0.709903     -86.515427     -30.215347      30.157255      32.365147      -0.019667      23.116438       0.001885     -14.867382       0.185337      -2.303209       0.284433       5.754761     -43.270081     -90.000153       1.656705      89.995354    -101.226753      -6.462933    -131.544632      29.232746     -38.212891     -33.208168     179.938568     -52.482952     179.874481      20.459433      -0.500793      -2.281396       1.224571       9.781439      -2.651190     -89.999321      13.304318      89.993668     -35.500332      47.657097     -72.685760      90.374359      75.566612      90.857056     -26.886143       0.717975       1.140071    -197.883072      88.280991      17.818642      -0.166386       3.563818      -3.917778     -32.238361      52.740429     -73.092911     -89.068924     -49.265221      89.695297      -6.697068       1.984721       3.910420     -48.768017     -78.698326    -233.598755      -0.618654      -2.190282      -4.355402
     -73.048203       5.557735      28.776237     130.630692     -49.908878      25.905672      53.281738     -64.282578     146.821640      10.725844       1.617494       2.766753       7.260943      -9.174148      -5.267182      27.835573      17.047409      -8.600478      22.230791      -8.327193       6.618041      87.932549      -0.650279     -86.438011     -30.168919      30.111313      32.273922      -0.019694      23.132782       0.001886     -14.867090       0.185335      -2.303222       0.288635       5.776626     -43.232422     -90.000153       1.729570      89.995338    -101.208954      -6.469339    -131.546204      29.243401     -38.218296     -33.201977     179.938492     -52.512959     179.874405      20.531281      -0.504743      -2.280912       1.256926       9.767130      -2.567791     -89.999336      13.343942      89.993683     -35.377506      47.568409     -72.661545      90.379608      75.471542      90.849915     -26.942780       0.657690       1.129494    -198.964890      88.381744      18.894640      -0.164882       3.653205      -3.895058     -32.205959      52.752296     -73.128151     -89.071129     -49.277885      89.695885      -6.664630       1.964040       3.884932     -48.641464     -78.730049    -233.429779      -0.608199      -2.203801      -4.350699
     -73.047401       5.556798      28.775990     130.626312     -49.918457      25.917242      53.249756     -64.278763     146.795670      10.704330       1.632073       2.750073       7.261794      -9.184542      -5.272558      27.836452      17.040298      -8.664597      22.359764      -8.278804       6.731993      87.989128      -0.590588     -86.360527     -30.121824      30.063761      32.181591      -0.019712      23.146729       0.001883     -14.866933       0.185309      -2.303230       0.291910       5.790553     -43.182331     -90.000137       1.801229      89.995331    -101.193703      -6.475308    -131.547699      29.252296     -38.224129     -33.196339     179.938431     -52.543163     179.874374      20.602514      -0.508685      -2.280440       1.289278       9.752513      -2.485798     -89.999336      13.382915      89.993698     -35.261410      47.483631     -72.638298      90.384727      75.382439      90.844238     -27.001436       0.598738       1.118342    -200.153214      88.478905      20.076048      -0.163507       3.735463      -3.872805     -32.175568      52.761635     -73.156509     -89.070419     -49.289845      89.695503      -6.633189       1.944479       3.859388     -48.512730     -78.762062    -233.258835      -0.597807      -2.217002      -4.346231
     -73.047966       5.555739      28.775461     130.604385     -49.919384      25.909664      53.230385     -64.275543     146.779434      10.679876       1.646282       2.738987       7.260741      -9.196813      -5.279249      27.836214      17.031025      -8.728314      22.486744      -8.228711       6.843758      88.043312      -0.531387     -86.286240     -30.071632      30.011257      32.088234      -0.019739      23.160368       0.001888     -14.867266       0.185311      -2.303209       0.294884       5.820729     -43.088512     -90.000137       1.871681      89.995331    -101.181839      -6.481112    -131.549011      29.260962     -38.231728     -33.190147     179.938370     -52.573303     179.874313      20.673258      -0.512558      -2.279929       1.321544       9.737664      -2.404512     -89.999344      13.421246      89.993698     -35.145092      47.419365     -72.617340      90.401588      75.298073      90.864647     -27.062098       0.532069       1.094317    -201.473389      88.573410      21.388142      -0.162140       3.803574      -3.850453     -32.142563      52.765121     -73.181808     -89.064690     -49.300697      89.693413      -6.602849       1.925124       3.834548     -48.382259     -78.794304    -233.086792      -0.587478      -2.230042      -4.341956
     -73.048523       5.554800      28.774969     130.582321     -49.922394      25.900620      53.213879     -64.271423     146.764435      10.655825       1.660404       2.729435       7.259026      -9.209275      -5.286782      27.835945      17.019384      -8.792854      22.612434      -8.177327       6.953530      88.096207      -0.473902     -86.214386     -30.023781      29.960188      32.003796      -0.019738      23.178978       0.001879     -14.866940       0.185317      -2.303232       0.299283       5.835054     -43.085545     -90.000130       1.940945      89.995338    -101.170486      -6.486463    -131.550232      29.266907     -38.238571     -33.185440     179.938293     -52.603874     179.874268      20.743599      -0.516435      -2.279434       1.353867       9.722765      -2.323925     -89.999344      13.458923      89.993706     -35.038284      47.326069     -72.597504      90.398888      75.221565      90.844978     -27.122263       0.483303       1.094017    -202.952499      88.664787      22.859201      -0.161146       3.884554      -3.829398     -32.115051      52.772400     -73.201019     -89.059235     -49.311943      89.691437      -6.573047       1.907125       3.809009     -48.250057     -78.826759    -232.912949      -0.577214      -2.242517      -4.337817
     -73.049446       5.553892      28.774456     130.554855     -49.923649      25.884516      53.205013     -64.266861     146.754776      10.632682       1.673600       2.721122       7.258346      -9.221178      -5.293118      27.834656      17.006535      -8.857018      22.736181      -8.124457       7.061098      88.149757      -0.415840     -86.142418     -29.973524      29.906338      31.913366      -0.019762      23.193111       0.001891     -14.867227       0.185325      -2.303222       0.302688       5.859656     -43.007019     -90.000122       2.009076      89.995338    -101.161064      -6.491667    -131.551285      29.272877     -38.246395     -33.180252     179.938232     -52.634411     179.874268      20.813326      -0.520315      -2.278973       1.385958       9.707831      -2.243916     -89.999344      13.495981      89.993706     -34.937042      47.244465     -72.577286      90.400002      75.148262      90.834602     -27.182405       0.436569       1.091229    -204.542694      88.750580      24.441086      -0.160014       3.956442      -3.808261     -32.087971      52.777168     -73.217125     -89.052597     -49.322685      89.689041      -6.543831       1.889837       3.783829     -48.116261     -78.859322    -232.737610      -0.567054      -2.254770      -4.333786
     -73.050629       5.553059      28.773920     130.523972     -49.923603      25.863827      53.201588     -64.262886     146.749420      10.608272       1.686576       2.716055       7.256204      -9.234333      -5.301316      27.831392      16.989147      -8.919840      22.856863      -8.067706       7.160292      88.202644      -0.359239     -86.072189     -29.925196      29.853838      31.829987      -0.019776      23.211653       0.001885     -14.866795       0.185328      -2.303238       0.307515       5.872546     -43.005417     -90.000122       2.076032      89.995338    -101.151978      -6.496225    -131.552200      29.276287     -38.253555     -33.176464     179.938156     -52.665600     179.874222      20.882618      -0.524154      -2.278485       1.418091       9.692865      -2.164445     -89.999344      13.532403      89.993713     -34.840126      47.168594     -72.557236      90.402802      75.078995      90.828476     -27.242590       0.389930       1.087038    -206.322449      88.833427      26.212090      -0.158954       4.022535      -3.787195     -32.060184      52.775608     -73.231468     -89.049477     -49.332066      89.687820      -6.515136       1.873789       3.758080     -47.981647     -78.891861    -232.561417      -0.557010      -2.266648      -4.329672
     -73.051758       5.552296      28.773436     130.494186     -49.923744      25.843113      53.199139     -64.258247     146.744263      10.585917       1.698790       2.711188       7.255460      -9.246527      -5.307755      27.824322      16.967562      -8.978881      22.973114      -8.005726       7.248649      88.256317      -0.301923     -86.001724     -29.874800      29.799053      31.740421      -0.019791      23.225655       0.001898     -14.867114       0.185328      -2.303227       0.310870       5.896130     -42.927197     -90.000122       2.141889      89.995331    -101.144043      -6.500459    -131.552856      29.280197     -38.261703     -33.171940     179.938095     -52.696938     179.874191      20.951307      -0.527928      -2.277990       1.449994       9.677746      -2.085444     -89.999344      13.568233      89.993721     -34.747814      47.096355     -72.537994      90.405991      75.013908      90.824150     -27.302538       0.343776       1.082038    -208.340012      88.913658      28.220711      -0.158016       4.085507      -3.766287     -32.032013      52.768803     -73.245415     -89.050133     -49.340378      89.687920      -6.486291       1.859173       3.731869     -47.846317     -78.924271    -232.383957      -0.547075      -2.278345      -4.325481
     -73.053017       5.551525      28.772907     130.462433     -49.923080      25.819971      53.198284     -64.252945     146.738739      10.565492       1.710453       2.706998       7.255865      -9.257813      -5.312346      27.814030      16.942898      -9.034189      23.085493      -7.939387       7.327804      88.314354      -0.246948     -85.928787     -29.825739      29.746782      31.658876      -0.019793      23.240379       0.001918     -14.866371       0.185301      -2.303254       0.323902       5.874300     -43.050007     -90.000130       2.206625      89.995338    -101.137161      -6.504278    -131.553207      29.286016     -38.271290     -33.165874     179.938004     -52.728138     179.874069      21.019468      -0.531699      -2.277490       1.481628       9.662607      -2.006764     -89.999344      13.603440      89.993729     -34.655396      47.024307     -72.520485      90.409187      74.951248      90.820320     -27.362623       0.299078       1.077885    -210.645569      88.991394      30.517166      -0.157148       4.147388      -3.745674     -32.004971      52.765224     -73.258163     -89.046600     -49.349487      89.686615      -6.458008       1.844073       3.706284     -47.710121     -78.956665    -232.206482      -0.537232      -2.289621      -4.321291
     -73.054535       5.550790      28.772303     130.427414     -49.920475      25.793270      53.202835     -64.250397     146.739502      10.539850       1.722857       2.708551       7.251553      -9.272763      -5.323129      27.803019      16.912533      -9.089067      23.196190      -7.871835       7.399374      88.372238      -0.187550     -85.854652     -29.779625      29.687397      31.576546      -0.019814      23.258776       0.001839     -14.867493       0.185393      -2.303334       0.327518       5.852291     -43.122925     -90.000122       2.270304      89.995316    -101.129082      -6.506895    -131.553802      29.285177     -38.277359     -33.164268     179.937927     -52.760387     179.874069      21.087427      -0.535427      -2.276996       1.513716       9.647525      -1.928720     -89.999344      13.638061      89.993713     -34.562962      46.964008     -72.502907      90.419952      74.891739      90.831779     -27.422895       0.244788       1.062627    -213.416779      89.069077      33.278690      -0.156350       4.202873      -3.724971     -31.974546      52.751858     -73.271828     -89.049141     -49.356697      89.687332      -6.429991       1.830273       3.679772     -47.573814     -78.988838    -232.028900      -0.527535      -2.300599      -4.316800
     -73.055168       5.550159      28.771877     130.400146     -49.925556      25.774345      53.205429     -64.245712     146.732910      10.519014       1.735167       2.709649       7.250822      -9.284804      -5.330888      27.790096      16.880587      -9.140915      23.304375      -7.803174       7.463220      88.428848      -0.129901     -85.783463     -29.731981      29.632410      31.490047      -0.019844      23.272869       0.001859     -14.868019       0.185396      -2.303296       0.324915       5.857414     -43.071129     -90.000114       2.332909      89.995316    -101.121559      -6.509041    -131.554184      29.284271     -38.283234     -33.162582     179.937881     -52.792637     179.874054      21.154476      -0.539100      -2.276501       1.545249       9.632246      -1.851253     -89.999336      13.672123      89.993706     -34.476177      46.889748     -72.484764      90.418419      74.834877      90.819717     -27.481955       0.202231       1.059995    -216.563110      89.142052      36.415966      -0.155506       4.267098      -3.705096     -31.948149      52.748100     -73.282806     -89.050232     -49.365761      89.687607      -6.401684       1.817023       3.653398     -47.436592     -79.020996    -231.850281      -0.517938      -2.311213      -4.312312
     -73.055779       5.549548      28.771444     130.372894     -49.930546      25.755335      53.207535     -64.240494     146.723709      10.500203       1.747328       2.711643       7.251302      -9.295624      -5.336785      27.775547      16.847225      -9.190013      23.410276      -7.733200       7.522142      88.484009      -0.073257     -85.714653     -29.681561      29.575443      31.400688      -0.019866      23.285864       0.001889     -14.868712       0.185416      -2.303252       0.322849       5.881938     -42.975517     -90.000122       2.394460      89.995338    -101.115341      -6.511117    -131.554443      29.284552     -38.290272     -33.159843     179.937790     -52.824562     179.874008      21.221043      -0.542774      -2.275991       1.576524       9.616867      -1.774118     -89.999336      13.705604      89.993706     -34.389366      46.820389     -72.466667      90.419662      74.777863      90.813263     -27.541691       0.157343       1.053992    -220.285156      89.211990      40.128555      -0.154700       4.328980      -3.685398     -31.921761      52.744633     -73.293961     -89.050629     -49.375057      89.687637      -6.373867       1.803806       3.627095     -47.298794     -79.053055    -231.671875      -0.508436      -2.321378      -4.307712
     -73.056473       5.548922      28.770937     130.344208     -49.934677      25.735140      53.209202     -64.235123     146.712296      10.482471       1.759527       2.715028       7.252197      -9.305862      -5.341591      27.759626      16.812414      -9.236927      23.514093      -7.662179       7.576702      88.537865      -0.017429     -85.647888     -29.629200      29.516459      31.310236      -0.019878      23.298666       0.001913     -14.869356       0.185431      -2.303224       0.323673       5.917524     -42.863678     -90.000099       2.454977      89.995338    -101.110313      -6.513029    -131.554626      29.285700     -38.298321     -33.156265     179.937744     -52.856236     179.873978      21.287235      -0.546417      -2.275516       1.607748       9.601478      -1.697254     -89.999336      13.738525      89.993706     -34.300816      46.751495     -72.449104      90.422050      74.720673      90.809021     -27.601992       0.110953       1.046297    -224.762085      89.278625      44.595856      -0.153906       4.391951      -3.666184     -31.895775      52.743309     -73.305092     -89.048622     -49.384949      89.686859      -6.346582       1.790259       3.601123     -47.160416     -79.085030    -231.493713      -0.499030      -2.331170      -4.303006
     -73.056953       5.548342      28.770466     130.318069     -49.939919      25.717499      53.208553     -64.229225     146.696884      10.466503       1.771897       2.719527       7.253891      -9.315247      -5.345203      27.742477      16.776743      -9.281979      23.615891      -7.591026       7.627716      88.591164       0.037740     -85.582458     -29.575771      29.456440      31.219088      -0.019892      23.311262       0.001944     -14.869884       0.185456      -2.303202       0.326968       5.958921     -42.746105     -90.000092       2.514496      89.995331    -101.105782      -6.514627    -131.554764      29.287483     -38.306866     -33.152126     179.937653     -52.887760     179.873886      21.353552      -0.550067      -2.275004       1.628736       9.583701      -1.617288     -89.999329      13.770910      89.993698     -34.213722      46.683735     -72.431091      90.424721      74.664169      90.805580     -27.662397       0.062550       1.036261    -230.190796      89.340744      50.014816      -0.153130       4.456166      -3.647373     -31.869215      52.739159     -73.317078     -89.050179     -49.394325      89.687271      -6.319091       1.777789       3.574723     -47.021770     -79.116791    -231.315018      -0.489760      -2.340832      -4.298118
     -73.057304       5.547782      28.770002     130.293060     -49.945988      25.700972      53.207249     -64.223083     146.679276      10.451653       1.784301       2.724940       7.256093      -9.324051      -5.348064      27.724615      16.741032      -9.325567      23.716116      -7.521222       7.676210      88.644402       0.092489     -85.517830     -29.521769      29.395662      31.127443      -0.019901      23.323629       0.001950     -14.870393       0.185479      -2.303176       0.332806       6.003181     -42.626549     -90.000084       2.573016      89.995331    -101.101593      -6.515835    -131.554947      29.289583     -38.315636     -33.147717     179.937607     -52.919193     179.873840      21.419159      -0.553678      -2.274516       1.645053       9.564788      -1.535793     -89.999329      13.802745      89.993690     -34.126202      46.615746     -72.412880      90.427536      74.607635      90.802498     -27.723101       0.012863       1.024822    -236.770477      89.396431      56.584740      -0.152365       4.522631      -3.629050     -31.843500      52.737057     -73.328812     -89.050705     -49.404236      89.687363      -6.291909       1.765289       3.548470     -46.882614     -79.148453    -231.136337      -0.480591      -2.350167      -4.293104
     -73.057991       5.547193      28.769438     130.264786     -49.948814      25.681236      53.206760     -64.217888     146.663025      10.435788       1.796649       2.732322       7.257446      -9.333592      -5.351490      27.705780      16.704596      -9.368007      23.814535      -7.451927       7.721767      88.697205       0.146734     -85.454285     -29.467127      29.333614      31.036110      -0.019915      23.336025       0.001964     -14.870842       0.185493      -2.303157       0.339951       6.049328     -42.506969     -90.000084       2.630543      89.995346    -101.098465      -6.516613    -131.555038      29.291468     -38.324715     -33.143276     179.937515     -52.950550     179.873764      21.484251      -0.557298      -2.274034       1.658528       9.545285      -1.453764     -89.999329      13.834039      89.993690     -34.034851      46.556469     -72.395004      90.438759      74.550911      90.814545     -27.784826      -0.046911       1.002455    -244.950607      89.444252      64.754539      -0.151687       4.587646      -3.610963     -31.816069      52.731541     -73.341919     -89.051102     -49.413704      89.687401      -6.265062       1.752670       3.522362     -46.743217     -79.179893    -230.958038      -0.471533      -2.359285      -4.287889
     -73.057884       5.546704      28.769041     130.243713     -49.958622      25.668818      53.204708     -64.211357     146.641464      10.422471       1.809463       2.739863       7.259570      -9.341908      -5.354637      27.687065      16.667446      -9.409652      23.911964      -7.382378       7.764475      88.759712       0.200776     -85.383072     -29.418867      29.274557      30.958723      -0.019921      23.352228       0.001888     -14.870532       0.185536      -2.303293       0.354649       6.002679     -42.736320     -90.000092       2.687106      89.995346    -101.093544      -6.517074    -131.555115      29.292292     -38.332321     -33.139854     179.937439     -52.981941     179.873718      21.549032      -0.560894      -2.273525       1.669751       9.525356      -1.371527     -89.999329      13.864820      89.993721     -33.947712      46.480518     -72.375412      90.436623      74.494286      90.802521     -27.845612      -0.095481       0.992980    -254.259033      89.478615      74.052963      -0.150862       4.664082      -3.593965     -31.793615      52.736366     -73.351921     -89.049728     -49.425198      89.686844      -6.238276       1.740258       3.496435     -46.602982     -79.211334    -230.779251      -0.462580      -2.368016      -4.282660
     -73.057426       5.546289      28.768753     130.225937     -49.971325      25.659153      53.206223     -64.206055     146.623825      10.407551       1.822160       2.748734       7.260860      -9.351164      -5.360664      27.668762      16.628864      -9.452089      24.008926      -7.314888       7.804128      88.819893       0.257317     -85.313835     -29.372156      29.216213      30.874487      -0.019945      23.365839       0.001884     -14.871376       0.185570      -2.303290       0.356049       5.994916     -42.734154     -90.000092       2.742740      89.995323    -101.087906      -6.516644    -131.555283      29.287851     -38.336620     -33.140083     179.937363     -53.014061     179.873672      21.612974      -0.564424      -2.273005       1.678775       9.504807      -1.289356     -89.999336      13.895074      89.993721     -33.862534      46.410938     -72.353600      90.437523      74.436996      90.795975     -27.907000      -0.148085       0.978391    -264.682983      89.497620      84.466751      -0.150067       4.738831      -3.577152     -31.771721      52.740654     -73.361115     -89.050690     -49.436550      89.687057      -6.211548       1.728517       3.470317     -46.462498     -79.242561    -230.600250      -0.453749      -2.376575      -4.277264
     -73.056824       5.545907      28.768490     130.209717     -49.984829      25.650970      53.206387     -64.200104     146.603500      10.394720       1.834579       2.757436       7.263689      -9.359084      -5.364819      27.649572      16.590706      -9.493145      24.104254      -7.247963       7.842152      88.878998       0.312739     -85.246758     -29.322706      29.157230      30.786200      -0.019947      23.377085       0.001906     -14.872225       0.185592      -2.303263       0.353153       6.010441     -42.661880     -90.000076       2.797430      89.995338    -101.083321      -6.516339    -131.555405      29.284409     -38.341888     -33.139454     179.937271     -53.045895     179.873627      21.676311      -0.567906      -2.272493       1.685658       9.483669      -1.207068     -89.999321      13.924818      89.993721     -33.776554      46.342255     -72.331268      90.439804      74.378952      90.791901     -27.969299      -0.203827       0.960465    -275.755249      89.498825      95.528763      -0.149279       4.815250      -3.560871     -31.750862      52.746464     -73.370079     -89.051147     -49.448311      89.687096      -6.185177       1.716759       3.444283     -46.321625     -79.273651    -230.421463      -0.445008      -2.384804      -4.271747
     -73.056107       5.545549      28.768246     130.195038     -49.998905      25.644297      53.204422     -64.193459     146.579727      10.383767       1.846965       2.766261       7.267636      -9.365901      -5.367251      27.630209      16.553152      -9.532638      24.198572      -7.182153       7.878625      88.936913       0.367439     -85.181610     -29.271379      29.096544      30.696131      -0.019964      23.387798       0.001931     -14.873157       0.185628      -2.303229       0.352326       6.039399     -42.564117     -90.000069       2.851205      89.995331    -101.079491      -6.516074    -131.555450      29.282309     -38.348091     -33.137817     179.937210     -53.077351     179.873596      21.739246      -0.571373      -2.272004       1.690897       9.462160      -1.124740     -89.999329      13.954077      89.993713     -33.689911      46.272736     -72.308327      90.442474      74.320099      90.788399     -28.032333      -0.261950       0.940227    -286.701324      89.481071     106.464241      -0.148483       4.894923      -3.545201     -31.730898      52.753296     -73.378967     -89.051590     -49.460373      89.687149      -6.159081       1.705142       3.418309     -46.180332     -79.304596    -230.242722      -0.436361      -2.392763      -4.266107
     -73.055855       5.545114      28.767881     130.175583     -50.008469      25.632708      53.204807     -64.187828     146.559570      10.371818       1.858983       2.776054       7.270933      -9.373268      -5.369907      27.610054      16.515808      -9.571742      24.291245      -7.116708       7.914899      88.993690       0.421455     -85.118225     -29.218727      29.034195      30.605589      -0.019974      23.398529       0.001956     -14.874035       0.185671      -2.303209       0.353943       6.075756     -42.456966     -90.000061       2.904084      89.995323    -101.076721      -6.515825    -131.555496      29.280867     -38.355198     -33.135506     179.937134     -53.108540     179.873520      21.801832      -0.574793      -2.271516       1.694407       9.440022      -1.041827     -89.999329      13.982822      89.993706     -33.598812      46.220436     -72.284843      90.459587      74.259125      90.809799     -28.096878      -0.332895       0.903416    -296.903839      89.444588     116.655670      -0.147541       4.969371      -3.529571     -31.708710      52.756104     -73.389557     -89.050797     -49.471889      89.686760      -6.133538       1.693211       3.392830     -46.038670     -79.335365    -230.064377      -0.427826      -2.400598      -4.260318
     -73.054741       5.544842      28.767694     130.165588     -50.025452      25.631012      53.197235     -64.179825     146.527161      10.364084       1.871740       2.785733       7.276341      -9.378426      -5.369997      27.589731      16.478931      -9.609810      24.382813      -7.051651       7.950029      89.050316       0.474903     -85.055832     -29.165590      28.971842      30.514416      -0.019990      23.409088       0.001969     -14.874701       0.185704      -2.303192       0.355713       6.115084     -42.346188     -90.000053       2.956079      89.995331    -101.073769      -6.515674    -131.555527      29.280083     -38.362476     -33.132771     179.937088     -53.139488     179.873474      21.864017      -0.578242      -2.271042       1.696199       9.417503      -0.958292     -89.999329      14.011112      89.993729     -33.511410      46.135487     -72.260895      90.454041      74.200089      90.792145     -28.160563      -0.390810       0.887239    -305.779144      89.391243     125.520172      -0.146930       5.064493      -3.515692     -31.691904      52.767769     -73.397415     -89.051338     -49.484982      89.686844      -6.107685       1.681881       3.366857     -45.896530     -79.366035    -229.885422      -0.419371      -2.408085      -4.254459
     -73.053398       5.544592      28.767586     130.157608     -50.043945      25.630779      53.191246     -64.171463     146.495514      10.357663       1.884146       2.794719       7.282698      -9.382607      -5.369293      27.569073      16.441820      -9.646727      24.473284      -6.986330       7.983531      89.107635       0.528173     -84.993607     -29.112425      28.909504      30.422499      -0.019998      23.419168       0.001986     -14.875406       0.185744      -2.303183       0.358799       6.155354     -42.235207     -90.000046       3.007198      89.995316    -101.070602      -6.515647    -131.555557      29.279354     -38.369652     -33.130070     179.936996     -53.170307     179.873398      21.925812      -0.581630      -2.270543       1.696949       9.394743      -0.875160     -89.999329      14.038911      89.993729     -33.425301      46.059685     -72.234459      90.453606      74.138458      90.783234     -28.224890      -0.451602       0.864859    -313.062134      89.326393     132.792404      -0.146074       5.157452      -3.502008     -31.676044      52.780548     -73.404655     -89.051552     -49.498375      89.686798      -6.082091       1.670758       3.341143     -45.753784     -79.396576    -229.706177      -0.411045      -2.415366      -4.248503
     -73.051964       5.544377      28.767513     130.150803     -50.063210      25.631535      53.186005     -64.163490     146.464615      10.350798       1.896604       2.804492       7.288349      -9.387076      -5.369685      27.548418      16.403522      -9.683030      24.562944      -6.920758       8.014996      89.164948       0.580652     -84.932182     -29.061516      28.848400      30.336781      -0.019996      23.432709       0.001980     -14.876096       0.185808      -2.303198       0.364590       6.184955     -42.194485     -90.000046       3.057455      89.995323    -101.067047      -6.515531    -131.555664      29.276936     -38.375801     -33.128555     179.936951     -53.201214     179.873352      21.987234      -0.584999      -2.270031       1.697035       9.371818      -0.792364     -89.999321      14.066263      89.993729     -33.338734      45.986115     -72.206718      90.455406      74.075386      90.777985     -28.290163      -0.515799       0.838764    -319.089203      89.251144     138.808411      -0.145213       5.251909      -3.488854     -31.660904      52.793816     -73.411491     -89.051964     -49.511902      89.686821      -6.056827       1.659752       3.315494     -45.610645     -79.426956    -229.527008      -0.402802      -2.422380      -4.242450
     -73.050346       5.544193      28.767487     130.145660     -50.083908      25.633757      53.181625     -64.155746     146.434372      10.343955       1.908886       2.814505       7.294164      -9.391561      -5.370585      27.527651      16.364626      -9.719144      24.651731      -6.855384       8.044651      89.225784       0.633933     -84.868523     -29.012011      28.788683      30.249466      -0.020008      23.443199       0.001970     -14.876548       0.185830      -2.303204       0.366884       6.198836     -42.154396     -90.000046       3.106885      89.995323    -101.063423      -6.515168    -131.555725      29.272961     -38.380989     -33.128124     179.936890     -53.232254     179.873306      22.048012      -0.588316      -2.269497       1.696441       9.348754      -0.709903     -89.999290      14.093171      89.993706     -33.251625      45.912582     -72.177765      90.457939      74.011414      90.774055     -28.356195      -0.582759       0.809880    -324.063019      89.167336     143.770981      -0.144345       5.349522      -3.476317     -31.647032      52.808968     -73.417480     -89.052025     -49.525818      89.686737      -6.031859       1.648804       3.290007     -45.467110     -79.457207    -229.347885      -0.394649      -2.429164      -4.236308
     -73.048584       5.544043      28.767504     130.142349     -50.105618      25.637611      53.175991     -64.147446     146.401962      10.338568       1.921058       2.824217       7.300963      -9.395094      -5.370254      27.506418      16.325583      -9.754171      24.739351      -6.789691       8.073145      89.286758       0.687456     -84.805435     -28.961180      28.726919      30.159273      -0.020019      23.452312       0.001969     -14.877484       0.185865      -2.303200       0.368214       6.224385     -42.074566     -90.000038       3.155493      89.995316    -101.060318      -6.515098    -131.555801      29.269526     -38.386745     -33.127224     179.936844     -53.263081     179.873306      22.108341      -0.591650      -2.268999       1.695348       9.325511      -0.627700     -89.999313      14.119607      89.993729     -33.164074      45.838188     -72.147743      90.460869      73.946404      90.770630     -28.423010      -0.652141       0.778622    -328.179413      89.076485     147.875931      -0.143455       5.450920      -3.464445     -31.634325      52.825237     -73.422951     -89.052307     -49.539967      89.686691      -6.007132       1.637994       3.264570     -45.323105     -79.487312    -229.168625      -0.386592      -2.435718      -4.230071
     -73.047256       5.543815      28.767424     130.134323     -50.123409      25.636465      53.175438     -64.141068     146.377182      10.330057       1.932940       2.835343       7.305602      -9.400438      -5.372818      27.485620      16.285414      -9.789438      24.826550      -6.724429       8.100301      89.347404       0.739969     -84.743515     -28.913027      28.666836      30.076761      -0.020034      23.465698       0.001959     -14.877965       0.185911      -2.303220       0.374393       6.235615     -42.079227     -90.000031       3.203263      89.995331    -101.057076      -6.514708    -131.555923      29.263832     -38.391338     -33.127857     179.936737     -53.294125     179.873230      22.168238      -0.594997      -2.268491       1.693860       9.302141      -0.546016     -89.999306      14.145602      89.993744     -33.072014      45.782906     -72.116676      90.480209      73.879143      90.793678     -28.491671      -0.735237       0.729418    -331.646576      88.978630     151.331009      -0.142409       5.546881      -3.452582     -31.619514      52.838287     -73.429665     -89.050636     -49.553654      89.685997      -5.982941       1.626770       3.239830     -45.178684     -79.517235    -228.989655      -0.378641      -2.442264      -4.223719
     -73.044960       5.543795      28.767561     130.137253     -50.149563      25.646469      53.165844     -64.131805     146.338882      10.326601       1.945408       2.845586       7.313251      -9.403008      -5.371899      27.464535      16.245804      -9.823734      24.912683      -6.659003       8.126725      89.409645       0.793208     -84.681046     -28.863340      28.605518      29.988150      -0.020046      23.474625       0.001967     -14.878857       0.185945      -2.303215       0.375125       6.253372     -42.016251     -90.000023       3.250251      89.995316    -101.053947      -6.514669    -131.556000      29.259178     -38.396488     -33.127750     179.936661     -53.324909     179.873184      22.227613      -0.598239      -2.268015       1.691882       9.278556      -0.464671     -89.999321      14.171158      89.993752     -32.984440      45.691925     -72.084770      90.473686      73.813881      90.774963     -28.559425      -0.804802       0.702268    -334.549072      88.874924     154.221848      -0.141670       5.665089      -3.442685     -31.610699      52.858841     -73.433044     -89.052818     -49.568604      89.686607      -5.958446       1.616507       3.214092     -45.033894     -79.547043    -228.810074      -0.370758      -2.448290      -4.217274
     -73.042282       5.543815      28.767841     130.144226     -50.178345      25.659805      53.157375     -64.121956     146.301163      10.324584       1.957619       2.854788       7.321743      -9.404510      -5.370469      27.443909      16.206112      -9.857632      24.998405      -6.593695       8.152431      89.471581       0.845737     -84.619713     -28.814686      28.544855      29.902828      -0.020051      23.486284       0.001961     -14.879731       0.186005      -2.303226       0.380400       6.272616     -41.990482     -90.000015       3.296444      89.995316    -101.049957      -6.514774    -131.556122      29.254042     -38.401070     -33.128090     179.936600     -53.355667     179.873123      22.286629      -0.601472      -2.267533       1.689617       9.254969      -0.383625     -89.999313      14.196272      89.993744     -32.899113      45.611252     -72.050209      90.472839      73.745819      90.765244     -28.628029      -0.877919       0.668023    -336.973145      88.768776     156.634247      -0.140880       5.776120      -3.432918     -31.602575      52.879166     -73.436073     -89.056496     -49.583504      89.687721      -5.933907       1.606955       3.188436     -44.888638     -79.576691    -228.629852      -0.363004      -2.454209      -4.210752
     -73.039383       5.543882      28.768200     130.153915     -50.208698      25.675535      53.148754     -64.112007     146.263260      10.323227       1.969591       2.863620       7.330856      -9.405578      -5.368806      27.423800      16.166519      -9.891265      25.083832      -6.529259       8.176796      89.536140       0.898744     -84.557129     -28.766424      28.484964      29.815155      -0.020053      23.495037       0.001963     -14.880306       0.186027      -2.303235       0.381937       6.281681     -41.954575     -90.000023       3.341871      89.995323    -101.045937      -6.514708    -131.556198      29.248209     -38.405071     -33.128975     179.936554     -53.386459     179.873093      22.345022      -0.604625      -2.267020       1.686979       9.231166      -0.302705     -89.999298      14.220984      89.993713     -32.813122      45.533119     -72.014893      90.474602      73.675751      90.759666     -28.698135      -0.955450       0.629048    -339.050751      88.658318     158.699753      -0.140304       5.881960      -3.423521     -31.595284      52.899826     -73.438789     -89.061035     -49.598446      89.689125      -5.909570       1.597625       3.162706     -44.743118     -79.606140    -228.449631      -0.355332      -2.459835      -4.204117
     -73.036308       5.543983      28.768614     130.165970     -50.240089      25.693462      53.138359     -64.101364     146.222946      10.323504       1.981465       2.871828       7.341041      -9.405566      -5.365688      27.403254      16.127167      -9.924535      25.168045      -6.464433       8.201347      89.600479       0.951872     -84.495468     -28.716862      28.423082      29.724962      -0.020069      23.502501       0.001971     -14.881454       0.186069      -2.303215       0.382300       6.302793     -41.880119     -90.000008       3.386535      89.995331    -101.042328      -6.514981    -131.556305      29.243216     -38.409767     -33.129166     179.936478     -53.417057     179.873016      22.402870      -0.607833      -2.266516       1.686616       9.207709      -0.223016     -89.999321      14.245297      89.993744     -32.726452      45.454647     -71.978798      90.477272      73.604324      90.755501     -28.769539      -1.036023       0.586962    -340.841125      88.544144     160.477692      -0.139714       5.990500      -3.414725     -31.588953      52.921021     -73.441360     -89.066238     -49.613514      89.690773      -5.885460       1.588560       3.136924     -44.597271     -79.635422    -228.269440      -0.347748      -2.465215      -4.197387
     -73.033043       5.544123      28.769085     130.180527     -50.272865      25.713638      53.127178     -64.090462     146.181610      10.324282       1.993415       2.880049       7.351221      -9.405241      -5.362633      27.383202      16.087605      -9.957721      25.251842      -6.399873       8.225429      89.663780       1.004055     -84.435501     -28.668467      28.361738      29.639418      -0.020080      23.513206       0.001971     -14.882496       0.186143      -2.303224       0.387616       6.322956     -41.853001     -90.000008       3.430444      89.995323    -101.038300      -6.515273    -131.556458      29.237667     -38.414085     -33.129791     179.936401     -53.447636     179.872940      22.460505      -0.610959      -2.266021       1.686021       9.184162      -0.143589     -89.999298      14.269176      89.993736     -32.639519      45.375435     -71.941475      90.480347      73.531662      90.751877     -28.842014      -1.119171       0.542319    -342.398895      88.426338     162.022781      -0.139109       6.102870      -3.406581     -31.583723      52.943024     -73.443504     -89.072151     -49.628750      89.692657      -5.861493       1.579765       3.111101     -44.451115     -79.664543    -228.089157      -0.340263      -2.470380      -4.190560
     -73.030220       5.544173      28.769463     130.190338     -50.301361      25.728811      53.120419     -64.081230     146.147354      10.322803       2.004754       2.888638       7.360417      -9.406106      -5.361021      27.363527      16.047911      -9.990962      25.335279      -6.336294       8.248298      89.729080       1.056569     -84.374832     -28.620441      28.300699      29.552525      -0.020085      23.521374       0.001966     -14.883207       0.186163      -2.303219       0.389354       6.332147     -41.819199     -90.000008       3.473637      89.995308    -101.034843      -6.515243    -131.556595      29.231262     -38.418015     -33.130951     179.936340     -53.478298     179.872910      22.517538      -0.614103      -2.265495       1.684670       9.160486      -0.064258     -89.999298      14.292681      89.993706     -32.547913      45.316704     -71.902985      90.501892      73.456413      90.776131     -28.916918      -1.216809       0.478503    -343.781189      88.303833     163.391693      -0.138320       6.210297      -3.398406     -31.576071      52.961346     -73.447281     -89.076141     -49.643402      89.693886      -5.838077       1.570628       3.085914     -44.304611     -79.693474    -227.909225      -0.332873      -2.475551      -4.183626
     -73.026489       5.544423      28.770042     130.210770     -50.337769      25.754869      53.104382     -64.069122     146.099609      10.326072       2.016827       2.896403       7.372222      -9.404383      -5.356116      27.343908      16.008846     -10.023380      25.417936      -6.272745       8.270936      89.794090       1.109131     -84.315178     -28.571266      28.238167      29.463203      -0.020103      23.528276       0.001975     -14.884451       0.186223      -2.303206       0.389893       6.353049     -41.747204     -90.000000       3.516094      89.995316    -101.031319      -6.515626    -131.556717      29.226025     -38.422611     -33.131298     179.936249     -53.508720     179.872833      22.574160      -0.617214      -2.265005       1.682701       9.136673       0.015078     -89.999306      14.315774      89.993690     -32.461746      45.220535     -71.862091      90.494415      73.384369      90.756470     -28.991339      -1.303701       0.434698    -344.996643      88.177032     164.593826      -0.137780       6.333385      -3.391671     -31.574434      52.987213     -73.447823     -89.083572     -49.659355      89.696281      -5.814590       1.562222       3.059894     -44.157879     -79.722244    -227.729095      -0.325542      -2.480326      -4.176594
     -73.022430       5.544647      28.770672     130.234985     -50.375668      25.785238      53.087654     -64.057709     146.052048      10.330027       2.028643       2.902865       7.384371      -9.401996      -5.351254      27.324818      15.969860     -10.055994      25.500214      -6.209361       8.293684      89.858772       1.160883     -84.256714     -28.523417      28.176743      29.377880      -0.020107      23.538136       0.001978     -14.885549       0.186314      -2.303221       0.395271       6.372498     -41.721813     -90.000000       3.557837      89.995323    -101.026794      -6.516072    -131.556885      29.220263     -38.426529     -33.132141     179.936188     -53.539146     179.872787      22.630426      -0.620316      -2.264519       1.680299       9.112872       0.094430     -89.999306      14.338478      89.993713     -32.375938      45.135700     -71.820366      90.493187      73.310570      90.746429     -29.065952      -1.393489       0.382859    -346.051056      88.050728     165.634628      -0.137105       6.454506      -3.385233     -31.571245      53.012505     -73.450859     -89.092148     -49.674873      89.699081      -5.791237       1.554849       3.033838     -44.010475     -79.750885    -227.548050      -0.318345      -2.485007      -4.169522
     -73.018051       5.544839      28.771254     130.263397     -50.414459      25.821638      53.066238     -64.048065     146.001434      10.334249       2.040233       2.908476       7.396741      -9.399411      -5.346611      27.306131      15.931182     -10.089117      25.582037      -6.146521       8.316195      89.926277       1.213119     -84.197044     -28.476265      28.116364      29.290607      -0.020105      23.545183       0.001970     -14.886337       0.186339      -2.303225       0.397066       6.380583     -41.690308     -90.000000       3.598892      89.995316    -101.021935      -6.516332    -131.557037      29.213791     -38.429775     -33.133541     179.936096     -53.569672     179.872726      22.686090      -0.623402      -2.264012       1.677369       9.088996       0.173711     -89.999290      14.360821      89.993706     -32.284737      45.052345     -71.783897      90.494720      73.235855      90.740547     -29.139936      -1.486142       0.327094    -346.984711      87.922607     166.554184      -0.136459       6.575704      -3.379182     -31.565699      53.038319     -73.458275     -89.101814     -49.690109      89.702240      -5.768304       1.548211       3.007471     -43.862801     -79.779366    -227.366974      -0.311216      -2.489385      -4.162407
     -73.013313       5.545023      28.771824     130.296768     -50.454395      25.864473      53.038483     -64.039154     145.945221      10.340191       2.051643       2.912838       7.410182      -9.395697      -5.340530      27.287500      15.893080     -10.121765      25.663092      -6.083846       8.338661      89.993774       1.265507     -84.138191     -28.427999      28.054295      29.200825      -0.020123      23.550932       0.001979     -14.887657       0.186400      -2.303211       0.397489       6.399594     -41.622177     -89.999992       3.639262      89.995308    -101.017189      -6.516866    -131.557175      29.208248     -38.433575     -33.134323     179.936020     -53.599922     179.872650      22.741318      -0.626435      -2.263507       1.673983       9.065143       0.252908     -89.999283      14.382782      89.993698     -32.188622      44.967308     -71.752724      90.497353      73.160179      90.736450     -29.213152      -1.581640       0.268010    -347.819733      87.792389     167.374817      -0.135764       6.697488      -3.373410     -31.558977      53.065014     -73.469284     -89.112755     -49.705215      89.705872      -5.745763       1.542243       2.980800     -43.714783     -79.807671    -227.185776      -0.304161      -2.493487      -4.155229
     -73.008202       5.545230      28.772434     130.335464     -50.495888      25.913591      53.005203     -64.030655     145.884003      10.347865       2.062881       2.916108       7.424587      -9.390928      -5.333182      27.269058      15.855506     -10.154085      25.743526      -6.021281       8.361110      90.061028       1.317581     -84.080406     -28.379129      27.991571      29.110102      -0.020131      23.556345       0.001989     -14.889005       0.186463      -2.303197       0.398417       6.425105     -41.541344     -89.999992       3.678943      89.995316    -101.012283      -6.517573    -131.557327      29.203529     -38.437664     -33.134552     179.935959     -53.629971     179.872604      22.796164      -0.629433      -2.263017       1.670269       9.041315       0.332072     -89.999283      14.404383      89.993683     -32.088890      44.879761     -71.725761      90.500427      73.083588      90.732826     -29.285744      -1.679950       0.205792    -348.571564      87.660034     168.111954      -0.135017       6.820033      -3.367905     -31.552128      53.092789     -73.482742     -89.125191     -49.720287      89.709991      -5.723551       1.536924       2.953839     -43.566654     -79.835793    -227.004669      -0.297182      -2.497389      -4.147963
     -73.002655       5.545481      28.773136     130.379883     -50.539886      25.968939      52.969173     -64.023178     145.821152      10.355476       2.074044       2.919198       7.438498      -9.386323      -5.327096      27.251774      15.817716     -10.187100      25.824104      -5.959524       8.383221      90.128929       1.368875     -84.023132     -28.333611      27.931932      29.026821      -0.020141      23.565636       0.001976     -14.889893       0.186528      -2.303213       0.404838       6.433773     -41.550743     -89.999992       3.717970      89.995308    -101.005951      -6.518045    -131.557571      29.196884     -38.440056     -33.136372     179.935883     -53.660275     179.872574      22.850574      -0.632430      -2.262553       1.666400       9.017444       0.411084     -89.999283      14.425593      89.993698     -31.986998      44.790195     -71.701599      90.503609      73.006279      90.729378     -29.357912      -1.781239       0.140198    -349.252228      87.525528     168.777603      -0.134227       6.943367      -3.362684     -31.546017      53.122032     -73.497360     -89.139320     -49.735405      89.714729      -5.701661       1.532266       2.926604     -43.418228     -79.863701    -226.823486      -0.290297      -2.501129      -4.140612
     -72.997581       5.545721      28.773880     130.420303     -50.579807      26.018454      52.938091     -64.016052     145.765350      10.362108       2.084222       2.922134       7.452446      -9.382122      -5.320928      27.234255      15.780303     -10.219857      25.903814      -5.898159       8.405232      90.198532       1.420980     -83.965431     -28.286554      27.870287      28.938225      -0.020148      23.570753       0.001981     -14.891139       0.186580      -2.303206       0.405488       6.446841     -41.500256     -89.999977       3.756345      89.995308    -101.000504      -6.518620    -131.557800      29.190767     -38.443043     -33.137722     179.935822     -53.690441     179.872528      22.904448      -0.635379      -2.262042       1.662125       8.993464       0.490013     -89.999283      14.446477      89.993713     -31.883131      44.722897     -71.673759      90.529099      72.923531      90.756966     -29.432528      -1.897030       0.054996    -349.886475      87.385307     169.397018      -0.133354       7.068812      -3.357794     -31.539833      53.146843     -73.511200     -89.152290     -49.750225      89.719048      -5.679771       1.527089       2.899760     -43.269939     -79.891411    -226.642853      -0.283490      -2.504728      -4.133125
     -72.991158       5.546092      28.774752     130.477097     -50.629124      26.087437      52.889763     -64.007980     145.689468      10.374192       2.095197       2.923183       7.469204      -9.374955      -5.311410      27.217093      15.743868     -10.252058      25.982973      -5.836782       8.427302      90.268082       1.472976     -83.908714     -28.238956      27.808250      28.848042      -0.020157      23.575188       0.001990     -14.892571       0.186643      -2.303192       0.406023       6.468305     -41.428513     -89.999985       3.794073      89.995316    -100.994301      -6.519595    -131.558014      29.185860     -38.446327     -33.138386     179.935745     -53.720352     179.872452      22.957947      -0.638298      -2.261534       1.657668       8.969582       0.568739     -89.999275      14.467010      89.993683     -31.775116      44.610039     -71.657310      90.519608      72.846962      90.735596     -29.506247      -2.008720      -0.013391    -350.489899      87.235786     169.983917      -0.134350       7.135182      -3.352695     -31.537487      53.181458     -73.526894     -89.169533     -49.765621      89.724838      -5.658758       1.523222       2.872339     -43.121037     -79.918961    -226.461731      -0.276760      -2.508281      -4.125581
     -72.984383       5.546481      28.775776     130.538437     -50.680264      26.160528      52.842197     -64.000336     145.615372      10.387041       2.105603       2.922740       7.486446      -9.367138      -5.301991      27.200792      15.707717     -10.284376      26.062061      -5.775889       8.449362      90.337929       1.524297     -83.852776     -28.192963      27.747755      28.761776      -0.020162      23.582361       0.001983     -14.893863       0.186739      -2.303196       0.411672       6.486464     -41.406643     -89.999992       3.831165      89.995316    -100.986732      -6.520626    -131.558289      29.180344     -38.448631     -33.139736     179.935684     -53.750298     179.872421      23.011078      -0.641209      -2.261060       1.653160       8.945676       0.647376     -89.999275      14.487191      89.993683     -31.671690      44.511826     -71.637772      90.517502      72.767044      90.724617     -29.581888      -2.133512      -0.101876    -351.038971      87.084343     170.516510      -0.137315       7.135625      -3.346614     -31.533777      53.214245     -73.544380     -89.188507     -49.780724      89.731239      -5.637555       1.520239       2.844551     -42.972088     -79.946281    -226.280472      -0.270154      -2.511514      -4.117941
     -72.977509       5.546897      28.776850     130.601883     -50.731548      26.235609      52.794235     -63.993553     145.542191      10.399670       2.115451       2.921985       7.503753      -9.359527      -5.292983      27.184935      15.671837     -10.317475      26.140701      -5.715541       8.470758      90.410774       1.576240     -83.795784     -28.147705      27.688200      28.673845      -0.020172      23.586784       0.001980     -14.894836       0.186770      -2.303200       0.413738       6.492523     -41.381634     -89.999985       3.867643      89.995316    -100.978790      -6.521231    -131.558548      29.174295     -38.450054     -33.141579     179.935608     -53.780293     179.872345      23.063602      -0.644069      -2.260576       1.648419       8.921733       0.725850     -89.999268      14.507042      89.993683     -31.569445      44.417538     -71.616844      90.518669      72.685158      90.718140     -29.658812      -2.261766      -0.195757    -351.535217      86.931366     170.995728      -0.140423       7.136015      -3.341188     -31.530748      53.246708     -73.562149     -89.208397     -49.795635      89.737968      -5.616841       1.517589       2.816485     -42.823143     -79.973412    -226.099670      -0.263595      -2.514575      -4.110202
