HIERARCHY
ROOT root
{
   OFFSET       0.000000        0.000000        0.000000
   CHANNELS 6 Xposition Yposition Zposition Xrotation Yrotation Zrotation
   JOINT LowerSpineJoint
   {
      OFFSET       0.000000        3.328345        0.000000
      CHANNELS 3 Xrotation  Yrotation Zrotation
      JOINT MiddleSpineJoint
      {
         OFFSET       4.330709        0.000000        0.000000
         CHANNELS 3 Xrotation  Yrotation Zrotation
         JOINT UpperSpineJoint
         {
            OFFSET       6.102361        0.000000        0.000000
            CHANNELS 3 Xrotation  Yrotation Zrotation
            JOINT LowerNeckJoint
            {
               OFFSET      10.236220        1.809055        0.000000
               CHANNELS 3 Xrotation  Yrotation Zrotation
               JOINT UpperNeckJoint
               {
                  OFFSET       3.543308        0.000000        0.000000
                  CHANNELS 3 Xrotation  Yrotation Zrotation
                  End Site
                  {
                     OFFSET       7.874016        0.000000        0.000000
                  }
               }
            }
            JOINT RightClavicleJoint
            {
               OFFSET       9.448819        2.047244        1.259843
               CHANNELS 3 Xrotation  Yrotation Zrotation
               JOINT RightShoulderJoint
               {
                  OFFSET      -6.220472       -1.574802        0.393701
                  CHANNELS 3 Xrotation  Yrotation Zrotation
                  JOINT RightElbowJoint
                  {
                     OFFSET     -12.500000        0.000000        0.078740
                     CHANNELS 3 Xrotation  Yrotation Zrotation
                     JOINT RightForearmTwistJoint
                     {
                        OFFSET      -5.216535        0.000000        0.000000
                        CHANNELS 3 Xrotation  Yrotation Zrotation
                        JOINT RightWristJoint
                        {
                           OFFSET      -5.314960        0.000000        0.000000
                           CHANNELS 3 Xrotation  Yrotation Zrotation
                           JOINT RightFingersJoint
                           {
                              OFFSET      -3.149608       -0.393700        0.000000
                              CHANNELS 3 Xrotation  Yrotation Zrotation
                              End Site
                              {
                                 OFFSET       0.000000        3.149606        0.000000
                              }
                           }
                        }
                     }
                  }
               }
            }
            JOINT LeftClavicleJoint
            {
               OFFSET       9.448819        2.047244       -1.259843
               CHANNELS 3 Xrotation  Yrotation Zrotation
               JOINT LeftShoulderJoint
               {
                  OFFSET      -6.220472       -1.574802       -0.393701
                  CHANNELS 3 Xrotation  Yrotation Zrotation
                  JOINT LeftElbowJoint
                  {
                     OFFSET     -12.500000        0.000000       -0.078740
                     CHANNELS 3 Xrotation  Yrotation Zrotation
                     JOINT LeftForearmTwistJoint
                     {
                        OFFSET      -5.216535        0.000000        0.000000
                        CHANNELS 3 Xrotation  Yrotation Zrotation
                        JOINT LeftWristJoint
                        {
                           OFFSET      -5.314960        0.000000        0.000000
                           CHANNELS 3 Xrotation  Yrotation Zrotation
                           JOINT LeftFingersJoint
                           {
                              OFFSET      -3.149608       -0.393700        0.000000
                              CHANNELS 3 Xrotation  Yrotation Zrotation
                              End Site
                              {
                                 OFFSET       0.000000        3.149606        0.000000
                              }
                           }
                        }
                     }
                  }
               }
            }
         }
      }
   }
   JOINT RightHipJoint
   {
      OFFSET      -3.543307        0.178739        0.000000
      CHANNELS 3 Xrotation  Yrotation Zrotation
      JOINT RightKneeJoint
      {
         OFFSET      17.204723        0.000000       -0.196850
         CHANNELS 3 Xrotation  Yrotation Zrotation
         JOINT RightAnkleJoint
         {
            OFFSET       0.000000      -17.840551       -0.161417
            CHANNELS 3 Xrotation  Yrotation Zrotation
            JOINT RightMidFootJoint
            {
               OFFSET       0.000000       -1.568898        2.523622
               CHANNELS 3 Xrotation  Yrotation Zrotation
               JOINT RightToesJoint
               {
                  OFFSET       2.677163       -0.000000        0.000000
                  CHANNELS 3 Xrotation  Yrotation Zrotation
                  End Site
                  {
                     OFFSET       2.362204        0.000000        0.000000
                  }
               }
            }
         }
      }
   }
   JOINT LeftHipJoint
   {
      OFFSET       3.543307        0.178739        0.000000
      CHANNELS 3 Xrotation  Yrotation Zrotation
      JOINT LeftKneeJoint
      {
         OFFSET      17.204723        0.000000        0.196850
         CHANNELS 3 Xrotation  Yrotation Zrotation
         JOINT LeftAnkleJoint
         {
            OFFSET       0.000000      -17.840551        0.161417
            CHANNELS 3 Xrotation  Yrotation Zrotation
            JOINT LeftMidFootJoint
            {
               OFFSET       0.000000       -1.568898       -2.523622
               CHANNELS 3 Xrotation  Yrotation Zrotation
               JOINT LeftToesJoint
               {
                  OFFSET       2.677164       -0.000000        0.000000
                  CHANNELS 3 Xrotation  Yrotation Zrotation
                  End Site
                  {
                     OFFSET       2.362205        0.000000        0.000000
                  }
               }
            }
         }
      }
   }
}
MOTION
Frames:	489
Frame Time: 0.0166667
      -0.462016      38.463867       0.928963     -13.642549       6.182290       1.694619     -24.425135     -78.672066      52.613701     -21.035540      -2.724027      -3.257493       5.690472      -4.219776     -15.759311       3.549939      -3.673263      -7.749885      -0.894261       4.419179      24.014996     105.975006      -0.820511     -94.239067       7.364056     -55.014099      80.117249      -0.051351      48.504372       0.022950     -14.037152       0.137341      -2.302182       2.872932      11.192529     -17.558691     -90.002739     -29.765312      89.993454     -86.847237       0.745770    -102.369400      68.080544     -64.263603     112.682800       0.043319     -43.512527       0.017285      48.490944      -1.931660      -1.731441      -1.907316       4.395739      32.198795     -90.000870      -2.065053      89.994904     106.385910      82.254875     165.716507      90.460159      52.562099      90.183403     -16.988184       7.778199      18.865219     120.399612      85.050858      54.516006      -5.260445       3.003906      -2.667422     -18.217154      85.470436     -80.153717     -90.150696     -22.389521      90.040482     -19.016846     -11.924952      15.503297     -59.079861     -82.204445     128.635635       4.615232      -5.144066     -24.647697
      -0.462016      38.383144       0.929158     -13.630045       6.180210       1.692692     -24.438889     -78.671646      52.608578     -21.036333      -2.725009      -3.253827       5.689741      -4.222106     -15.751741       3.538077      -3.661711      -7.736754      -0.887857       4.404088      23.959492     105.979042      -0.822488     -94.243393       7.368250     -55.018284      80.116005      -0.051467      48.505455       0.023025     -14.036156       0.137458      -2.302256       2.859344      11.173943     -17.469030     -90.003273     -29.547707      89.993767     -86.847725       0.748373    -102.371674      68.070549     -64.263443     112.677452       0.043311     -43.514591       0.017312      48.491020      -1.931692      -1.731452      -1.901030       4.388826      32.154251     -90.000900      -2.078275      89.994598     106.394890      82.260986     165.696472      90.464760      52.563293      90.178535     -16.986111       7.777996      18.861526     119.812843      84.972260      54.936634      -5.239888       2.992281      -2.654726     -18.165413      85.471436     -80.206863     -90.154800     -22.398893      90.042603     -19.028183     -11.923412      15.494974     -59.581959     -82.127541     127.774536       4.606968      -5.109351     -24.486582
      -0.486604      38.201229       0.881941     -13.386536       6.277628       1.298799     -22.837008     -78.900505      54.188812     -21.036268      -2.747401      -3.157841       5.692639      -4.232121     -15.678473       3.539863      -3.663606      -7.715094      -0.888900       4.404927      23.978466     105.976845      -0.816828     -94.237564       7.339502     -55.010117      80.099091      -0.051637      48.507778       0.023271     -14.037011       0.137696      -2.302161       2.859539      11.176806     -17.471998     -90.003273     -29.565870      89.993797     -86.835129       0.739556    -102.369080      68.094162     -64.266960     112.684601       0.043242     -43.516567       0.016907      48.490696      -1.931874      -1.731499      -1.901024       4.385709      32.155369     -90.000916      -2.077178      89.994583     105.857376      82.754364     165.860626      90.427490      52.589897      90.167030     -17.657917       7.396185      18.058857     118.758659      84.821541      55.692135      -5.239471       2.991128      -2.640419     -22.246580      85.192482     -76.391853     -90.203590     -22.503599      90.053284     -18.379173     -11.821020      15.260305     -60.802994     -82.008545     125.893967       4.614820      -5.107040     -24.348141
      -0.517585      37.966000       0.786684     -13.116230       6.435912       0.986692     -21.253012     -79.107445      55.723221     -21.036549      -2.732155      -3.125837       5.693262      -4.227942     -15.645620       3.541581      -3.662139      -7.702725      -0.890268       4.407905      23.993256     106.005066      -0.801006     -94.190559       7.296264     -54.989578      80.085495      -0.051768      48.509129       0.023493     -14.038083       0.137842      -2.302097       2.859580      11.179135     -17.475466     -90.003288     -29.582901      89.993820     -86.855247       0.729818    -102.351700      68.082489     -64.281136     112.646049       0.043150     -43.514748       0.016504      48.489960      -1.931928      -1.731692      -1.901283       4.383161      32.154221     -90.000946      -2.076137      89.994568     105.216179      83.198944     166.023071      90.414551      52.572155      90.163330     -18.332760       7.041781      17.324291     117.767952      84.690338      56.387939      -5.240807       2.994003      -2.638118     -25.271606      84.929993     -73.724281     -90.264580     -22.593252      90.066605     -17.596390     -11.744563      15.057914     -62.180252     -81.934319     123.672203       4.624972      -5.094071     -24.211061
      -0.553387      37.702007       0.642082     -12.780856       6.687147       0.756413     -19.667112     -79.297783      57.253300     -21.036886      -2.693561      -3.137690       5.692201      -4.214195     -15.646579       3.543312      -3.657155      -7.699974      -0.891933       4.413166      24.003273     106.055504      -0.777290     -94.095856       7.252872     -54.955715      80.088112      -0.051873      48.508755       0.023797     -14.039092       0.137880      -2.302008       2.859398      11.180155     -17.478199     -90.003273     -29.598488      89.993835     -86.900536       0.728960    -102.305862      68.042549     -64.296616     112.586319       0.043039     -43.509476       0.016271      48.488819      -1.931806      -1.731916      -1.902010       4.382378      32.151531     -90.000969      -2.075192      89.994568     104.446266      83.610146     166.186829      90.407837      52.531250      90.161339     -19.050150       6.707370      16.649399     116.933533      84.582245      56.974720      -5.242090       2.997298      -2.634061     -27.416796      84.689125     -72.082344     -90.348022     -22.683752      90.085007     -16.671957     -11.698738      14.887985     -63.766018     -81.903954     121.163277       4.637259      -5.063566     -24.079023
      -0.593569      37.423161       0.442356     -12.334462       7.030632       0.601216     -18.085186     -79.472595      58.788792     -21.036772      -2.645014      -3.173696       5.690703      -4.196976     -15.666953       3.545015      -3.650209      -7.702778      -0.893705       4.419621      24.010265     106.124672      -0.747202     -93.966354       7.212925     -54.908875      80.108986      -0.051931      48.507141       0.024182     -14.039968       0.137838      -2.301875       2.858954      11.179926     -17.479437     -90.003273     -29.612740      89.993858     -86.958138       0.737287    -102.236351      67.987068     -64.308372     112.522667       0.042955     -43.502346       0.016202      48.487629      -1.931622      -1.732112      -1.902801       4.382576      32.148026     -90.000969      -2.074324      89.994583     103.529610      83.978958     166.318405      90.408028      52.481300      90.161629     -19.876945       6.387406      16.050579     116.239250      84.492989      57.466820      -5.243387       3.000277      -2.628148     -28.809916      84.487938     -71.388802     -90.445602     -22.772465      90.106529     -15.580847     -11.672778      14.726236     -65.530312     -81.905716     118.449615       4.651014      -5.015788     -23.955677
      -0.638045      37.136425       0.182732     -11.743008       7.455745       0.510763     -16.515596     -79.632431      60.334782     -21.036016      -2.596141      -3.221637       5.689522      -4.180639     -15.696598       3.546616      -3.642781      -7.708420      -0.895418       4.426271      24.015242     106.208557      -0.712749     -93.821068       7.174857     -54.851585      80.142960      -0.051948      48.505096       0.024600     -14.040674       0.137765      -2.301695       2.858215      11.178899     -17.478992     -90.003250     -29.625786      89.993866     -87.018936       0.751184    -102.154945      67.927635     -64.315796     112.463890       0.042914     -43.494709       0.016227      48.486580      -1.931439      -1.732268      -1.903455       4.383219      32.144146     -90.000984      -2.073528      89.994583     102.450714      84.290840     166.392258      90.417038      52.429626      90.165062     -20.863520       6.079803      15.545266     115.669731      84.419441      57.876652      -5.244674       3.002645      -2.621157     -29.559999      84.340981     -71.571129     -90.548225     -22.852957      90.129105     -14.312201     -11.656947      14.546916     -67.415733     -81.928024     115.632614       4.665422      -4.953531     -23.844898
      -0.686552      36.843704      -0.138488     -10.989458       7.923425       0.469586     -14.972050     -79.776665      61.888905     -21.033762      -2.552099      -3.275451       5.689811      -4.166981     -15.730162       3.548100      -3.635597      -7.715926      -0.896937       4.432596      24.018356     106.308060      -0.675476     -93.681946       7.129868     -54.785786      80.178307      -0.051942      48.503651       0.025031     -14.041042       0.137725      -2.301481       2.857329      11.177688     -17.476728     -90.003250     -29.637720      89.993866     -87.070602       0.767349    -102.073090      67.863686     -64.319321     112.407166       0.042918     -43.487186       0.016286      48.485828      -1.931301      -1.732383      -1.903823       4.383781      32.139938     -90.000977      -2.072802      89.994583     101.209595      84.532356     166.379211      90.430817      52.378883      90.170258     -21.853642       5.774704      15.104545     115.233391      84.357857      58.183617      -5.245751       3.003583      -2.617666     -29.760706      84.252762     -72.556984     -90.612213     -22.917459      90.143707     -12.869742     -11.655934      14.332380     -69.678246     -81.976074     112.511459       4.676815      -4.906338     -23.738380
      -0.740992      36.545822      -0.519697     -10.065969       8.417496       0.464176     -13.480523     -79.904762      63.435806     -21.030788      -2.515881      -3.331842       5.691024      -4.157950     -15.764914       3.549304      -3.629826      -7.724448      -0.898152       4.437845      24.019955     106.414215      -0.637761     -93.558304       7.077923     -54.717010      80.209084      -0.051899      48.503105       0.025384     -14.041205       0.137705      -2.301272       2.856439      11.176741     -17.473173     -90.003250     -29.648645      89.993874     -87.113045       0.783036    -101.999832      67.798531     -64.321304     112.351692       0.042946     -43.480030       0.016348      48.485298      -1.931195      -1.732460      -1.904096       4.384503      32.135799     -90.000969      -2.072134      89.994583      99.809433      84.700890     166.271347      90.449036      52.329659      90.176979     -22.751696       5.465571      14.709221     114.889847      84.307854      58.432335      -5.246750       3.003989      -2.614932     -29.500113      84.223076     -74.263428     -90.663177     -22.973644      90.155266     -11.272793     -11.650907      14.062668     -71.762718     -82.001312     109.697823       4.687756      -4.850809     -23.652039
      -0.804609      36.243523      -0.958556      -8.965082       8.915976       0.487598     -12.084176     -80.014877      64.942390     -21.026911      -2.484516      -3.387123       5.693272      -4.151592     -15.798635       3.550310      -3.625091      -7.733400      -0.899114       4.442248      24.020424     106.523407      -0.600833     -93.452736       7.020395     -54.647991      80.233643      -0.051840      48.503498       0.025673     -14.041152       0.137700      -2.301089       2.855696      11.176214     -17.468628     -90.003227     -29.658625      89.993896     -87.142601       0.796926    -101.939217      67.727776     -64.323204     112.291374       0.042975     -43.473206       0.016392      48.484905      -1.931118      -1.732531      -1.904286       4.385304      32.131714     -90.000954      -2.071524      89.994583      98.292809      84.788094     166.022125      90.471466      52.283997      90.185265     -23.559519       5.149367      14.370861     114.625656      84.267471      58.632565      -5.247736       3.003804      -2.612161     -28.770987      84.254013     -76.710083     -90.688484     -23.027372      90.161003      -9.547493     -11.634314      13.708818     -73.466576     -81.981804     107.478722       4.698451      -4.785490     -23.582939
      -0.878821      35.933167      -1.450563      -7.684507       9.419373       0.537994     -10.820474     -80.106834      66.380974     -21.022949      -2.457051      -3.438636       5.695754      -4.146463     -15.829972       3.551155      -3.621184      -7.742202      -0.899899       4.445941      24.020029     106.625008      -0.567310     -93.366203       6.966131     -54.584148      80.254890      -0.051771      48.504440       0.025850     -14.041015       0.137705      -2.300945       2.855097      11.176048     -17.463741     -90.003212     -29.667767      89.993904     -87.162926       0.808107    -101.893288      67.659081     -64.325531     112.231941       0.043011     -43.467037       0.016450      48.484631      -1.931061      -1.732577      -1.904496       4.386339      32.127949     -90.000961      -2.070965      89.994583      96.707779      84.780434     165.593033      90.502556      52.243706      90.196732     -24.277897       4.823548      14.106168     114.428383      84.234985      58.790401      -5.248684       3.003211      -2.609666     -27.553459      84.349037     -79.907784     -90.706757     -23.077196      90.164757      -7.708280     -11.610602      13.255284     -74.642189     -81.926773     105.976242       4.705287      -4.776814     -23.502964
      -0.962893      35.611710      -1.992178      -6.221652       9.914873       0.612390      -9.722440     -80.180626      67.727180     -21.018845      -2.433181      -3.484710       5.698518      -4.141353     -15.857638       3.551915      -3.617692      -7.750400      -0.900555       4.449179      24.019129     106.716415      -0.538279     -93.302040       6.914175     -54.527962      80.269058      -0.051713      48.505878       0.025941     -14.040773       0.137732      -2.300861       2.854650      11.176324     -17.458944     -90.003197     -29.676138      89.993912     -87.173805       0.816509    -101.859970      67.594170     -64.327927     112.174759       0.043042     -43.461628       0.016479      48.484486      -1.931036      -1.732606      -1.904636       4.387297      32.124382     -90.000946      -2.070456      89.994583      95.081848      84.667427     164.960907      90.536163      52.209293      90.209137     -24.909670       4.481848      13.923323     114.285522      84.208931      58.913692      -5.249581       3.002239      -2.607309     -25.720385      84.503372     -83.982399     -90.717041     -23.124592      90.166809      -5.753582     -11.617741      12.720365     -75.715431     -81.887566     104.763100       4.711793      -4.770276     -23.425634
      -1.057222      35.343159      -2.572730      -4.640590      10.264658       0.801572      -8.972877     -80.223549      68.781395     -21.008646      -2.362430      -3.550447       5.704927      -4.110757     -15.904082       3.553569      -3.606891      -7.764304      -0.902007       4.457016      24.016706     106.848427      -0.500122     -93.227165       6.810343     -54.460335      80.245949      -0.051579      48.508461       0.025946     -14.039958       0.137773      -2.300783       2.854814      11.177885     -17.454384     -90.003174     -29.683790      89.993927     -87.159935       0.834778    -101.803078      67.425064     -64.333382     112.027435       0.043063     -43.450882       0.016391      48.484104      -1.930909      -1.732845      -1.904797       4.388499      32.117622     -90.000938      -2.069983      89.994583      93.415794      84.413620     164.175339      90.514923      52.156719      90.201096     -25.448938       4.116513      13.823463     114.146690      84.190453      59.063938      -5.250624       3.001204      -2.600941     -22.557356      84.700089     -89.744888     -90.649071     -23.430094      90.153557      -4.241422     -11.690406      12.051023     -76.224625     -81.906715     104.347054       4.717265      -4.766471     -23.356325
      -1.155093      35.120998      -3.182929      -2.936387      10.544497       1.078793      -8.491875     -80.247353      69.637138     -20.999752      -2.284149      -3.631816       5.709337      -4.073998     -15.965058       3.555135      -3.593990      -7.781928      -0.903760       4.466215      24.012083     106.975677      -0.461243     -93.142509       6.707792     -54.392483      80.225143      -0.051526      48.510662       0.026044     -14.039377       0.137781      -2.300701       2.854726      11.179335     -17.449364     -90.003166     -29.690788      89.993935     -87.161163       0.861325    -101.734413      67.240768     -64.336243     111.876747       0.043088     -43.437912       0.016557      48.483574      -1.930646      -1.733034      -1.905522       4.392326      32.110485     -90.000916      -2.069545      89.994591      91.896927      84.013489     163.088013      90.513268      52.101086      90.200180     -25.895401       3.730294      13.848746     114.035889      84.175728      59.195465      -5.251684       3.000369      -2.595544     -17.980621      84.944252     -97.074646     -90.620758     -23.710493      90.147911      -2.645917     -11.803675      11.290286     -76.619911     -81.928185     104.049660       4.723280      -4.759961     -23.282738
      -1.253609      34.932163      -3.827164      -1.053713      10.822428       1.440991      -8.286926     -80.254562      70.304970     -20.993626      -2.216653      -3.705085       5.711468      -4.040355     -16.020155       3.556505      -3.582362      -7.797410      -0.905351       4.474448      24.007616     107.075424      -0.429370     -93.065445       6.634547     -54.336800      80.219421      -0.051522      48.511871       0.026113     -14.039066       0.137756      -2.300659       2.854473      11.180130     -17.444826     -90.003159     -29.697184      89.993935     -87.180786       0.885925    -101.668259      67.113632     -64.335365     111.779831       0.043098     -43.427708       0.016769      48.483181      -1.930472      -1.733069      -1.906372       4.396433      32.104744     -90.000923      -2.069149      89.994583      90.516876      83.448471     161.662170      90.532249      52.056057      90.206902     -26.257957       3.299303      13.991188     113.954178      84.162857      59.303425      -5.252572       2.999457      -2.590988     -11.362970      85.208458    -106.641136     -90.620705     -23.943684      90.147713      -0.909737     -11.977876      10.418856     -77.002785     -81.952927     103.731850       4.729081      -4.753308     -23.211325
      -1.358506      34.764755      -4.507227       1.031637      11.232002       1.883223      -8.373247     -80.247597      70.780190     -20.993853      -2.171912      -3.763103       5.708628      -4.018946     -16.062311       3.557184      -3.575757      -7.807875      -0.906417       4.479390      24.004681     107.120728      -0.410074     -92.991913       6.616244     -54.305668      80.241364      -0.051645      48.510921       0.026120     -14.039454       0.137703      -2.300729       2.853910      11.179738     -17.442310     -90.003189     -29.703041      89.993912     -87.234390       0.901082    -101.617401      67.082596     -64.335182     111.761726       0.043040     -43.422230       0.016948      48.482677      -1.930404      -1.732946      -1.907331       4.400243      32.101875     -90.000916      -2.068806      89.994598      89.199081      82.713577     159.965988      90.573006      52.025738      90.221581     -26.541958       2.803447      14.248668     113.860298      84.151146      59.425350      -5.253402       2.999807      -2.587567      -2.465490      85.446106    -118.710640     -90.753433     -24.120770      90.173538       1.009108     -12.191462       9.390850     -77.132843     -81.957054     103.654930       4.735513      -4.740015     -23.143841
      -1.475996      34.606941      -5.221869       3.324944      11.781261       2.354729      -8.741612     -80.225517      71.079369     -20.996609      -2.160187      -3.806880       5.704741      -4.015637     -16.091827       3.557326      -3.574672      -7.814712      -0.906686       4.480705      24.002443     107.135170      -0.401433     -92.936371       6.633996     -54.291481      80.278183      -0.051728      48.508293       0.026048     -14.039793       0.137610      -2.300831       2.853357      11.177867     -17.440809     -90.003204     -29.708385      89.993881     -87.289406       0.907591    -101.582481      67.114906     -64.333145     111.795319       0.043005     -43.420822       0.017011      48.482426      -1.930470      -1.732774      -1.907899       4.402354      32.100433     -90.000908      -2.068481      89.994598      87.916702      81.854950     158.019714      90.609406      52.008343      90.234840     -26.758352       2.241554      14.601085     113.760857      84.137939      59.555950      -5.254123       3.000144      -2.584655       8.786889      85.543701    -133.348495     -90.952209     -24.240156      90.213867       3.131622     -12.512350       8.253181     -77.154526     -81.962769     103.698288       4.741003      -4.732395     -23.080116
      -1.610087      34.447208      -5.967283       5.821350      12.426213       2.828625      -9.436689     -80.184753      71.162132     -20.999683      -2.174147      -3.837746       5.701749      -4.026625     -16.110138       3.557009      -3.578117      -7.819091      -0.906283       4.479028      24.000450     107.137054      -0.399236     -92.909737       6.660361     -54.285839      80.311920      -0.051754      48.505878       0.025936     -14.039922       0.137540      -2.300924       2.852910      11.175714     -17.439472     -90.003204     -29.713289      89.993858     -87.327400       0.907770    -101.567444      67.168327     -64.330124     111.844666       0.043000     -43.421669       0.016999      48.482502      -1.930614      -1.732623      -1.908066       4.403202      32.099655     -90.000916      -2.068192      89.994583      86.661232      80.882530     155.835129      90.641777      52.000225      90.246826     -26.906189       1.605910      15.057692     113.660088      84.120461      59.691338      -5.254821       2.999716      -2.582545      21.550610      85.402863    -149.691895     -91.175308     -24.308006      90.260063       5.431026     -12.967278       7.000277     -77.128479     -81.980400     103.817444       4.745886      -4.726736     -23.021030
      -1.760445      34.300488      -6.733325       8.461859      13.149822       3.180701     -10.291926     -80.134270      71.185791     -21.004812      -2.252763      -3.892237       5.698947      -4.077603     -16.137938       3.555264      -3.591939      -7.825934      -0.904451       4.471213      23.996845     107.144867      -0.398718     -92.913628       6.652804     -54.283405      80.307068      -0.051737      48.503536       0.025794     -14.039896       0.137482      -2.301006       2.852511      11.172875     -17.438196     -90.003220     -29.717773      89.993828     -87.362427       0.906110    -101.552849      67.222260     -64.326820     111.892204       0.043007     -43.421326       0.016887      48.482559      -1.930703      -1.732617      -1.908131       4.404137      32.096893     -90.000916      -2.067917      89.994591      85.409340      79.824806     153.348450      90.641556      52.057419      90.247490     -27.120010       0.875912      15.591784     113.953812      84.026726      59.337303      -5.255395       2.996932      -2.569778      34.164280      84.942863    -165.986130     -91.135139     -24.317383      90.253265       7.875935     -13.564914       5.637517     -76.979683     -82.018059     104.108307       4.749788      -4.725856     -22.965900
      -1.914478      34.178932      -7.473114      11.129129      13.935813       3.474546     -11.400608     -80.068474      71.052788     -21.012659      -2.362441      -3.982628       5.693589      -4.150111     -16.198355       3.552131      -3.612958      -7.842510      -0.901618       4.459362      23.988304     107.144791      -0.402535     -92.917999       6.629335     -54.291267      80.273895      -0.051682      48.499619       0.025505     -14.039561       0.137368      -2.301147       2.852411      11.169053     -17.438187     -90.003197     -29.721855      89.993820     -87.411369       0.919262    -101.514427      67.252075     -64.318542     111.936623       0.042975     -43.417690       0.017104      48.482151      -1.930510      -1.732630      -1.909109       4.408780      32.093906     -90.000908      -2.067664      89.994621      84.143120      78.658981     150.760803      90.723732      52.369316      90.282707     -27.006952       0.093635      16.303698     114.169334      83.980843      59.155079      -5.256132       2.995430      -2.571595      44.720627      84.176262    -180.125717     -91.112221     -24.235380      90.248833      10.236977     -14.304665       4.141938     -76.888870     -82.094368     104.400764       4.753958      -4.720341     -22.920246
      -2.068189      34.066780      -8.160766      13.697457      14.718050       3.683151     -12.559924     -79.995987      70.886230     -21.020990      -2.500001      -4.097651       5.688080      -4.241811     -16.281143       3.548037      -3.639763      -7.866030      -0.897858       4.444096      23.975742     107.145477      -0.409054     -92.923599       6.604004     -54.302444      80.233131      -0.051579      48.494236       0.025226     -14.038773       0.137186      -2.301280       2.852527      11.163729     -17.438274     -90.003189     -29.725605      89.993797     -87.451820       0.946567    -101.460091      67.256691     -64.300377     111.981590       0.043006     -43.412182       0.017588      48.481899      -1.930219      -1.732613      -1.910473       4.416024      32.091072     -90.000885      -2.067437      89.994629      82.865593      77.521202     148.333115      90.808250      52.732056      90.319908     -26.855167      -0.691459      17.032597     114.338661      83.930290      59.034966      -5.256485       2.995643      -2.569979      52.018147      83.220673    -190.768051     -91.102135     -24.086645      90.246658      12.415316     -15.090005       2.659456     -76.724121     -82.217354     104.852539       4.758102      -4.715927     -22.879827
      -2.214523      33.958057      -8.782348      16.055223      15.441890       3.824230     -13.577849     -79.926773      70.787109     -21.029470      -2.649348      -4.227877       5.682655      -4.341877     -16.376438       3.543420      -3.669095      -7.893519      -0.893696       4.427335      23.960909     107.151413      -0.415536     -92.933334       6.571135     -54.312988      80.184784      -0.051467      48.488701       0.024985     -14.037790       0.137012      -2.301372       2.852738      11.157852     -17.438265     -90.003181     -29.729034      89.993774     -87.485062       0.981004    -101.399582      67.242485     -64.277153     112.021568       0.043060     -43.405636       0.018104      48.481800      -1.929913      -1.732594      -1.912026       4.424756      32.088314     -90.000854      -2.067234      89.994659      81.621117      76.457664     146.151978      90.874939      53.135151      90.351692     -26.679182      -1.444756      17.743341     114.499855      83.871841      58.932995      -5.256745       2.996201      -2.568978      56.686638      82.198586    -198.438309     -91.098328     -23.894041      90.245354      14.324635     -15.870081       1.240196     -76.481430     -82.396049     105.477051       4.761998      -4.712386     -22.844103
      -2.346461      33.853935      -9.325696      18.135466      16.099310       3.930222     -14.466479     -79.861359      70.736359     -21.039253      -2.800201      -4.387578       5.675747      -4.444945     -16.492270       3.538330      -3.699617      -7.926803      -0.889320       4.409942      23.943016     107.161102      -0.421388     -92.941368       6.533013     -54.324318      80.130791      -0.051377      48.482746       0.024768     -14.036839       0.136835      -2.301471       2.852978      11.151310     -17.438879     -90.003174     -29.732159      89.993752     -87.527214       1.018574    -101.333466      67.220184     -64.253128     112.057762       0.043092     -43.398033       0.018585      48.481682      -1.929604      -1.732573      -1.913862       4.434893      32.085445     -90.000832      -2.067030      89.994690      80.438248      75.486214     144.288910      90.910126      53.554680      90.372307     -26.493517      -2.141788      18.416599     114.672745      83.803520      58.826664      -5.256921       2.997001      -2.568474      59.522865      81.180664    -203.879974     -91.097771     -23.672564      90.244431      15.838980     -16.595310      -0.098558     -76.167198     -82.634041     106.269653       4.765763      -4.709058     -22.812286
      -2.458318      33.759056      -9.782396      19.888546      16.686363       4.033363     -15.242218     -79.799530      70.714973     -21.050465      -2.945601      -4.584303       5.666909      -4.547141     -16.633226       3.532861      -3.730211      -7.967283      -0.884855       4.392627      23.921356     107.178444      -0.425302     -92.943466       6.489117     -54.334614      80.072998      -0.051320      48.476242       0.024585     -14.035915       0.136675      -2.301573       2.853229      11.143992     -17.440195     -90.003181     -29.735033      89.993713     -87.585869       1.057566    -101.259354      67.195709     -64.229744     112.091759       0.043111     -43.389431       0.019013      48.481525      -1.929312      -1.732582      -1.915930       4.446129      32.082233     -90.000809      -2.066873      89.994705      79.348518      74.625282     142.785858      90.898018      53.967056      90.374504     -26.310888      -2.768250      19.033546     114.807518      83.727005      58.765793      -5.257046       2.997962      -2.568247      61.128330      80.214264    -207.656021     -91.098129     -23.434938      90.243553      16.900803     -17.235313      -1.338285     -75.774712     -82.929283     107.202148       4.769441      -4.706006     -22.782526
      -2.547580      33.674080     -10.145876      21.291939      17.209013       4.140531     -15.914685     -79.742004      70.720123     -21.063406      -3.087765      -4.813005       5.656038      -4.650034     -16.796167       3.526985      -3.761289      -8.014313      -0.880255       4.375105      23.896214     107.201912      -0.427474     -92.936661       6.444849     -54.343109      80.017380      -0.051266      48.469105       0.024438     -14.035028       0.136489      -2.301661       2.853457      11.135780     -17.441908     -90.003166     -29.737654      89.993698     -87.661621       1.097394    -101.178818      67.176849     -64.206787     112.130516       0.043118     -43.380348       0.019411      48.481304      -1.929037      -1.732593      -1.918256       4.458395      32.079052     -90.000778      -2.066711      89.994728      78.387039      73.878441     141.649307      90.863670      54.360405      90.366806     -26.138338      -3.313923      19.588934     114.917595      83.642822      58.735592      -5.257153       2.998864      -2.568339      61.949261      79.338684    -210.189728     -91.098709     -23.185612      90.242653      17.498697     -17.774237      -2.467644     -75.304283     -83.275757     108.187904       4.772991      -4.703130     -22.754248
      -2.611382      33.598202     -10.411901      22.337694      17.663570       4.266437     -16.513119     -79.687881      70.732025     -21.077541      -3.224032      -5.062115       5.643691      -4.751098     -16.973753       3.520895      -3.792037      -8.065924      -0.875643       4.357814      23.868546     107.229584      -0.428326     -92.921730       6.404472     -54.349693      79.967995      -0.051221      48.461491       0.024324     -14.034138       0.136304      -2.301730       2.853666      11.126831     -17.443769     -90.003181     -29.740053      89.993668     -87.748856       1.137584    -101.094475      67.164665     -64.183754     112.175331       0.043115     -43.371304       0.019786      48.481071      -1.928775      -1.732582      -1.920761       4.471344      32.076153     -90.000755      -2.066559      89.994751      77.582825      73.253937     140.865845      90.801979      54.731529      90.346909     -25.976822      -3.776077      20.084356     114.988571      83.552673      58.748821      -5.257249       2.999733      -2.568744      62.292931      78.571053    -211.779114     -91.094543     -22.929415      90.240723      17.645119     -18.210197      -3.483434     -74.706223     -83.661270     109.275223       4.776312      -4.700738     -22.727631
      -2.646960      33.531685     -10.579199      23.029228      18.041544       4.418814     -17.058498     -79.636551      70.739464     -21.092314      -3.354022      -5.319769       5.630599      -4.848861     -17.157438       3.514793      -3.821810      -8.119632      -0.871126       4.341096      23.839684     107.260414      -0.428201     -92.902519       6.367236     -54.354404      79.923874      -0.051171      48.453751       0.024249     -14.033235       0.136121      -2.301794       2.853838      11.117424     -17.445627     -90.003174     -29.742239      89.993629     -87.841606       1.177096    -101.008583      67.159126     -64.160553     112.225334       0.043114     -43.362637       0.020126      48.480892      -1.928568      -1.732567      -1.923306       4.484477      32.073532     -90.000732      -2.066425      89.994774      76.953033      72.753510     140.417343      90.717278      55.077755      90.316025     -25.853136      -4.154238      20.515293     115.027695      83.450317      58.784527      -5.257342       3.000611      -2.567968      62.359348      77.923691    -212.626938     -91.083527     -22.670927      90.237312      17.369099     -18.547201      -4.382139     -73.945343     -84.072350     110.501625       4.779425      -4.698735     -22.702028
      -2.652041      33.475319     -10.649229      23.381599      18.331720       4.602924     -17.573099     -79.587280      70.730042     -21.107157      -3.477088      -5.573846       5.617485      -4.941907     -17.338465       3.508852      -3.850114      -8.172906      -0.866801       4.325209      23.810980     107.293480      -0.427305     -92.883720       6.330680     -54.357239      79.882523      -0.051134      48.446350       0.024186     -14.032337       0.135966      -2.301822       2.854008      11.107975     -17.447334     -90.003189     -29.744261      89.993599     -87.934753       1.214750    -100.924118      67.160263     -64.137482     112.279266       0.043120     -43.354679       0.020398      48.480782      -1.928404      -1.732539      -1.925809       4.497333      32.071159     -90.000732      -2.066311      89.994774      76.505074      72.376289     140.280594      90.613014      55.394588      90.275314     -25.782784      -4.445499      20.872328     115.047485      83.334503      58.820202      -5.257411       3.001461      -2.567111      62.276516      77.402969    -212.877701     -91.066101     -22.415918      90.232521      16.722166     -18.792601      -5.157362     -72.992424     -84.494949     111.899300       4.782378      -4.696939     -22.676798
      -2.626208      33.430283     -10.625256      23.419744      18.531454       4.819792     -18.078648     -79.539398      70.691696     -21.121813      -3.592595      -5.812409       5.604742      -5.029204     -17.508135       3.503218      -3.876643      -8.223022      -0.862757       4.310289      23.783899     107.325562      -0.426033     -92.867142       6.295203     -54.359005      79.843567      -0.051101      48.439590       0.024141     -14.031530       0.135847      -2.301834       2.854142      11.098819     -17.448866     -90.003189     -29.746082      89.993584     -88.025314       1.249064    -100.844528      67.169685     -64.115433     112.336586       0.043111     -43.347725       0.020588      48.480728      -1.928290      -1.732503      -1.928226       4.509588      32.069111     -90.000710      -2.066193      89.994789      76.243065      72.121620     140.424774      90.488747      55.678669      90.224533     -25.778278      -4.648503      21.130903     114.937523      83.213341      58.960030      -5.257444       3.002425      -2.566101      62.118168      77.007133    -212.634979     -91.046959     -22.174335      90.227432      15.779938     -18.959948      -5.810686     -71.828766     -84.915749     113.490845       4.785188      -4.694998     -22.651203
      -2.573083      33.404434     -10.516202      23.174232      18.655956       5.072696     -18.595057     -79.491928      70.608498     -21.136185      -3.697701      -6.030665       5.592527      -5.109303     -17.660690       3.498045      -3.900975      -8.267767      -0.859107       4.296584      23.759806     107.357376      -0.423222     -92.851219       6.258502     -54.358711      79.806618      -0.051101      48.433708       0.024146     -14.030968       0.135777      -2.301828       2.854169      11.090260     -17.450338     -90.003197     -29.747763      89.993561     -88.115639       1.276704    -100.772255      67.190865     -64.097061     112.394333       0.043094     -43.341896       0.020635      48.480675      -1.928253      -1.732491      -1.930444       4.520597      32.067055     -90.000710      -2.066095      89.994804      76.152672      71.977623     140.834579      90.337662      55.910011      90.160309     -25.826563      -4.795600      21.328684     114.851540      83.080040      59.055679      -5.257673       3.003128      -2.565027      61.904007      76.719795    -211.975662     -91.046883     -21.965761      90.226578      14.581764     -19.084824      -6.414593     -70.437775     -85.322952     115.295914       4.787729      -4.692788     -22.625050
      -2.498106      33.400124     -10.333118      22.691332      18.715639       5.353827     -19.142834     -79.443512      70.467857     -21.149403      -3.791185      -6.219647       5.581669      -5.181112     -17.790239       3.493481      -3.922622      -8.305819      -0.855888       4.284332      23.739260     107.390465      -0.418651     -92.836693       6.222707     -54.354431      79.775490      -0.051103      48.428955       0.024198     -14.030566       0.135745      -2.301799       2.854095      11.082495     -17.451233     -90.003204     -29.749298      89.993561     -88.199783       1.296423    -100.712486      67.223938     -64.082787     112.451477       0.043075     -43.337555       0.020555      48.480644      -1.928307      -1.732489      -1.932386       4.530010      32.065098     -90.000717      -2.066013      89.994797      76.215004      71.926636     141.473145      90.157555      56.070717      90.081711     -25.870762      -4.908676      21.596104     114.797287      82.931664      59.090618      -5.258093       3.003541      -2.564018      61.660221      76.523003    -210.984909     -91.065582     -21.786818      90.229828      13.110058     -19.181612      -7.003843     -68.789543     -85.706543     117.338371       4.790138      -4.690621     -22.599884
      -2.405919      33.415192     -10.086574      22.020596      18.711306       5.660313     -19.752060     -79.391777      70.248108     -21.160326      -3.869084      -6.368753       5.573077      -5.241247     -17.890471       3.489769      -3.940519      -8.335616      -0.853241       4.274122      23.722967     107.422943      -0.413091     -92.825974       6.191379     -54.346481      79.753006      -0.051119      48.425587       0.024312     -14.030247       0.135757      -2.301735       2.853952      11.075760     -17.451406     -90.003227     -29.750713      89.993553     -88.269028       1.308322    -100.669945      67.263618     -64.072380     112.504303       0.043062     -43.334942       0.020381      48.480679      -1.928420      -1.732477      -1.934200       4.537857      32.063480     -90.000732      -2.065925      89.994789      76.396400      71.945099     142.308365      89.966370      56.158657      89.997055     -25.915749      -4.968201      21.885050     114.740311      82.770683      59.099564      -5.258361       3.004122      -2.562825      61.410400      76.401169    -209.745132     -91.091515     -21.640059      90.234650      11.439035     -19.238836      -7.523287     -66.873894     -86.059982     119.633713       4.792592      -4.688058     -22.574102
      -2.301824      33.446606      -9.789564      21.214081      18.649393       5.984626     -20.440105     -79.335182      69.938019     -21.168461      -3.929852      -6.470886       5.567209      -5.288024     -17.956097       3.487071      -3.954106      -8.355481      -0.851265       4.266267      23.711851     107.452034      -0.407169     -92.821632       6.165818     -54.336086      79.739166      -0.051128      48.423786       0.024453     -14.030067       0.135812      -2.301648       2.853695      11.070282     -17.450821     -90.003235     -29.751993      89.993553     -88.319328       1.311659    -100.647995      67.307945     -64.066376     112.550064       0.043059     -43.334164       0.020125      48.480782      -1.928608      -1.732466      -1.935651       4.543692      32.062225     -90.000732      -2.065848      89.994766      76.676399      72.021515     143.284897      89.765907      56.164349      89.908134     -25.852924      -4.995357      22.119089     114.751129      82.586952      58.996784      -5.258376       3.004638      -2.562843      61.162136      76.338188    -208.326172     -91.122093     -21.528341      90.240524       9.670384     -19.263693      -7.964267     -64.685005     -86.377159     122.188927       4.794991      -4.685102     -22.547428
      -2.191573      33.491009      -9.456057      20.327005      18.536318       6.307072     -21.206038     -79.273537      69.543846     -21.173742      -3.976925      -6.522435       5.564364      -5.323017     -17.984236       3.485368      -3.963682      -8.364533      -0.849924       4.260596      23.706425     107.477272      -0.401235     -92.826500       6.143226     -54.323784      79.730438      -0.051155      48.423672       0.024618     -14.030003       0.135917      -2.301543       2.853370      11.066320     -17.449425     -90.003250     -29.753176      89.993553     -88.348282       1.306150    -100.647224      67.355698     -64.065010     112.587120       0.043059     -43.335178       0.019761      48.480930      -1.928844      -1.732472      -1.936756       4.547444      32.061157     -90.000748      -2.065773      89.994751      77.035973      72.149460     144.342377      89.561096      56.102455      89.818192     -25.700729      -5.003269      22.283960     114.809097      82.385292      58.811890      -5.258456       3.005137      -2.562157      60.916504      76.312172    -206.795151     -91.113594     -21.452223      90.238533       7.890100     -19.264818      -8.333798     -62.208221     -86.653290     125.018440       4.797229      -4.682425     -22.519936
      -2.080059      33.548370      -9.095682      19.409451      18.390963       6.613343     -22.048405     -79.206818      69.071953     -21.176769      -4.013132      -6.522004       5.564014      -5.348032     -17.975166       3.484581      -3.969827      -8.362570      -0.849202       4.256837      23.707104     107.494514      -0.395959     -92.837044       6.122446     -54.311813      79.723404      -0.051203      48.424953       0.024777     -14.030134       0.136054      -2.301436       2.852976      11.063887     -17.447502     -90.003281     -29.754253      89.993561     -88.359818       1.293891    -100.661995      67.404930     -64.067970     112.615898       0.043043     -43.337524       0.019355      48.480995      -1.929107      -1.732484      -1.937586       4.549389      32.060234     -90.000778      -2.065715      89.994736      77.447762      72.314857     145.422958      89.357613      56.031864      89.730370     -25.455994      -4.991075      22.402885     114.951263      82.183167      58.543285      -5.258616       3.005897      -2.561970      60.681332      76.323441    -205.214874     -91.110146     -21.410316      90.237656       6.171073     -19.254721      -8.644997     -59.590927     -86.891891     127.940727       4.799589      -4.678452     -22.491846
      -1.971635      33.615971      -8.715068      18.486242      18.230934       6.888669     -22.950977     -79.135811      68.538223     -21.178137      -4.042446      -6.476647       5.565602      -5.366134     -17.934689       3.484523      -3.973531      -8.351119      -0.848965       4.254432      23.713099     107.502037      -0.392052     -92.849541       6.106849     -54.301689      79.719521      -0.051255      48.427025       0.024914     -14.030403       0.136201      -2.301355       2.852489      11.062550     -17.445253     -90.003288     -29.755245      89.993599     -88.356445       1.277420    -100.687500      67.454536     -64.073586     112.639198       0.043014     -43.340908       0.018943      48.480972      -1.929354      -1.732496      -1.938192       4.549883      32.059528     -90.000801      -2.065641      89.994720      77.897346      72.516388     146.505463      89.163841      55.961414      89.647911     -25.135277      -4.963402      22.474894     115.144653      81.988220      58.232227      -5.258800       3.006324      -2.561483      60.452263      76.368439    -203.609390     -91.108780     -21.396751      90.237297       4.542054     -19.236197      -8.899444     -56.879303     -87.095222     130.895126       4.801906      -4.674321     -22.464483
      -1.874135      33.688900      -8.319610      17.571270      18.108755       7.089771     -23.865736     -79.065857      67.990105     -21.181068      -4.079277      -6.395938       5.566785      -5.388296     -17.868521       3.484520      -3.978214      -8.331207      -0.848841       4.251363      23.723824     107.489685      -0.390860     -92.855087       6.106922     -54.296982      79.725899      -0.051355      48.428886       0.025044     -14.031088       0.136332      -2.301305       2.851758      11.061658     -17.443161     -90.003296     -29.756142      89.993607     -88.351280       1.256817    -100.723503      67.517540     -64.082245     112.668922       0.042966     -43.345261       0.018608      48.480713      -1.929558      -1.732490      -1.938838       4.549859      32.059410     -90.000824      -2.065588      89.994713      78.379013      72.713860     147.588898      89.083549      55.886829      89.615700     -24.756393      -4.914499      22.505371     115.486710      81.795403      57.780437      -5.259137       3.006187      -2.560534      60.210384      76.452850    -201.980377     -91.101181     -21.407768      90.235718       3.002740     -19.215160      -9.104203     -54.201309     -87.269699     133.762085       4.804330      -4.668808     -22.438566
      -1.796052      33.763008      -7.914265      16.666849      18.053825       7.228849     -24.823263     -78.991707      67.391037     -21.182886      -4.108288      -6.289058       5.568836      -5.406257     -17.784811       3.484951      -3.981766      -8.305737      -0.848924       4.248837      23.737722     107.467293      -0.391326     -92.846901       6.128558     -54.295170      79.750656      -0.051439      48.429916       0.025155     -14.031830       0.136400      -2.301283       2.850972      11.060598     -17.441269     -90.003326     -29.756979      89.993599     -88.337410       1.232888    -100.766647      67.584679     -64.092873     112.697800       0.042929     -43.350674       0.018272      48.480377      -1.929761      -1.732478      -1.939303       4.548611      32.059708     -90.000839      -2.065530      89.994705      78.855492      72.917755     148.692566      89.099960      55.814518      89.625145     -24.329559      -4.861617      22.499910     115.852531      81.610191      57.312023      -5.259353       3.006545      -2.559666      59.978485      76.568306    -200.360626     -91.097870     -21.433674      90.234909       1.542665     -19.192795      -9.278274     -51.504200     -87.415733     136.603851       4.806502      -4.664179     -22.413801
      -1.729005      33.835930      -7.503635      15.772023      18.025120       7.357649     -25.839659     -78.909042      66.719955     -21.181229      -4.114141      -6.164184       5.573009      -5.406301     -17.691095       3.486336      -3.979632      -8.277822      -0.849706       4.249705      23.753038     107.444664      -0.392241     -92.841095       6.153950     -54.293335      79.778854      -0.051483      48.431492       0.025225     -14.032456       0.136479      -2.301251       2.850275      11.060210     -17.439257     -90.003326     -29.757734      89.993599     -88.308685       1.209524    -100.810921      67.636353     -64.103050     112.713806       0.042911     -43.356247       0.017970      48.480202      -1.929950      -1.732476      -1.939404       4.546190      32.059948     -90.000870      -2.065490      89.994690      79.339119      73.148170     149.788788      89.108627      55.743801      89.630684     -23.863651      -4.813122      22.453836     116.075569      81.442223      56.979576      -5.259452       3.010173      -2.554275      59.748787      76.687912    -198.747604     -91.093330     -21.471266      90.233856       0.150925     -19.169765      -9.428618     -48.831879     -87.537331     139.384628       4.808505      -4.660480     -22.390125
      -1.668094      33.905544      -7.091367      14.889343      17.993141       7.487955     -26.899063     -78.817726      65.989799     -21.176027      -4.099821      -6.029088       5.579458      -5.390098     -17.592562       3.488536      -3.972541      -8.249100      -0.851049       4.253539      23.768843     107.426933      -0.393389     -92.847961       6.170411     -54.291286      79.797791      -0.051488      48.434113       0.025253     -14.032859       0.136587      -2.301226       2.849820      11.060853     -17.437218     -90.003326     -29.758425      89.993614     -88.265327       1.188308    -100.853088      67.669754     -64.111504     112.716896       0.042925     -43.361710       0.017725      48.480240      -1.930112      -1.732484      -1.939154       4.542784      32.059986     -90.000870      -2.065444      89.994667      79.805191      73.398277     150.885818      89.112778      55.671890      89.633583     -23.372467      -4.779540      22.360006     116.201653      81.284492      56.742283      -5.259229       3.013164      -2.545146      59.519936      76.811836    -197.147324     -91.090981     -21.520103      90.233284      -1.177706     -19.145823      -9.556472     -46.196701     -87.638420     142.098694       4.810310      -4.657705     -22.367504
      -1.608341      33.970558      -6.679756      14.019277      17.930052       7.626769     -27.981312     -78.719276      65.219116     -21.168631      -4.071330      -5.890302       5.587231      -5.361928     -17.493217       3.491207      -3.962175      -8.220584      -0.852795       4.259384      23.784595     107.413170      -0.394695     -92.872017       6.170298     -54.289757      79.799355      -0.051463      48.438122       0.025218     -14.033147       0.136736      -2.301209       2.849559      11.062874     -17.435293     -90.003326     -29.759062      89.993645     -88.213814       1.170016    -100.892189      67.686562     -64.118484     112.709312       0.042955     -43.366680       0.017567      48.480408      -1.930256      -1.732504      -1.938730       4.539067      32.059937     -90.000877      -2.065407      89.994652      80.245766      73.654686     151.982590      89.114334      55.595631      89.635101     -22.864784      -4.758774      22.221638     116.332741      81.128769      56.506149      -5.258901       3.001991      -2.534564      59.285805      76.938004    -195.556793     -91.087059     -21.581396      90.232475      -2.453347     -19.121902      -9.665499     -43.627422     -87.723709     144.722382       4.811996      -4.655318     -22.346052
      -1.551356      34.029591      -6.270965      13.166032      17.869240       7.764298     -29.069132     -78.616089      64.426285     -21.161329      -4.036810      -5.749984       5.594594      -5.328893     -17.393877       3.493961      -3.951046      -8.191816      -0.854671       4.265701      23.800625     107.393456      -0.397701     -92.902550       6.166459     -54.292736      79.792404      -0.051468      48.442497       0.025143     -14.033526       0.136876      -2.301224       2.849417      11.065705     -17.434072     -90.003319     -29.759647      89.993668     -88.166229       1.153349    -100.927925      67.703766     -64.125107     112.704094       0.042966     -43.371559       0.017467      48.480511      -1.930346      -1.732487      -1.938335       4.535405      32.060242     -90.000885      -2.065373      89.994644      80.674507      73.907524     153.068756      89.114235      55.516838      89.636093     -22.348562      -4.742464      22.053802     116.441093      80.981186      56.294239      -5.259050       2.983552      -2.522880      59.047878      77.055916    -193.985092     -91.079453     -21.652822      90.230980      -3.687123     -19.099876      -9.764066     -41.135887     -87.797852     147.247726       4.813650      -4.652634     -22.325745
      -1.500817      34.089195      -5.880773      12.340908      17.887848       7.903982     -30.149323     -78.510246      63.618855     -21.156532      -3.998670      -5.615643       5.599635      -5.293599     -17.294529       3.496616      -3.940055      -8.161407      -0.856669       4.272001      23.817913     107.362358      -0.401432     -92.929794       6.164379     -54.301628      79.782730      -0.051574      48.446632       0.025071     -14.034454       0.137022      -2.301299       2.849127      11.068951     -17.434275     -90.003334     -29.760159      89.993683     -88.143021       1.132925    -100.957970      67.747116     -64.134758     112.714722       0.042948     -43.376926       0.017295      48.480427      -1.930467      -1.732479      -1.937906       4.531192      32.060604     -90.000900      -2.065347      89.994629      81.048729      74.135971     154.173004      89.113708      55.424591      89.636810     -21.841127      -4.737525      21.861698     116.360397      80.857971      56.216637      -5.262188       2.976123      -2.539762      58.822342      77.149185    -192.465057     -91.131256     -21.688944      90.242096      -4.686128     -19.094170      -9.818738     -38.165440     -87.857765     150.070038       4.816680      -4.644528     -22.294771
      -1.465403      34.148117      -5.527431      11.592467      17.997427       7.999751     -31.196196     -78.404114      62.825161     -21.152653      -3.970014      -5.487169       5.604482      -5.265194     -17.194826       3.499062      -3.930784      -8.130790      -0.858445       4.277248      23.835402     107.340462      -0.402641     -92.957260       6.154359     -54.306168      79.770233      -0.051658      48.450924       0.025072     -14.035393       0.137164      -2.301322       2.848754      11.072269     -17.434238     -90.003357     -29.760643      89.993683     -88.128906       1.107570    -100.986725      67.812996     -64.145912     112.738091       0.042933     -43.383186       0.017000      48.480373      -1.930644      -1.732497      -1.937124       4.525479      32.060406     -90.000916      -2.065308      89.994629      81.375671      74.375580     155.219757      89.123917      55.313148      89.642189     -21.410114      -4.755650      21.618977     116.047295      80.766640      56.328430      -5.267978       2.983505      -2.581225      58.572800      77.213615    -191.026779     -91.116982     -21.694563      90.240067      -5.450644     -19.100267      -9.825374     -34.757370     -87.878952     153.118744       4.818488      -4.641053     -22.272196
      -1.447330      34.201748      -5.219074      10.964249      18.150452       8.071962     -32.256538     -78.290138      62.002968     -21.146461      -3.934830      -5.355082       5.611352      -5.233153     -17.091976       3.501734      -3.920263      -8.100286      -0.860330       4.283207      23.852825     107.337700      -0.399434     -92.989326       6.128920     -54.300724      79.753098      -0.051684      48.456566       0.025151     -14.036087       0.137316      -2.301265       2.848454      11.076565     -17.432955     -90.003342     -29.761087      89.993698     -88.102814       1.081163    -101.019005      67.868645     -64.157402     112.751106       0.042937     -43.389690       0.016704      48.480465      -1.930839      -1.732522      -1.936008       4.518610      32.060005     -90.000931      -2.065277      89.994606      81.648056      74.604698     156.147263      89.144684      55.190002      89.652176     -21.123993      -4.798700      21.347736     115.603127      80.697678      56.580227      -5.273991       2.998219      -2.622986      58.288528      77.271645    -189.735001     -91.110199     -21.708700      90.239586      -6.027649     -19.126253      -9.816362     -31.546745     -87.908676     155.930893       4.820078      -4.638083     -22.251930
      -1.445629      34.245991      -4.959504      10.467615      18.328167       8.123935     -33.321239     -78.168922      61.162495     -21.138388      -3.892278      -5.220892       5.619734      -5.196129     -16.988266       3.504636      -3.908111      -8.070319      -0.862380       4.290140      23.869936     107.347740      -0.393478     -93.028008       6.090851     -54.288795      79.730255      -0.051695      48.463436       0.025260     -14.036580       0.137488      -2.301163       2.848224      11.081903     -17.430742     -90.003319     -29.761490      89.993729     -88.065369       1.055571    -101.054825      67.907463     -64.169014     112.750290       0.042942     -43.395882       0.016450      48.480648      -1.931004      -1.732543      -1.934710       4.511335      32.059555     -90.000946      -2.065260      89.994583      81.864586      74.816109     156.934799      89.173683      55.061317      89.665634     -21.001093      -4.864096      21.064793     115.064880      80.646217      56.960693      -5.278840       3.017177      -2.651737      57.987957      77.322792    -188.625809     -91.107140     -21.735229      90.239807      -6.425947     -19.166739      -9.809611     -28.477499     -87.947433     158.597122       4.821479      -4.635587     -22.233273
      -1.458957      34.277023      -4.750527      10.108154      18.518976       8.155232     -34.375309     -78.042229      60.319805     -21.129135      -3.844281      -5.086531       5.628953      -5.155079     -16.885712       3.507673      -3.894833      -8.041200      -0.864549       4.297756      23.886572     107.363647      -0.386775     -93.073563       6.044859     -54.274593      79.701660      -0.051681      48.471104       0.025345     -14.036926       0.137655      -2.301072       2.848107      11.088115     -17.428099     -90.003334     -29.761873      89.993744     -88.019577       1.031769    -101.092422      67.930969     -64.180244     112.738472       0.042954     -43.401619       0.016264      48.480881      -1.931143      -1.732568      -1.933326       4.504022      32.059174     -90.000961      -2.065229      89.994583      82.028786      75.005989     157.565994      89.208313      54.935974      89.681313     -21.050734      -4.948685      20.783739     114.449753      80.608299      57.470924      -5.281600       3.038226      -2.657850      57.685051      77.367241    -187.719833     -91.105759     -21.773033      90.240204      -6.650354     -19.218811      -9.817205     -25.467928     -87.995651     161.221832       4.822736      -4.633451     -22.216043
      -1.485805      34.292755      -4.592391       9.885398      18.713272       8.164354     -35.400639     -77.912590      59.493576     -21.119398      -3.793540      -4.955155       5.638418      -5.111750     -16.786823       3.510727      -3.881075      -8.013387      -0.866755       4.305696      23.902508     107.380859      -0.380591     -93.124680       5.994206     -54.261066      79.667282      -0.051669      48.479092       0.025378     -14.037161       0.137805      -2.300999       2.848108      11.094934     -17.425444     -90.003326     -29.762207      89.993767     -87.968956       1.010570    -101.128822      67.941666     -64.190575     112.718941       0.042972     -43.406776       0.016159      48.481129      -1.931236      -1.732584      -1.931929       4.496876      32.058830     -90.000961      -2.065205      89.994568      82.145760      75.173431     158.032990      89.246010      54.820251      89.698044     -21.280525      -5.049294      20.513552     113.784698      80.578835      58.072563      -5.282773       3.059348      -2.646013      57.387394      77.406738    -187.024261     -91.104843     -21.822037      90.240562      -6.714202     -19.279299      -9.846659     -22.440781     -88.052719     163.902283       4.823860      -4.631645     -22.200275
      -1.524992      34.295090      -4.483899       9.793146      18.897125       8.154892     -36.383736     -77.781952      58.696697     -21.109417      -3.740757      -4.831159       5.647812      -5.067096     -16.695076       3.513727      -3.867162      -7.987729      -0.868950       4.313789      23.917418     107.399109      -0.374949     -93.177917       5.938998     -54.248894      79.626595      -0.051646      48.487064       0.025356     -14.037288       0.137939      -2.300957       2.848251      11.102109     -17.423012     -90.003319     -29.762512      89.993790     -87.916115       0.993188    -101.160004      67.937393     -64.199646     112.690796       0.042976     -43.411018       0.016085      48.481388      -1.931289      -1.732597      -1.930584       4.490144      32.058338     -90.000954      -2.065190      89.994553      82.221413      75.317749     158.337234      89.282150      54.713089      89.713867     -21.696142      -5.162573      20.260303     113.120247      80.552017      58.678082      -5.283835       3.078265      -2.633931      57.094803      77.442909    -186.539108     -91.104225     -21.893309      90.240814      -6.665137     -19.340399      -9.909702     -19.416578     -88.115967     166.646896       4.824822      -4.630256     -22.186319
      -1.575268      34.285908      -4.421904       9.822578      19.062006       8.130564     -37.313763     -77.652420      57.940510     -21.099634      -3.686664      -4.717133       5.656681      -5.022056     -16.612858       3.516589      -3.853413      -7.964798      -0.871083       4.321846      23.930973     107.416275      -0.370080     -93.228622       5.883514     -54.238678      79.583290      -0.051628      48.494610       0.025313     -14.037325       0.138049      -2.300949       2.848505      11.109357     -17.420900     -90.003311     -29.762806      89.993797     -87.864082       0.980653    -101.184013      67.919151     -64.206978     112.656372       0.042976     -43.414192       0.016087      48.481583      -1.931288      -1.732611      -1.929348       4.484135      32.057835     -90.000961      -2.065157      89.994560      82.264069      75.436386     158.482559      89.314980      54.614040      89.728165     -22.283966      -5.283591      20.034233     112.481827      80.525284      59.260921      -5.284652       3.093525      -2.622818      56.821751      77.473564    -186.267029     -91.098206     -21.987898      90.239769      -6.530021     -19.396822     -10.016460     -16.351217     -88.180824     169.512466       4.825674      -4.629101     -22.173548
      -1.634890      34.267021      -4.401902       9.959911      19.206003       8.097435     -38.182583     -77.525993      57.233559     -21.090466      -3.631610      -4.615046       5.664584      -4.977079     -16.541822       3.519277      -3.839991      -7.944945      -0.873142       4.329778      23.942945     107.429222      -0.366616     -93.272865       5.833968     -54.231647      79.542213      -0.051607      48.501293       0.025244     -14.037323       0.138102      -2.300966       2.848850      11.116344     -17.419258     -90.003296     -29.763069      89.993813     -87.815773       0.973249    -101.199989      67.890862     -64.212196     112.619781       0.042972     -43.416393       0.016157      48.481750      -1.931247      -1.732615      -1.928223       4.478974      32.057442     -90.000969      -2.065150      89.994553      82.282021      75.524269     158.476883      89.345345      54.523987      89.741325     -22.987036      -5.408984      19.839867     111.898453      80.495201      59.787453      -5.285017       3.104047      -2.614715      56.589836      77.493462    -186.208572     -91.083412     -22.102524      90.236755      -6.331694     -19.446163     -10.173573     -13.121821     -88.234566     172.628174       4.826468      -4.627970     -22.161875
      -1.701029      34.241982      -4.417770      10.184047      19.332144       8.060723     -38.979561     -77.405441      56.586452     -21.082462      -3.577876      -4.527867       5.671018      -4.933617     -16.484182       3.521716      -3.827278      -7.928694      -0.875068       4.337379      23.953032     107.434891      -0.365248     -93.307823       5.794688     -54.229317      79.505997      -0.051584      48.506668       0.025131     -14.037293       0.138107      -2.301011       2.849257      11.122696     -17.418304     -90.003273     -29.763308      89.993835     -87.774986       0.971379    -101.205917      67.857147     -64.214806     112.585747       0.042970     -43.417667       0.016307      48.481842      -1.931160      -1.732608      -1.927282       4.474835      32.057228     -90.000961      -2.065125      89.994568      82.283195      75.579529     158.328247      89.373917      54.449154      89.753616     -23.643526      -5.538320      19.676512     111.411522      80.455322      60.207767      -5.284768       3.108778      -2.611051      56.419254      77.497551    -186.352188     -91.057838     -22.230177      90.231407      -6.097882     -19.489134     -10.385614      -9.812713     -88.289406     175.898163       4.827216      -4.627042     -22.150904
      -1.770769      34.213585      -4.462333      10.471533      19.444445       8.026443     -39.699524     -77.292725      56.004452     -21.075933      -3.527231      -4.457278       5.675736      -4.893003     -16.441080       3.523829      -3.815678      -7.916331      -0.876795       4.344374      23.961016     107.431450      -0.366428     -93.331818       5.769468     -54.232487      79.477463      -0.051580      48.510426       0.025014     -14.037227       0.138086      -2.301086       2.849708      11.128086     -17.418139     -90.003281     -29.763529      89.993828     -87.743454       0.975036    -101.201523      67.822105     -64.214417     112.558334       0.042969     -43.418179       0.016523      48.481895      -1.931046      -1.732575      -1.926508       4.471808      32.057392     -90.000938      -2.065113      89.994568      82.272720      75.601265     158.066010      89.401016      54.390926      89.765175     -24.245148      -5.669555      19.546938     111.010468      80.406235      60.536255      -5.284017       3.108496      -2.610263      56.317245      77.481224    -186.667130     -91.020607     -22.360048      90.223557      -5.837154     -19.526804     -10.648604      -6.449756     -88.340752     179.252319       4.828003      -4.625989     -22.139881
      -1.841801      34.183491      -4.528906      10.804356      19.545492       7.999089     -40.343102     -77.188835      55.487892     -21.070873      -3.480850      -4.402271       5.678809      -4.856103     -16.411449       3.525609      -3.805416      -7.907611      -0.878296       4.350620      23.966951     107.418915      -0.370126     -93.344589       5.760126     -54.240841      79.458771      -0.051559      48.512535       0.024875     -14.037147       0.138022      -2.301176       2.850178      11.132381     -17.418697     -90.003288     -29.763721      89.993805     -87.720535       0.983492    -101.188477      67.788437     -64.211029     112.539314       0.042965     -43.418144       0.016782      48.481911      -1.930913      -1.732527      -1.925968       4.469884      32.057934     -90.000938      -2.065103      89.994560      82.254463      75.589806     157.716461      89.426834      54.348396      89.776039     -24.794266      -5.801745      19.452978     110.687630      80.348190      60.780540      -5.282765       3.103797      -2.612227      56.286522      77.442680    -187.125763     -90.973770     -22.485914      90.213654      -5.565630     -19.559361     -10.956937      -2.993668     -88.381126     182.717392       4.828790      -4.624907     -22.129768
      -1.912165      34.153809      -4.612704      11.167006      19.642946       7.983398     -40.913273     -77.094368      55.034058     -21.067411      -3.439369      -4.362043       5.680233      -4.823325     -16.393648       3.527060      -3.796567      -7.901968      -0.879574       4.356060      23.971142     107.397614      -0.375983     -93.346687       5.766010     -54.253922      79.449989      -0.051560      48.513077       0.024735     -14.037104       0.137939      -2.301266       2.850629      11.135571     -17.419987     -90.003273     -29.763905      89.993805     -87.707199       0.995266    -101.168488      67.759712     -64.205452     112.529671       0.042978     -43.417763       0.017064      48.481903      -1.930781      -1.732481      -1.925634       4.468868      32.058796     -90.000931      -2.065094      89.994583      82.226074      75.543976     157.308304      89.451508      54.318966      89.786255     -25.293036      -5.934753      19.394253     110.423912      80.282410      60.960197      -5.281111       3.095969      -2.616713      56.325127      77.378952    -187.701157     -90.924911     -22.599512      90.203362      -5.273637     -19.592512     -11.295785       0.742658     -88.411530     186.468307       4.829691      -4.623491     -22.119305
      -1.980669      34.125854      -4.710433      11.549238      19.742661       7.979242     -41.412659     -77.009789      54.640938     -21.065399      -3.404479      -4.335306       5.680283      -4.795758     -16.385866       3.528175      -3.789337      -7.898977      -0.880601       4.360558      23.973768     107.370171      -0.383379     -93.340134       5.784477     -54.270245      79.450050      -0.051567      48.512306       0.024621     -14.037089       0.137829      -2.301373       2.851048      11.137696     -17.421803     -90.003281     -29.764059      89.993797     -87.702431       1.008903    -101.143700      67.738174     -64.198265     112.529495       0.042984     -43.417252       0.017320      48.481884      -1.930647      -1.732430      -1.925431       4.468504      32.059872     -90.000916      -2.065087      89.994583      82.186188      75.467087     156.861404      89.474297      54.299862      89.795624     -25.744944      -6.069174      19.366472     110.198181      80.210487      61.097313      -5.279171       3.086426      -2.623454      56.422440      77.290619    -188.364746     -90.877869     -22.695652      90.193512      -4.959623     -19.629147     -11.653864       4.817898     -88.431671     190.555893       4.830578      -4.622109     -22.109592
      -2.046840      34.099804      -4.818824      11.944730      19.844446       7.984219     -41.846992     -76.934853      54.304077     -21.064529      -3.377239      -4.319563       5.679371      -4.774172     -16.385862       3.528966      -3.783874      -7.898163      -0.881366       4.364008      23.975056     107.339500      -0.391645     -93.327148       5.812283     -54.288055      79.457588      -0.051562      48.510551       0.024513     -14.037075       0.137712      -2.301456       2.851437      11.138910     -17.423931     -90.003288     -29.764206      89.993782     -87.703224       1.023496    -101.116920      67.722740     -64.189957     112.536674       0.042981     -43.416679       0.017530      48.481869      -1.930535      -1.732370      -1.925340       4.468648      32.061131     -90.000908      -2.065079      89.994606      82.135933      75.365547     156.387161      89.494255      54.289726      89.803726     -26.154667      -6.205668      19.363985     110.001282      80.132797      61.202007      -5.277009       3.075766      -2.632101      56.564137      77.182159    -189.090561     -90.833855     -22.774324      90.184319      -4.628184     -19.669285     -12.023921       9.203043     -88.440033     194.951584       4.831425      -4.620810     -22.100679
      -2.110427      34.075432      -4.934682      12.347055      19.948103       7.996572     -42.222816     -76.869019      54.017956     -21.064596      -3.357694      -4.312677       5.677761      -4.758608     -16.391777       3.529451      -3.780149      -7.899064      -0.881869       4.366411      23.975222     107.307281      -0.400330     -93.309357       5.846995     -54.306316      79.471336      -0.051561      48.508080       0.024437     -14.037056       0.137596      -2.301531       2.851770      11.139355     -17.426161     -90.003296     -29.764339      89.993752     -87.707573       1.038289    -101.090317      67.711739     -64.181137     112.548607       0.042980     -43.416069       0.017729      48.481857      -1.930449      -1.732321      -1.925351       4.469227      32.062542     -90.000893      -2.065079      89.994606      82.077660      75.245071     155.896042      89.509949      54.287560      89.810036     -26.526777      -6.343984      19.382694     109.843727      80.048546      61.263893      -5.275400       3.055398      -2.638521      56.737686      77.057465    -189.855392     -90.793167     -22.836285      90.175835      -4.285731     -19.712526     -12.399977      13.838196     -88.434830     199.596024       4.832231      -4.619596     -22.092516
      -2.171141      34.052387      -5.055070      12.749978      20.050861       8.015319     -42.546528     -76.811516      53.776886     -21.065311      -3.345362      -4.312962       5.675742      -4.748670     -16.402220       3.529680      -3.777979      -7.901348      -0.882149       4.367866      23.974478     107.275322      -0.409036     -93.288452       5.885876     -54.324146      79.489540      -0.051555      48.505112       0.024381     -14.037018       0.137491      -2.301580       2.852059      11.139144     -17.428406     -90.003281     -29.764469      89.993752     -87.713402       1.052859    -101.065094      67.703049     -64.172165     112.562691       0.042982     -43.415428       0.017885      48.481838      -1.930368      -1.732284      -1.925427       4.470149      32.064030     -90.000885      -2.065063      89.994614      82.009941      75.109566     155.400665      89.524216      54.292629      89.815643     -26.865606      -6.485108      19.417990     109.684601      79.960358      61.321690      -5.274323       3.043541      -2.639319      56.932842      76.920929    -190.639343     -90.756584     -22.882851      90.168198      -3.939034     -19.757774     -12.777095      18.625654     -88.413902     204.392303       4.832997      -4.618474     -22.085051
      -2.228696      34.030384      -5.177361      13.147527      20.149132       8.040015     -42.824165     -76.761536      53.575352     -21.066513      -3.339484      -4.319177       5.673476      -4.743800     -16.416136       3.529667      -3.777200      -7.904742      -0.882218       4.368483      23.973003     107.244766      -0.417394     -93.265793       5.926390     -54.340912      79.510391      -0.051557      48.501862       0.024354     -14.036952       0.137401      -2.301619       2.852305      11.138452     -17.430569     -90.003296     -29.764578      89.993729     -87.719734       1.066928    -101.041985      67.694954     -64.163414     112.576805       0.042990     -43.414665       0.018029      48.481827      -1.930296      -1.732258      -1.925578       4.471359      32.065510     -90.000893      -2.065069      89.994614      81.932785      74.963127     154.911530      89.537727      54.303814      89.820862     -27.175152      -6.628768      19.466043     109.522148      79.868187      61.376762      -5.273823       3.041733      -2.634168      57.140198      76.777054    -191.424606     -90.725159     -22.915735      90.161591      -3.594959     -19.803526     -13.150805      23.438482     -88.375374     209.214371       4.833725      -4.617429     -22.078218
      -2.283343      34.009140      -5.299052      13.533041      20.253876       8.068195     -43.060829     -76.718803      53.408806     -21.068565      -3.339767      -4.330481       5.670628      -4.743835     -16.432844       3.529409      -3.777853      -7.908882      -0.882096       4.368237      23.971010     107.213020      -0.425785     -93.240273       5.970266     -54.357704      79.534645      -0.051564      48.498264       0.024333     -14.036940       0.137310      -2.301653       2.852490      11.137266     -17.432806     -90.003288     -29.764685      89.993721     -87.729416       1.080046    -101.021164      67.690865     -64.155365     112.593185       0.042991     -43.413879       0.018157      48.481777      -1.930231      -1.732228      -1.925846       4.472924      32.067089     -90.000870      -2.065062      89.994629      81.859398      74.814110     154.424210      89.537086      54.320225      89.820564     -27.457769      -6.769945      19.526791     109.346817      79.774666      61.454887      -5.273342       3.040343      -2.629491      57.348980      76.624596    -192.192184     -90.695244     -22.936663      90.155373      -3.259296     -19.851034     -13.515626      28.215528     -88.320801     214.001083       4.834430      -4.616417     -22.071960
      -2.334772      33.988434      -5.417581      13.899761      20.362579       8.099941     -43.260994     -76.682358      53.272949     -21.071035      -3.345371      -4.346289       5.667574      -4.748001     -16.452093       3.528981      -3.779617      -7.913828      -0.881822       4.367322      23.968493     107.182312      -0.433983     -93.213173       6.015579     -54.373775      79.561012      -0.051558      48.494411       0.024313     -14.036915       0.137227      -2.301681       2.852682      11.135642     -17.435091     -90.003288     -29.764772      89.993713     -87.739883       1.092520    -101.001862      67.688217     -64.147614     112.610023       0.042991     -43.413078       0.018252      48.481712      -1.930167      -1.732201      -1.926161       4.474687      32.068645     -90.000877      -2.065057      89.994629      81.783897      74.663422     153.959671      89.533600      54.343086      89.819031     -27.716108      -6.911519      19.594515     109.178169      79.676483      61.525349      -5.272873       3.038807      -2.624933      57.553795      76.467804    -192.926971     -90.669556     -22.946011      90.149994      -2.941796     -19.897636     -13.867804      32.749157     -88.245163     218.548431       4.835126      -4.615247     -22.066416
      -2.383122      33.968166      -5.531237      14.245381      20.472954       8.132996     -43.429539     -76.651497      53.163589     -21.073757      -3.355965      -4.365223       5.664484      -4.755982     -16.472788       3.528390      -3.782367      -7.919264      -0.881396       4.365798      23.965639     107.153786      -0.441610     -93.185471       6.060034     -54.388477      79.587944      -0.051558      48.490475       0.024313     -14.036872       0.137164      -2.301697       2.852834      11.133683     -17.437258     -90.003273     -29.764847      89.993721     -87.750183       1.104335    -100.984161      67.685707     -64.140213     112.626068       0.042988     -43.412186       0.018333      48.481640      -1.930121      -1.732188      -1.926524       4.476612      32.070126     -90.000870      -2.065058      89.994644      81.707672      74.516060     153.521973      89.527306      54.371086      89.816322     -27.954111      -7.052957      19.664499     109.015396      79.573883      61.588886      -5.272417       3.037346      -2.620580      57.747028      76.312225    -193.617844     -90.649994     -22.946005      90.145866      -2.644633     -19.942244     -14.203186      36.918369     -88.148399     222.737564       4.835763      -4.614362     -22.061193
      -2.428316      33.948372      -5.638497      14.566263      20.581398       8.167364     -43.571037     -76.625397      53.076279     -21.076605      -3.370486      -4.386775       5.661456      -4.767039     -16.494524       3.527685      -3.785913      -7.925083      -0.880872       4.363803      23.962528     107.128410      -0.448431     -93.158035       6.101847     -54.401390      79.614212      -0.051557      48.486607       0.024324     -14.036828       0.137095      -2.301711       2.852960      11.131516     -17.439240     -90.003273     -29.764929      89.993713     -87.759949       1.115460    -100.968079      67.682281     -64.133270     112.640236       0.042988     -43.411194       0.018407      48.481564      -1.930077      -1.732188      -1.926908       4.478658      32.071491     -90.000877      -2.065057      89.994644      81.632782      74.375229     153.114990      89.517464      54.403015      89.812141     -28.174183      -7.193234      19.734324     108.861908      79.466866      61.642647      -5.271984       3.035959      -2.616454      57.923420      76.160210    -194.255203     -90.633751     -22.938290      90.142433      -2.372208     -19.984470     -14.518914      40.764290     -88.036301     226.606873       4.836351      -4.613603     -22.056387
      -2.470199      33.929150      -5.738039      14.859063      20.687010       8.203452     -43.689648     -76.603340      53.007122     -21.079544      -3.387967      -4.410470       5.658494      -4.780414     -16.516983       3.526883      -3.790057      -7.931190      -0.880266       4.361445      23.959227     107.106041      -0.454456     -93.131310       6.140556     -54.412586      79.639297      -0.051550      48.482861       0.024323     -14.036779       0.137049      -2.301714       2.853049      11.129187     -17.441069     -90.003288     -29.765009      89.993683     -87.769547       1.125861    -100.953430      67.678429     -64.126854     112.652885       0.042988     -43.410107       0.018459      48.481480      -1.930033      -1.732186      -1.927328       4.480816      32.072742     -90.000877      -2.065053      89.994644      81.559654      74.242088     152.743164      89.504387      54.437763      89.806595     -28.377785      -7.331652      19.802629     108.720863      79.355743      61.686237      -5.271567       3.034644      -2.612574      58.081757      76.013062    -194.833817     -90.620277     -22.924305      90.139549      -2.128847     -20.023376     -14.813712      44.265186     -87.910286     230.134857       4.836912      -4.612905     -22.051950
      -2.508939      33.910625      -5.828603      15.120903      20.793793       8.240512     -43.789219     -76.584801      52.952629     -21.082747      -3.407793      -4.435694       5.655412      -4.795725     -16.539818       3.525989      -3.794746      -7.937403      -0.879591       4.358749      23.955839     107.085144      -0.459901     -93.104675       6.177306     -54.422737      79.663689      -0.051547      48.479233       0.024326     -14.036756       0.137006      -2.301713       2.853098      11.126734     -17.442801     -90.003288     -29.765074      89.993698     -87.780434       1.135483    -100.940140      67.675766     -64.121101     112.665276       0.042980     -43.408993       0.018506      48.481373      -1.929997      -1.732182      -1.927808       4.483114      32.073952     -90.000870      -2.065055      89.994659      81.487930      74.117828     152.412720      89.490059      54.475128      89.800461     -28.566299      -7.467723      19.867588     108.586418      79.241257      61.726387      -5.271170       3.033405      -2.608888      58.223381      75.873703    -195.351486     -90.614838     -22.905020      90.138283      -1.918545     -20.054930     -15.088050      47.435524     -87.773933     233.338608       4.837495      -4.611751     -22.048056
      -2.545068      33.892925      -5.909185      15.350042      20.908674       8.275851     -43.872410     -76.569466      52.910652     -21.086205      -3.429945      -4.461781       5.652215      -4.812830     -16.562634       3.525029      -3.799909      -7.943578      -0.878859       4.355767      23.952469     107.064987      -0.465033     -93.077385       6.213646     -54.432297      79.688408      -0.051542      48.475578       0.024338     -14.036751       0.136953      -2.301727       2.853099      11.124092     -17.444496     -90.003296     -29.765127      89.993675     -87.792793       1.144253    -100.927628      67.675842     -64.115845     112.678787       0.042971     -43.407940       0.018546      48.481251      -1.929958      -1.732177      -1.928320       4.485452      32.075150     -90.000862      -2.065046      89.994652      81.417931      74.004890     152.128799      89.477547      54.516048      89.794952     -28.740582      -7.601402      19.925974     108.444374      79.124710      61.775448      -5.270779       3.032241      -2.605428      58.346817      75.745613    -195.804810     -90.621071     -22.880978      90.139381      -1.740651     -20.070766     -15.326299      50.273293     -87.628128     236.216949       4.838122      -4.610644     -22.044298
      -2.578458      33.877075      -5.977905      15.543836      21.025988       8.308010     -43.941143     -76.556923      52.879753     -21.089684      -3.454484      -4.488412       5.649107      -4.831676     -16.585573       3.524017      -3.805471      -7.949861      -0.878081       4.352558      23.949055     107.047073      -0.469577     -93.050095       6.247227     -54.440636      79.711731      -0.051543      48.471977       0.024354     -14.036723       0.136913      -2.301724       2.853082      11.121311     -17.446049     -90.003296     -29.765190      89.993668     -87.804817       1.152924    -100.914932      67.675003     -64.110703     112.691177       0.042956     -43.406792       0.018578      48.481110      -1.929925      -1.732181      -1.928853       4.487881      32.076233     -90.000870      -2.065050      89.994659      81.353912      73.908134     151.888519      89.465851      54.567871      89.789742     -28.889549      -7.729669      19.978508     108.303123      79.009048      61.830936      -5.270406       3.031115      -2.602407      58.446674      75.630150    -196.183685     -90.629555     -22.853933      90.140999      -1.594926     -20.075056     -15.526094      52.804798     -87.473076     238.792709       4.838602      -4.610003     -22.040743
      -2.608590      33.863392      -6.032978      15.698318      21.144991       8.340346     -43.999901     -76.546211      52.855568     -21.093122      -3.479712      -4.515059       5.646090      -4.851099     -16.608484       3.522979      -3.811163      -7.956168      -0.877282       4.349267      23.945637     107.030746      -0.473685     -93.022835       6.278880     -54.448040      79.734116      -0.051533      48.468475       0.024363     -14.036696       0.136876      -2.301719       2.853059      11.118442     -17.447508     -90.003296     -29.765234      89.993668     -87.816490       1.161730    -100.901970      67.673035     -64.105530     112.702682       0.042949     -43.405571       0.018623      48.480972      -1.929881      -1.732185      -1.929418       4.490413      32.077259     -90.000862      -2.065043      89.994667      81.296402      73.825165     151.699326      89.456093      54.626438      89.785301     -29.016159      -7.851526      20.025890     108.165260      78.894478      61.890625      -5.270066       3.030022      -2.599473      58.527168      75.523636    -196.486069     -90.637650     -22.824465      90.142555      -1.489930     -20.075003     -15.701865      55.056599     -87.311317     241.091522       4.839025      -4.609577     -22.037500
      -2.634883      33.851761      -6.073153      15.809807      21.264570       8.376766     -44.053047     -76.536461      52.833805     -21.096411      -3.504164      -4.541385       5.643193      -4.870004     -16.631115       3.521963      -3.816699      -7.962444      -0.876496       4.346066      23.942230     107.015709      -0.477495     -92.996323       6.309038     -54.454784      79.755775      -0.051515      48.465092       0.024359     -14.036662       0.136839      -2.301712       2.853023      11.115521     -17.448877     -90.003288     -29.765282      89.993668     -87.827530       1.170485    -100.889221      67.670258     -64.100357     112.713387       0.042945     -43.404354       0.018666      48.480854      -1.929836      -1.732176      -1.930001       4.492992      32.078274     -90.000870      -2.065048      89.994682      81.245132      73.753777     151.569000      89.448074      54.687126      89.781578     -29.126482      -7.966420      20.066296     108.030991      78.780563      61.952457      -5.269725       3.028982      -2.596604      58.590729      75.423706    -196.709808     -90.644089     -22.793344      90.143784      -1.430666     -20.070551     -15.854370      57.058434     -87.144623     243.142441       4.839408      -4.609256     -22.034510
      -2.656935      33.842007      -6.097663      15.876218      21.383688       8.420217     -44.104431     -76.526894      52.810665     -21.099480      -3.526964      -4.566864       5.640467      -4.887727     -16.653023       3.520998      -3.821902      -7.968569      -0.875758       4.343059      23.938889     107.001816      -0.481038     -92.971359       6.337629     -54.461010      79.776497      -0.051502      48.461891       0.024362     -14.036616       0.136810      -2.301719       2.852973      11.112627     -17.450186     -90.003288     -29.765326      89.993652     -87.837769       1.178898    -100.877151      67.667084     -64.095314     112.723305       0.042945     -43.403168       0.018711      48.480736      -1.929803      -1.732180      -1.930581       4.495563      32.079277     -90.000862      -2.065051      89.994675      81.200256      73.692673     151.502274      89.441376      54.746403      89.778351     -29.225813      -8.074025      20.096481     107.898987      78.667328      62.016422      -5.269404       3.027986      -2.593810      58.638767      75.329025    -196.853958     -90.649185     -22.761753      90.144737      -1.417809     -20.061787     -15.985037      58.835743     -86.974571     244.970306       4.839762      -4.608993     -22.031679
      -2.674516      33.834007      -6.106254      15.897125      21.501770       8.473139     -44.157711     -76.516800      52.782734     -21.102301      -3.547506      -4.590872       5.637944      -4.903795     -16.673670       3.520109      -3.826642      -7.974387      -0.875077       4.340317      23.935699     106.989052      -0.484344     -92.948502       6.364242     -54.466713      79.795822      -0.051504      48.458942       0.024366     -14.036568       0.136798      -2.301728       2.852932      11.109797     -17.451452     -90.003288     -29.765369      89.993660     -87.847099       1.186715    -100.866104      67.663826     -64.090569     112.732262       0.042954     -43.402092       0.018756      48.480633      -1.929782      -1.732184      -1.931151       4.498052      32.080276     -90.000854      -2.065055      89.994667      81.161461      73.640350     151.501526      89.435448      54.801662      89.775459     -29.318598      -8.174542      20.113781     107.768593      78.554733      62.082062      -5.269100       3.027042      -2.591099      58.673325      75.238091    -196.920456     -90.653580     -22.731054      90.145592      -1.448767     -20.049301     -16.098866      60.413666     -86.802681     246.599442       4.840083      -4.608758     -22.028927
      -2.687561      33.827656      -6.099198      15.873614      21.618811       8.537386     -44.216393     -76.505562      52.746693     -21.104822      -3.565483      -4.612779       5.635653      -4.917924     -16.692505       3.519318      -3.830833      -7.979722      -0.874467       4.337889      23.932756     106.977409      -0.487365     -92.928192       6.388496     -54.471977      79.813393      -0.051497      48.456284       0.024363     -14.036518       0.136782      -2.301725       2.852890      11.107112     -17.452681     -90.003273     -29.765404      89.993668     -87.855499       1.193705    -100.856293      67.660904     -64.086250     112.740341       0.042953     -43.401131       0.018777      48.480545      -1.929763      -1.732186      -1.931684       4.500384      32.081226     -90.000847      -2.065051      89.994667      81.128838      73.594971     151.566208      89.429596      54.850807      89.772614     -29.406792      -8.269233      20.120676     107.640572      78.442520      62.147305      -5.268815       3.026118      -2.588460      58.697021      75.148796    -196.913849     -90.658279     -22.702305      90.146484      -1.522027     -20.034382     -16.207600      61.813595     -86.630249     248.050400       4.840357      -4.608560     -22.026258
      -2.696142      33.822754      -6.077274      15.808015      21.735296       8.614038     -44.283398     -76.492676      52.699821     -21.107042      -3.580890      -4.632054       5.633630      -4.930041     -16.709051       3.518628      -3.834447      -7.984436      -0.873943       4.335791      23.930149     106.966911      -0.490110     -92.910843       6.410026     -54.476749      79.828873      -0.051504      48.453968       0.024366     -14.036491       0.136769      -2.301733       2.852872      11.104638     -17.453856     -90.003288     -29.765442      89.993660     -87.863007       1.199683    -100.847931      67.658936     -64.082443     112.747772       0.042958     -43.400326       0.018783      48.480488      -1.929761      -1.732187      -1.932184       4.502523      32.082157     -90.000847      -2.065055      89.994675      81.102348      73.554375     151.693604      89.422585      54.892097      89.769333     -29.488092      -8.360481      20.130196     107.518913      78.329826      62.206268      -5.268585       3.025192      -2.585918      58.713207      75.058723    -196.841171     -90.663803     -22.675714      90.147560      -1.643626     -20.018362     -16.326052      63.057167     -86.458290     249.343628       4.840575      -4.608421     -22.023773
      -2.700627      33.819080      -6.041758      15.703781      21.856857       8.702979     -44.361156     -76.477875      52.639950     -21.109118      -3.593981      -4.648193       5.631738      -4.940285     -16.722797       3.518030      -3.837570      -7.988315      -0.873491       4.333984      23.927979     106.956497      -0.492709     -92.896111       6.429583     -54.481438      79.842628      -0.051510      48.451942       0.024371     -14.036483       0.136776      -2.301741       2.852819      11.102347     -17.455027     -90.003288     -29.765469      89.993652     -87.870789       1.204366    -100.841133      67.659904     -64.079323     112.755936       0.042956     -43.399769       0.018778      48.480431      -1.929762      -1.732185      -1.932650       4.504432      32.083080     -90.000847      -2.065058      89.994675      81.088135      73.519249     151.873566      89.409492      54.924332      89.763649     -29.562292      -8.448156      20.157740     107.178719      78.235611      62.520573      -5.268363       3.023861      -2.584076      58.724033      74.964096    -196.710175     -90.670143     -22.650537      90.148842      -1.823017     -20.001640     -16.459864      64.169891     -86.287651     250.503723       4.840790      -4.608217     -22.021484
      -2.701177      33.816223      -5.993990      15.564320      21.979895       8.803658     -44.450726     -76.460815      52.566021     -21.110817      -3.605385      -4.661235       5.630229      -4.948969     -16.733776       3.517542      -3.840197      -7.991467      -0.873113       4.332461      23.926195     106.947952      -0.494969     -92.885155       6.445568     -54.485397      79.853638      -0.051507      48.450287       0.024373     -14.036478       0.136785      -2.301750       2.852791      11.100279     -17.456102     -90.003296     -29.765503      89.993660     -87.876984       1.207905    -100.835838      67.662163     -64.076622     112.763680       0.042954     -43.399414       0.018754      48.480408      -1.929779      -1.732188      -1.933041       4.506029      32.083927     -90.000854      -2.065050      89.994675      81.079506      73.486069     152.106567      89.394661      54.947826      89.757278     -29.628107      -8.534572      20.203487     106.839584      78.139488      62.830753      -5.268168       3.022990      -2.581620      58.731907      74.866722    -196.528885     -90.677589     -22.626818      90.150345      -2.062674     -19.983114     -16.603716      65.164154     -86.118645     251.542618       4.841000      -4.608068     -22.019262
      -2.698138      33.813915      -5.935413      15.394499      22.101936       8.915950     -44.554615     -76.441086      52.475750     -21.112106      -3.615149      -4.670731       5.629138      -4.956168     -16.741684       3.517153      -3.842357      -7.993805      -0.872804       4.331194      23.924843     106.941589      -0.496724     -92.878151       6.457023     -54.488354      79.861290      -0.051497      48.449085       0.024362     -14.036473       0.136808      -2.301731       2.852774      11.098520     -17.457052     -90.003281     -29.765528      89.993660     -87.881256       1.210366    -100.832253      67.664734     -64.074440     112.770203       0.042957     -43.399223       0.018713      48.480408      -1.929811      -1.732187      -1.933367       4.507350      32.084671     -90.000847      -2.065048      89.994667      81.075966      73.453651     152.385345      89.378479      54.963348      89.750328     -29.688723      -8.618499      20.262327     106.498901      78.041748      63.139465      -5.267983       3.022158      -2.579232      58.739082      74.766899    -196.306519     -90.685257     -22.605301      90.151878      -2.356159     -19.962196     -16.751213      66.057152     -85.951775     252.477020       4.841219      -4.607917     -22.016966
      -2.691850      33.812218      -5.867312      15.199080      22.222260       9.038830     -44.674065     -76.418472      52.368141     -21.113068      -3.623670      -4.676446       5.628417      -4.962170     -16.746468       3.516853      -3.844128      -7.995286      -0.872561       4.330155      23.923969     106.937019      -0.498015     -92.874573       6.464030     -54.490452      79.865509      -0.051500      48.448311       0.024362     -14.036464       0.136829      -2.301719       2.852768      11.097074     -17.457867     -90.003288     -29.765549      89.993668     -87.883911       1.211951    -100.830002      67.667358     -64.072792     112.775429       0.042959     -43.399143       0.018672      48.480404      -1.929833      -1.732191      -1.933647       4.508418      32.085339     -90.000854      -2.065050      89.994659      81.077049      73.421333     152.701904      89.361595      54.974796      89.743149     -29.742718      -8.699030      20.329250     106.158897      77.943054      63.445477      -5.267800       3.021385      -2.577007      58.747597      74.664810    -196.051315     -90.692543     -22.586538      90.153351      -2.693635     -19.938805     -16.898354      66.862679     -85.787521     253.320099       4.841439      -4.607719     -22.014555
      -2.682277      33.811577      -5.790339      14.981593      22.336176       9.171906     -44.809647     -76.392784      52.242840     -21.113560      -3.631433      -4.678476       5.628176      -4.967188     -16.748501       3.516648      -3.845508      -7.996058      -0.872369       4.329343      23.923519     106.934914      -0.498847     -92.874130       6.466175     -54.491528      79.865959      -0.051495      48.447880       0.024368     -14.036414       0.136856      -2.301708       2.852784      11.095910     -17.458515     -90.003304     -29.765572      89.993660     -87.883957       1.213249    -100.828056      67.668190     -64.071251     112.778595       0.042958     -43.399105       0.018627      48.480415      -1.929859      -1.732208      -1.933873       4.509267      32.085865     -90.000854      -2.065043      89.994667      81.084122      73.389435     153.047546      89.343079      54.986656      89.735336     -29.785324      -8.774681      20.402149     105.828590      77.844490      63.742378      -5.267625       3.020641      -2.574934      58.756100      74.558769    -195.765198     -90.691269     -22.571272      90.153137      -3.065659     -19.917719     -17.040318      67.645279     -85.626358     254.138229       4.841551      -4.608321     -22.011959
      -2.669051      33.812122      -5.705029      14.744137      22.437283       9.318038     -44.963482     -76.363533      52.097507     -21.113665      -3.637730      -4.677043       5.628316      -4.970928     -16.748089       3.516517      -3.846498      -7.996191      -0.872241       4.328756      23.923450     106.934784      -0.499159     -92.876633       6.463462     -54.491638      79.862686      -0.051494      48.447872       0.024375     -14.036369       0.136891      -2.301691       2.852833      11.095093     -17.459007     -90.003288     -29.765589      89.993668     -87.881783       1.214543    -100.826569      67.666344     -64.069824     112.779282       0.042962     -43.399014       0.018600      48.480442      -1.929878      -1.732215      -1.934067       4.510013      32.086304     -90.000854      -2.065036      89.994667      81.097771      73.355980     153.417709      89.320396      54.997902      89.725929     -29.816931      -8.844590      20.481205     105.512016      77.746307      64.027382      -5.267460       3.019921      -2.572947      58.767246      74.446777    -195.452850     -90.677773     -22.559452      90.150429      -3.468827     -19.897905     -17.179729      68.435616     -85.470001     254.961243       4.841722      -4.608270     -22.009514
      -2.652527      33.813591      -5.611761      14.487731      22.535023       9.476081     -45.135628     -76.330917      51.932129     -21.113792      -3.643128      -4.672404       5.628447      -4.973819     -16.745445       3.516437      -3.847281      -7.995579      -0.872159       4.328287      23.923801     106.933220      -0.499678     -92.879700       6.460673     -54.492302      79.858833      -0.051472      48.447964       0.024356     -14.036361       0.136904      -2.301691       2.852866      11.094463     -17.459513     -90.003288     -29.765610      89.993675     -87.880104       1.215580    -100.825478      67.666061     -64.068642     112.780991       0.042963     -43.399033       0.018585      48.480434      -1.929895      -1.732218      -1.934269       4.510721      32.086811     -90.000854      -2.065036      89.994659      81.114525      73.318138     153.815765      89.297531      55.008976      89.716438     -29.838249      -8.909723      20.565256     105.202988      77.648781      64.305099      -5.267284       3.019272      -2.571039      58.787392      74.329597    -195.122299     -90.663826     -22.550079      90.147568      -3.901457     -19.875832     -17.319410      69.162994     -85.317017     255.716019       4.841936      -4.608016     -22.007149
      -2.633126      33.815739      -5.510490      14.211415      22.630793       9.644616     -45.325401     -76.295021      51.746964     -21.113951      -3.648265      -4.665524       5.628570      -4.976420     -16.741327       3.516378      -3.847989      -7.994475      -0.872096       4.327864      23.924429     106.930260      -0.500486     -92.882500       6.459042     -54.493549      79.855469      -0.051479      48.448036       0.024360     -14.036355       0.136928      -2.301689       2.852892      11.093882     -17.460054     -90.003288     -29.765619      89.993675     -87.878441       1.216478    -100.824547      67.667076     -64.067497     112.783714       0.042960     -43.399143       0.018579      48.480419      -1.929903      -1.732216      -1.934468       4.511360      32.087353     -90.000862      -2.065042      89.994652      81.134186      73.278229     154.243179      89.274979      55.019718      89.707085     -29.851400      -8.970076      20.650763     104.898354      77.552094      64.577789      -5.267127       3.018655      -2.569204      58.813522      74.209396    -194.769669     -90.650993     -22.542738      90.144920      -4.363020     -19.851660     -17.456142      69.830688     -85.167091     256.405029       4.842139      -4.607750     -22.004852
      -2.610901      33.818417      -5.401270      13.915148      22.722692       9.824697     -45.533630     -76.255432      51.540867     -21.114004      -3.652877      -4.656773       5.628770      -4.978549     -16.736086       3.516364      -3.848540      -7.993039      -0.872061       4.327530      23.925255     106.926636      -0.501493     -92.885078       6.458275     -54.495094      79.852631      -0.051483      48.448078       0.024352     -14.036347       0.136944      -2.301682       2.852929      11.093342     -17.460592     -90.003288     -29.765636      89.993668     -87.875923       1.217433    -100.823662      67.667862     -64.066269     112.786407       0.042952     -43.399296       0.018567      48.480419      -1.929917      -1.732213      -1.934657       4.511928      32.087906     -90.000862      -2.065044      89.994667      81.157127      73.235870     154.699280      89.252182      55.029797      89.697586     -29.857100      -9.025332      20.737427     104.598473      77.456367      64.845161      -5.266972       3.018057      -2.567435      58.844997      74.084801    -194.394119     -90.635368     -22.537516      90.141731      -4.852427     -19.827236     -17.589275      70.525505     -85.022484     257.114563       4.842298      -4.607759     -22.002573
      -2.586032      33.821651      -5.284492      13.599480      22.814739      10.017144     -45.761475     -76.211906      51.312428     -21.114145      -3.656781      -4.646244       5.628890      -4.980106     -16.729683       3.516371      -3.848945      -7.991180      -0.872052       4.327275      23.926325     106.921341      -0.502769     -92.886772       6.459120     -54.497292      79.850754      -0.051487      48.448071       0.024341     -14.036368       0.136950      -2.301690       2.852960      11.092831     -17.461174     -90.003296     -29.765646      89.993683     -87.873856       1.218311    -100.822784      67.669685     -64.065132     112.789902       0.042962     -43.399525       0.018569      48.480385      -1.929913      -1.732211      -1.934837       4.512465      32.088505     -90.000862      -2.065035      89.994652      81.181068      73.188370     155.185806      89.230843      55.039177      89.688721     -29.855289      -9.075851      20.825832     104.301048      77.361755      65.108887      -5.266827       3.017497      -2.565746      58.885712      73.954613    -194.000702     -90.621880     -22.533203      90.138977      -5.363933     -19.801567     -17.720263      71.167465     -84.879639     257.761932       4.842532      -4.607349     -21.999983
      -2.559214      33.827259      -5.163874      13.266387      22.919432      10.221956     -46.006660     -76.164841      51.062103     -21.114683      -3.660465      -4.636053       5.628691      -4.981392     -16.722431       3.516396      -3.849282      -7.988750      -0.872082       4.327075      23.927771     106.914520      -0.504005     -92.887566       6.460323     -54.500130      79.848907      -0.051498      48.448002       0.024324     -14.036498       0.136967      -2.301701       2.852951      11.092331     -17.461931     -90.003288     -29.765654      89.993690     -87.875984       1.218067    -100.820969      67.677086     -64.064659     112.796364       0.042947     -43.399887       0.018525      48.480335      -1.929924      -1.732212      -1.934988       4.512787      32.089001     -90.000862      -2.065037      89.994667      81.195930      73.130882     155.708664      89.214294      55.044609      89.681725     -29.845177      -9.123101      20.913940     103.999908      77.268829      65.373405      -5.266691       3.017018      -2.563995      58.934074      73.815125    -193.591721     -90.620461     -22.520493      90.138901      -5.850893     -19.783909     -17.836388      71.780640     -84.731857     258.343689       4.842975      -4.606267     -21.995489
      -2.532466      33.835796      -5.044858      12.929263      23.040380      10.431007     -46.267258     -76.114494      50.791836     -21.115360      -3.665870      -4.625839       5.628531      -4.983762     -16.713507       3.516416      -3.849827      -7.985712      -0.872092       4.326736      23.929579     106.910309      -0.504337     -92.889229       6.458259     -54.501518      79.845642      -0.051522      48.448116       0.024336     -14.036673       0.136977      -2.301700       2.852893      11.091961     -17.462587     -90.003288     -29.765663      89.993683     -87.880737       1.215992    -100.819176      67.691139     -64.064888     112.806007       0.042931     -43.400524       0.018447      48.480309      -1.929967      -1.732217      -1.935041       4.512638      32.089272     -90.000870      -2.065037      89.994659      81.199135      73.066490     156.250031      89.203583      55.043793      89.677094     -29.829887      -9.169430      20.993502     103.692825      77.178116      65.640182      -5.266556       3.016587      -2.562114      58.983971      73.669563    -193.177292     -90.629738     -22.495747      90.141190      -6.282549     -19.776442     -17.932985      72.319878     -84.581375     258.781067       4.843402      -4.605159     -21.990677
      -2.508167      33.846237      -4.931899      12.605822      23.172689      10.635237     -46.544743     -76.060349      50.501518     -21.115788      -3.673479      -4.613194       5.628850      -4.987650     -16.701374       3.516436      -3.850663      -7.981860      -0.872075       4.326209      23.931799     106.911430      -0.503192     -92.893204       6.450638     -54.499775      79.840355      -0.051537      48.448685       0.024385     -14.036825       0.137009      -2.301672       2.852801      11.091831     -17.462801     -90.003296     -29.765678      89.993698     -87.884125       1.212096    -100.819664      67.708473     -64.065819     112.816055       0.042932     -43.401443       0.018349      48.480301      -1.930018      -1.732235      -1.934966       4.511998      32.089344     -90.000870      -2.065046      89.994644      81.193993      73.000351     156.780273      89.197975      55.037247      89.674599     -29.814255      -9.216894      21.057489     103.382072      77.089676      65.907486      -5.266428       3.016156      -2.560174      59.031433      73.524544    -192.776749     -90.645805     -22.464027      90.144951      -6.649265     -19.777933     -18.011782      72.818146     -84.430458     259.126068       4.843742      -4.604299     -21.986458
      -2.488135      33.857265      -4.828161      12.308938      23.311646      10.828655     -46.839642     -76.001984      50.191551     -21.115801      -3.682555      -4.596833       5.629772      -4.992584     -16.685555       3.516475      -3.851644      -7.977112      -0.872037       4.325556      23.934454     106.917816      -0.500626     -92.899887       6.437430     -54.494804      79.833061      -0.051543      48.449795       0.024459     -14.036957       0.137047      -2.301640       2.852677      11.092079     -17.462500     -90.003296     -29.765694      89.993683     -87.884178       1.206649    -100.823608      67.725739     -64.067535     112.824005       0.042939     -43.402557       0.018250      48.480316      -1.930079      -1.732248      -1.934809       4.510971      32.089294     -90.000885      -2.065043      89.994644      81.184380      72.935829     157.275909      89.196220      55.026451      89.673698     -29.801731      -9.266552      21.103573     103.070137      77.003372      66.173485      -5.266306       3.015728      -2.558246      59.074722      73.384361    -192.406570     -90.664833     -22.430378      90.149307      -6.948554     -19.786522     -18.076937      73.301804     -84.280731     259.425507       4.844001      -4.603649     -21.982767
      -2.473542      33.867695      -4.735697      12.046719      23.452806      11.007332     -47.150558     -75.939430      49.863770     -21.115353      -3.692205      -4.576716       5.631263      -4.997929     -16.666481       3.516560      -3.852615      -7.971605      -0.872017       4.324898      23.937511     106.928337      -0.497008     -92.909111       6.419580     -54.487324      79.823875      -0.051528      48.451374       0.024515     -14.037071       0.137078      -2.301577       2.852561      11.092685     -17.461761     -90.003296     -29.765694      89.993698     -87.880234       1.200171    -100.830902      67.740646     -64.069977     112.828438       0.042931     -43.403740       0.018136      48.480343      -1.930143      -1.732258      -1.934582       4.509680      32.089127     -90.000885      -2.065039      89.994644      81.172600      72.875137     157.721436      89.197807      55.013237      89.674309     -29.794849      -9.319236      21.131029     102.759109      76.918861      66.436821      -5.266188       3.015279      -2.556335      59.112827      73.252243    -192.077896     -90.683960     -22.398689      90.153603      -7.182236     -19.800158     -18.132524      73.784470     -84.133293     259.709625       4.844197      -4.603174     -21.979542
      -2.465023      33.876633      -4.655598      11.823450      23.592564      11.168740     -47.474415     -75.873108      49.521530     -21.114492      -3.701705      -4.553563       5.633193      -5.003148     -16.645138       3.516681      -3.853462      -7.965566      -0.872011       4.324300      23.940830     106.941383      -0.492797     -92.920319       6.398509     -54.478359      79.813057      -0.051531      48.453312       0.024588     -14.037137       0.137124      -2.301524       2.852426      11.093584     -17.460684     -90.003281     -29.765701      89.993706     -87.872650       1.193261    -100.840614      67.751945     -64.072906     112.829025       0.042940     -43.404881       0.018052      48.480385      -1.930205      -1.732275      -1.934323       4.508243      32.088882     -90.000877      -2.065031      89.994644      81.160500      72.820244     158.107544      89.201912      54.999321      89.675995     -29.795382      -9.375132      21.140297     102.450348      76.835747      66.696724      -5.266094       3.014830      -2.554507      59.144283      73.130547    -191.796387     -90.701263     -22.371679      90.157440      -7.354961     -19.816881     -18.181734      74.272293     -83.988831     259.997589       4.844345      -4.602846     -21.976730
      -2.462723      33.883541      -4.588143      11.640367      23.727468      11.311801     -47.807152     -75.803612      49.168968     -21.113319      -3.710476      -4.528493       5.635416      -5.007821     -16.622728       3.516845      -3.854107      -7.959322      -0.872031       4.323815      23.944283     106.955559      -0.488403     -92.932785       6.375692     -54.468868      79.801010      -0.051524      48.455437       0.024651     -14.037179       0.137179      -2.301481       2.852317      11.094707     -17.459433     -90.003296     -29.765722      89.993706     -87.862167       1.186520    -100.851494      67.759003     -64.076012     112.826042       0.042945     -43.405922       0.017978      48.480404      -1.930241      -1.732298      -1.934040       4.506763      32.088589     -90.000893      -2.065036      89.994637      81.149727      72.772499     158.429810      89.207344      54.986095      89.678284     -29.804363      -9.433979      21.132519     102.144836      76.753708      66.952728      -5.266000       3.014373      -2.552769      59.168072      73.020470    -191.563614     -90.714348     -22.351007      90.160332      -7.472859     -19.835447     -18.226753      74.813110     -83.849304     260.345276       4.844826      -4.595248     -21.974627
      -2.466407      33.888199      -4.532968      11.496548      23.854773      11.436684     -48.144592     -75.731735      48.810333     -21.111921      -3.718012      -4.502665       5.637756      -5.011612     -16.600414       3.517040      -3.854515      -7.953135      -0.872084       4.323480      23.947718     106.969467      -0.484211     -92.945648       6.352542     -54.459682      79.788231      -0.051521      48.457577       0.024690     -14.037197       0.137211      -2.301444       2.852238      11.095998     -17.458105     -90.003296     -29.765732      89.993706     -87.849831       1.180498    -100.862350      67.761932     -64.078995     112.820335       0.042939     -43.406792       0.017915      48.480412      -1.930261      -1.732314      -1.933757       4.505358      32.088264     -90.000885      -2.065027      89.994637      81.141106      72.732269     158.688080      89.213455      54.974552      89.680893     -29.822504      -9.494373      21.107624     101.842865      76.672447      67.204796      -5.265902       3.013942      -2.551125      59.184273      72.922592    -191.378952     -90.722504     -22.337463      90.162102      -7.543229     -19.854031     -18.269691      75.401588     -83.714828     260.754364       4.845728      -4.580386     -21.973244
      -2.475595      33.890587      -4.489122      11.388997      23.974243      11.544112     -48.482296     -75.658371      48.450211     -21.110489      -3.724097      -4.477204       5.640003      -5.014387     -16.579218       3.517257      -3.854695      -7.947266      -0.872161       4.323292      23.951004     106.981590      -0.480603     -92.957855       6.331036     -54.451664      79.775764      -0.051522      48.459606       0.024702     -14.037196       0.137233      -2.301424       2.852180      11.097319     -17.456844     -90.003311     -29.765732      89.993706     -87.837036       1.175564    -100.872185      67.761757     -64.081619     112.813316       0.042939     -43.407478       0.017886      48.480408      -1.930261      -1.732321      -1.933507       4.504110      32.087978     -90.000893      -2.065026      89.994637      81.135033      72.699570     158.886353      89.219971      54.965374      89.683685     -29.849676      -9.556076      21.067629     101.544250      76.591652      67.453323      -5.265803       3.013493      -2.549580      59.193554      72.836945    -191.239456     -90.727066     -22.331158      90.163063      -7.574274     -19.871189     -18.311369      75.986160     -83.583466     261.179291       4.846578      -4.566479     -21.972067
      -2.489616      33.890907      -4.455197      11.313014      24.085836      11.635566     -48.816299     -75.584427      48.092659     -21.109118      -3.728634      -4.453199       5.642021      -5.016119     -16.560072       3.517478      -3.854667      -7.941941      -0.872259       4.323245      23.954012     106.990974      -0.477816     -92.968536       6.312653     -54.445362      79.764427      -0.051534      48.461353       0.024714     -14.037182       0.137250      -2.301416       2.852147      11.098582     -17.455751     -90.003304     -29.765736      89.993713     -87.824753       1.171970    -100.880142      67.759277     -64.083618     112.806152       0.042930     -43.407993       0.017884      48.480415      -1.930263      -1.732324      -1.933310       4.503078      32.087761     -90.000893      -2.065021      89.994637      81.132065      72.674553     159.031021      89.226234      54.958889      89.686356     -29.885340      -9.619262      21.015495     101.249550      76.511215      67.698044      -5.265721       3.013057      -2.548162      59.195869      72.762894    -191.138901     -90.728035     -22.331554      90.163231      -7.574377     -19.886225     -18.351114      76.562538     -83.454987     261.617676       4.847349      -4.553759     -21.971087
      -2.507638      33.889492      -4.429543      11.263261      24.189705      11.713331     -49.143211     -75.510620      47.741158     -21.107882      -3.731495      -4.431397       5.643729      -5.016750     -16.543585       3.517692      -3.854435      -7.937325      -0.872370       4.323343      23.956663     106.997139      -0.475997     -92.977135       6.298341     -54.441071      79.754906      -0.051521      48.462765       0.024686     -14.037167       0.137251      -2.301416       2.852142      11.099704     -17.454885     -90.003319     -29.765743      89.993706     -87.813614       1.169857    -100.885773      67.755104     -64.084877     112.799591       0.042933     -43.408329       0.017913      48.480408      -1.930256      -1.732327      -1.933163       4.502279      32.087643     -90.000885      -2.065020      89.994644      81.132210      72.656456     159.130325      89.232056      54.955017      89.688858     -29.928766      -9.683222      20.952650     100.958923      76.430969      67.938980      -5.265645       3.012638      -2.546860      59.192207      72.699127    -191.070908     -90.725525     -22.337757      90.162636      -7.551746     -19.898643     -18.388071      77.125977     -83.329124     262.064758       4.848046      -4.542291     -21.970287
      -2.528806      33.886662      -4.410411      11.233995      24.287922      11.779720     -49.460564     -75.437691      47.398418     -21.106878      -3.732736      -4.412280       5.645010      -5.016346     -16.530062       3.517907      -3.854034      -7.933477      -0.872500       4.323552      23.958900     106.999466      -0.475234     -92.983124       6.289094     -54.439041      79.747871      -0.051511      48.463730       0.024655     -14.037159       0.137246      -2.301446       2.852142      11.100627     -17.454285     -90.003296     -29.765743      89.993721     -87.804398       1.169199    -100.888939      67.750389     -64.085373     112.794601       0.042929     -43.408546       0.017960      48.480381      -1.930228      -1.732315      -1.933067       4.501747      32.087646     -90.000893      -2.065022      89.994644      81.134804      72.644043     159.193909      89.238068      54.953655      89.691399     -29.978760      -9.747371      20.881001     100.671539      76.350876      68.176865      -5.265571       3.012226      -2.545677      59.184464      72.644302    -191.029343     -90.721977     -22.348364      90.161774      -7.514392     -19.907621     -18.421488      77.597168     -83.203072     262.441711       4.847995      -4.544861     -21.968994
      -2.552203      33.882801      -4.396064      11.219179      24.380516      11.837285     -49.766155     -75.366188      47.066597     -21.106087      -3.732540      -4.396321       5.645909      -5.015035     -16.519735       3.518105      -3.853487      -7.930491      -0.872634       4.323864      23.960674     106.998405      -0.475493     -92.986641       6.284753     -54.439106      79.743347      -0.051512      48.464294       0.024616     -14.037133       0.137234      -2.301481       2.852162      11.101311     -17.453962     -90.003311     -29.765753      89.993698     -87.796997       1.169871    -100.889626      67.745293     -64.085052     112.791275       0.042934     -43.408642       0.018021      48.480358      -1.930185      -1.732301      -1.933015       4.501443      32.087772     -90.000893      -2.065019      89.994644      81.139557      72.636742     159.231232      89.243744      54.954361      89.693802     -30.033606      -9.811063      20.803308     100.387741      76.270859      68.411522      -5.265502       3.011820      -2.544603      59.172325      72.596527    -191.005280     -90.715736     -22.361748      90.160362      -7.469459     -19.914198     -18.450346      78.052094     -83.079147     262.818176       4.847897      -4.547715     -21.967751
      -2.576952      33.878265      -4.384968      11.214047      24.468235      11.888707     -50.058964     -75.296417      46.746983     -21.105509      -3.730958      -4.383406       5.646433      -5.012867     -16.512392       3.518286      -3.852806      -7.928306      -0.872770       4.324276      23.962015     106.994278      -0.476614     -92.987900       6.284947     -54.441025      79.741234      -0.051512      48.464470       0.024577     -14.037114       0.137213      -2.301514       2.852204      11.101763     -17.453907     -90.003296     -29.765770      89.993706     -87.791481       1.171724    -100.888115      67.740189     -64.084007     112.789658       0.042931     -43.408649       0.018092      48.480343      -1.930160      -1.732280      -1.933013       4.501364      32.088005     -90.000893      -2.065020      89.994644      81.146057      72.632828     159.250198      89.249077      54.956844      89.696075     -30.091164      -9.873816      20.723085     100.107964      76.190880      68.642738      -5.265427       3.011417      -2.543645      59.157780      72.553635    -190.993607     -90.707001     -22.376631      90.158432      -7.422932     -19.918400     -18.475943      78.489281     -82.957191     263.189545       4.847804      -4.550441     -21.966619
      -2.602268      33.873390      -4.375760      11.214036      24.552307      11.936264     -50.338421     -75.228683      46.440254     -21.105156      -3.728245      -4.373433       5.646601      -5.010024     -16.507780       3.518452      -3.852026      -7.926855      -0.872903       4.324755      23.962948     106.987450      -0.478512     -92.987137       6.289242     -54.444576      79.741371      -0.051518      48.464291       0.024530     -14.037090       0.137184      -2.301539       2.852259      11.102005     -17.454105     -90.003296     -29.765762      89.993698     -87.787857       1.174501    -100.884727      67.735527     -64.082390     112.789803       0.042934     -43.408585       0.018170      48.480331      -1.930125      -1.732259      -1.933047       4.501470      32.088345     -90.000893      -2.065024      89.994652      81.153641      72.631050     159.258636      89.254166      54.960751      89.698151     -30.149466      -9.935331      20.643402      99.832283      76.110962      68.870468      -5.265367       3.011021      -2.542791      59.141945      72.513840    -190.988739     -90.696510     -22.391811      90.156136      -7.379400     -19.920568     -18.499556      78.908882     -82.836845     263.553131       4.847713      -4.553044     -21.965578
      -2.627509      33.868477      -4.367299      11.215336      24.633842      11.981755     -50.604328     -75.163170      46.146744     -21.105005      -3.724729      -4.366188       5.646467      -5.006725     -16.505562       3.518592      -3.851197      -7.926048      -0.873030       4.325269      23.963520     106.978462      -0.481023     -92.984673       6.296960     -54.449436      79.743454      -0.051524      48.463810       0.024490     -14.037072       0.137165      -2.301575       2.852338      11.102026     -17.454527     -90.003296     -29.765770      89.993706     -87.786011       1.177950    -100.879875      67.731552     -64.080307     112.791580       0.042937     -43.408482       0.018230      48.480312      -1.930092      -1.732239      -1.933106       4.501729      32.088776     -90.000885      -2.065021      89.994644      81.161537      72.630417     159.263367      89.259033      54.965725      89.700157     -30.207001      -9.995552      20.566412      99.563988      76.033348      69.091499      -5.265326       3.010626      -2.542014      59.125580      72.475708    -190.985733     -90.684883     -22.406204      90.153641      -7.341542     -19.921091     -18.522451      79.309303     -82.717934     263.903168       4.847631      -4.555514     -21.964554
      -2.652190      33.863773      -4.358717      11.215028      24.713881      12.026592     -50.857029     -75.099953      45.866215     -21.105034      -3.720706      -4.361355       5.646080      -5.003191     -16.505327       3.518714      -3.850368      -7.925779      -0.873148       4.325794      23.963783     106.967911      -0.483956     -92.980843       6.307323     -54.455223      79.747108      -0.051520      48.463123       0.024443     -14.037068       0.137139      -2.301605       2.852414      11.101883     -17.455124     -90.003288     -29.765770      89.993706     -87.785698       1.181833    -100.873955      67.728394     -64.077911     112.794716       0.042937     -43.408352       0.018304      48.480301      -1.930067      -1.732226      -1.933198       4.502105      32.089275     -90.000877      -2.065017      89.994667      81.168961      72.630142     159.269821      89.263840      54.971394      89.702126     -30.262571     -10.054391      20.493664      99.303085      75.958183      69.305847      -5.265270       3.010251      -2.541327      59.109058      72.438080    -190.980545     -90.672615     -22.418898      90.151009      -7.310663     -19.920378     -18.545523      79.689354     -82.600357     264.234131       4.847555      -4.557870     -21.963585
      -2.675967      33.859417      -4.349327      11.211078      24.793200      12.071823     -51.097115     -75.038948      45.598198     -21.105202      -3.716398      -4.358478       5.645513      -4.999587     -16.506617       3.518814      -3.849558      -7.925933      -0.873253       4.326301      23.963800     106.956451      -0.487150     -92.976013       6.319607     -54.461571      79.752068      -0.051519      48.462242       0.024401     -14.037062       0.137120      -2.301634       2.852489      11.101592     -17.455853     -90.003281     -29.765774      89.993706     -87.786537       1.185934    -100.867447      67.726074     -64.075340     112.798927       0.042945     -43.408218       0.018365      48.480293      -1.930043      -1.732213      -1.933318       4.502579      32.089840     -90.000877      -2.065015      89.994659      81.175636      72.629822     159.281677      89.268555      54.977425      89.703995     -30.315361     -10.111816      20.426022      99.046082      75.883377      69.516884      -5.265216       3.009893      -2.540683      59.092903      72.400162    -190.970566     -90.660072     -22.429634      90.148354      -7.288335     -19.918762     -18.569246      80.052216     -82.483940     264.548492       4.847482      -4.560122     -21.962681
      -2.698591      33.855480      -4.338602      11.201926      24.872364      12.118258     -51.325684     -74.980057      45.341732     -21.105459      -3.712017      -4.357137       5.644822      -4.996037     -16.509003       3.518896      -3.848796      -7.926403      -0.873349       4.326787      23.963627     106.944565      -0.490450     -92.970467       6.333133     -54.468151      79.757980      -0.051516      48.461258       0.024370     -14.037061       0.137091      -2.301658       2.852571      11.101188     -17.456669     -90.003288     -29.765776      89.993706     -87.788177       1.190066    -100.860725      67.724312     -64.072693     112.803719       0.042944     -43.408081       0.018414      48.480286      -1.930028      -1.732200      -1.933437       4.503103      32.090439     -90.000877      -2.065014      89.994652      81.181213      72.629089     159.301895      89.273186      54.983585      89.705864     -30.364805     -10.167849      20.363981      98.792816      75.808960      69.724762      -5.265171       3.009537      -2.540091      59.077126      72.361404    -190.953568     -90.647697     -22.438290      90.145744      -7.275519     -19.916597     -18.593769      80.400673     -82.368477     264.848450       4.847412      -4.562276     -21.961849
      -2.719893      33.851990      -4.326190      11.186542      24.951866      12.166431     -51.543629     -74.923149      45.095940     -21.105789      -3.707722      -4.356927       5.644062      -4.992651     -16.512110       3.518961      -3.848094      -7.927096      -0.873434       4.327238      23.963326     106.932671      -0.493754     -92.964516       6.347293     -54.474724      79.764565      -0.051521      48.460228       0.024341     -14.037057       0.137077      -2.301671       2.852648      11.100695     -17.457539     -90.003296     -29.765779      89.993683     -87.790337       1.194081    -100.854111      67.723053     -64.070091     112.808815       0.042943     -43.407955       0.018449      48.480278      -1.930009      -1.732187      -1.933561       4.503652      32.091053     -90.000885      -2.065017      89.994659      81.185364      72.627693     159.332520      89.277870      54.989723      89.707710     -30.410583     -10.222514      20.307743      98.543068      75.734962      69.929634      -5.265123       3.009192      -2.539533      59.061958      72.321457    -190.928177     -90.635849     -22.444700      90.143272      -7.272386     -19.914221     -18.618889      80.736900     -82.253746     265.135498       4.847347      -4.564331     -21.961058
      -2.739798      33.848984      -4.311898      11.164336      25.032036      12.216763     -51.752033     -74.867981      44.859814     -21.106165      -3.703616      -4.357515       5.643276      -4.989501     -16.515612       3.519010      -3.847455      -7.927910      -0.873504       4.327649      23.962933     106.921165      -0.496934     -92.958397       6.361536     -54.481064      79.771469      -0.051531      48.459183       0.024332     -14.037056       0.137057      -2.301691       2.852718      11.100147     -17.458429     -90.003288     -29.765783      89.993690     -87.792732       1.197888    -100.847801      67.722115     -64.067604     112.813843       0.042947     -43.407833       0.018488      48.480274      -1.929992      -1.732178      -1.933693       4.504208      32.091667     -90.000877      -2.065024      89.994667      81.187912      72.625458     159.374741      89.282570      54.995674      89.709579     -30.452589     -10.275874      20.257084      98.296692      75.661438      70.131592      -5.265087       3.008853      -2.539003      59.047356      72.280121    -190.893646     -90.624786     -22.449062      90.140984      -7.279135     -19.911858     -18.644215      81.062820     -82.139679     265.411133       4.847281      -4.566292     -21.960300
      -2.758322      33.846489      -4.295732      11.135247      25.113276      12.269381     -51.952007     -74.814392      44.632187     -21.106550      -3.699794      -4.358607       5.642498      -4.986635     -16.519236       3.519053      -3.846885      -7.928775      -0.873565       4.328015      23.962515     106.910316      -0.499898     -92.952286       6.375359     -54.486973      79.778435      -0.051526      48.458168       0.024311     -14.037066       0.137038      -2.301703       2.852776      11.099577     -17.459312     -90.003281     -29.765787      89.993683     -87.795235       1.201388    -100.842010      67.721436     -64.065308     112.818619       0.042949     -43.407715       0.018505      48.480278      -1.929976      -1.732167      -1.933818       4.504761      32.092270     -90.000877      -2.065022      89.994667      81.188446      72.622253     159.429153      89.287430      55.001263      89.711487     -30.490904     -10.327975      20.211500      98.053284      75.588409      70.330940      -5.265047       3.008523      -2.538481      59.033249      72.237259    -190.849792     -90.614738     -22.451220      90.138908      -7.293915     -19.909840     -18.669106      81.377579     -82.026314     265.671448       4.847229      -4.568145     -21.959490
      -2.775583      33.844486      -4.277889      11.099862      25.195850      12.324101     -52.144554     -74.762161      44.412086     -21.106930      -3.696332      -4.359916       5.641768      -4.984107     -16.522703       3.519083      -3.846390      -7.929611      -0.873616       4.328341      23.962105     106.900436      -0.502571     -92.946381       6.388336     -54.492310      79.785233      -0.051530      48.457207       0.024306     -14.037065       0.137033      -2.301723       2.852823      11.098983     -17.460152     -90.003265     -29.765783      89.993706     -87.797691       1.204470    -100.836838      67.721008     -64.063271     112.823006       0.042948     -43.407619       0.018519      48.480278      -1.929978      -1.732168      -1.933944       4.505283      32.092857     -90.000877      -2.065021      89.994652      81.186958      72.618073     159.494965      89.292557      55.006359      89.713501     -30.525843     -10.378959      20.170099      97.812721      75.515938      70.527756      -5.265000       3.008205      -2.537994      59.019508      72.192955    -190.797150     -90.605721     -22.451147      90.137077      -7.314743     -19.908390     -18.692856      81.681564     -81.913757     265.915100       4.847176      -4.569910     -21.958689
      -2.791749      33.842930      -4.258655      11.059323      25.278875      12.380570     -52.330711     -74.711044      44.198524     -21.107243      -3.693245      -4.361161       5.641144      -4.981904     -16.525782       3.519114      -3.845953      -7.930379      -0.873664       4.328629      23.961723     106.891953      -0.504857     -92.940948       6.399952     -54.496838      79.791565      -0.051526      48.456360       0.024294     -14.037074       0.137027      -2.301721       2.852872      11.098422     -17.460922     -90.003281     -29.765787      89.993690     -87.799637       1.207128    -100.832420      67.720367     -64.061508     112.826523       0.042948     -43.407543       0.018519      48.480278      -1.929975      -1.732163      -1.934069       4.505745      32.093380     -90.000862      -2.065021      89.994652      81.183662      72.613228     159.570251      89.297676      55.010834      89.715530     -30.557894     -10.428843      20.131920      97.575157      75.444046      70.721954      -5.264961       3.007892      -2.537523      59.005661      72.147156    -190.736633     -90.596542     -22.449276      90.135208      -7.339563     -19.907757     -18.715075      81.926003     -81.801376     266.095703       4.847119      -4.571562     -21.957909
      -2.806999      33.841740      -4.238376      11.014994      25.362530      12.438540     -52.511452     -74.660820      43.990532     -21.107496      -3.690438      -4.362027       5.640621      -4.979950     -16.528271       3.519151      -3.845550      -7.930995      -0.873708       4.328885      23.961412     106.884773      -0.506751     -92.936005       6.410147     -54.500576      79.797409      -0.051526      48.455631       0.024307     -14.037084       0.137027      -2.301722       2.852908      11.097902     -17.461622     -90.003273     -29.765787      89.993698     -87.801147       1.209322    -100.828880      67.719650     -64.060036     112.829269       0.042951     -43.407467       0.018525      48.480282      -1.929974      -1.732163      -1.934175       4.506157      32.093864     -90.000854      -2.065024      89.994644      81.178734      72.607353     159.652908      89.303024      55.014801      89.717667     -30.587492     -10.477742      20.096165      97.340782      75.373085      70.913254      -5.264921       3.007583      -2.537060      58.992393      72.100189    -190.670898     -90.587883     -22.445986      90.133461      -7.366742     -19.907841     -18.735720      82.160660     -81.689926     266.261627       4.847056      -4.573179     -21.957134
      -2.821499      33.840820      -4.217351      10.967857      25.446623      12.497490     -52.687469     -74.611366      43.787415     -21.107687      -3.687975      -4.362446       5.640212      -4.978270     -16.530123       3.519181      -3.845181      -7.931462      -0.873751       4.329113      23.961187     106.878807      -0.508298     -92.931625       6.418910     -54.503578      79.802643      -0.051520      48.455017       0.024302     -14.037091       0.137018      -2.301708       2.852942      11.097434     -17.462238     -90.003273     -29.765791      89.993706     -87.802155       1.211097    -100.826141      67.718803     -64.058876     112.831245       0.042947     -43.407425       0.018503      48.480293      -1.929978      -1.732164      -1.934270       4.506524      32.094315     -90.000862      -2.065032      89.994644      81.172279      72.600700     159.741302      89.308647      55.018337      89.719910     -30.615171     -10.525805      20.061951      97.111519      75.305374      71.099510      -5.264884       3.007278      -2.536601      58.979572      72.052536    -190.601288     -90.579887     -22.441683      90.131836      -7.395173     -19.908649     -18.754517      82.387848     -81.579475     266.416229       4.846991      -4.574729     -21.956400
      -2.835409      33.840096      -4.195851      10.918919      25.530901      12.557009     -52.859280     -74.562576      43.588711     -21.107809      -3.685823      -4.362348       5.639907      -4.976827     -16.531351       3.519215      -3.844851      -7.931767      -0.873789       4.329319      23.961027     106.873962      -0.509514     -92.927795       6.426283     -54.505894      79.807274      -0.051528      48.454521       0.024318     -14.037097       0.137014      -2.301711       2.852970      11.097026     -17.462769     -90.003265     -29.765787      89.993698     -87.802650       1.212501    -100.824135      67.717743     -64.057961     112.832451       0.042946     -43.407383       0.018496      48.480297      -1.929980      -1.732167      -1.934356       4.506829      32.094719     -90.000870      -2.065024      89.994652      81.164444      72.593407     159.833725      89.314545      55.021572      89.722244     -30.641397     -10.573105      20.028648      96.887352      75.241241      71.280701      -5.264853       3.006975      -2.536160      58.967003      72.004524    -190.529053     -90.572556     -22.436729      90.130363      -7.423849     -19.910093     -18.771532      82.608719     -81.470032     266.561584       4.846939      -4.576210     -21.955688
      -2.848873      33.839485      -4.174121      10.869002      25.615170      12.616777     -53.027298     -74.514359      43.393951     -21.107870      -3.683925      -4.361722       5.639699      -4.975586     -16.531982       3.519251      -3.844548      -7.931926      -0.873824       4.329506      23.960960     106.870125      -0.510438     -92.924515       6.432390     -54.507645      79.811302      -0.051526      48.454117       0.024321     -14.037100       0.137025      -2.301705       2.852992      11.096660     -17.463221     -90.003273     -29.765793      89.993698     -87.802635       1.213572    -100.822769      67.716461     -64.057274     112.832970       0.042945     -43.407330       0.018488      48.480301      -1.929994      -1.732176      -1.934427       4.507094      32.095100     -90.000870      -2.065024      89.994652      81.155380      72.585602     159.928772      89.320686      55.024586      89.724686     -30.666483     -10.619709      19.995855      96.667984      75.180489      71.457115      -5.264831       3.006682      -2.535733      58.954689      71.956421    -190.455444     -90.565826     -22.431387      90.129005      -7.451981     -19.912094     -18.786886      82.824295     -81.361679     266.699402       4.846905      -4.577636     -21.955019
      -2.862012      33.838940      -4.152375      10.818843      25.699213      12.676507     -53.191902     -74.466644      43.202724     -21.107874      -3.682256      -4.360605       5.639576      -4.974503     -16.532070       3.519288      -3.844265      -7.931952      -0.873861       4.329680      23.960974     106.867126      -0.511128     -92.921654       6.437387     -54.508884      79.814774      -0.051528      48.453808       0.024337     -14.037105       0.137024      -2.301696       2.853020      11.096350     -17.463615     -90.003288     -29.765791      89.993690     -87.802185       1.214388    -100.821960      67.714890     -64.056793     112.832809       0.042942     -43.407303       0.018463      48.480301      -1.929993      -1.732177      -1.934493       4.507325      32.095428     -90.000862      -2.065026      89.994652      81.145363      72.577362     160.025040      89.327019      55.027443      89.727242     -30.690714     -10.665661      19.963230      96.452957      75.122940      71.629234      -5.264807       3.006397      -2.535318      58.942646      71.908424    -190.381531     -90.559624     -22.425852      90.127777      -7.478838     -19.914555     -18.800749      83.035011     -81.254524     266.830505       4.846848      -4.579001     -21.954365
      -2.874928      33.838406      -4.130787      10.769029      25.782892      12.735989     -53.353313     -74.419334      43.014820     -21.107834      -3.680764      -4.359050       5.639524      -4.973538     -16.531698       3.519327      -3.843995      -7.931853      -0.873896       4.329845      23.961046     106.864807      -0.511628     -92.919174       6.441443     -54.509731      79.817772      -0.051519      48.453575       0.024342     -14.037110       0.137025      -2.301694       2.853034      11.096089     -17.463943     -90.003288     -29.765791      89.993690     -87.801361       1.215005    -100.821564      67.713142     -64.056442     112.832176       0.042939     -43.407269       0.018451      48.480293      -1.929995      -1.732178      -1.934551       4.507514      32.095726     -90.000862      -2.065026      89.994652      81.134544      72.568756     160.121414      89.333565      55.030247      89.729851     -30.714346     -10.710987      19.930580      96.242058      75.068420      71.797272      -5.264786       3.006113      -2.534915      58.930817      71.860634    -190.308167     -90.553879     -22.420341      90.126617      -7.504073     -19.917376     -18.813322      83.241432     -81.148605     266.956116       4.846790      -4.580315     -21.953751
      -2.887692      33.837849      -4.109484      10.719991      25.866055      12.795054     -53.511696     -74.372475      42.830051     -21.107754      -3.679398      -4.357123       5.639533      -4.972659     -16.530952       3.519374      -3.843731      -7.931660      -0.873934       4.330002      23.961178     106.863007      -0.511975     -92.917007       6.444727     -54.510273      79.820381      -0.051522      48.453392       0.024348     -14.037108       0.137034      -2.301681       2.853044      11.095850     -17.464226     -90.003281     -29.765791      89.993698     -87.800224       1.215473    -100.821480      67.711174     -64.056229     112.831116       0.042939     -43.407238       0.018442      48.480293      -1.929997      -1.732179      -1.934603       4.507672      32.096004     -90.000870      -2.065021      89.994652      81.123009      72.559845     160.217148      89.340271      55.033054      89.732552     -30.737555     -10.755723      19.897791      96.034943      75.016777      71.961617      -5.264760       3.005838      -2.534513      58.919262      71.813202    -190.236053     -90.548500     -22.414976      90.125526      -7.527511     -19.920464     -18.824823      83.444138     -81.043922     267.077332       4.846729      -4.581577     -21.953163
      -2.900354      33.837246      -4.088548      10.671996      25.948589      12.853621     -53.667057     -74.326019      42.648369     -21.107658      -3.678114      -4.354896       5.639582      -4.971839     -16.529928       3.519425      -3.843473      -7.931391      -0.873975       4.330153      23.961348     106.861626      -0.512209     -92.915070       6.447431     -54.510578      79.822647      -0.051526      48.453274       0.024354     -14.037111       0.137034      -2.301678       2.853062      11.095654     -17.464460     -90.003296     -29.765783      89.993683     -87.798874       1.215829    -100.821587      67.709015     -64.056091     112.829697       0.042938     -43.407211       0.018430      48.480278      -1.929990      -1.732178      -1.934647       4.507822      32.096252     -90.000870      -2.065026      89.994644      81.110909      72.550636     160.311676      89.347107      55.035934      89.735298     -30.760424     -10.799879      19.864832      95.831451      74.967850      72.122414      -5.264740       3.005569      -2.534132      58.907997      71.766144    -190.165649     -90.543419     -22.409843      90.124496      -7.549161     -19.923735     -18.835453      83.643356     -80.940529     267.194855       4.846669      -4.582788     -21.952606
      -2.912936      33.836590      -4.068018      10.625174      26.030405      12.911672     -53.819603     -74.279991      42.469559     -21.107517      -3.676885      -4.352457       5.639660      -4.971055     -16.528709       3.519474      -3.843214      -7.931062      -0.874011       4.330307      23.961544     106.860504      -0.512354     -92.913315       6.449701     -54.510742      79.824654      -0.051517      48.453175       0.024357     -14.037117       0.137040      -2.301670       2.853079      11.095478     -17.464670     -90.003296     -29.765783      89.993690     -87.797363       1.216137    -100.821838      67.706757     -64.056007     112.828087       0.042932     -43.407169       0.018427      48.480278      -1.929998      -1.732179      -1.934691       4.507958      32.096481     -90.000877      -2.065015      89.994652      81.098320      72.541130     160.404663      89.354034      55.038937      89.738083     -30.783054     -10.843437      19.831757      95.631271      74.921494      72.280060      -5.264717       3.005311      -2.533775      58.897102      71.719460    -190.097214     -90.538597     -22.404984      90.123520      -7.569184     -19.927107     -18.845415      83.839264     -80.838387     267.309296       4.846621      -4.583951     -21.952085
      -2.925443      33.835869      -4.047901      10.579534      26.111479      12.969250     -53.969303     -74.234383      42.293659     -21.107378      -3.675693      -4.349894       5.639763      -4.970287     -16.527380       3.519519      -3.842952      -7.930702      -0.874051       4.330456      23.961761     106.859520      -0.512465     -92.911659       6.451721     -54.510826      79.826515      -0.051522      48.453083       0.024362     -14.037109       0.137052      -2.301666       2.853084      11.095317     -17.464863     -90.003288     -29.765791      89.993698     -87.795753       1.216422    -100.822144      67.704369     -64.055954     112.826340       0.042928     -43.407131       0.018413      48.480270      -1.930001      -1.732185      -1.934743       4.508089      32.096706     -90.000877      -2.065020      89.994659      81.085312      72.531296     160.495972      89.361053      55.042088      89.740906     -30.805462     -10.886427      19.798637      95.434196      74.877579      72.434723      -5.264690       3.005055      -2.533436      58.886635      71.673111    -190.030869     -90.533997     -22.400408      90.122566      -7.587809     -19.930540     -18.854881      84.032097     -80.737534     267.420990       4.846556      -4.585070     -21.951590
      -2.937808      33.835194      -4.028148      10.534965      26.191082      13.026217     -54.115948     -74.189240      42.120850     -21.107224      -3.674665      -4.347311       5.639879      -4.969602     -16.526033       3.519574      -3.842707      -7.930345      -0.874092       4.330608      23.961987     106.858772      -0.512545     -92.910156       6.453330     -54.510830      79.828033      -0.051525      48.453022       0.024373     -14.037099       0.137054      -2.301664       2.853090      11.095169     -17.465033     -90.003288     -29.765793      89.993690     -87.794014       1.216748    -100.822319      67.701782     -64.055870     112.824478       0.042924     -43.407078       0.018404      48.480267      -1.930001      -1.732190      -1.934776       4.508218      32.096905     -90.000885      -2.065026      89.994644      81.071144      72.520645     160.586365      89.368668      55.045887      89.743942     -30.828093     -10.929257      19.765095      95.262566      74.855080      72.564766      -5.264715       3.004763      -2.533094      58.876892      71.627449    -189.966599     -90.529648     -22.396009      90.121666      -7.605304     -19.933830     -18.864100      84.220856     -80.637932     267.529236       4.846502      -4.586146     -21.951122
      -2.950000      33.834564      -4.008687      10.491268      26.269535      13.082903     -54.259834     -74.144562      41.950809     -21.107073      -3.673670      -4.344732       5.639991      -4.968944     -16.524710       3.519621      -3.842469      -7.929986      -0.874127       4.330746      23.962200     106.857986      -0.512625     -92.908661       6.454878     -54.510868      79.829491      -0.051527      48.452957       0.024378     -14.037099       0.137055      -2.301665       2.853096      11.095036     -17.465191     -90.003288     -29.765800      89.993698     -87.792351       1.217124    -100.822441      67.699165     -64.055779     112.822632       0.042932     -43.407009       0.018424      48.480255      -1.930002      -1.732195      -1.934824       4.508347      32.097088     -90.000862      -2.065026      89.994659      81.056366      72.509315     160.675705      89.376526      55.049973      89.747070     -30.850431     -10.971459      19.732063      95.097710      74.838127      72.688461      -5.264701       3.004519      -2.532794      58.868088      71.582077    -189.904327     -90.525520     -22.391716      90.120811      -7.622106     -19.937000     -18.873341      84.405861     -80.539551     267.634247       4.846448      -4.587181     -21.950682
      -2.961991      33.833965      -3.989433      10.448101      26.346994      13.139356     -54.400864     -74.100349      41.783638     -21.106945      -3.672729      -4.342217       5.640089      -4.968316     -16.523451       3.519667      -3.842253      -7.929641      -0.874164       4.330876      23.962425     106.857079      -0.512735     -92.907097       6.456528     -54.510960      79.830963      -0.051524      48.452892       0.024376     -14.037102       0.137051      -2.301663       2.853101      11.094906     -17.465355     -90.003288     -29.765793      89.993690     -87.790787       1.217536    -100.822479      67.696640     -64.055656     112.820946       0.042932     -43.406960       0.018423      48.480247      -1.930000      -1.732200      -1.934867       4.508496      32.097286     -90.000885      -2.065022      89.994652      81.041039      72.497528     160.764496      89.384415      55.054272      89.750267     -30.872492     -11.013098      19.699394      94.938087      74.825600      72.807312      -5.264687       3.004291      -2.532511      58.859905      71.537010    -189.843323     -90.521675     -22.387461      90.120010      -7.638589     -19.940077     -18.882435      84.587448     -80.442375     267.736267       4.846384      -4.588176     -21.950268
      -2.973758      33.833401      -3.970300      10.405153      26.423576      13.195662     -54.539192     -74.056602      41.619156     -21.106836      -3.671851      -4.339817       5.640166      -4.967730     -16.522282       3.519707      -3.842051      -7.929319      -0.874196       4.330998      23.962627     106.856033      -0.512895     -92.905464       6.458341     -54.511150      79.832512      -0.051522      48.452805       0.024376     -14.037098       0.137056      -2.301661       2.853102      11.094751     -17.465517     -90.003281     -29.765804      89.993706     -87.789337       1.217988    -100.822449      67.694260     -64.055504     112.819420       0.042930     -43.406898       0.018425      48.480236      -1.929998      -1.732202      -1.934916       4.508647      32.097481     -90.000877      -2.065029      89.994644      81.025139      72.485397     160.853241      89.392334      55.058743      89.753448     -30.894274     -11.054181      19.667166      94.782593      74.816628      72.922386      -5.264669       3.004074      -2.532250      58.852188      71.492226    -189.783051     -90.518158     -22.383156      90.119270      -7.655056     -19.943102     -18.891300      84.765839     -80.346367     267.835358       4.846324      -4.589134     -21.949867
      -2.985281      33.832863      -3.951215      10.362164      26.499413      13.251900     -54.674824     -74.013313      41.457348     -21.106739      -3.671026      -4.337537       5.640221      -4.967191     -16.521219       3.519742      -3.841862      -7.929016      -0.874225       4.331105      23.962814     106.854828      -0.513086     -92.903748       6.460348     -54.511410      79.834160      -0.051519      48.452698       0.024373     -14.037102       0.137045      -2.301666       2.853119      11.094601     -17.465677     -90.003281     -29.765783      89.993698     -87.788025       1.218454    -100.822365      67.692055     -64.055336     112.818130       0.042930     -43.406834       0.018432      48.480228      -1.929998      -1.732196      -1.934967       4.508802      32.097679     -90.000870      -2.065024      89.994652      81.008644      72.472977     160.942352      89.400246      55.063343      89.756645     -30.915684     -11.094707      19.635433      94.630524      74.810524      73.034409      -5.264646       3.003872      -2.532004      58.844906      71.447670    -189.723114     -90.514992     -22.378773      90.118614      -7.671764     -19.946093     -18.899958      84.941093     -80.251488     267.931396       4.846270      -4.590052     -21.949492
      -2.996539      33.832363      -3.932117      10.318909      26.574635      13.308167     -54.807968     -73.970467      41.297993     -21.106663      -3.670268      -4.335389       5.640257      -4.966687     -16.520252       3.519778      -3.841694      -7.928741      -0.874253       4.331205      23.962996     106.853516      -0.513312     -92.901947       6.462569     -54.511757      79.835945      -0.051516      48.452579       0.024373     -14.037107       0.137049      -2.301658       2.853136      11.094431     -17.465847     -90.003304     -29.765787      89.993690     -87.786819       1.218933    -100.822220      67.689964     -64.055138     112.816925       0.042941     -43.406776       0.018444      48.480228      -1.929994      -1.732193      -1.935021       4.508961      32.097855     -90.000870      -2.065021      89.994652      80.991562      72.460297     161.032196      89.408142      55.068035      89.759819     -30.936710     -11.134671      19.604265      94.481018      74.806732      73.144211      -5.264624       3.003678      -2.531772      58.837948      71.403275    -189.663086     -90.512199     -22.374264      90.118034      -7.688886     -19.949112     -18.908390      85.113319     -80.157684     268.024353       4.846227      -4.590938     -21.949129
      -3.007526      33.831905      -3.912958      10.275227      26.649345      13.364507     -54.938690     -73.928062      41.141014     -21.106604      -3.669561      -4.333365       5.640275      -4.966230     -16.519363       3.519809      -3.841543      -7.928491      -0.874276       4.331296      23.963163     106.852097      -0.513580     -92.900070       6.464907     -54.512161      79.837776      -0.051518      48.452446       0.024374     -14.037115       0.137043      -2.301662       2.853151      11.094265     -17.466021     -90.003288     -29.765797      89.993698     -87.785736       1.219418    -100.822021      67.688011     -64.054947     112.815887       0.042946     -43.406719       0.018458      48.480213      -1.929994      -1.732197      -1.935074       4.509126      32.098049     -90.000870      -2.065022      89.994659      80.973824      72.447403     161.123093      89.415985      55.072800      89.763031     -30.957304     -11.174079      19.573664      94.333588      74.804810      73.252235      -5.264600       3.003498      -2.531547      58.831268      71.359016    -189.602753     -90.509766     -22.369617      90.117531      -7.706520     -19.952164     -18.916580      85.282944     -80.064957     268.114471       4.846175      -4.591793     -21.948790
      -3.018237      33.831490      -3.893709      10.231004      26.723633      13.420961     -55.067081     -73.886032      40.986301     -21.106562      -3.668916      -4.331442       5.640278      -4.965821     -16.518557       3.519841      -3.841406      -7.928248      -0.874302       4.331381      23.963322     106.850601      -0.513846     -92.898148       6.467367     -54.512592      79.839691      -0.051516      48.452316       0.024364     -14.037122       0.137037      -2.301661       2.853159      11.094098     -17.466187     -90.003296     -29.765783      89.993698     -87.784737       1.219915    -100.821800      67.686241     -64.054733     112.815010       0.042947     -43.406673       0.018462      48.480198      -1.929992      -1.732195      -1.935122       4.509285      32.098248     -90.000870      -2.065016      89.994652      80.955467      72.434303     161.215210      89.423859      55.077568      89.766190     -30.977442     -11.212936      19.543650      94.187782      74.804382      73.358963      -5.264578       3.003327      -2.531332      58.824821      71.314842    -189.541946     -90.507736     -22.364798      90.117096      -7.724717     -19.955313     -18.924513      85.449814     -79.973267     268.201538       4.846121      -4.592609     -21.948465
      -3.028677      33.831120      -3.874351      10.186184      26.797573      13.477552     -55.193272     -73.844376      40.833736     -21.106525      -3.668320      -4.329599       5.640276      -4.965456     -16.517794       3.519871      -3.841284      -7.928011      -0.874327       4.331457      23.963465     106.849091      -0.514125     -92.896202       6.469889     -54.513050      79.841644      -0.051516      48.452171       0.024370     -14.037127       0.137038      -2.301672       2.853162      11.093913     -17.466349     -90.003296     -29.765783      89.993698     -87.783821       1.220386    -100.821548      67.684570     -64.054535     112.814217       0.042948     -43.406624       0.018469      48.480198      -1.929994      -1.732190      -1.935181       4.509453      32.098415     -90.000870      -2.065026      89.994652      80.936485      72.421051     161.308640      89.431732      55.082333      89.769333     -30.997133     -11.251253      19.514177      94.043129      74.805153      73.464836      -5.264556       3.003162      -2.531129      58.818611      71.270760    -189.480560     -90.506081     -22.359840      90.116760      -7.743454     -19.958567     -18.932173      85.614258     -79.882576     268.285706       4.846078      -4.593395     -21.948158
      -3.038857      33.830791      -3.854880      10.140752      26.871233      13.534282     -55.317482     -73.803047      40.683075     -21.106504      -3.667787      -4.327820       5.640267      -4.965137     -16.517063       3.519890      -3.841174      -7.927785      -0.874342       4.331524      23.963606     106.847580      -0.514410     -92.894241       6.472422     -54.513508      79.843613      -0.051514      48.452011       0.024372     -14.037137       0.137040      -2.301669       2.853174      11.093719     -17.466509     -90.003296     -29.765783      89.993698     -87.782967       1.220857    -100.821320      67.683044     -64.054344     112.813522       0.042942     -43.406582       0.018464      48.480186      -1.929989      -1.732191      -1.935230       4.509612      32.098598     -90.000885      -2.065021      89.994644      80.916878      72.407661     161.403412      89.439583      55.087070      89.772484     -31.016392     -11.289056      19.485212      93.899559      74.806892      73.569939      -5.264538       3.003011      -2.530941      58.812588      71.226768    -189.418533     -90.504791     -22.354727      90.116501      -7.762678     -19.961952     -18.939560      85.776566     -79.792862     268.367249       4.846028      -4.594151     -21.947861
      -3.048789      33.830502      -3.835300      10.094732      26.944628      13.591131     -55.439709     -73.762032      40.534332     -21.106485      -3.667308      -4.326076       5.640254      -4.964852     -16.516329       3.519910      -3.841072      -7.927562      -0.874356       4.331586      23.963753     106.846085      -0.514683     -92.892288       6.474937     -54.513958      79.845589      -0.051527      48.451862       0.024377     -14.037137       0.137042      -2.301678       2.853173      11.093536     -17.466660     -90.003304     -29.765783      89.993690     -87.782120       1.221303    -100.821075      67.681580     -64.054138     112.812866       0.042938     -43.406544       0.018461      48.480183      -1.929991      -1.732193      -1.935281       4.509772      32.098763     -90.000877      -2.065027      89.994644      80.896706      72.394142     161.499466      89.447418      55.091740      89.775650     -31.035204     -11.326352      19.456705      93.756554      74.809387      73.674751      -5.264522       3.002859      -2.530763      58.806694      71.182846    -189.355881     -90.503876     -22.349499      90.116318      -7.782320     -19.965494     -18.946682      85.936684     -79.704124     268.446106       4.845982      -4.594878     -21.947575
      -3.058493      33.830246      -3.815624      10.048179      27.017818      13.648083     -55.560226     -73.721298      40.387245     -21.106461      -3.666882      -4.324360       5.640242      -4.964604     -16.515596       3.519927      -3.840978      -7.927338      -0.874368       4.331638      23.963894     106.844635      -0.514948     -92.890366       6.477390     -54.514374      79.847527      -0.051527      48.451702       0.024373     -14.037140       0.137047      -2.301677       2.853175      11.093344     -17.466814     -90.003296     -29.765791      89.993698     -87.781319       1.221718    -100.820869      67.680206     -64.053955     112.812271       0.042937     -43.406509       0.018465      48.480175      -1.929986      -1.732189      -1.935326       4.509914      32.098930     -90.000877      -2.065027      89.994659      80.875954      72.380547     161.596725      89.455276      55.096340      89.778809     -31.053608     -11.363140      19.428606      93.614136      74.812500      73.779251      -5.264498       3.002718      -2.530594      58.800949      71.138992    -189.292694     -90.503288     -22.344164      90.116196      -7.802268     -19.969200     -18.953550      86.095078     -79.616318     268.522705       4.845942      -4.595583     -21.947306
      -3.067988      33.830021      -3.795871      10.001168      27.090807      13.705105     -55.679001     -73.680779      40.241802     -21.106457      -3.666492      -4.322647       5.640236      -4.964385     -16.514839       3.519947      -3.840895      -7.927098      -0.874386       4.331690      23.964033     106.843262      -0.515183     -92.888489       6.479779     -54.514755      79.849442      -0.051518      48.451569       0.024359     -14.037144       0.137040      -2.301675       2.853175      11.093169     -17.466949     -90.003296     -29.765791      89.993683     -87.780502       1.222116    -100.820694      67.678871     -64.053787     112.811638       0.042940     -43.406471       0.018465      48.480164      -1.929990      -1.732187      -1.935371       4.510069      32.099091     -90.000877      -2.065024      89.994644      80.854675      72.366867     161.695068      89.463112      55.100868      89.781982     -31.071640     -11.399447      19.400860      93.472099      74.816101      73.883644      -5.264476       3.002586      -2.530433      58.795319      71.095253    -189.229034     -90.503036     -22.338779      90.116158      -7.822435     -19.973083     -18.960186      86.251656     -79.529449     268.597076       4.845889      -4.596266     -21.947050
      -3.077295      33.829819      -3.776063       9.953781      27.163591      13.762169     -55.796200     -73.640488      40.097870     -21.106441      -3.666139      -4.320917       5.640236      -4.964192     -16.514053       3.519963      -3.840814      -7.926854      -0.874401       4.331735      23.964178     106.841942      -0.515416     -92.886665       6.482077     -54.515114      79.851311      -0.051515      48.451424       0.024363     -14.037147       0.137038      -2.301677       2.853168      11.092989     -17.467085     -90.003288     -29.765793      89.993690     -87.779694       1.222475    -100.820557      67.677628     -64.053627     112.811081       0.042943     -43.406437       0.018470      48.480156      -1.929987      -1.732190      -1.935416       4.510209      32.099236     -90.000885      -2.065036      89.994644      80.832954      72.353134     161.794266      89.470970      55.105312      89.785179     -31.089323     -11.435272      19.373407      93.330276      74.820091      73.988113      -5.264460       3.002464      -2.530281      58.789806      71.051605    -189.165039     -90.503098     -22.333347      90.116180      -7.842719     -19.977135     -18.966600      86.406639     -79.443497     268.669403       4.845843      -4.596921     -21.946800
      -3.086434      33.829632      -3.756223       9.906096      27.236193      13.819241     -55.911911     -73.600403      39.955334     -21.106422      -3.665805      -4.319171       5.640244      -4.964014     -16.513227       3.519981      -3.840743      -7.926609      -0.874414       4.331778      23.964334     106.840691      -0.515638     -92.884888       6.484260     -54.515438      79.853096      -0.051517      48.451294       0.024367     -14.037154       0.137032      -2.301675       2.853168      11.092830     -17.467211     -90.003288     -29.765791      89.993690     -87.778885       1.222810    -100.820450      67.676407     -64.053490     112.810509       0.042935     -43.406414       0.018460      48.480148      -1.929985      -1.732191      -1.935458       4.510337      32.099392     -90.000870      -2.065022      89.994659      80.810760      72.339363     161.894257      89.478844      55.109676      89.788376     -31.106668     -11.470640      19.346230      93.188698      74.824371      74.092598      -5.264452       3.002342      -2.530130      58.784420      71.008087    -189.100861     -90.503433     -22.327919      90.116249      -7.863016     -19.981361     -18.972830      86.560181     -79.358429     268.739929       4.845804      -4.597553     -21.946562
      -3.095424      33.829460      -3.736375       9.858214      27.308598      13.876288     -56.026234     -73.560493      39.814125     -21.106401      -3.665498      -4.317397       5.640249      -4.963849     -16.512367       3.520005      -3.840669      -7.926347      -0.874429       4.331826      23.964497     106.839508      -0.515825     -92.883179       6.486356     -54.515736      79.854828      -0.051520      48.451187       0.024370     -14.037160       0.137030      -2.301673       2.853178      11.092660     -17.467331     -90.003288     -29.765791      89.993698     -87.778046       1.223136    -100.820381      67.675179     -64.053352     112.809883       0.042938     -43.406387       0.018459      48.480133      -1.929982      -1.732190      -1.935493       4.510465      32.099537     -90.000877      -2.065032      89.994652      80.788216      72.325562     161.994736      89.486755      55.113945      89.791565     -31.123701     -11.505547      19.319288      93.047150      74.828873      74.197319      -5.264436       3.002236      -2.529989      58.779175      70.964699    -189.036621     -90.504013     -22.322510      90.116371      -7.883272     -19.985744     -18.978918      86.712318     -79.274246     268.808777       4.845764      -4.598166     -21.946337
      -3.104281      33.829292      -3.716540       9.810200      27.380814      13.933295     -56.139191     -73.520729      39.674179     -21.106377      -3.665209      -4.315590       5.640267      -4.963684     -16.511471       3.520027      -3.840596      -7.926078      -0.874446       4.331868      23.964666     106.838394      -0.516005     -92.881531       6.488344     -54.515984      79.856483      -0.051515      48.451061       0.024366     -14.037167       0.137024      -2.301672       2.853170      11.092512     -17.467442     -90.003281     -29.765797      89.993698     -87.777191       1.223435    -100.820328      67.673950     -64.053230     112.809219       0.042931     -43.406372       0.018453      48.480125      -1.929975      -1.732189      -1.935531       4.510581      32.099682     -90.000885      -2.065027      89.994652      80.765236      72.311737     162.095718      89.494698      55.118130      89.794739     -31.140451     -11.540006      19.292555      92.905624      74.833557      74.302284      -5.264420       3.002129      -2.529853      58.774010      70.921425    -188.972366     -90.504837     -22.317142      90.116539      -7.903425     -19.990288     -18.984930      86.863251     -79.190910     268.876221       4.845727      -4.598759     -21.946119
      -3.113022      33.829128      -3.696736       9.762130      27.452814      13.990236     -56.250854     -73.481125      39.535423     -21.106346      -3.664929      -4.313757       5.640287      -4.963519     -16.510540       3.520049      -3.840524      -7.925800      -0.874463       4.331910      23.964834     106.837303      -0.516167     -92.879951       6.490230     -54.516232      79.858070      -0.051508      48.450954       0.024363     -14.037167       0.137027      -2.301673       2.853164      11.092350     -17.467531     -90.003296     -29.765797      89.993698     -87.776321       1.223720    -100.820297      67.672791     -64.053108     112.808624       0.042933     -43.406349       0.018448      48.480122      -1.929972      -1.732188      -1.935566       4.510701      32.099815     -90.000870      -2.065026      89.994652      80.741943      72.297874     162.196960      89.502609      55.122253      89.797981     -31.156921     -11.574035      19.266018      92.764160      74.838356      74.407478      -5.264404       3.002030      -2.529726      58.769039      70.878311    -188.908325     -90.505867     -22.311840      90.116753      -7.923440     -19.994967     -18.990881      87.013062     -79.108421     268.942413       4.845694      -4.599332     -21.945908
      -3.121656      33.828960      -3.676977       9.714058      27.524612      14.047097     -56.361298     -73.441673      39.397804     -21.106316      -3.664643      -4.311902       5.640314      -4.963350     -16.509584       3.520067      -3.840443      -7.925515      -0.874478       4.331949      23.965012     106.836273      -0.516328     -92.878418       6.492023     -54.516441      79.859581      -0.051510      48.450863       0.024362     -14.037169       0.137023      -2.301673       2.853163      11.092198     -17.467632     -90.003296     -29.765793      89.993698     -87.775444       1.223983    -100.820274      67.671608     -64.052994     112.807961       0.042938     -43.406319       0.018466      48.480114      -1.929978      -1.732184      -1.935606       4.510813      32.099941     -90.000870      -2.065029      89.994644      80.718346      72.284012     162.298401      89.510551      55.126305      89.801201     -31.173124     -11.607628      19.239668      92.622650      74.843262      74.512985      -5.264388       3.001940      -2.529598      58.764202      70.835342    -188.844498     -90.507088     -22.306610      90.117012      -7.943285     -19.999779     -18.996830      87.161797     -79.026756     269.007477       4.845654      -4.599887     -21.945717
      -3.130194      33.828785      -3.657275       9.666024      27.596210      14.103877     -56.470520     -73.402336      39.261326     -21.106277      -3.664351      -4.310025       5.640344      -4.963173     -16.508604       3.520090      -3.840365      -7.925225      -0.874495       4.331996      23.965199     106.835258      -0.516478     -92.876938       6.493774     -54.516663      79.861061      -0.051512      48.450760       0.024363     -14.037173       0.137021      -2.301669       2.853151      11.092072     -17.467718     -90.003288     -29.765793      89.993698     -87.774567       1.224249    -100.820267      67.670441     -64.052895     112.807312       0.042941     -43.406300       0.018472      48.480095      -1.929977      -1.732185      -1.935634       4.510918      32.100056     -90.000877      -2.065029      89.994644      80.694420      72.270111     162.399948      89.518524      55.130306      89.804436     -31.189114     -11.640806      19.213516      92.481133      74.848221      74.618782      -5.264379       3.001854      -2.529481      58.759495      70.792480    -188.780975     -90.508499     -22.301483      90.117294      -7.962958     -20.004707     -19.002811      87.309555     -78.945908     269.071533       4.845617      -4.600424     -21.945513
      -3.138643      33.828602      -3.637638       9.618058      27.667576      14.160580     -56.578568     -73.363129      39.125931     -21.106245      -3.664059      -4.308138       5.640375      -4.962982     -16.507605       3.520110      -3.840282      -7.924932      -0.874508       4.332042      23.965376     106.834274      -0.516642     -92.875496       6.495456     -54.516861      79.862480      -0.051522      48.450672       0.024371     -14.037170       0.137029      -2.301670       2.853138      11.091928     -17.467800     -90.003273     -29.765793      89.993706     -87.773651       1.224514    -100.820259      67.669304     -64.052780     112.806679       0.042953     -43.406281       0.018482      48.480087      -1.929968      -1.732190      -1.935666       4.511016      32.100182     -90.000877      -2.065026      89.994644      80.670273      72.256165     162.501480      89.526505      55.134247      89.807663     -31.204863     -11.673560      19.187563      92.339508      74.853210      74.724968      -5.264360       3.001774      -2.529367      58.755028      70.749741    -188.717880     -90.510048     -22.296440      90.117615      -7.982468     -20.009747     -19.008884      87.456306     -78.865837     269.134644       4.845576      -4.600945     -21.945337
      -3.147006      33.828411      -3.618071       9.570180      27.738739      14.217208     -56.685493     -73.324051      38.991558     -21.106195      -3.663747      -4.306238       5.640413      -4.962786     -16.506609       3.520132      -3.840196      -7.924633      -0.874525       4.332090      23.965559     106.833313      -0.516789     -92.874115       6.497097     -54.517067      79.863869      -0.051519      48.450577       0.024374     -14.037174       0.137024      -2.301679       2.853125      11.091810     -17.467878     -90.003273     -29.765797      89.993690     -87.772758       1.224777    -100.820244      67.668159     -64.052681     112.806046       0.042945     -43.406261       0.018476      48.480087      -1.929976      -1.732192      -1.935700       4.511119      32.100296     -90.000877      -2.065032      89.994652      80.645859      72.242149     162.603027      89.534515      55.138142      89.810905     -31.220406     -11.705900      19.161823      92.197815      74.858208      74.831512      -5.264340       3.001699      -2.529271      58.750801      70.707123    -188.655243     -90.511734     -22.291481      90.117989      -8.001824     -20.014881     -19.015076      87.602249     -78.786537     269.197021       4.845541      -4.601450     -21.945164
      -3.155286      33.828209      -3.598576       9.522402      27.809685      14.273766     -56.791256     -73.285072      38.858250     -21.106155      -3.663417      -4.304331       5.640443      -4.962578     -16.505604       3.520154      -3.840109      -7.924332      -0.874540       4.332141      23.965738     106.832344      -0.516942     -92.872749       6.498698     -54.517284      79.865196      -0.051521      48.450493       0.024372     -14.037179       0.137025      -2.301671       2.853132      11.091682     -17.467960     -90.003288     -29.765804      89.993698     -87.771851       1.225034    -100.820221      67.667030     -64.052582     112.805428       0.042945     -43.406246       0.018478      48.480076      -1.929973      -1.732194      -1.935733       4.511215      32.100407     -90.000877      -2.065034      89.994652      80.621262      72.228096     162.704468      89.542519      55.141987      89.814171     -31.235733     -11.737844      19.136297      92.056038      74.863220      74.938423      -5.264321       3.001623      -2.529177      58.746811      70.664581    -188.593109     -90.513580     -22.286610      90.118362      -8.021061     -20.020109     -19.021427      87.747238     -78.707993     269.258545       4.845499      -4.601940     -21.945009
      -3.163484      33.827995      -3.579151       9.474713      27.880434      14.330278     -56.895958     -73.246223      38.725914     -21.106117      -3.663082      -4.302433       5.640481      -4.962351     -16.504601       3.520179      -3.840019      -7.924033      -0.874559       4.332192      23.965918     106.831383      -0.517094     -92.871437       6.500280     -54.517509      79.866501      -0.051521      48.450401       0.024377     -14.037184       0.137028      -2.301671       2.853133      11.091564     -17.468037     -90.003281     -29.765793      89.993698     -87.770973       1.225302    -100.820190      67.665901     -64.052460     112.804817       0.042938     -43.406219       0.018475      48.480076      -1.929974      -1.732192      -1.935775       4.511309      32.100525     -90.000870      -2.065031      89.994644      80.596420      72.213959     162.805862      89.550529      55.145798      89.817451     -31.250824     -11.769382      19.111012      91.914146      74.868210      75.045708      -5.264308       3.001548      -2.529081      58.743057      70.622116    -188.531433     -90.515526     -22.281826      90.118782      -8.040192     -20.025425     -19.027973      87.891487     -78.630173     269.319489       4.845460      -4.602414     -21.944851
      -3.159280      33.843735      -3.560102       9.364303      27.605223      14.440005     -56.867851     -73.202995      38.655041     -21.076740      -3.675834      -4.328366       5.667999      -4.959336     -16.520138       3.524081      -3.828260      -7.951567      -0.874209       4.341621      23.963322     106.917061      -0.503985     -92.919563       6.410072     -54.486988      79.806534      -0.051192      48.454689       0.024355     -14.035351       0.137071      -2.301482       2.853944      11.093180     -17.464808     -90.003227     -29.765810      89.993721     -87.695007       1.232632    -100.798553      67.571449     -64.043648     112.729927       0.043121     -43.403839       0.018133      48.481197      -1.930193      -1.732439      -1.934243       4.507045      32.095581     -90.000870      -2.065017      89.994606      80.488663      72.151077     162.926651      89.642586      55.160339      89.853607     -30.579538     -11.223323      17.998856      91.630592      75.250870      75.433762      -5.133849       2.932089      -2.493145      58.690777      70.619385    -188.360580     -90.160568     -22.353128      90.047089      -7.174885     -19.201923     -18.021420      88.848167     -78.855515     270.230469       4.757108      -4.442107     -21.411165
      -4.380517      33.991028      -3.355566       6.802200      27.982325      18.154877     -54.628769     -73.981758      41.166672     -20.885466      -3.276014      -4.660677       5.849115      -1.524267     -17.713940       3.967694      -0.280533      -8.577342      -1.437245       6.489085      23.335226     108.314339       0.030666     -90.817955       7.755238     -53.735046      82.162125      -0.049605      48.481865       0.029491     -14.033065       0.137381      -2.299388       2.863196      11.119696     -17.496187     -90.003052     -29.765692      89.993996     -87.137115       0.890265    -102.147224      63.335423     -64.789474     107.960045       0.041386     -43.274338       0.013999      48.478558      -1.928106      -1.736084      -1.940246       4.515530      32.113029     -90.000885      -2.065101      89.994759      80.738266      72.273598     164.184082      88.771065      54.942284      89.480545     -26.580242     -11.605380      16.306303      90.422928      75.511635      75.728485      -5.018748       2.853433      -2.466550      59.574924      70.181870    -187.007233     -90.447739     -21.332218      90.115044      -4.942886     -18.295301     -15.685509      91.506363     -79.014305     272.921082       4.673995      -4.277905     -20.874762
      -5.826865      34.322987      -2.789097       3.646949      28.501530      20.996998     -54.294270     -74.126411      40.996189     -20.858519      -2.816302      -5.000885       6.011043      -0.775191     -17.287750       4.148484       1.130581      -6.378691      -1.804964       7.356575      23.850977     108.144409       0.023701     -89.822983       8.432739     -53.624779      82.895370      -0.051286      48.379768       0.032877     -14.030355       0.132084      -2.298467       2.848630      11.027511     -17.444715     -90.003250     -29.765804      89.993233     -86.789421       1.064645    -102.207924      62.338493     -64.742722     107.307808       0.039826     -43.183506       0.018148      48.467468      -1.923805      -1.737049      -1.961110       4.601915      32.077274     -90.000664      -2.065004      89.995293      82.968292      73.692215     165.050461      88.846336      53.493996      89.542923     -21.217022     -13.043561      15.479225      87.162788      75.633003      78.334152      -4.950554       2.698546      -3.070614      61.247753      70.916679    -184.532028     -90.087952     -18.992428      90.031288      -2.452361     -15.114630     -15.229454      93.037964     -78.916550     274.446686       4.682484      -4.213465     -20.940973
      -7.751708      34.469433      -2.049592       1.716454      29.433290      20.701431     -54.083755     -74.357719      41.052391     -20.828449      -2.808730      -4.761628       6.176715      -0.437770     -16.386562       4.249080       2.337303      -4.157404      -2.084671       7.923974      24.087580     108.090401       0.071773     -88.837868       9.054259     -53.440903      83.675232      -0.051868      48.292446       0.036022     -14.030259       0.129064      -2.297362       2.833117      10.940937     -17.396923     -90.003387     -29.765890      89.992775     -86.466042       1.092078    -102.414116      62.067944     -64.719276     107.156776       0.039677     -43.152027       0.018427      48.461273      -1.923590      -1.736973      -1.972518       4.646951      32.056797     -90.000626      -2.064935      89.995415      70.416687      77.623650     179.332031      89.174965      51.782410      89.717888     -20.037773     -11.762361      15.654218      84.805252      75.867699      80.823372      -4.872470       2.688620      -3.111334      48.062172      74.755569    -171.151566     -90.889961     -22.180647      90.239899      -1.538309     -12.891224     -15.928905      92.528221     -79.164391     273.524261       4.594430      -4.135571     -20.487585
      -9.563263      34.669762      -1.574906       2.027864      27.975597      21.828096     -55.405651     -73.915031      39.758801     -20.662811      -1.832020      -3.898998       6.389685       0.649232     -15.112379       4.323435       3.634290      -2.128340      -2.291592       8.401198      23.928654     108.505974       0.249772     -88.457184       8.726368     -53.132874      83.663101      -0.050254      48.292267       0.033277     -14.021555       0.130354      -2.297310       2.822978      10.942071     -17.256355     -89.988907     -28.251675      90.006210     -86.526855       1.081687    -101.525673      57.109184     -62.797928     103.197151       0.006404     -41.248829      -0.031212      46.982780      -1.884238      -1.770850      -1.876583       4.482188      31.446926     -90.008339      -0.735436      89.996864      70.853180      79.222702     180.170959      89.346230      47.796085      89.877716     -21.409033     -10.686803      13.613396      85.513763      76.382050      80.650383      -4.632677       2.501304      -2.957789      44.893433      77.391708    -170.912369     -90.513153     -28.929178      90.262474       1.593889     -11.576487     -14.487482      92.807755     -79.685303     273.214386       4.416822      -3.870037     -19.480337
     -11.337258      34.872307      -1.274623       2.765516      25.868261      23.047501     -56.681992     -73.443573      38.425175     -20.526855      -0.730286      -3.182772       6.545665       1.781247     -14.112913       4.340992       4.630876      -0.376991      -2.368577       8.574676      23.446552     108.091621       0.228697     -88.875298       7.019855     -49.861206      82.745750      -0.073901      46.339893       0.059601     -14.177693       0.144163      -2.297569       2.692239       8.816879     -15.275515     -90.002457     -26.484579      89.998032     -85.584343       1.078637    -101.676071      56.583649     -63.070480     102.636497       0.019813     -41.499306      -0.021125      47.279270      -1.889930      -1.774267      -1.806316       4.657746      30.458925     -90.005173      -0.815012      89.995682      71.583733      80.548698     180.331696      89.214874      43.772266      89.896973     -22.452532      -9.565808      11.941790      87.280342      76.903290      79.454521      -4.403765       2.295968      -2.827655      40.848709      79.705643    -169.946503     -90.128563     -34.921219      90.265999       4.464614     -10.448603     -13.177087      93.282875     -80.181770     273.083405       4.238613      -3.610405     -18.531229
     -13.020690      35.053406      -1.221794       3.789389      22.934856      24.421730     -57.763977     -73.027893      37.222305     -20.430208       0.265756      -2.625195       6.658554       2.591249     -13.387868       4.339917       5.412988       1.038714      -2.342918       8.540129      22.689907     107.878792       0.481257     -88.642220      -1.653628     -50.007404      73.100029       0.044980      42.453899      -0.029463     -14.157628       0.137230      -2.285471       2.657151       8.782762     -15.078610     -90.005829     -26.761080      89.993469     -88.767967       1.161315    -101.268753      48.054119     -57.189835      92.821533      -0.015343     -38.541878      -0.027976      47.384583      -1.888000      -1.757571      -1.831845       4.632912      30.776484     -90.003311      -0.921839      89.995575      72.291237      81.370354     180.079010      89.052193      39.901798      89.904663     -23.147654      -8.567666      10.533992      88.368752      77.442947      78.930428      -4.192687       2.154950      -2.689971      35.957592      81.741425    -168.142014     -89.799591     -40.196301      90.258781       7.105870      -9.417485     -12.021810      93.622856     -80.658325     272.818359       4.059747      -3.377052     -17.633707
     -14.622058      35.167812      -1.312984       5.164159      19.698587      25.965179     -58.686420     -72.653641      36.135258     -20.349588       1.259702      -2.080512       6.748524       3.363966     -12.648298       4.323276       5.999607       2.309407      -2.253489       8.339602      21.836672     107.260506       0.605778     -89.619202     -10.496682     -49.911179      62.436554       0.122980      39.570736      -0.087102     -14.144302       0.136470      -2.283454       2.642436       8.842319     -15.044139     -90.008995     -27.017130      89.991432     -91.503860       0.904536    -101.427902      41.706524     -51.748547      83.931618      -0.041162     -35.278767      -0.020416      47.499302      -1.889222      -1.753064      -1.831318       4.587002      30.931581     -90.002342      -1.019361      89.994743      73.037971      81.878296     179.397507      88.697655      36.377171      89.843948     -23.232477      -7.489418       9.490654      89.404129      78.026588      78.471176      -3.993000       2.046659      -2.566752      29.470791      83.459488    -164.820663     -89.494675     -44.854397      90.227150       9.557601      -8.516341     -10.971005      94.054947     -81.113892     272.636780       3.883679      -3.154314     -16.788614
     -16.128510      35.231049      -1.420362       6.262378      16.619299      28.242392     -59.558479     -72.237144      34.961655     -20.275099       2.475778      -1.654864       6.824971       4.248659     -12.036205       4.302185       6.488543       3.454673      -2.132476       8.061188      20.947294     106.355591       0.622679     -91.285965     -18.431038     -49.470020      52.059891       0.145980      37.637043      -0.100653     -14.134048       0.138236      -2.284765       2.635356       8.939664     -15.061723     -90.010849     -27.251215      89.991058     -93.866264       0.619974    -102.056107      37.042858     -46.701611      75.981346      -0.064481     -31.988106      -0.004859      47.595123      -1.889897      -1.749767      -1.792041       4.406046      30.172884     -90.001945      -1.108603      89.994278      74.013451      81.606056     178.794479      88.735603      33.067371      89.875954     -23.267544      -6.483710       8.592136      90.524643      78.593849      77.939445      -3.802663       1.935949      -2.445245      24.382832      84.403053    -161.721909     -89.546638     -47.560150      90.201263      10.422039      -7.964952     -10.308800      93.138496     -81.700157     271.204590       3.710728      -2.957972     -16.029644
     -17.326773      35.338837      -1.380368       5.298969      13.637836      34.339027     -62.873463     -70.209267      29.962749     -20.381327       4.542141      -1.750913       6.685140       5.591668     -11.499496       4.280907       7.033676       4.516986      -2.089468       8.006811      20.614626     105.499863       0.497977     -92.364174     -26.413813     -47.849583      41.911240       0.096564      37.222572      -0.073219     -14.145838       0.139275      -2.292204       2.601489       7.900337     -15.526560     -90.008690     -27.294020      89.991882     -94.701050       0.210908    -102.041656      31.859394     -45.090073      67.353340      -0.040444     -31.080492       0.007789      47.718311      -1.893595      -1.752182      -1.325446       4.420719      27.619020     -90.001274      -1.124788      89.994164      74.817352      77.619873     180.275696      88.752594      30.369766      89.870415     -23.429932      -5.813883       7.500388      90.500725      78.520714      77.791374      -3.733233       1.893857      -2.370085      38.114990      80.985542    -174.570786     -90.635208     -49.607166      90.502831       9.730248      -7.624577     -10.030329      87.900482     -82.359665     266.235626       3.649924      -3.524567     -15.833869
     -18.419010      35.434738      -1.290083       5.140783      10.712579      39.588844     -63.832565     -69.311729      28.154951     -20.420967       6.603618      -1.758577       6.529099       7.635104     -11.016818       4.260134       7.652773       5.313545      -2.149938       8.252978      20.826193     104.711891       0.472949     -93.391563     -33.566250     -45.090034      32.904278       0.055900      37.031216      -0.048663     -14.170511       0.141076      -2.296948       2.532856       6.928394     -16.059143     -90.007378     -27.335323      89.992363     -94.663597       0.049645    -102.355560      27.924736     -43.815895      60.353764      -0.023305     -30.430271       0.013311      47.709404      -1.893953      -1.755164      -1.271392       4.225186      26.052048     -90.001152      -1.140425      89.994133      75.514107      74.055717     181.306656      88.765823      27.826113      89.861938     -23.494041      -5.257246       6.467173      89.258896      78.481255      79.008804      -3.698489       1.876267      -2.368578      45.098843      76.198875    -181.183472     -91.058334     -52.024818      90.658707       9.097326      -7.331347      -9.745665      83.151512     -82.894409     261.618103       3.561272      -4.114176     -15.702238
     -19.470821      35.476868      -1.154899       5.595577       7.709576      44.112686     -63.159096     -69.118774      28.193419     -20.204275       7.956718      -1.696938       6.553637      10.669917     -10.263239       4.220151       8.261849       5.788884      -2.235737       8.572205      20.971344     104.289856       0.519381     -95.433197     -37.324486     -43.505157      27.035524       0.021502      37.077019      -0.027904     -14.245017       0.146051      -2.300493       2.520994       6.958527     -16.488092     -89.976494     -25.451746      89.996033     -94.915741      -0.153003    -103.029602      25.737080     -41.303913      55.720234      -0.025997     -28.831533       0.015482      47.499332      -1.887459      -1.760154      -0.988649       3.551337      21.936453     -90.001205      -0.441300      90.000107      76.133759      71.060852     182.035995      88.777161      25.477152      89.855690     -23.437340      -4.741453       5.567841      88.163918      78.497734      80.246277      -3.667790       1.867052      -2.335682      48.618336      70.457069    -184.756897     -90.962708     -54.461815      90.652084       8.494603      -7.060163      -9.474471      78.604561     -83.344002     257.195038       3.491563      -4.573007     -15.573689
     -20.508171      35.451340      -0.972698       7.171913       5.048500      47.913231     -60.976063     -69.656494      30.462006     -19.702158       8.295393      -1.477299       6.757843      15.514686      -9.596064       4.159266       8.578628       6.526376      -2.276295       8.673830      21.119875     103.466431       0.365815     -97.472801     -39.702324     -43.139370      22.256989      -0.012134      37.489586      -0.006555     -14.231790       0.148313      -2.300120       2.384233       7.862034     -16.263735     -89.987144     -25.519577      89.995361     -95.418114      -0.556749    -103.676003      23.483749     -37.313358      50.167675      -0.037221     -27.302229       0.006956      47.597336      -1.889154      -1.756773      -1.278435       3.441464      21.814350     -90.001068      -0.467075      89.998077      76.273911      68.766693     182.274780      88.787521      23.257219      89.853317     -23.378830      -4.245872       4.792400      87.711777      78.529419      80.869835      -3.641744       1.884383      -2.254750      49.852768      64.271034    -187.324905     -90.899483     -56.808868      90.651581       7.911646      -6.807616      -9.215557      74.182907     -83.714874     252.973709       3.432956      -4.946847     -15.377089
     -21.533457      35.316330      -0.747605       9.663863       2.889870      51.149345     -58.933285     -70.442467      33.166389     -19.381163       8.541137      -0.784622       6.719398      19.309689      -8.752765       4.159091       9.311789       7.310336      -2.320699       8.961789      21.350126     102.435745       0.240683    -100.968674     -41.557259     -42.263874      19.148584      -0.021718      37.536034      -0.000452     -14.218496       0.147949      -2.301218       2.439148       8.077266     -16.424868     -89.993584     -25.590496      89.995049     -94.275856      -0.929079    -104.249680      21.357578     -35.263474      45.832554      -0.021508     -26.827345       0.006535      47.645058      -1.891286      -1.758070      -1.070234       3.094306      20.473715     -90.000778      -0.493736      89.996567      76.080788      67.182190     182.030472      88.795631      21.136694      89.852234     -23.370829      -3.750469       4.140556      88.515549      78.578476      80.142494      -3.615441       1.909570      -2.182915      49.451328      57.796349    -189.924438     -90.855957     -59.095051      90.657166       7.345710      -6.569655      -8.969136      69.791801     -84.011139     248.876572       3.380359      -5.268575     -15.092010
     -22.535843      35.041386      -0.448691      12.832559       0.055864      54.233566     -56.209713     -70.907570      36.302773     -18.845419       8.757905       0.006399       6.840488      21.698595      -7.586448       4.159552      10.413265       7.972345      -2.408169       9.499283      21.535904     101.560600       0.266383    -105.875946     -42.889130     -41.562572      16.929234      -0.027798      37.576527       0.003782     -14.215080       0.147509      -2.301952       2.450858       7.806635     -16.629065     -89.997620     -25.660276      89.994743     -92.681343      -1.208125    -104.909889      19.800432     -33.350018      43.155792      -0.008896     -26.511322       0.006426      47.660496      -1.892599      -1.758824      -0.961126       2.514601      19.304449     -90.000717      -0.519936      89.995552      75.684753      66.209885     181.755951      88.805298      19.155378      89.861542     -23.608124      -3.467807       3.451794      88.804451      78.483727      79.783234      -3.575037       1.705740      -2.123740      48.283131      51.169930    -192.890900     -90.853737     -61.448017      90.712685       6.802507      -6.355414      -8.714804      64.933792     -84.209106     244.366470       3.318766      -5.639185     -14.761572
     -23.517221      34.577911      -0.059454      16.069418      -4.374207      57.769978     -53.554077     -70.597946      38.122284     -18.087938       9.230424       0.496837       7.215038      22.244207      -6.223003       4.138236      11.822195       8.749533      -2.534631      10.227900      21.756580     100.976662       0.467082    -112.073792     -44.023083     -40.848133      15.212945      -0.031143      37.592140       0.006428     -14.228900       0.147499      -2.302587       2.394310       7.143515     -16.849628     -90.000107     -25.728905      89.994614     -90.819641      -1.396637    -105.300636      18.506990     -31.424873      41.301212       0.000864     -26.313286       0.006622      47.685146      -1.893992      -1.758494      -0.847846       1.916223      18.491928     -90.000679      -0.545725      89.994865      75.780334      65.196503     182.137894      88.807846      17.294294      89.877541     -23.957558      -3.044159       3.023126      92.328705      78.455856      75.926201      -3.541973       1.676828      -2.111340      46.283741      44.755280    -196.491791     -90.849335     -63.736149      90.833939       6.283525      -6.220731      -8.417657      62.305962     -84.421722     242.329346       3.250204      -5.859237     -14.276416
     -24.535353      33.949455       0.466794      20.020885      -8.997146      61.398640     -51.268013     -69.963020      40.197372     -17.214355       9.590137       0.793741       7.905922      22.048946      -5.453085       4.102479      13.075480       9.566999      -2.662804      10.921453      22.075830     100.713264       0.748069    -118.708374     -45.168812     -39.965385      13.684484      -0.032947      37.591717       0.007924     -14.251759       0.148018      -2.303153       2.303183       6.236939     -17.123888     -90.001686     -25.796394      89.994576     -88.757156      -1.488709    -105.645172      17.256989     -29.462229      39.872070       0.007777     -26.193289       0.006751      47.700191      -1.894823      -1.758004      -0.783545       1.420762      18.017977     -90.000702      -0.571097      89.994415      75.694519      64.468399     182.500839      88.812439      15.689956      89.884468     -24.379017      -2.798422       2.451172      93.233315      78.241989      74.551506      -3.488974       1.527366      -2.122065      43.169857      38.873924    -200.723312     -90.828697     -66.010956      90.958588       5.792177      -6.056913      -8.147639      57.703106     -84.494843     238.097885       3.195706      -6.073815     -13.869899
     -25.682272      33.324261       1.178702      24.854624     -15.696873      65.420189     -43.559456     -69.135643      45.981533     -16.346998      10.685688       1.294148       8.676361      21.912687      -4.793799       4.031723      14.036154      10.477535      -2.816107      11.497772      22.681385     100.709732       1.008108    -124.490761     -46.581360     -38.724449      11.897074      -0.036339      37.666504       0.009412     -14.280342       0.149393      -2.303678       2.215907       5.447635     -17.537802     -90.002739     -25.862764      89.994621     -86.467148      -1.504385    -105.722069      15.923584     -27.426710      38.341030       0.012297     -26.131477       0.006048      47.681480      -1.894376      -1.758467      -0.841706       1.010512      17.787968     -90.000793      -0.596068      89.994171      76.477303      63.901093     183.159988      88.814117      14.350965      89.890350     -24.554789      -2.538539       1.996669      93.641228      78.125023      73.905052      -3.432186       1.269398      -2.226849      42.143528      34.862225    -203.563782     -91.127930     -61.393791      90.654068       5.431451      -5.949321      -7.842078      54.936714     -84.647346     235.482544       3.176588      -6.099038     -13.379453
     -27.058708      32.506023       1.992819      30.631912     -24.096897      69.323029     -34.443970     -67.691849      52.307739     -15.065755      11.188310       0.708822       9.511744      21.794367      -4.209053       3.919414      14.871586      11.653695      -2.990677      12.014143      23.504086     100.759178       1.247913    -129.323669     -48.127102     -37.263210       9.920707      -0.038678      37.757626       0.009960     -14.315125       0.151395      -2.304150       2.139691       4.982468     -18.130886     -90.003380     -25.928020      89.994865     -84.096474      -1.509251    -105.578697      14.669372     -25.283852      36.988976       0.015574     -26.109146       0.005125      47.662933      -1.893780      -1.759076      -0.907338       0.559934      17.528933     -90.000862      -0.620615      89.994057      77.512459      64.225388     185.025253      88.857445      13.377535      89.896812     -24.441820      -2.380730       1.563876      90.341499      78.178047      77.457687      -3.395523       1.082188      -2.313340      43.769772      33.241562    -204.032974     -91.323448     -50.640579      90.304321       5.086680      -5.836122      -7.556851      51.019066     -84.700966     231.742752       3.175542      -6.067999     -13.093926
     -28.449747      31.866673       2.703985      37.336971     -28.935633      74.083725     -26.049665     -68.041977      59.566628     -14.075477      13.691404       1.358320      10.556232      21.763367      -3.876248       3.761062      15.311418      12.900271      -3.178554      12.384509      24.467831     100.372803       1.440772    -131.563644     -50.583229     -34.145046       6.469243      -0.038210      37.773663       0.010739     -14.351478       0.153115      -2.304091       2.038223       4.441085     -18.582426     -90.003716     -25.992201      89.995148     -81.847595      -1.490996    -105.414719      13.521361     -23.197449      35.770634       0.017829     -26.134867       0.004008      47.636189      -1.892768      -1.759960      -1.005362       0.178160      17.258436     -90.000938      -0.644748      89.994011      77.547066      64.362389     185.948517      88.878754      12.451184      89.892273     -24.211168      -2.108174       1.264491      92.449379      78.068024      75.693062      -3.262739       0.355660      -2.223149      44.841557      32.211246    -204.712219     -91.352684     -40.107105      90.265556       5.369083      -5.659389      -7.393548      -9.306727     -83.262108     158.557190       3.972273      -6.922359      -0.089047
     -29.658934      31.705204       3.423566      44.879498     -31.679117      79.461464      -4.514785     -70.051804      78.765373     -13.742138      21.306601       3.918701      11.239174      21.547020      -2.815392       3.575660      16.059940      14.316450      -3.407178      12.839402      25.566364      99.779449       1.608396    -131.618927     -53.634663     -29.587103       1.508242      -0.038586      37.822037       0.010055     -14.372827       0.154893      -2.304188       1.976832       4.085666     -18.969986     -90.003876     -26.055319      89.995461     -80.007813      -1.380475    -104.722656      12.434024     -20.987577      34.703857       0.019486     -26.198229       0.002875      47.617874      -1.892094      -1.760654      -1.077173      -0.310291      16.890400     -90.000969      -0.668490      89.993996      77.072258      64.153091     186.007385      88.803413      11.512015      89.869301     -23.758272      -1.866104       1.016798      97.692383      77.817375      75.378593      -3.190433      -0.314444      -1.388666      45.593533      31.809069    -205.385147     -91.365288     -30.871822      90.280060       5.042440      -5.320996      -7.362010     -26.852871     -82.303268     142.175018       4.288483      -8.447524      -0.422801
     -30.750685      31.691412       4.003539      52.007996     -31.165094      83.422287       3.395339     -69.738693      85.749649     -13.550531      20.752234       6.562025      11.965289      21.634974      -2.738489       3.172742      19.234043      15.817087      -3.888774      14.061171      26.776615      98.769669       1.854619    -131.713348     -56.524273     -23.971783      -4.322319      -0.037451      37.817234       0.009549     -14.383448       0.156051      -2.304147       1.962390       3.928640     -19.421961     -90.003906     -26.117367      89.995781     -80.425323      -0.889886    -101.918488      10.680914     -17.351774      33.672310       0.020674     -26.315384       0.001035      47.627434      -1.892954      -1.760579      -1.036386      -1.247038      16.339045     -90.000977      -0.691834      89.993912      75.687439      65.328804     185.326920      88.983284      10.388170      89.897263     -23.549795      -1.731098       0.695363     102.699585      77.492256      76.593170      -3.423235      -1.290618      -0.506599      45.864235      32.083767    -205.886276     -91.305801     -22.849949      90.340363       4.444423      -5.138681      -7.225123     -31.292320     -82.538284     139.272400       4.239949      -7.712101      -0.386509
     -31.770954      31.725229       4.481832      58.243118     -28.978243      86.608276       8.872040     -69.269768      91.171059     -13.269419      20.111559       7.799789      12.129201      21.218430      -1.346828       2.981417      21.435724      16.217583      -4.694970      16.200840      28.752832      97.540535       2.218168    -131.709763     -58.612000     -18.597807      -9.434321      -0.034047      37.670872       0.009043     -14.380451       0.156360      -2.304380       2.005370       3.958320     -20.056095     -90.003761     -26.178375      89.996109     -80.938583      -0.340899     -99.750946       9.390559     -14.632958      34.104084       0.021432     -26.301109       0.002450      47.630913      -1.892521      -1.760613      -1.057302      -1.674495      15.607293     -90.001015      -0.714778      89.993881      74.251144      66.856972     184.139069      89.121796       9.252153      89.915886     -23.405964      -1.538122       0.507778     104.501045      77.458290      77.743172      -3.418176      -1.351906       0.262295      45.774879      33.032417    -206.433655     -91.254631     -15.990243      90.359192       3.910975      -5.003773      -7.076237     -36.080933     -82.991478     135.579681       4.159776      -7.021870      -0.357768
     -32.765930      31.833517       4.922575      63.761353     -25.905155      89.329773      12.493131     -68.710716      94.667740     -12.986834      19.357853       8.942930      12.190234      20.588074       0.306694       2.977626      22.427231      15.697557      -5.672710      18.672216      30.669714      96.277443       2.668428    -131.549332     -60.067810     -13.728994     -13.977635      -0.031498      37.448696       0.009505     -14.388830       0.156956      -2.304707       2.028156       4.022325     -20.836943     -90.003578     -26.238358      89.996315     -81.449730       0.125866     -98.091064       8.536325     -12.815862      35.197277       0.021828     -26.330513       0.003520      47.633129      -1.891995      -1.760265      -1.128712      -1.512465      15.048194     -90.001015      -0.737325      89.993942      72.851059      68.394066     182.748093      89.205063       8.168010      89.923561     -23.371483      -1.340706       0.367443     104.355591      77.526245      78.446663      -3.392168      -1.332711       0.661296      45.966446      34.559643    -206.703934     -91.239548      -9.228453      90.370163       3.379822      -4.853863      -6.950966     -39.653442     -83.171211     133.137878       4.087613      -6.376063      -0.323827
     -33.766647      32.002991       5.393767      69.120766     -22.270443      91.908623      14.848514     -68.067833      97.083984     -12.600394      18.572674       9.881455      12.319759      19.876816       1.788012       2.980599      23.344273      15.198381      -6.264029      19.998194      31.954029      95.212273       3.164607    -131.253632     -61.081631      -9.457427     -18.134531      -0.030464      37.180759       0.010778     -14.411467       0.158329      -2.305147       2.016653       4.135374     -21.833391     -90.003380     -26.297337      89.996498     -81.957504       0.484990     -96.662109       7.861828     -11.325846      36.441441       0.022109     -26.422354       0.003516      47.648964      -1.892456      -1.759278      -1.153681      -1.260581      14.780317     -90.000969      -0.759510      89.993988      71.546112      69.860176     181.164886      89.216225       7.136628      89.919975     -23.410353      -1.138416       0.265195     104.493690      77.582253      78.585419      -3.359858      -1.334726       0.796449      46.835972      36.408108    -206.364838     -91.245369      -1.015860      90.390076       2.852066      -4.717398      -6.822124     -40.012825     -83.209015     134.102707       4.053446      -5.973499      -0.199077
     -34.599449      32.145432       5.735427      74.236435     -20.166847      91.150566      25.319151     -66.740471     105.730103     -12.163857      17.412300      10.838086      12.450312      18.983110       3.304327       3.008582      24.076017      14.778151      -6.434501      20.399279      32.458435      94.448395       3.658420    -130.928970     -61.772724      -5.404939     -22.176485      -0.030223      36.746094       0.014903     -14.438364       0.159604      -2.305656       1.975519       4.050971     -23.018887     -90.003166     -26.355314      89.996674     -82.445114       0.731437     -95.440857       7.373800     -10.158464      37.992954       0.022554     -26.529188       0.003357      47.688171      -1.894204      -1.757521      -1.097876      -1.021483      14.714989     -90.000893      -0.781346      89.993927      71.284592      74.004814     180.505051      89.482323       6.403839      89.965775     -23.434563      -0.909128       0.227321     105.193550      77.606979      78.073105      -3.326376      -1.354220       0.885209      46.597294      41.249866    -207.486969     -91.229950      -1.462764      90.367180       2.958567      -4.668332      -6.605689     -41.232464     -82.528984     131.586838       3.999228      -6.151468      -0.212277
     -35.454376      32.280533       6.079692      79.553902     -18.161394      90.266556      33.244156     -65.126221     112.057159     -11.500385      15.898566      10.941591      12.670524      18.046608       4.597514       3.081851      24.166813      14.663345      -6.357225      20.335360      32.394402      93.954300       4.170590    -130.615799     -62.207123      -2.333062     -25.567564      -0.032358      36.371452       0.017806     -14.466197       0.161502      -2.306145       1.959126       4.058628     -24.495415     -90.002991     -26.412312      89.996826     -82.813828       0.885389     -94.610931       6.992400      -9.202970      39.414368       0.022935     -26.639435       0.002954      47.731361      -1.896277      -1.755663      -1.019710      -0.842702      14.870361     -90.000832      -0.802831      89.993820      71.450829      77.851860     179.526352      89.642586       5.747399      89.992035     -23.468353      -0.664956       0.231115     106.693115      77.592392      76.709885      -3.284146      -1.502002       0.928624      46.236797      46.357754    -208.933350     -91.221382      -2.415759      90.348381       3.017027      -4.547644      -6.440109     -42.354313     -81.635963     129.538574       3.966435      -6.167245      -0.195119
     -36.372898      32.458385       6.573531      85.321976     -17.222521      91.197380      38.451099     -63.971123     113.628311     -10.892725      14.955698      11.059608      12.841702      17.122822       5.694781       3.140570      23.863464      14.691911      -6.218668      20.033909      32.258392      93.621407       4.658214    -130.338669     -62.485527      -0.666423     -28.307993      -0.032731      36.428234       0.010594     -14.499771       0.163874      -2.306467       1.935794       4.135375     -26.167877     -90.002869     -26.468348      89.996948     -83.017342       0.965310     -94.182991       6.490862      -8.863362      40.566319       0.023505     -26.712912       0.002721      47.795742      -1.899457      -1.753608      -0.861891      -0.765655      15.030005     -90.000763      -0.823944      89.993645      72.104568      79.607826     179.296616      89.265266       4.385799      89.928368     -22.956064      -0.087764       0.912964     107.767227      77.568970      75.706406      -3.294133      -1.609359       0.925374      46.273624      51.161602    -210.196732     -91.204674      -3.683741      90.326096      12.009056      -3.924095      -7.023137     -54.399094     -82.603386     127.376495       3.969087      -6.538293      -0.362522
     -37.265110      32.697330       7.180739      91.329971     -15.490520      92.850624      38.913410     -64.761322     113.726799      -8.883493      13.298253       9.130517      12.418074      15.493851       5.083964       3.283138      23.144396      14.959900      -6.104238      19.594912      32.783787      93.987061       4.703577    -130.473282     -62.591442      -0.802860     -28.615702      -0.029499      36.562500       0.006212     -14.490557       0.163663      -2.303102       1.859444       3.468268     -32.476902     -90.022331     -23.765221      89.932404     -83.240868       0.992775     -93.687920       5.977444      -8.411891      41.751915       0.023074     -26.970480      -0.002395      47.891407      -1.904861      -1.749158      -0.800097      -0.495762       9.963772     -90.007072      -1.461854      89.971802      64.867561      80.521667     183.124908      88.798424      10.337878      89.683891     -24.392441       0.502859       1.610422     108.980644      77.536789      74.371574      -3.299204      -1.736736       0.640146      44.224007      56.489754    -210.322571     -91.191460      -5.317047      90.327209      23.954424      -3.150006      -8.277130     -93.167198     -84.335213     101.457520       3.972810      -6.836421      -0.368583
     -38.186787      32.913937       7.867416      97.320671     -13.231651      94.325508      38.361271     -65.424438     113.084358      -6.650080      12.046310       7.399405      12.539398      13.829014       4.391243       3.085048      22.599571      12.415359      -4.900776      19.215900      27.017197      92.760048       5.299831    -129.216934     -58.351036      -4.073568     -28.832899       0.182170      41.390671      -0.364271     -14.344782       0.151181      -2.322027       1.895453       3.127579     -35.475761     -89.997993     -22.437819      89.900612     -84.024361       1.051735     -92.906860       4.670072      -6.321050      42.587460       0.007168     -30.488581      -0.089031      41.978184      -1.560484      -1.900295      -0.734717      -0.195877       5.016640     -90.000931      -0.879435      90.007423      54.326630      81.060966     190.308090      88.863876      16.036390      89.564209     -24.328524       0.629567       1.741826     109.574310      77.538994      73.825417      -3.310898      -1.824737       0.502620      40.877510      62.048286    -209.360687     -91.175621      -7.111838      90.327888      34.645824      -2.957392      -9.440024    -116.937088     -84.209999      82.618210       4.136617      -6.410007       2.072160
     -39.098000      33.075745       8.471053     102.929916     -11.316102      95.039955      37.079376     -65.853149     111.946281      -4.033706      11.109658       5.389210      13.434737      12.197657       2.251491       2.562055      21.675137      11.224008      -4.256173      18.658531      20.506449      90.719444       5.609018    -126.681755     -54.259735      -6.839262     -29.666428       0.407199      46.561989      -0.659102     -14.127048       0.145619      -2.326133       1.943137       2.808024     -38.127388     -89.956444     -20.019667      89.874657     -85.362808       0.898523     -92.531914       6.311239      -8.659345      43.661388      -0.018306     -33.922386      -0.157297      37.035084      -1.239714      -1.951101      -0.729090       0.358514       0.218699     -90.006012      -0.293167      90.030518      40.313175      81.465004     201.999069      88.929428      21.244940      89.495041     -23.790983       0.365274       1.459917     109.466644      77.582718      74.152939      -3.331715      -1.802185       0.557686      35.387421      67.952446    -206.371155     -91.158211      -9.063001      90.329132      34.770103      -3.560203      -7.710486     -78.180748     -83.856888     110.568092       4.233873      -6.331864       2.255061
     -40.020378      33.223042       9.010302     108.096054      -8.582551      95.248535      35.296825     -66.359154     110.613586      -1.830523      10.421778       3.957558      14.093625      10.840521       0.254843       2.632022      20.703619       9.828612      -3.348095      17.442612      14.784088      89.208305       5.761868    -124.055153     -51.082367      -8.860998     -30.819870       0.543012      51.227177      -0.822186     -13.938531       0.143151      -2.329070       1.925322       2.440373     -40.383926     -89.927322     -17.803621      89.880363     -86.475540       0.644039     -92.616508       9.142837     -12.152649      43.043888      -0.018274     -36.594151      -0.185764      32.950741      -1.011541      -1.975763      -0.728966       0.694865      -4.235751     -90.014877       0.243493      90.040695      25.668446      81.440659     214.197006      88.982742      25.884352      89.468697     -23.114267      -0.021303       1.101635     109.004814      77.650139      74.907417      -3.353096      -1.697523       0.689181      26.116648      73.426926    -200.663895     -90.843285     -11.947621      90.287788      34.601517      -3.070854      -7.648206     -63.782978     -83.303238     114.706482       4.203136      -6.331944       1.929496
     -40.978218      33.296146       9.522648     112.995102      -5.276378      94.736420      33.365658     -66.861092     109.237190       0.069062       9.854509       3.033025      14.537752       9.789475      -1.277112       2.786507      19.305258       8.017291      -2.780777      15.897611      11.220232      87.935379       5.777076    -121.141693     -48.636177     -10.388463     -32.378334       0.635280      55.665550      -0.928706     -13.771387       0.143933      -2.330507       1.828679       1.997325     -42.094635     -89.910126     -15.775725      89.895332     -87.210686       0.381484     -93.005013      12.087275     -15.633662      40.694378      -0.005007     -38.505005      -0.182004      29.553480      -0.853140      -2.006890      -0.720614       0.953422      -8.456474     -90.022224       0.734635      90.044212      11.236036      81.045769     226.414978      89.028618      30.031675      89.468269     -22.487572      -0.265457       0.919138     108.698036      77.708061      75.507973      -3.371768      -1.591146       0.817592       9.659936      78.044464    -188.457123     -89.790001     -15.499337      90.108269      33.090965      -1.620795      -8.951279     -55.453102     -83.024445     112.103409       4.184248      -6.308505       1.603928
     -42.009106      33.270378      10.024481     117.792786      -2.429566      93.536751      31.731033     -67.304680     107.882492       1.795934       9.237278       2.048426      14.809459       8.936785      -2.629789       2.979508      17.628180       5.869615      -2.518933      14.349218       9.677813      86.870926       5.652566    -117.810890     -46.871861     -11.564477     -34.405865       0.726009      60.059540      -1.027721     -13.621884       0.147598      -2.330688       1.665357       1.500633     -43.188496     -89.901451     -13.920411      89.912880     -87.591843       0.140435     -93.491478      14.796546     -18.876516      36.455784       0.012372     -39.916309      -0.165509      26.727676      -0.739432      -2.043045      -0.698159       1.182875     -12.452108     -90.027451       1.184054      90.044006      -0.776641      80.194847     237.248917      89.094101      33.869053      89.483406     -21.677418      -0.369869       0.879957     108.649704      77.752159      75.855713      -3.387203      -1.523841       0.933570     -16.824665      81.034088    -164.602173     -88.462242     -18.310101      89.835434      33.543747      -0.122350     -10.458081     -72.759918     -83.750008      90.855980       4.148644      -6.685518       0.714361
     -43.062294      33.140030      10.461541     122.434639       0.164242      91.682220      30.147093     -67.683640     106.477119       3.412220       8.738197       1.127706      14.968458       8.475309      -3.918373       3.061098      15.367779       4.391735      -2.301327      12.712867       8.546110      85.962105       5.397369    -114.002335     -45.744534     -12.490402     -36.843781       0.838536      64.575874      -1.148654     -13.491792       0.154040      -2.329697       1.451794       0.959711     -43.705830     -89.896957     -12.223178      89.931305     -87.686073      -0.026081     -93.772209      16.956131     -21.937307      28.268486       0.038154     -41.094566      -0.144962      24.392221      -0.661631      -2.072818      -0.661968       1.447160     -16.179379     -90.031898       1.595096      90.043091     -10.092328      79.003448     246.124557      89.139603      37.422436      89.500969     -20.874380      -0.415054       0.898525     108.710495      77.789726      76.080818      -3.401635      -1.479993       1.051754     -55.351654      81.135254    -128.324081     -88.602028     -21.043074      89.818092      33.343571       0.306850     -11.175948    -101.470726     -83.405052      63.124321       4.144069      -6.671448      -0.080166
     -44.155849      32.900871      10.856098     127.037819       1.784296      89.201981      28.518545     -67.971985     104.757088       5.061303       8.198417      -0.052997      15.183563       7.749647      -5.115103       3.099859      12.842918       3.007801      -2.119833      11.210793       7.673647      85.241783       5.022985    -110.034142     -45.087364     -13.235211     -39.546352       0.993991      69.107498      -1.302688     -13.366358       0.158811      -2.327211       1.225664       0.437784     -43.757080     -89.897842     -10.670526      89.948761     -87.784866      -0.097004     -93.721542      17.972193     -24.719196      17.207773       0.053997     -41.868282      -0.116294      22.424706      -0.593184      -2.101992      -0.624527       1.660349     -19.811443     -90.035126       1.971241      90.040916     -16.243782      77.590393     252.961761      89.154343      40.772217      89.511070     -19.741510      -0.404927       0.956590     108.901917      77.820374      76.199898      -3.415526      -1.460385       1.170493     -82.078857      78.183266    -102.372757     -88.668938     -23.278812      89.784691      33.234421       0.340496     -11.721605    -118.933922     -82.360046      48.285740       4.132984      -6.585953      -0.398152
     -45.317944      32.573246      11.276159     131.614273       2.974029      86.119965      26.687502     -68.153816     102.820328       6.740392       7.603691      -1.191056      15.448893       6.701727      -6.097839       3.167731      10.565138       1.685222      -1.911537       9.744961       6.877287      84.605850       4.632583    -105.939949     -44.968636     -14.292890     -42.293072       1.462677      74.638611      -1.776914     -13.256321       0.160233      -2.324726       0.983546      -0.103665     -43.449104     -89.901649      -9.250320      89.964455     -87.788635      -0.093380     -93.451576      17.843380     -26.739738       5.757306       0.068240     -42.912853      -0.102799      20.766571      -0.523159      -2.129627      -0.580256       1.839404     -23.326147     -90.036545       2.315539      90.036507     -20.177034      76.122154     257.941437      89.155495      43.853825      89.518921     -18.224752      -0.333034       1.052377     109.288139      77.840477      76.215576      -3.429480      -1.473564       1.338010     -95.696526      73.893433     -88.929398     -88.688583     -25.096460      89.743301      32.987152       0.463235     -12.737989    -130.560684     -81.178352      40.401352       4.120713      -6.484907      -0.683031
     -46.563774      32.153248      11.742233     136.193680       3.825749      82.564468      24.871269     -68.272179     100.883461       8.319739       6.980062      -2.238991      15.696763       5.593157      -6.947948       3.272474       8.644952       0.636364      -1.655363       8.310480       6.245434      83.424942       4.430302    -102.451141     -45.386646     -15.806228     -43.486221       3.557242      82.234451      -3.879499     -13.143032       0.154159      -2.323863       0.743094      -0.659791     -42.874977     -89.905922      -7.951502      89.982529     -87.632851      -0.039712     -92.967201      16.960049     -27.440472      -5.874892       0.094373     -45.022057      -0.119918      19.383821      -0.456628      -2.152185      -0.532299       1.987079     -26.664482     -90.037033       2.630604      90.030846     -22.446461      74.726852     261.358551      89.126976      46.675659      89.516815     -16.485495      -0.239000       1.143233     109.801994      77.852432      76.174225      -3.444552      -1.514960       1.553288    -102.919884      69.198936     -81.400780     -88.669998     -26.484472      89.697990      32.597748       0.659966     -14.131126    -138.141464     -80.249306      37.417690       4.114784      -6.372054      -0.937587
     -47.879639      31.386599      12.170794     139.164978       2.025429      79.763596      23.817120     -68.565979      98.836166       9.391413       5.901803      -4.244469      15.720724       4.274729      -8.364994       3.362309       7.053320      -0.790706      -1.362146       7.086885       5.504977      82.058228       4.256303     -99.546295     -46.054623     -17.636755     -43.412380     149.012360      88.886841    -149.312866     -13.045695       0.145047      -2.322609       0.506748      -1.211782     -42.077251     -89.914886      -6.763451      90.000351     -87.868492      -0.049300     -92.695908      15.907239     -26.859739     -16.949465       0.072396     -44.776768      -0.067862      18.662886      -0.415260      -2.191771      -0.475050       1.832282     -27.627258     -90.046494       3.320756      90.034142     -16.449623      73.372993     258.911835      89.106903      49.478691      89.515518     -14.631035      -0.527949       0.929955     109.652504      77.921799      76.745041      -3.447496      -1.503439       1.749281    -102.898689      66.660355     -79.633179     -88.797646     -29.947737      89.694710      32.847134      -0.189246     -13.784685    -138.953430     -80.768700      43.922646       4.162251      -6.202181      -1.287782
     -49.297588      30.458586      12.639367     141.658676       0.427879      76.800926      22.883011     -68.832207      97.121498      10.279070       4.799487      -5.892630      15.731597       2.920765      -9.670533       3.485353       5.928014      -2.553080      -0.989018       6.121756       4.652128      81.129189       3.893901     -96.778282     -46.659420     -20.277534     -43.312588     176.220978      80.098343    -176.484299     -12.957181       0.132832      -2.319230       0.282529      -1.767688     -41.102814     -89.928070      -5.676690      90.011978     -88.058502      -0.077432     -92.496498      15.052611     -24.429214     -26.437166       0.046913     -43.745659      -0.016874      18.057928      -0.378203      -2.225641      -0.415002       1.689294     -28.539856     -90.045898       3.953322      90.034477     -11.258917      72.188957     256.560333      89.099998      51.998043      89.516373     -11.887256      -1.214596       0.311512     109.036499      78.007553      77.830048      -3.463531      -1.436749       1.963344    -101.418633      65.034988     -78.936165     -88.913345     -33.479687      89.677734      32.888947      -0.524207     -13.770369    -133.885315     -82.037209      55.914639       4.172983      -6.059173      -1.494553
     -50.779209      29.404110      13.036504     142.870270      -0.350142      74.071060      22.566427     -68.725327      96.328377      11.603264       3.813135      -6.637136      16.019457       2.721416      -9.908482       3.281539       3.310345      -8.610115      -0.711709       4.952724       4.065650      81.582344       3.615703     -95.120705     -47.100277     -25.774487     -42.998585     178.158676      70.811539    -178.319168     -12.864073       0.118249      -2.313218       0.076364      -2.379824     -39.898880     -89.943420      -4.682174      90.024261     -88.338715      -0.082165     -91.834030      15.612233     -18.766928     -33.212627       0.041940     -44.203415      -0.026034      17.576376      -0.357385      -2.270368      -0.341327       1.226853     -29.949038     -90.035393       4.532545      90.034088      -6.380243      70.921379     253.772079      89.103050      54.273888      89.529846      -9.475881      -2.199406      -0.380516     107.770325      78.136772      79.651291      -3.470812      -1.260774       2.300241     -97.824623      64.624969     -80.080719     -89.008644     -36.738842      89.659813      32.714848      -0.419861     -13.739973    -113.984222     -83.649406      82.065323       4.191329      -5.943015      -1.669578
     -52.244091      28.276297      13.344149     143.738358      -0.803588      71.872231      21.643093     -68.776115      95.456177      11.436136       3.624797      -7.285583      15.854120       2.032633      -9.892263       3.221699       1.502298     -15.445072      -0.345219       3.774364       3.161745      81.837387       3.528690     -94.483978     -44.957737     -24.615288     -35.384014     178.875412      70.555054    -178.993347     -10.081131      -0.061140      -2.277895       2.113435       2.097420     -36.985088     -89.967133      -4.877770      90.009918     -80.495956      -3.755691     -92.969238      17.276152     -16.169741     -28.275208      -0.125336     -53.285679      -0.201431      14.643528      -0.174440      -2.283644      -2.093065       0.248992     -35.361664     -90.123314       9.088041      90.084167      -0.180136      71.491180     249.809738      89.360497      55.614159      89.677017      -8.144861      -2.770187      -0.639629     106.665825      78.240700      81.169739      -3.479850      -1.045592       2.645985     -95.456528      65.577255     -78.976463     -89.157310     -37.356472      89.720589      30.111822      -0.028092     -13.696589     -78.253906     -83.654541     117.342216       4.248459      -5.790876      -1.128794
     -53.717167      27.029915      13.616612     144.149780       0.706973      69.251434      20.593021     -68.028656      96.352859      12.114234       3.330841      -6.928439      15.938005       0.770323     -10.255795       2.704055      -0.416009     -23.878546      -0.289366       2.635268       2.208197      82.573997       3.064691     -92.817032     -44.361805     -25.063017     -33.210663     179.320572      70.846909    -179.418121     -10.058824      -0.068653      -2.283211       2.937709       4.722897     -34.491398     -89.981606      -5.293944      89.997833     -81.218307      -3.865847     -92.849960      16.955757      -5.269173     -28.607042      -0.905745     -66.794456      -1.052446      14.520808      -0.168524      -2.288528      -3.660589      -1.493674     -40.549675     -90.409714      20.085222      90.095772       3.337825      71.093048     247.631622      89.503448      55.641285      89.763817      -7.251463      -2.848029      -0.586784     106.506371      78.286263      81.589531      -3.494937      -0.981490       2.833868     -93.472176      66.172760     -79.152863     -89.564308     -37.233482      89.863434      28.302662       0.489761     -13.710590     -71.030052     -83.385681     123.331429       4.250840      -6.003301      -0.986879
     -55.174767      25.653692      13.861860     144.455734       2.602459      66.788422      19.544138     -67.312050      97.386513      12.721296       3.159243      -6.426330      15.987489      -0.274660     -10.736710       2.013756      -2.204559     -31.394047      -0.216170       1.568714       1.243864      83.282837       2.764918     -91.419502     -43.865635     -25.942278     -31.478352     179.611633      71.301270    -179.696945     -10.099134      -0.070863      -2.287108       3.044124       5.867891     -32.997005     -89.988548      -5.703432      89.991226     -81.845444      -4.001188     -92.283386      17.034967       4.353691     -28.957399      -3.366778     -80.604813      -3.503730      14.444124      -0.166243      -2.295836      -4.675229      -2.622128     -47.633850     -90.262123      20.074627      90.059471       7.035932      70.634605     245.268097      89.667274      55.214123      89.845764      -6.610076      -2.776074      -0.421795     106.581429      78.322060      81.700424      -3.507433      -0.953283       2.935251     -91.571640      66.814018     -79.394119     -89.981750     -36.868568      90.000320      27.189510       0.705203     -13.528839     -72.971634     -83.496140     121.183716       4.250530      -6.098206      -1.077235
     -56.598213      24.157417      14.082792     144.756927       4.744285      64.475250      18.416836     -66.629181      98.242493      13.291082       3.091661      -5.831581      16.012396      -1.005885     -10.965717       1.169177      -3.812286     -38.292515      -0.159734       0.569909       0.308945      83.903687       2.571906     -90.340454     -43.396309     -27.000586     -29.937836     179.803467      71.833908    -179.880661     -10.158140      -0.070782      -2.289930       2.951622       6.245846     -31.966183     -89.992226      -6.106153      89.988007     -82.325882      -4.154211     -91.705933      17.218580      13.084122     -29.042664    -168.941589     -86.709129    -169.026657      14.371302      -0.163018      -2.300311      -5.434534      -3.498726     -51.179001     -90.167252      20.061743      90.034904      10.772675      70.136040     242.821335      89.797981      54.604355      89.903564      -6.088688      -2.661819      -0.227890     106.712273      78.355652      81.720444      -3.518831      -0.932713       2.997606     -89.766373      67.428459     -79.701721     -90.384056     -36.462738      90.120880      26.217878       0.798472     -13.243029     -80.018402     -83.770889     114.549721       4.249569      -6.148192      -1.199865
     -57.744617      22.689779      14.305425     145.353409       6.126667      61.482399      20.484589     -66.431870     101.794174      13.007692       2.533361      -4.553612      15.922543      -0.742391      -0.136996      -1.010317      -6.270234     -50.913704      -0.460143      -0.927887     -14.575425     102.117950      -0.710376     -94.603004     -39.407135     -40.812908     -35.495655     179.893585      72.593201    -179.969086     -10.130685      -0.075158      -2.289077       2.771281       5.241850     -29.119978     -89.994225      -6.502202      89.986343     -92.621460      -2.318007     -95.542961       6.670648      30.583546     -27.330111    -177.711700     -76.402710    -177.711319      14.178967      -0.149668      -2.295738      -5.972564      -4.097144     -51.166786     -90.106979      20.047735      90.018372      13.188626      70.144203     241.820709      89.728706      54.813034      89.886909      -5.914001      -2.533193      -0.044889     106.818527      78.384735      81.656326      -3.532216      -0.919301       3.010760     -89.803131      67.385384     -78.452179     -90.796860     -36.777050      90.222198      25.192665       0.805028     -12.868765     -93.890694     -84.016052     101.339401       4.250000      -6.163823      -1.293228
     -58.723576      21.181959      14.542875     146.124252       7.257595      58.438934      25.127153     -66.069138     108.553566      12.513993       1.481162      -1.841526      15.771794      -0.869656       4.970658      -2.071790      -7.723994     -50.649864      -1.282364      -2.154302     -37.713158     114.832977      -0.889386     -97.478706     -33.062099     -45.933289     -31.455698     179.870163      73.904892    -179.965775      -9.978291      -0.084915      -2.286454       2.411512       1.492618     -23.526571     -89.994171      -6.891538      89.981216     -94.224411      -1.680600     -96.374962      -4.464181      34.905987     -21.180515    -178.902756     -70.251274    -178.829865      14.051772      -0.142466      -2.292175      -6.218947      -4.643407     -49.900463     -90.068420      20.033310      90.008369      15.832292      70.113708     240.556564      89.527863      55.086273      89.809326      -5.723357      -2.368126       0.151673     107.006027      78.407745      81.491112      -3.547085      -0.921347       3.001308     -90.621475      67.240776     -76.573158     -91.054695     -37.055702      90.284035      24.024288       0.876642     -12.590258    -108.002693     -83.903320      87.314369       4.263660      -6.125406      -1.291569
     -59.494373      19.667910      14.777570     146.104950       8.152524      55.495094      32.354927     -63.800884     119.659378      13.647260       1.323605       1.300487      17.027077      -1.869727       3.133647      -2.739588      -8.782441     -50.459942      -4.660448     -11.180835     -42.827068     115.038269      -1.465779    -100.492088     -27.423960     -47.619106     -20.739868     179.953949      74.172791    -180.034500      -9.952785      -0.087105      -2.285453       1.444303      -4.013651     -22.233398     -89.988815      -7.274019      89.976013     -98.060875      -1.112898     -96.388496     -11.438419      35.242313     -15.915901    -179.413269     -66.112419    -179.330231      14.141923      -0.149476      -2.293111      -6.221918      -5.446632     -47.593491     -90.043419      20.018938      90.002403      19.366163      69.625343     239.029465      89.466087      55.466038      89.790131      -5.669430      -2.190433       0.365604     107.168442      78.432465      81.328545      -3.560399      -0.920460       2.985539     -90.120583      67.250954     -76.040459     -91.042313     -37.444641      90.274376      22.795689       0.817814     -12.207782    -117.189682     -83.608940      77.743866       4.279089      -6.033001      -1.308089
     -60.165234      18.127827      15.021788     146.010132       9.132675      52.917637      38.389965     -61.203079     131.655319      13.671315       0.772546       2.741049      16.841499      -3.621426      -0.540586      -4.362088     -11.399929     -50.096821      -4.221960     -12.331688     -41.764156     114.568321      -1.672115    -100.248001     -23.559435     -47.774071     -13.998949     180.035629      73.799774    -180.092575     -10.083161      -0.078918      -2.286859       0.962453      -5.252405     -22.551960     -89.989624      -7.650336      89.973999     -98.166298      -0.304057     -95.005623     -15.115958      34.263302     -12.342865    -179.693146     -63.170254    -179.618988      14.254043      -0.156545      -2.293361      -6.294120      -6.947042     -43.457710     -90.027985      19.878040      90.002205      23.612865      69.025253     236.750748      89.340889      55.677406      89.736580      -5.462646      -2.072353       0.549395     107.227119      78.465683      81.304108      -3.571414      -0.900885       2.979069     -89.628670      67.492996     -75.708778     -91.035065     -37.457973      90.273689      22.117226       0.516289     -11.783625    -139.988068     -81.464111      51.130871       4.358529      -5.631545      -1.564473
     -60.828709      16.532007      15.268037     145.537750       8.980242      51.607189      41.300758     -59.849178     137.236771      13.363369      -0.692467       7.209977      16.512362      -5.512482      -4.905898      -5.387616     -12.757829     -49.809830      -4.078877     -12.569675     -41.258247     114.024841      -1.728466     -98.851784     -21.105963     -47.906895     -10.097774     180.081741      73.629639    -180.129959     -10.159389      -0.074035      -2.287904       1.038237      -3.746424     -22.124048     -89.992737      -8.020505      89.975021     -97.676163       0.493593     -93.304802     -17.671001      33.144405      -9.361741    -179.860352     -61.216255    -179.803314      14.400080      -0.164533      -2.293533      -6.242487      -9.007991     -37.159332     -90.018677      19.474030      90.006775      30.780596      67.931076     232.372513      88.760490      55.695805      89.479408      -5.182724      -2.024081       0.675210     107.225121      78.500946      81.388824      -3.584376      -0.878581       3.006521     -87.905998      68.276985     -75.039970     -91.031044     -37.289429      90.275597      20.689035      -0.535932     -10.578747    -144.054474     -80.296890      42.496822       4.341954      -5.046606      -1.635324
     -61.493996      14.892736      15.519343     144.913162       8.421276      51.572872      41.700214     -60.139050     137.315414      13.097282      -2.723795      15.104380      15.846646      -7.529261      -9.782739      -6.215777     -13.442138     -49.648056      -4.040045     -12.220826     -41.212788     113.535362      -1.802364     -97.509331     -19.031626     -48.327442      -6.971467     180.108353      73.622398    -180.154556     -10.203053      -0.071487      -2.288701       1.301975      -1.608414     -20.926388     -89.995033      -8.384511      89.976883     -96.810921       1.160647     -91.834053     -19.711678      31.982357      -6.752451    -179.958847     -60.008110    -179.924347      14.592158      -0.174369      -2.294094      -5.790232     -11.247907     -28.670097     -90.011940      18.916109      90.011360      40.875942      65.916206     225.260345      88.915672      55.632931      89.549820      -4.940448      -2.143107       0.548148     107.273552      78.513603      81.415703      -3.616517      -0.903631       3.019028     -84.319267      69.420250     -75.484329     -91.029472     -37.071838      90.276512      19.375793      -1.874779      -9.147320    -143.516205     -80.062828      39.975117       4.308481      -4.426704      -1.842154
     -62.115814      13.194145      15.771667     143.996185       6.575614      52.815556      42.202900     -60.525715     137.651474      12.770693      -4.539153      17.978424      15.323546      -8.612324     -11.099863      -6.950625     -13.890952     -49.554317      -3.964800     -11.657509     -41.395935     113.079468      -1.972412     -96.212791     -17.086342     -48.748001      -4.190679     180.123215      73.696358    -180.169434     -10.228752      -0.070170      -2.289199       1.552625       0.327437     -18.899620     -89.996414      -8.742471      89.978615     -95.709023       1.764833     -90.704185     -21.334730      30.850885      -4.617702    -180.015106     -59.348465    -180.003387      14.812935      -0.185274      -2.294669      -4.743910     -13.014722     -18.059652     -90.005684      17.548561      90.022881      52.204311      62.261429     217.585358      89.010399      55.654221      89.592407      -4.803513      -2.161249       0.543861     107.306328      78.529602      81.444374      -3.645158      -0.908790       3.039355     -78.409264      70.981552     -76.800880     -91.111053     -36.938931      90.297577      18.474419      -3.063449      -7.893350    -142.390656     -80.156303      39.664307       4.284108      -3.931317      -2.089553
     -62.671452      11.444649      16.025023     143.025131       3.429395      55.004684      42.759258     -60.850586     138.045044      12.294221      -6.162387      17.146378      15.029480      -9.276050     -10.109537      -7.560719     -14.104360     -49.493858      -3.988441     -11.205359     -41.520512     112.689148      -2.108708     -95.161163     -15.491390     -49.092758      -1.848173     180.128433      73.892502    -180.177322     -10.253231      -0.069330      -2.289919       1.698100       1.795812     -16.021181     -89.997055      -9.094469      89.979927     -94.553169       2.248411     -89.693336     -22.665686      29.831484      -2.751332    -180.050446     -58.795059    -180.055740      15.046099      -0.196896      -2.295233      -3.231756     -13.499994      -6.193541     -90.000923      15.418612      90.033745      63.162685      56.866798     210.730789      89.062767      55.745815      89.613945      -4.712894      -2.148654       0.576519     107.364655      78.546906      81.425728      -3.670536      -0.925090       3.040868     -69.625458      72.762337     -79.811836     -91.067039     -36.944431      90.285263      17.822224      -3.991406      -6.880681    -141.683853     -80.287422      40.064907       4.272439      -3.644725      -2.321053
     -63.226879       9.670549      16.267872     142.482513       0.045964      57.712120      42.619041     -60.996853     137.931686      12.160753      -7.521923      16.504438      14.996554     -10.154554     -10.204427      -8.177254     -14.188180     -49.453224      -4.211467     -11.125724     -41.419804     112.095360      -2.075761     -94.781036     -15.199124     -49.045258       1.036873     179.973770      76.859123    -180.080582     -10.155958      -0.068359      -2.289213       1.734832       2.386620     -15.659535     -89.987793      -9.961448      89.974670     -93.068764       2.849501     -89.498230     -24.104326      25.076397       0.207155    -179.972778     -62.074337    -180.019043      14.950574      -0.205993      -2.285730      -2.752245     -13.616152      -1.190652     -90.018707       9.858672      90.044006      71.604980      50.107834     205.834549      89.090668      55.719955      89.625938      -4.591307      -2.193180       0.572316     107.310150      78.569504      81.530647      -3.695870      -0.924958       3.052410     -58.179756      74.398369     -85.483353     -91.046661     -36.827621      90.278465      17.163214      -4.950377      -5.867895    -141.702377     -80.421486      40.958313       4.263385      -3.335215      -2.557220
     -63.816257       7.944221      16.560265     142.513947      -2.221634      60.631706      42.023125     -61.557743     137.694748      11.771436      -8.261986      16.042927      14.863750     -11.110904      -9.599524      -8.627185     -14.143132     -49.457447      -4.322547     -10.785456     -41.518188     111.894211      -1.922186     -93.841652     -14.286615     -49.187714       2.873762     180.032806      77.296448    -180.125824     -10.205139      -0.069201      -2.291203       1.727841       3.088957     -15.203617     -89.991859     -10.292991      89.976906     -91.662331       3.470192     -88.672455     -25.421337      23.833153       2.147323    -180.035919     -61.150486    -180.073273      15.187272      -0.213913      -2.288875      -1.561274     -12.123785       8.307514     -90.012573       9.593136      90.027512      76.278786      42.554554     202.951782      89.104614      55.752052      89.630165      -4.448016      -2.320178       0.512589     107.066261      78.601860      81.818108      -3.719934      -0.895158       3.069117     -37.066879      75.493492    -100.722359     -87.261108     -33.987846      89.049065      16.456371      -5.108767      -5.240666    -122.950478     -83.109589      62.718990       4.206446      -3.076474      -2.699906
     -64.469719       6.433784      16.821110     142.724228      -4.143977      62.365685      42.243069     -61.860935     137.932236      11.376007      -9.054487      15.645743      14.894310     -12.097443      -7.939353      -9.050447     -14.044565     -49.472023      -4.450542     -10.475896     -41.607533     111.645233      -1.819874     -92.889664     -13.567322     -49.366791       4.353668     180.075912      77.663200    -180.158951     -10.245490      -0.069076      -2.292706       1.736822       3.704947     -14.947053     -89.994415     -10.618921      89.978745     -90.063629       4.108156     -87.879799     -26.643559      23.041468       3.860915    -180.085419     -59.768055    -180.114212      15.487124      -0.226030      -2.291194      -0.693194      -9.086220      17.955416     -90.009186       9.397960      90.016479      78.905052      36.356091     201.291504      89.114220      56.110336      89.623573      -4.613726      -2.676701       0.283546     106.359596      78.652397      82.486534      -3.744183      -0.805689       3.068036     -25.625731      69.287262    -104.998322     -87.754837     -27.331758      89.159912      15.930658      -3.954430      -6.544152     -59.993767     -82.772697     130.530563       4.234209      -2.879198      -2.859682
     -65.097450       5.583870      16.975803     139.442230      -7.184298      60.404743      49.463573     -61.964733     140.720596      10.788917      -9.984499      15.226864      15.286552     -12.523048      -2.636897      -9.501927     -13.978483     -49.479134      -4.621049     -10.277128     -41.637520     111.268295      -1.728082     -92.024178     -12.946275     -49.598000       5.670508     180.106079      78.011978    -180.182297     -10.285756      -0.068146      -2.293837       1.752092       4.358596     -14.866920     -89.996155     -10.939346      89.980316     -88.450356       4.764338     -87.387756     -27.857244      22.361113       5.498330    -180.120117     -58.096195    -180.142624      15.828408      -0.241414      -2.292827      -0.438462      -4.775493      27.229361     -90.009407       8.971658      90.011482      81.706802      33.783916     202.988190      89.139061      58.300144      89.580345      -6.227057      -3.245738      -0.017510     104.937584      78.734329      83.699013      -3.760163      -0.604752       3.013020     -22.241175      59.750816    -100.691193     -89.512665     -23.089432      89.600807      14.535722      -2.240729      -7.503550     -50.865776     -81.695084     142.760880       4.119545      -3.820123      -2.390233
     -65.643211       5.456851      17.199667     136.989243      -6.985397      56.476730      51.809101     -60.568794     142.619614       9.662652     -11.438150      11.895849      15.650867     -11.983049       5.795467     -10.163083     -14.192653     -49.415581      -4.960791     -10.583497     -41.373741     110.506119      -1.428186     -91.051529     -12.780221     -50.011169       6.545747     180.127991      78.413231    -180.201401     -10.340775      -0.066125      -2.295472       1.763878       5.036563     -15.539609     -89.997429     -11.254349      89.981789     -87.964020       5.048552     -87.312675     -29.159050      21.701984       7.306159    -180.126068     -56.817871    -180.148285      16.174505      -0.258129      -2.292925      -0.767306      -0.600993      34.028336     -90.026726       5.439531      90.030289      81.599426      34.204082     203.431137      89.212730      64.258736      89.474869      -8.009145      -3.628271      -0.171400     103.348053      78.819946      84.789131      -3.766058      -0.314251       2.700117     -25.772171      52.192677     -94.931992     -90.467819     -22.608593      89.907494      13.879496      -2.200136      -7.157746     -70.905251     -83.584908     124.978569       4.105118      -4.024344      -2.377655
     -66.140320       5.420240      17.370045     135.373184      -6.365397      53.501762      50.919552     -59.862434     142.815262       9.147976     -14.383689       9.765024      15.067116     -10.453838      10.317863     -10.824416     -14.644634     -48.904495      -5.344686     -11.232357     -40.916965     109.940598      -0.725912     -89.711777     -13.494368     -50.197620       6.792043     180.152481      78.969742    -180.226791     -10.412585      -0.063001      -2.297942       1.818406       5.467838     -18.191669     -89.998169     -11.563994      89.983337     -88.160812       4.974021     -87.305214     -29.796089      20.919758       8.530785    -180.110382     -56.446815    -180.141998      16.548828      -0.278764      -2.293599      -0.840606       1.972830      37.032166     -90.022972      -1.866922      90.058929      81.866592      34.080498     202.604111      89.331627      70.368141      89.344719      -8.858462      -3.868951      -0.253729     102.412201      78.882797      85.447197      -3.771136      -0.159187       2.504375     -28.109938      47.778351     -91.229538     -89.920097     -22.459721      89.864243      13.520995      -2.434756      -6.712279    -109.125336     -84.213173      88.057610       4.109252      -4.005629      -2.437142
     -66.594658       5.476499      17.456278     134.122864      -5.572918      50.966621      49.538643     -60.105930     142.021866       9.211481     -17.658979      11.116918      14.268249      -9.602900      10.673531     -11.479781     -15.022815     -48.263290      -5.766586     -12.008117     -40.351013     109.240364      -0.140444     -88.920708     -13.717986     -49.664433       8.065172     180.187897      79.557739    -180.260971     -10.472140      -0.060123      -2.299299       1.982800       5.469251     -23.216898     -89.998352     -11.868364      89.984871     -88.590843       4.879368     -87.117950     -29.841448      19.983965       8.980014    -180.096970     -56.404007    -180.138046      16.956394      -0.302852      -2.294217      -0.606792       3.721502      38.494762     -90.004593      -9.432726      90.072502      82.541649      33.894348     201.284088      89.539841      76.360428      89.138077      -9.326447      -4.137323      -0.370533     101.584915      78.939331      86.119720      -3.778934      -0.040233       2.402694     -30.599163      45.434704     -87.909058     -88.734474     -22.494951      89.664566      12.565192      -2.820923      -6.217675    -139.398926     -82.268005      55.368736       4.129762      -3.782016      -2.277463
     -66.912071       5.569692      17.519701     134.478683      -5.992822      49.810631      50.627201     -59.681393     142.325424       9.238327     -17.321791      11.319233      14.335240     -10.050866      10.435226     -12.175384     -15.754569     -47.349846      -6.082015     -12.767996     -39.789482     108.600571       0.333412     -88.233582     -13.740432     -47.783916      10.321625     180.229904      80.325005    -180.301743     -10.542714      -0.057057      -2.299942       2.028854       4.834748     -28.807535     -89.997757     -12.167613      89.986420     -88.141991       4.803977     -87.588646     -29.974081      19.324482       9.502440    -180.082886     -55.838207    -180.129074      17.329439      -0.326540      -2.293163      -0.438358       5.011216      39.894131     -89.988945     -14.209612      90.065315      85.390762      33.025299     196.481628      90.049149      82.819519      88.629677      -9.475611      -4.367887      -0.409485     100.788071      79.002480      86.843880      -3.779060       0.071819       2.345037     -32.626804      44.749001     -84.905090     -88.808655     -22.265923      89.706825      11.231041      -3.188378      -5.773178    -146.592545     -80.820831      43.923542       4.181102      -3.723729      -2.332875
     -67.119293       5.665145      17.520304     134.804871      -6.386871      48.695583      51.347698     -59.730320     142.687912       9.124204     -17.299707      11.184536      14.188236     -10.594074      10.082316     -12.710893     -16.302628     -46.412132      -6.359107     -13.457407     -39.240623     108.311707       0.678744     -88.005554     -13.559676     -46.025063      12.696034     180.270859      81.089012    -180.339325     -10.642296      -0.052266      -2.300223       1.803480       3.697130     -33.612766     -89.996910     -12.461912      89.988068     -87.501114       4.924818     -88.402260     -30.378267      18.816170       9.939768    -180.066498     -54.801727    -180.115204      17.672192      -0.347923      -2.290940      -0.478062       6.087735      41.117695     -89.991447     -15.193238      90.042595      88.822701      32.203186     191.700333      94.432724      88.625282      84.257423      -9.391287      -4.547722      -0.417399     100.168198      79.056625      87.458984      -3.782626       0.151401       2.344841     -34.393570      44.164684     -82.315720     -88.855614     -21.931643      89.736649       9.805894      -3.943701      -4.835144    -147.816010     -80.222565      38.700596       4.193901      -3.641530      -2.544996
     -67.269005       5.740360      17.474037     134.735947      -6.831311      47.535252      52.135063     -59.914261     143.197418       8.849099     -17.361885      10.976048      13.936788     -11.121981       9.716373     -13.205297     -16.718071     -45.702042      -6.629296     -14.193714     -38.623138     108.188080       0.970560     -87.964676     -13.515092     -44.645844      14.591731     180.308380      81.848923    -180.372894     -10.745472      -0.047170      -2.300504       1.394255       2.295310     -37.058922     -89.996201     -12.751332      89.989807     -86.940216       5.055528     -89.404404     -30.828434      18.389095      10.218291    -180.052734     -53.548340    -180.103653      17.989290      -0.366767      -2.288659      -0.652584       6.927982      42.015774     -89.995148     -15.306408      90.025894      92.938385      31.530485     187.337326     267.001343      86.333656     -88.292809      -9.203813      -4.707732      -0.403860      99.601059      79.107635      88.057732      -3.787266       0.221294       2.372472     -35.671165      43.735542     -80.031906     -88.878082     -21.586504      89.756119       9.226617      -4.582164      -4.160095    -146.700546     -80.171028      36.950661       4.195844      -3.558570      -2.754390
     -67.404091       5.785499      17.397623     134.365448      -7.191754      46.498974      52.819214     -60.244175     143.797836       8.469164     -17.435404      10.767262      13.567942     -11.649739       9.339706     -13.733333     -17.003412     -45.511959      -6.886185     -14.967432     -37.937798     108.052574       1.208456     -87.890808     -13.746539     -43.456974      15.927286     180.343811      82.615295    -180.404953     -10.836230      -0.042676      -2.300884       0.913708       0.755673     -39.053219     -89.995621     -13.035959      89.991356     -86.468414       5.163169     -90.385574     -31.266874      17.960636      10.380629    -180.044846     -52.337402    -180.097061      18.284298      -0.383443      -2.286402      -0.860164       7.579868      42.713821     -89.997826     -15.174720      90.015404      97.512650      30.886808     183.446838     268.091248      81.999458     -89.361465      -8.983943      -4.851709      -0.376152      99.059433      79.156120      88.642242      -3.792731       0.288074       2.405901     -36.486645      43.494694     -78.179436     -88.886307     -21.163321      89.768661       8.902803      -5.013365      -3.683388    -144.301315     -80.474426      37.164997       4.201586      -3.526177      -2.969427
     -67.527710       5.812355      17.308813     133.688263      -7.398886      45.557556      53.654526     -60.664162     144.586685       8.024038     -17.438196      10.637347      13.103267     -12.156025       8.970783     -14.291436     -17.190886     -45.742214      -7.119604     -15.747703     -37.203953     107.866135       1.386349     -87.737846     -14.182884     -42.340343      16.859081     180.381546      83.365532    -180.439835     -10.915619      -0.038639      -2.301049       0.422671      -0.810015     -40.114925     -89.995285     -13.315852      89.992584     -85.997276       5.230028     -91.307724     -31.659567      17.491146      10.470151    -180.041168     -51.219658    -180.093979      18.552881      -0.398038      -2.284326      -1.104496       8.092054      43.239185     -89.999596     -14.963159      90.009033     102.406013      30.271118     180.053391     268.376068      78.209183     -89.626595      -8.739904      -4.963206      -0.330512      98.593399      79.200287      89.156471      -3.799935       0.345432       2.436365     -36.965092      43.359638     -76.789246     -88.888344     -20.837545      89.775909       8.713296      -5.377179      -3.253149    -141.611450     -80.881493      38.209064       4.206506      -3.553442      -3.175255
     -67.638992       5.827212      17.216028     132.881195      -7.458724      44.732624      54.468906     -61.137688     145.438614       7.548699     -17.409409      10.547315      12.596951     -12.635673       8.610099     -14.823179     -17.320984     -46.189922      -7.306730     -16.521872     -36.434959     107.636185       1.516704     -87.523064     -14.733896     -41.292889      17.521797     180.425552      84.081390    -180.481552     -10.985338      -0.034921      -2.301095      -0.030076      -2.268007     -40.722759     -89.995308     -13.591097      89.993416     -85.515274       5.257033     -92.149590     -31.993702      16.968733      10.503943    -180.039948     -50.224968    -180.093018      18.796034      -0.410930      -2.282450      -1.373720       8.497461      43.617767     -90.000648     -14.747430      90.005142     107.475441      29.579859     176.990005     268.497223      74.832008     -89.731926      -8.455235      -5.038406      -0.269457      98.232056      79.239555      89.572739      -3.809380       0.388085       2.462927     -37.270241      43.321312     -75.752609     -88.888268     -20.593307      89.779861       8.616392      -5.661576      -2.882576    -139.001160     -81.278778      39.644978       4.209784      -3.608210      -3.373003
     -67.741135       5.831492      17.121752     131.996170      -7.406450      43.993641      55.252224     -61.621761     146.306503       7.088338     -17.366924      10.483676      12.077105     -13.070199       8.272395     -15.307277     -17.427382     -46.657925      -7.455771     -17.272135     -35.644611     107.369453       1.623982     -87.265762     -15.340611     -40.356266      18.000698     180.478668      84.760063    -180.532974     -11.046104      -0.031519      -2.301142      -0.409534      -3.495147     -41.069889     -89.995644     -13.861760      89.993927     -85.032333       5.250649     -92.910713     -32.267876      16.396164      10.490237    -180.039948     -49.363998    -180.093124      19.017591      -0.422517      -2.280740      -1.656010       8.819113      43.881710     -90.001259     -14.535286      90.002747     112.665817      28.794855     174.194733     268.556458      71.807693     -89.778625      -8.118330      -5.091594      -0.199869      97.942963      79.275620      89.927658      -3.820372       0.420049       2.490257     -37.459587      43.388748     -74.971313     -88.763313     -20.425714      89.757072       8.615049      -5.920649      -2.528127    -136.326675     -81.671715      41.573631       4.213075      -3.688758      -3.558167
     -67.835861       5.835159      17.028009     131.059494      -7.263479      43.312477      56.011070     -62.028706     147.108139       6.605293     -17.476347      10.282169      11.445836     -13.144379       8.222357     -15.700580     -17.430120     -47.316158      -7.554421     -17.859665     -34.987858     107.083611       1.699511     -86.980927     -15.801074     -39.367764      18.719181     180.538406      85.377373    -180.591476     -11.086384      -0.029064      -2.300929      -0.665150      -4.491331     -41.194294     -89.996147     -14.127894      89.994087     -84.386810       5.241425     -93.685349     -32.566986      15.868457      10.472127    -180.040787     -48.648540    -180.093613      19.225353      -0.433254      -2.278927      -1.946782       9.078821      44.124714     -90.001678     -14.326725      90.000641     117.936493      27.894186     171.610947     268.588287      69.063980     -89.800667      -7.728112      -5.127403      -0.125284      97.716606      79.308998      90.231941      -3.832753       0.443008       2.519834     -37.590446      43.385258     -74.351807     -88.828438     -20.276829      89.771309       8.630186      -6.107606      -2.257925    -134.122421     -81.967865      43.331062       4.215105      -3.745950      -3.738030
     -67.923157       5.834632      16.937368     130.104218      -7.089378      42.687687      56.801037     -62.395699     147.914597       6.166612     -17.584452      10.100887      10.840686     -13.202903       8.197836     -16.037766     -17.372047     -47.932556      -7.640704     -18.335487     -34.423615     106.773468       1.766968     -86.683998     -16.300688     -38.444630      19.323669     180.612350      85.945419    -180.664536     -11.128203      -0.026433      -2.300814      -0.863331      -5.237793     -41.239246     -89.996796     -14.389600      89.994064     -83.775276       5.207155     -94.363281     -32.841560      15.335066      10.458841    -180.041809     -48.079487    -180.094452      19.425695      -0.443651      -2.277309      -2.243034       9.279039      44.291672     -90.001785     -14.121632      89.999687     123.299095      26.825510     169.169403     268.604828      66.588661     -89.809204      -7.269593      -5.151353      -0.046298      97.535995      79.340660      90.506470      -3.846012       0.458988       2.555865     -37.657875      43.433929     -73.853104     -88.860977     -20.168947      89.778259       8.706996      -6.246517      -2.021006    -131.915054     -82.249954      45.402645       4.217648      -3.818718      -3.909255
     -68.002884       5.828568      16.851105     129.148727      -6.897654      42.116978      57.611881     -62.714748     148.709808       5.786665     -17.659401       9.968555      10.316861     -13.225946       8.204917     -16.375027     -17.327660     -48.536938      -7.720522     -18.785015     -33.868313     106.409081       1.827119     -86.345337     -16.830069     -37.610455      19.820478     180.707001      86.491096    -180.758667     -11.165634      -0.024042      -2.300816      -1.004714      -5.768832     -41.288467     -89.997452     -14.646907      89.993965     -83.430138       5.136896     -95.067703     -33.232159      14.897898      10.640693    -180.042526     -47.596622    -180.094666      19.616463      -0.453559      -2.275612      -2.557895       9.446699      44.431595     -90.001816     -13.919938      89.999039     128.728333      25.554491     166.856247     268.612183      64.383263     -89.809341      -6.737107      -5.165724       0.036285      97.393959      79.370934      90.760605      -3.860006       0.469241       2.600489     -37.659233      43.501804     -73.457146     -88.875504     -20.089939      89.781075       8.827173      -6.342470      -1.822184    -129.839676     -82.497337      47.592297       4.220087      -3.898263      -4.071887
     -68.075562       5.818473      16.770155     128.204773      -6.698112      41.591805      58.480850     -63.021160     149.544708       5.428209     -17.717474       9.857036       9.812294     -13.334495       8.141459     -16.638800     -17.253685     -48.806736      -7.805451     -18.998678     -33.577591     106.079391       1.900163     -86.059097     -17.393173     -36.810268      20.251232     180.827972      87.002609    -180.879303     -11.198043      -0.021908      -2.300907      -1.091512      -6.108768     -41.377644     -89.998154     -14.899896      89.993782     -83.132126       5.057341     -95.707817     -33.662647      14.489094      10.916390    -180.042953     -47.199642    -180.094696      19.803099      -0.463333      -2.273989      -2.867592       9.576503      44.534611     -90.001770     -13.721648      89.998573     134.188721      24.045315     164.674820     268.613281      62.450256     -89.803688      -6.138507      -5.171599       0.119624      97.290062      79.399536      90.993446      -3.875034       0.473770       2.653825     -37.605320      43.567677     -73.140274     -88.881744     -20.031555      89.781952       8.977259      -6.399232      -1.660099    -127.957489     -82.705132      49.783108       4.222642      -3.979679      -4.226573
     -68.140854       5.803487      16.696045     127.287872      -6.499648      41.110710      59.391300     -63.306263     150.397476       5.109939     -17.776447       9.745440       9.336921     -13.491815       8.031591     -16.814651     -17.133101     -48.798161      -7.913746     -19.088312     -33.418343     105.791275       1.988634     -85.825233     -17.957720     -36.085388      20.639294     180.982056      87.468918    -181.033173     -11.223119      -0.020108      -2.301023      -1.110440      -6.198186     -41.547104     -89.998833     -15.148645      89.993614     -82.879890       4.988611     -96.286819     -34.142815      14.118427      11.254368    -180.043304     -46.889168    -180.094696      19.992889      -0.473258      -2.272382      -3.148764       9.682702      44.592808     -90.001671     -13.526654      89.998161     139.634445      22.255671     162.646774     268.608795      60.812222     -89.792503      -5.481107      -5.171447       0.202111      97.214645      79.426620      91.212662      -3.891064       0.473886       2.715551     -37.481342      43.628532     -72.907722     -88.883720     -19.928698      89.782997       9.053891      -6.431441      -1.562536    -123.035515     -83.135750      55.028080       4.225095      -4.076824      -4.347376
     -68.200485       5.785387      16.626497     126.375603      -6.303430      40.659622      60.361900     -63.562630     151.275406       4.825479     -17.819712       9.655625       8.900360     -13.641704       7.925014     -16.977903     -17.010450     -48.802479      -8.024642     -19.172651     -33.262856     105.507797       2.084285     -85.604866     -18.505306     -35.415798      21.031370     181.200577      87.927597    -181.251587     -11.244074      -0.018626      -2.301181      -1.101836      -6.133264     -41.784187     -89.999420     -15.393238      89.993454     -82.660309       4.927034     -96.823608     -34.608154      13.737954      11.542163    -180.043655     -46.639221    -180.094803      20.185246      -0.483345      -2.270871      -3.398662       9.768851      44.611061     -90.001564     -13.334915      89.997849     145.040054      20.188129     160.814987     268.599976      59.491119     -89.776146      -4.772015      -5.167842       0.282765      97.156700      79.452354      91.427879      -3.908029       0.471819       2.784881     -37.307446      43.674049     -72.727486     -88.884506     -19.864069      89.783279       9.096946      -6.412359      -1.517048    -119.793266     -83.350266      58.474239       4.226769      -4.191193      -4.458457
     -68.255531       5.765649      16.560001     125.460793      -6.113819      40.234798      61.399548     -63.802696     152.194641       4.552524     -17.855125       9.577539       8.514059     -13.796801       7.807536     -17.131887     -16.888287     -48.816242      -8.135686     -19.237312     -33.131214     105.232147       2.190385     -85.400848     -19.044220     -34.794266      21.422935     181.535904      88.378082    -181.586914     -11.263641      -0.017306      -2.301365      -1.068113      -5.959009     -42.071327     -89.999924     -15.633739      89.993256     -82.468880       4.864269     -97.315742     -35.044987      13.337005      11.789382    -180.043991     -46.449162    -180.095093      20.377302      -0.493453      -2.269489      -3.630416       9.835321      44.592583     -90.001465     -13.146399      89.997627     150.368561      17.832474     159.221176     268.586151      58.515297     -89.754074      -4.020061      -5.161564       0.360706      97.111206      79.476646      91.641792      -3.926046       0.468468       2.861093     -37.082981      43.694462     -72.586617     -88.884956     -19.835300      89.783188       9.132486      -6.374144      -1.494695    -118.528313     -83.403656      59.864517       4.229196      -4.250226      -4.579196
     -68.392052       5.759673      16.440397     123.336472      -3.357432      39.624195      64.561485     -65.552216     156.531754       4.051151     -17.735437       9.883169       7.897145     -14.302670       7.528950     -17.935158     -17.688719     -48.583427      -8.225873     -19.825453     -32.357651     104.267677       2.277042     -84.687683     -19.940763     -33.926403      21.503326     182.621582      89.045868    -182.672562     -11.300226      -0.015743      -2.301905      -1.047771      -5.646347     -42.422958     -90.000320     -15.870161      89.993767     -82.246666       4.706877     -97.889587     -35.151875      12.866580      11.683690    -180.041733     -45.865131    -180.093781      20.519768      -0.501462      -2.269117      -4.050833       9.911199      44.442188     -90.001282     -12.961020      89.998047     152.639236      19.504210     159.028381     268.570831      57.530487     -89.734856      -2.853359      -8.449259      -2.159178      95.581718      79.527748      93.549683      -3.932483       0.474693       2.986177     -37.126816      42.491066     -73.990837     -88.642120     -19.824364      89.737259       8.589785      -7.007684      -0.815897    -123.482597     -83.061699      54.716450       4.260661      -4.323845      -4.819857
     -68.523796       5.731146      16.280174     120.923264      -1.430152      39.173183      67.572411     -66.828865     160.034775       3.279812     -17.414824      10.120406       7.249053     -14.791536       7.120748     -18.750158     -18.377848     -48.372726      -8.340667     -20.457354     -31.468067     103.406288       2.336187     -84.114639     -20.588223     -33.379013      21.730766     192.822418      89.803375    -192.872955     -11.292480      -0.016737      -2.302259      -0.839139      -5.230448     -42.797081     -90.000534     -16.102583      89.994583     -82.058739       4.580476     -98.450066     -35.197540      12.225537      11.449566    -180.040100     -45.305489    -180.092926      20.661188      -0.509402      -2.268524      -4.496316       9.972157      44.343781     -90.001221     -12.778740      89.998428     154.372025      20.797432     158.691605     268.556702      56.521389     -89.714516      -2.207490     -12.495665      -5.274499      93.696815      79.523254      95.802437      -3.984146       0.629311       3.201743     -36.812881      42.158417     -74.898758     -88.760750     -19.873985      89.759422       8.108898      -7.352867      -0.398682    -134.612991     -81.852470      43.233723       4.274591      -4.350877      -5.050250
     -68.634590       5.681500      16.100296     118.523697       0.205786      38.895962      70.233719     -67.998589     163.171265       2.437658     -17.194633      10.174883       6.506812     -15.201986       6.733615     -19.443586     -18.830582     -48.223511      -8.474836     -20.980972     -30.663595     102.676170       2.366412     -83.692688     -21.042809     -33.014233      22.076546     354.987549      89.499092    -355.037537     -11.277783      -0.017772      -2.302317      -0.605064      -4.842609     -43.109226     -90.000679     -16.331131      89.994995     -81.919167       4.469640     -99.044296     -35.263390      11.509590      11.203563    -180.039886     -44.927654    -180.093231      20.829536      -0.518718      -2.267500      -4.797749       9.968407      44.276291     -90.001289     -12.599532      89.998352     155.501572      21.642740     158.394043     268.546051      55.587692     -89.697701      -2.125753     -15.957723      -7.954643      91.463219      79.498535      98.282410      -4.040312       0.880937       3.378994     -36.174244      42.055481     -75.815857     -88.826752     -19.982592      89.770332       7.880264      -7.561661      -0.169189    -141.478088     -80.617363      36.130356       4.283226      -4.325670      -5.239372
     -68.729317       5.594721      15.912963     116.126740       1.693657      38.787407      72.699516     -69.120941     166.142227       1.575319     -17.010368      10.175119       5.677035     -15.605032       6.334096     -20.051065     -19.122776     -48.121361      -8.630292     -21.378500     -29.994940     101.999542       2.370450     -83.348167     -21.421415     -32.732922      22.428871     357.677185      88.916588    -357.726624     -11.267059      -0.018200      -2.302200      -0.389368      -4.454915     -43.383179     -90.000809     -16.555868      89.994995     -81.857735       4.367639     -99.619530     -35.351227      10.775275      10.973301    -180.040482     -44.704697    -180.094177      21.015158      -0.528695      -2.266313      -5.010616       9.958193      44.198898     -90.001266     -12.423298      89.998222     156.221115      22.181993     158.170746     268.539429      54.767895     -89.685486      -2.286992     -18.367697      -9.844851      89.040787      79.456726     100.842209      -4.093181       1.182823       3.499065     -35.082886      41.919430     -76.958672     -88.860069     -20.178059      89.774956       8.011357      -8.165787       0.209519    -140.808945     -80.703552      36.981827       4.292120      -4.175980      -5.397243
     -68.813766       5.472245      15.733077     113.640320       3.119770      38.834404      75.083931     -70.151489     169.001495       0.629448     -16.780151      10.194569       4.782955     -16.001631       5.929509     -20.599667     -19.334068     -48.044571      -8.799779     -21.660955     -29.473232     101.322388       2.363874     -83.045143     -21.777298     -32.485359      22.777781     358.383026      88.440109    -358.432159     -11.263475      -0.017968      -2.302065      -0.204258      -4.034975     -43.669601     -90.000969     -16.776842      89.994614     -81.864281       4.271302    -100.142586     -35.436039      10.042601      10.736456    -180.041321     -44.605129    -180.095245      21.202150      -0.538506      -2.265087      -5.202307       9.954862      44.109226     -90.001198     -12.250014      89.998009     156.687805      22.533920     158.010010     268.536499      54.055271     -89.677269      -2.390474     -19.611723     -10.806368      86.751816      79.403641     103.191971      -4.140505       1.483820       3.570214     -33.625729      41.808418     -78.271408     -88.876678     -20.378973      89.776550       8.104372      -8.406149       0.385664    -140.278992     -80.757835      37.598866       4.291973      -4.040146      -5.530357
     -68.858658       5.337590      15.579667     111.418259       4.637127      39.312840      76.865532     -71.358162     171.460068      -0.291358     -16.405045      10.333006       3.852525     -16.311878       5.479708     -21.079042     -19.554161     -47.966717      -8.889263     -22.022726     -28.848068     101.096825       2.454201     -82.992508     -21.966089     -32.672981      23.092411     358.871429      87.711044    -358.920288     -11.375771      -0.012278      -2.302637      -0.475484      -3.176309     -43.924656     -90.001099     -16.994204      89.993538     -81.919495       4.158422    -100.692261     -35.490330       9.319942      10.464567    -180.041855     -44.523514    -180.096146      21.387665      -0.548304      -2.263941      -5.383852       9.948429      43.990654     -90.001114     -12.079644      89.997902     157.187866      22.889301     157.784302     268.538605      53.489044     -89.673393      -2.068669     -20.244909     -11.111879      85.292374      79.387672     104.766266      -4.158022       1.675521       3.646911     -31.977573      41.848660     -80.088821     -88.884964     -20.591846      89.776520       8.096837      -8.359129       0.373822    -139.509262     -80.855782      38.370461       4.293743      -3.843983      -5.675974
     -68.890976       5.200716      15.460791     109.625519       5.737841      39.761429      77.908333     -72.173775     172.921829      -0.849472     -15.956020      10.572987       3.365286     -16.264357       5.168555     -21.866814     -20.116947     -47.757202      -9.013371     -22.509895     -27.969259     100.064476       2.392321     -82.602852     -22.201544     -32.840332      23.300117     358.959869      87.481804    -359.008453     -11.467520      -0.005821      -2.302393      -0.570436      -2.557489     -44.122566     -90.001350     -17.207886      89.993378     -82.178368       4.001842    -101.320198     -35.414749       8.499571      10.063929    -180.042236     -44.482742    -180.097321      21.566689      -0.557870      -2.263022      -5.547689       9.929194      43.819862     -90.001060     -11.912125      89.997765     156.543106      22.629322     157.372620     268.361847      53.086948     -89.623444      -1.799525     -22.020037     -12.008753      84.215355      79.355820     105.894867      -4.194024       1.748095       3.649719     -30.460606      42.037941     -81.532990     -88.888405     -20.707956      89.777451       8.039480      -8.265626       0.346637    -136.844498     -81.291115      40.966175       4.305897      -3.687980      -5.831711
     -68.917259       5.049719      15.353605     107.724121       6.764513      40.196491      79.524025     -72.942230     174.895065      -1.527326     -15.592982      10.734185       2.709208     -16.383165       4.774822     -22.349556     -20.302895     -47.675602      -9.160886     -22.786486     -27.402328      99.356659       2.333893     -82.400772     -22.384569     -32.945808      23.559364     359.014099      87.340454    -359.062134     -11.509091      -0.002508      -2.301987      -0.521941      -2.197562     -44.258408     -90.001396     -17.418001      89.993446     -82.293350       3.881540    -101.815887     -35.421509       7.776369       9.800761    -180.042755     -44.526234    -180.098175      21.748632      -0.567470      -2.261883      -5.656555       9.916704      43.665802     -90.001030     -11.747396      89.997551     156.013962      22.252529     156.774643     268.451172      52.763905     -89.639015      -1.589174     -22.912502     -12.463153      82.749496      79.311859     107.414642      -4.225295       1.938702       3.701193     -28.780777      42.053356     -82.917366     -88.889328     -20.734631      89.778854       7.858450      -8.254284       0.416914    -132.892990     -81.862915      44.632393       4.317529      -3.715611      -5.995202
     -68.945999       4.890877      15.241349     105.765892       7.708044      40.561359      81.546303     -73.720520     177.269913      -2.287677     -15.355844      10.796228       1.971539     -16.740067       4.368591     -22.658600     -20.224363     -47.693382      -9.356664     -22.869091     -27.150095      98.604225       2.801337     -82.227562     -23.196697     -33.286030      23.891045     359.048584      87.323402    -359.100739     -11.446002      -0.003621      -2.302618      -0.164386      -1.674388     -43.630657     -90.001366     -17.624657      89.992943     -82.353951       3.797598    -102.200531     -35.497120       7.078722       9.641184    -180.043518     -44.678593    -180.098831      21.941441      -0.577569      -2.260475      -5.704731       9.894913      43.530502     -90.001030     -11.585425      89.997238     155.315903      21.927153     156.200439     268.499054      52.823647     -89.644699      -1.307942     -23.710337     -12.946027      81.342049      79.274185     108.853180      -4.244756       2.068378       3.726113     -27.121737      42.020828     -84.074257     -88.889236     -20.709682      89.780128       7.704772      -8.258008       0.507631    -128.199509     -82.413605      48.960205       4.326495      -3.748711      -6.158720
     -68.978210       4.729902      15.127896     103.825874       8.542049      40.824028      83.798508     -74.432327     179.834961      -3.048150     -15.253271      10.763335       1.213369     -17.167221       4.040152     -22.818544     -20.119303     -47.725178      -9.514569     -22.847900     -27.100952      97.730209       3.419573     -82.060425     -23.991316     -33.498951      24.344530     358.992767      87.407181    -359.046600     -11.499585       0.000294      -2.303594       0.010605      -0.853475     -43.379604     -90.001945     -17.827826      89.992043     -82.381653       3.737413    -102.499016     -35.604218       6.403823       9.516027    -180.044342     -44.932991    -180.099350      22.140982      -0.587950      -2.258917      -5.711227       9.867958      43.405167     -90.001030     -11.426140      89.996872     154.578384      21.629019     155.577789     268.519867      53.304031     -89.644112      -1.104092     -24.243719     -13.275360      80.157043      79.227951     110.097702      -4.275679       2.223540       3.784943     -25.596060      42.069283     -84.913002     -88.754051     -20.620291      89.754677       7.573267      -8.298382       0.633004    -123.434837     -82.855843      53.259373       4.334808      -3.790866      -6.322827
     -69.008171       4.566405      15.017283     101.805298       9.370072      41.031044      86.373032     -75.010773     182.648392      -3.812484     -15.192853      10.704827       0.452998     -17.486061       3.754169     -22.967785     -20.106977     -47.724880      -9.650341     -22.793524     -27.126465      96.987381       3.663654     -81.961899     -24.493397     -33.574100      24.767355     358.925537      87.522926    -358.978363     -11.591041       0.005752      -2.303573       0.046096      -0.242689     -43.391167     -90.002319     -18.027576      89.991722     -82.394920       3.667830    -102.796158     -35.693230       5.744409       9.387247    -180.045029     -45.222889    -180.099945      22.338909      -0.598361      -2.257428      -5.710618       9.840252      43.273010     -90.001022     -11.269529      89.996605     153.807297      21.267653     154.922333     268.525543      53.876091     -89.640793      -1.036813     -24.384823     -13.344646      79.566566      79.214508     110.692657      -4.298261       2.312766       3.793347     -24.129354      41.975830     -85.578712     -88.824203     -20.497383      89.770210       7.456920      -8.297479       0.719304    -119.197876     -83.170715      56.973675       4.342999      -3.821132      -6.491762
     -69.042404       4.397132      14.899978      99.743401      10.215128      41.217770      89.149292     -75.595222     185.677475      -4.582788     -15.183179      10.608462      -0.342563     -17.800127       3.485664     -23.126772     -20.125320     -47.714149      -9.789850     -22.722176     -27.183626      96.179352       3.890898     -81.892303     -25.103180     -33.681717      25.340855     358.878235      87.635796    -358.932617     -11.616487       0.008186      -2.305350       0.203416       0.327641     -43.192806     -90.002396     -18.223991      89.991600     -82.419327       3.596822    -103.088211     -35.773739       5.088680       9.262684    -180.045639     -45.527695    -180.100540      22.535707      -0.608842      -2.255928      -5.706057       9.814340      43.151699     -90.001015     -11.115546      89.996407     152.917725      20.939589     154.329987     268.388306      54.561806     -89.603172      -0.974539     -24.425713     -13.334926      79.168327      79.221542     111.059578      -4.308568       2.348136       3.766209     -22.734526      41.899616     -86.103592     -88.858749     -20.349943      89.778564       7.358357      -8.306669       0.817593    -114.918846     -83.430473      60.680344       4.350975      -3.854922      -6.661986
     -69.093140       4.223468      14.764035      97.731720      11.054168      41.351425      92.051109     -76.306541     188.911072      -5.332122     -15.307405      10.418394      -1.193441     -18.187645       3.247761     -23.271921     -20.150560     -47.700817      -9.925132     -22.645823     -27.251698      95.287529       4.258299     -81.845268     -26.179306     -34.084530      26.156401     358.809326      87.754646    -358.866241     -11.649319       0.010817      -2.308558       0.492476       1.259314     -42.983063     -90.002663     -18.417105      89.991188     -82.452972       3.529794    -103.364227     -35.853718       4.434336       9.145831    -180.046234     -45.849720    -180.101135      22.733358      -0.619420      -2.254372      -5.695803       9.789866      43.050278     -90.001022     -10.964135      89.996246     152.124557      20.715101     153.755051     268.458130      55.567387     -89.611923      -0.876021     -24.647020     -13.445860      78.507004      79.211777     111.713364      -4.321187       2.414459       3.763080     -21.548025      41.892525     -86.353790     -88.873611     -20.140694      89.783379       7.288870      -8.330253       0.932918    -111.383102     -83.605309      63.580715       4.358617      -3.888072      -6.833688
     -69.154457       4.047051      14.614737      95.915688      11.744850      41.441380      94.966904     -77.085846     192.193863      -5.940614     -15.509672      10.189067      -2.144228     -18.596872       2.901302     -23.409134     -20.190248     -47.684219     -10.047106     -22.571411     -27.325636      94.756439       4.593071     -81.825722     -28.439093     -35.313942      26.987280     358.797089      87.825272    -358.856720     -11.583602       0.008522      -2.316161       1.057984       2.553878     -42.383842     -90.002960     -18.606941      89.990730     -82.424431       3.454072    -103.631416     -35.914513       3.790697       9.031122    -180.046707     -46.148506    -180.101776      22.925579      -0.629866      -2.252861      -5.694534       9.769045      42.954350     -90.001015     -10.815259      89.996178     151.571274      20.909243     153.154480     268.478607      56.950817     -89.606514      -0.755657     -25.273565     -13.803632      77.338905      79.188873     112.933693      -4.318129       2.500975       3.805904     -20.552208      42.046299     -86.316879     -88.878830     -19.853516      89.786469       7.256427      -8.337276       1.040787    -107.864471     -83.750793      66.410271       4.366515      -3.912697      -7.007280
     -69.196701       3.930399      14.504342      94.536041      12.197347      41.374577      97.338730     -77.425430     194.694046      -6.406057     -15.645685      10.028744      -2.849071     -18.832321       2.595228     -23.495029     -20.196815     -47.677746     -10.144371     -22.523001     -27.361988      94.406952       4.810133     -81.822006     -30.122744     -36.265205      27.629183     358.737457      87.880486    -358.797180     -11.673866       0.012638      -2.315418       1.222115       3.591769     -42.364048     -90.003181     -18.793621      89.990662     -82.255241       3.366779    -103.906067     -35.961956       3.173301       8.932563    -180.047058     -46.380779    -180.102402      23.109211      -0.640057      -2.251374      -5.712714       9.751565      42.872437     -90.000999     -10.668876      89.996223     151.032990      20.944021     152.186569     268.207581      58.445827     -89.526337      -0.751947     -25.493210     -13.967422      76.648911      79.157944     113.641647      -4.345504       2.613583       3.838215     -19.919535      42.390331     -86.121849     -88.881157     -19.720684      89.787102       7.169708      -8.372286       1.173061    -103.154907     -83.907990      70.369804       4.374425      -3.968227      -7.184483
     -69.231766       3.879503      14.430488      93.547157      12.711512      41.242329      99.301720     -77.463432     196.701538      -6.801311     -15.637900      10.001627      -3.343532     -19.003988       2.367111     -23.578051     -20.213398     -47.668247     -10.237120     -22.477610     -27.395834      94.046974       4.941583     -81.841637     -31.205963     -36.781914      28.380299     358.783112      87.824799    -358.844299     -11.730254       0.015202      -2.317491       1.259890       4.022711     -42.244919     -90.002808     -18.977234      89.991058     -81.982491       3.277869    -104.195915     -36.013580       2.577922       8.846595    -180.047256     -46.537376    -180.102814      23.286024      -0.649996      -2.249831      -5.747861       9.743938      42.818920     -90.000984     -10.524931      89.996346     150.395508      20.650352     151.004272     268.326782      60.078678     -89.541122      -0.780253     -25.790480     -14.191246      75.933228      79.138786     114.359077      -4.357638       2.679698       3.836200     -19.752071      42.754314     -85.985092     -88.882393     -19.771677      89.786362       6.967674      -8.492690       1.373473    -100.169106     -83.983864      72.688515       4.378998      -4.080542      -7.360593
     -69.265694       3.852036      14.374846      92.758110      13.203199      41.172482     101.147995     -77.534302     198.576752      -7.169485     -15.622142       9.977275      -3.763417     -19.166178       2.128488     -23.660036     -20.215944     -47.664371     -10.330517     -22.438692     -27.419340      93.773430       4.990691     -81.872322     -31.936476     -37.076885      29.104696     358.858093      87.704865    -358.919647     -11.774504       0.016951      -2.317776       1.225567       4.185073     -42.049965     -90.002411     -19.157782      89.991592     -81.661972       3.193478    -104.504532     -36.083473       2.002201       8.775173    -180.047363     -46.638554    -180.102982      23.460567      -0.659848      -2.248152      -5.785354       9.743909      42.804234     -90.000992     -10.383400      89.996460     149.709885      20.452545     149.865128     268.374756      61.872082     -89.536140      -0.805949     -26.075920     -14.389796      75.175049      79.114876     115.129776      -4.369831       2.766135       3.846360     -19.691315      43.089607     -85.951462     -88.883614     -19.872005      89.785484       6.732759      -8.614292       1.570090     -98.843399     -84.009499      73.516144       4.382457      -4.202437      -7.534914
     -69.297462       3.838908      14.333752      92.226326      13.660025      41.085896     102.584435     -77.580940     200.109390      -7.472578     -15.594164       9.964736      -4.127762     -19.320103       1.871955     -23.727705     -20.190554     -47.670486     -10.416597     -22.418413     -27.414227      93.669022       4.885053     -81.911835     -32.434818     -37.187035      29.603092     358.941681      87.522873    -359.000977     -11.831888       0.019223      -2.314653       1.134457       4.189448     -41.859795     -90.002144     -19.335314      89.992233     -81.333244       3.118634    -104.831261     -36.179169       1.433541       8.713133    -180.047531     -46.715801    -180.102982      23.638039      -0.669794      -2.246296      -5.809347       9.745601      42.826622     -90.000992     -10.244232      89.996506     149.938034      20.677822     148.612442     268.358093      63.768463     -89.505524      -1.014683     -26.179985     -14.342287      74.312889      79.110519     116.017563      -4.356975       2.872512       3.921140     -19.791368      43.426392     -85.917442     -88.825012     -19.985891      89.773018       6.505707      -8.727604       1.760130     -97.960045     -84.022270      74.020988       4.387251      -4.323287      -7.704864
     -69.320679       3.833362      14.306449      91.857803      13.991974      41.024273     103.725525     -77.607368     201.270721      -7.674832     -15.547193       9.986806      -4.413691     -19.452812       1.636601     -23.787264     -20.154902     -47.679871     -10.496954     -22.412748     -27.386484      93.686935       4.658595     -81.954636     -32.712505     -37.129040      29.887146     359.012085      87.331390    -359.067444     -11.897404       0.022065      -2.310330       1.041063       4.072742     -41.660271     -90.001968     -19.509884      89.992897     -81.015427       3.051095    -105.176117     -36.297077       0.866045       8.648711    -180.047745     -46.785107    -180.102905      23.820934      -0.679965      -2.244303      -5.816294       9.746927      42.865242     -90.000999     -10.107403      89.996498     150.936844      20.868050     147.460983     268.318420      65.639359     -89.462929      -1.634635     -26.013929     -14.370793      73.994034      79.122803     116.217743      -4.360017       2.916134       3.863537     -19.886013      43.691307     -85.899300     -88.860184     -20.076151      89.779404       6.287610      -8.818173       1.919342     -97.151733     -84.031807      74.508911       4.393084      -4.435709      -7.873985
     -69.343666       3.834443      14.280181      91.516457      14.326349      40.935177     104.827919     -77.582878     202.377869      -7.867630     -15.497405      10.011777      -4.672721     -19.574247       1.417221     -23.844566     -20.116747     -47.690510     -10.574053     -22.415098     -27.346886      93.731155       4.443927     -81.988663     -32.935158     -37.036369      30.118303     359.082245      87.125343    -359.134613     -11.941716       0.023933      -2.307324       0.991835       3.939383     -41.290310     -90.001839     -19.681540      89.993423     -80.705414       2.984839    -105.537003     -36.429520       0.301241       8.579527    -180.047974     -46.847267    -180.102814      24.007689      -0.690274      -2.242246      -5.812994       9.747490      42.908028     -90.000999      -9.972860      89.996468     151.922653      20.990774     146.509811     268.273834      67.413773     -89.418709      -2.403541     -25.855669     -14.464251      73.670670      79.133942     116.371056      -4.363025       2.953062       3.749372     -20.047379      43.868664     -85.841156     -88.875679     -20.173744      89.782188       6.082114      -8.928804       2.096660     -97.162865     -84.023430      74.189758       4.399094      -4.550272      -8.042147
     -69.367386       3.841175      14.252781      91.189934      14.660865      40.815639     105.900963     -77.523392     203.443802      -8.066322     -15.456641      10.027021      -4.907067     -19.688702       1.207072     -23.899750     -20.078056     -47.701515     -10.647223     -22.427753     -27.291283      93.777153       4.263092     -82.014290     -33.143459     -36.933422      30.335308     359.148773      86.904205    -359.199066     -11.977260       0.025462      -2.305341       0.955904       3.808253     -40.808113     -90.001747     -19.850317      89.993790     -80.396996       2.915356    -105.911903     -36.569954      -0.261688       8.505297    -180.048157     -46.900322    -180.102737      24.196377      -0.700666      -2.240159      -5.802291       9.747300      42.947609     -90.000984      -9.840573      89.996437     152.881180      21.058729     145.719986     268.226807      69.072113     -89.372902      -3.212926     -25.711222     -14.579553      73.300674      79.141312     116.558090      -4.366011       2.997724       3.623788     -20.280264      43.995834     -85.730530     -88.882202     -20.283205      89.783104       5.874720      -9.040493       2.270355     -98.472908     -83.985298      72.556625       4.404800      -4.663910      -8.210688
     -69.390228       3.851401      14.225108      90.870644      14.994719      40.689869     106.903748     -77.445213     204.432816      -8.248674     -15.428160      10.033579      -5.087014     -19.767332       1.064014     -23.987972     -20.042673     -47.713150     -10.736949     -22.431551     -27.246408      93.773834       4.106457     -82.040718     -33.317162     -36.859276      30.568241     359.204773      86.691521    -359.253693     -12.010153       0.027009      -2.304056       0.926306       3.680020     -40.265862     -90.001701     -20.016281      89.994011     -80.374016       2.864544    -106.325050     -36.838562      -0.598206       8.605526    -180.048126     -46.903267    -180.102097      24.386278      -0.711070      -2.237758      -5.788605       9.758080      43.039471     -90.000992      -9.710502      89.996361     153.808685      21.075659     145.098267     268.176727      70.625923     -89.324471      -4.014666     -25.581827     -14.702374      72.902039      79.145882     116.774170      -4.369214       3.046272       3.498353     -20.541143      44.083881     -85.607300     -88.885193     -20.401011      89.783257       5.663414      -9.145403       2.433363    -100.624428     -83.918747      70.072388       4.410526      -4.774898      -8.380282
     -69.417740       3.868828      14.190581      90.471634      15.437573      40.532978     108.204483     -77.332329     205.719406      -8.466002     -15.434537      10.012074      -5.279261     -19.834982       0.954802     -24.082067     -20.029360     -47.715984     -10.823068     -22.437458     -27.199242      93.755333       3.977912     -82.063477     -33.473957     -36.780689      30.838793     359.256226      86.467796    -359.304169     -12.041664       0.028530      -2.303241       0.896334       3.561154     -39.697330     -90.001686     -20.179466      89.994148     -80.349197       2.810996    -106.767708     -37.124146      -0.923476       8.692088    -180.048157     -46.891048    -180.101563      24.582975      -0.721852      -2.235314      -5.758236       9.769063      43.132092     -90.000969      -9.582576      89.996284     154.628830      21.260967     144.659744     268.125275      72.067497     -89.275780      -4.830964     -25.549879     -14.917583      72.397270      79.141029     117.105782      -4.373137       3.099420       3.376094     -20.895920      44.065002     -85.457138     -88.886856     -20.555906      89.783134       5.449849      -9.276740       2.613044    -104.180916     -83.789719      66.160385       4.416536      -4.889910      -8.549642
     -69.450157       3.893723      14.148979      90.014923      15.951985      40.332344     109.653954     -77.182182     207.144058      -8.716073     -15.464212       9.965210      -5.487783     -19.899664       0.855533     -24.196850     -20.025988     -47.715031     -10.914423     -22.445734     -27.146683      93.726189       3.870728     -82.084251     -33.617298     -36.689323      31.147364     359.307678      86.211166    -359.354980     -12.069345       0.029804      -2.302750       0.866327       3.452217     -39.120880     -90.001678     -20.339935      89.994225     -80.325249       2.751863    -107.231712     -37.422165      -1.228616       8.775066    -180.048035     -46.846695    -180.101028      24.780151      -0.732664      -2.232873      -5.726305       9.780358      43.220894     -90.000954      -9.456818      89.996246     155.310593      21.617292     144.340271     268.073273      73.388329     -89.226288      -5.611901     -25.595982     -15.187549      71.761726      79.121658     117.578903      -4.380624       3.176390       3.263514     -21.360292      44.028477     -85.251945     -88.888222     -20.756262      89.782425       5.214301      -9.396431       2.775532    -109.412102     -83.545792      60.519718       4.421622      -5.003570      -8.720499
     -69.480263       3.917805      14.110850      89.607178      16.429142      40.135117     111.028603     -77.024467     208.490479      -8.959859     -15.487539       9.919458      -5.678630     -19.972223       0.725189     -24.298204     -20.003296     -47.720390     -11.000327     -22.468346     -27.070051      93.709122       3.783155     -82.100563     -33.768951     -36.585709      31.445337     359.355011      85.940208    -359.401794     -12.094433       0.030965      -2.302465       0.837701       3.336835     -38.540791     -90.001686     -20.497709      89.994278     -80.304817       2.691760    -107.705475     -37.753841      -1.513277       8.905308    -180.048279     -46.808338    -180.100922      25.007246      -0.745205      -2.230181      -5.562109       9.710298      43.228600     -90.000992      -9.333135      89.995705     155.932739      21.931662     144.064056     268.017975      74.597275     -89.173271      -6.267300     -25.624828     -15.396461      71.171730      79.104797     118.030624      -4.387814       3.251571       3.164979     -21.811565      44.019348     -85.055634     -88.889313     -20.949173      89.781868       4.972793      -9.496464       2.917558    -113.851776     -83.271011      55.681595       4.427365      -5.111989      -8.893570
     -69.508148       3.940402      14.076080      89.239540      16.871847      39.948559     112.331238     -76.864174     209.763977      -9.191732     -15.506412       9.876179      -5.852325     -20.048145       0.576793     -24.386471     -19.966192     -47.730701     -11.080269     -22.502783     -26.974342      93.697617       3.711817     -82.113640     -33.928486     -36.478882      31.728760     359.396820      85.666405    -359.443268     -12.118189       0.032115      -2.302299       0.810898       3.215556     -37.961170     -90.001686     -20.652845      89.994301     -80.289963       2.627393    -108.176003     -38.098198      -1.785719       9.060545    -180.048477     -46.764572    -180.100922      25.240715      -0.758025      -2.227447      -5.375603       9.655897      43.218407     -90.000992      -9.211527      89.995316     156.510696      22.214884     143.803665     267.960876      75.685829     -89.118118      -6.815243     -25.650864     -15.566604      70.627640      79.090172     118.460327      -4.395080       3.319243       3.081346     -22.234314      44.021877     -84.877289     -88.890106     -21.133509      89.781548       4.790097      -9.656370       3.091805    -116.481583     -83.067337      52.767586       4.436234      -5.185104      -9.090398
     -69.533516       3.960703      14.044084      88.893532      17.276346      39.781590     113.532593     -76.706909     210.937286      -9.394267     -15.544923       9.819885      -5.979927     -20.096764       0.485252     -24.475607     -19.908138     -47.749447     -11.168184     -22.528990     -26.890125      93.658997       3.642674     -82.130951     -34.068783     -36.394657      32.000900     359.429840      85.422607    -359.475983     -12.140265       0.033336      -2.302082       0.817656       3.206563     -37.509102     -90.001801     -20.805338      89.994308     -80.282356       2.547102    -108.574738     -38.424213      -1.933411       9.268308    -180.046707     -46.603947    -180.099030      25.330820      -0.762549      -2.226942      -5.410621       9.714395      42.934673     -90.000900      -9.092035      89.995018     157.058701      22.476933     143.562225     267.901398      76.665588     -89.060608      -7.292750     -25.682512     -15.718640      70.106377      79.075813     118.883430      -4.402801       3.382071       3.009354     -22.598900      44.095024     -84.735352     -88.762161     -21.313646      89.755615       4.616068      -9.825612       3.287024    -118.318176     -82.902878      50.665123       4.444000      -5.266932      -9.281817
     -69.556770       3.979438      14.014191      88.568954      17.645523      39.628788     114.639221     -76.553947     212.017517      -9.568750     -15.606334       9.747700      -6.069016     -20.121740       0.447179     -24.559198     -19.845772     -47.769791     -11.258296     -22.546152     -26.820238      93.592766       3.575782     -82.153236     -34.189663     -36.327160      32.270306     359.455597      85.211792    -359.501526     -12.162790       0.034693      -2.301915       0.870156       3.349795     -37.334816     -90.001976     -20.955259      89.994301     -80.283066       2.443974    -108.909325     -38.677219      -2.079010       9.488808    -180.045563     -46.485016    -180.098343      25.400707      -0.766096      -2.226816      -5.479987       9.819537      42.645275     -90.000854      -8.974519      89.994850     157.575790      22.719307     143.332703     267.839874      77.549171     -89.000854      -7.721963     -25.720428     -15.861088      69.597382      79.060944     119.304733      -4.410925       3.442018       2.945287     -22.949160      44.071323     -84.584694     -88.831886     -21.469343      89.769112       4.439140      -9.976145       3.447631    -120.229347     -82.715935      48.501240       4.451730      -5.340802      -9.473601
     -69.577538       3.995949      13.987697      88.275574      17.977943      39.493885     115.658272     -76.407730     213.011978      -9.720478     -15.671615       9.673378      -6.135773     -20.137083       0.425876     -24.633125     -19.783651     -47.789997     -11.344782     -22.561031     -26.755423      93.511642       3.519263     -82.177475     -34.306408     -36.272629      32.540787     359.476868      85.020981    -359.522675     -12.187285       0.036192      -2.301842       0.927010       3.507490     -37.230122     -90.002098     -21.102665      89.994270     -80.288284       2.339555    -109.209320     -38.898849      -2.216205       9.717553    -180.044800     -46.379108    -180.098160      25.467804      -0.769596      -2.226603      -5.550106       9.958447      42.381920     -90.000832      -8.858963      89.994736     158.047760      22.936653     143.122757     267.775696      78.355858     -88.938232      -8.117512     -25.770193     -16.004400      69.088493      79.044518     119.733902      -4.419524       3.500715       2.887236     -23.247690      44.085384     -84.464996     -88.866554     -21.621161      89.776024       4.381162     -10.238276       3.681777    -119.883423     -82.729103      48.794575       4.465144      -5.355061      -9.709819
     -69.596321       4.010950      13.964062      88.009888      18.279783      39.372784     116.596481     -76.266357     213.926300      -9.855408     -15.736160       9.600196      -6.188587     -20.148228       0.410162     -24.697866     -19.721502     -47.810104     -11.427428     -22.575081     -26.693413      93.424957       3.471759     -82.202400     -34.423038     -36.226017      32.807167     359.495087      84.842751    -359.540833     -12.213546       0.037769      -2.301819       0.982990       3.671376     -37.145817     -90.002190     -21.247602      89.994247     -80.296356       2.241233    -109.489578     -39.105572      -2.348939       9.950633    -180.044281     -46.281605    -180.098129      25.534626      -0.773135      -2.226256      -5.617193      10.114849      42.136410     -90.000839      -8.745368      89.994644     158.478149      23.132391     142.928177     267.708405      79.095322     -88.872269      -8.484131     -25.822426     -16.140427      68.584557      79.027191     120.163658      -4.428355       3.558910       2.833783     -23.512379      44.127499     -84.366814     -88.882164     -21.763172      89.779083       4.298052     -10.475474       3.909419    -119.417221     -82.754021      49.175262       4.475626      -5.395329      -9.927529
     -69.613487       4.024720      13.942947      87.768799      18.556261      39.263618     117.459579     -76.129845     214.766296      -9.976809     -15.796868       9.530804      -6.232296     -20.157841       0.394947     -24.755520     -19.659571     -47.830074     -11.507084     -22.588760     -26.633287      93.336662       3.431126     -82.227631     -34.540035     -36.184887      33.066833     359.511230      84.673248    -359.556915     -12.241086       0.039411      -2.301823       1.036886       3.837266     -37.066936     -90.002274     -21.390125      89.994202     -80.306625       2.150426    -109.756683     -39.303261      -2.479685      10.186603    -180.043930     -46.190369    -180.098175      25.601467      -0.776715      -2.225806      -5.680713      10.282094      41.898964     -90.000832      -8.633666      89.994583     158.871948      23.309345     142.745422     267.637482      79.775093     -88.802620      -8.823283     -25.873196     -16.265749      68.090446      79.009712     120.588249      -4.437151       3.615802       2.783666     -23.750647      44.182888     -84.285316     -88.889008     -21.894732      89.780350       4.194894     -10.693851       4.124607    -118.865784     -82.785591      49.621029       4.484856      -5.448309     -10.137992
     -69.629318       4.037345      13.923522      87.545570      18.811386      39.163284     118.258949     -75.997864     215.542938     -10.088506     -15.854716       9.463846      -6.269679     -20.166605       0.379329     -24.807261     -19.597752     -47.849949     -11.584214     -22.602516     -26.574116      93.248405       3.395948     -82.252998     -34.657032     -36.149315      33.318653     359.525635      84.511513    -359.571289     -12.269488       0.041069      -2.301830       1.088433       4.002656     -36.989937     -90.002327     -21.530245      89.994186     -80.318497       2.068468    -110.011909     -39.494331      -2.606825      10.415888    -180.043594     -46.106411    -180.098099      25.662027      -0.779917      -2.225313      -5.726362      10.439690      41.662712     -90.000824      -8.523829      89.994553     159.238327      23.472500     142.574295     267.562317      80.404457     -88.728676      -9.143626     -25.920509     -16.382038      67.608292      78.992325     121.004112      -4.445926       3.670762       2.736753     -23.969521      44.243141     -84.212326     -88.891891     -22.016993      89.780815       4.087526     -10.900648       4.331993    -118.284630     -82.818855      50.091156       4.493387      -5.506168     -10.344993
     -69.643913       4.049072      13.905770      87.339996      19.047092      39.070316     118.999077     -75.869881     216.260925     -10.190600     -15.910427       9.399165      -6.299715     -20.173889       0.365097     -24.853580     -19.536211     -47.869694     -11.659014     -22.616434     -26.515678      93.161652       3.363676     -82.278587     -34.772251     -36.117416      33.561100     359.538544      84.357018    -359.584106     -12.299345       0.042786      -2.301820       1.130747       4.161093     -36.883842     -90.002350     -21.668015      89.994164     -80.331398       1.996681    -110.254631     -39.680523      -2.729705      10.627412    -180.043274     -46.029076    -180.097916      25.712597      -0.782551      -2.224838      -5.786081      10.575287      41.471600     -90.000839      -8.415802      89.994537     159.577698      23.622171     142.412186     267.482513      80.990929     -88.649925      -9.446477     -25.967842     -16.493666      67.136833      78.974953     121.412720      -4.454654       3.723388       2.692259     -24.172178      44.305027     -84.146385     -88.893486     -22.130730      89.780968       3.977597     -11.096082       4.531273    -117.683815     -82.852882      50.578903       4.501313      -5.567453     -10.549161
     -69.656837       4.059540      13.890313      87.158882      19.255856      38.986511     119.665970     -75.749168     216.906296     -10.280623     -15.961220       9.339244      -6.321840     -20.180670       0.348727     -24.893398     -19.473957     -47.889675     -11.731109     -22.630779     -26.457590      93.081680       3.328914     -82.304199     -34.883236     -36.081364      33.785114     359.549957      84.207611    -359.595367     -12.332067       0.044638      -2.301690       1.146788       4.293839     -36.664436     -90.002357     -21.803438      89.994164     -80.345467       1.932236    -110.489952     -39.864189      -2.855636      10.833451    -180.043045     -45.958904    -180.097794      25.765276      -0.785331      -2.224298      -5.843566      10.704550      41.295280     -90.000847      -8.309582      89.994537     159.879852      23.754667     142.264450     267.396942      81.544487     -88.565247      -9.737743     -26.025763     -16.612885      66.660873      78.955856     121.829346      -4.463596       3.775613       2.650070     -24.353252      44.372913     -84.088814     -88.894089     -22.232773      89.780922       3.862509     -11.274965       4.719270    -117.045616     -82.889046      51.099041       4.508489      -5.633275     -10.748919
     -69.668060       4.068664      13.877240      87.001160      19.437872      38.912525     120.262253     -75.635681     217.481644     -10.358133     -16.006298       9.285292      -6.336917     -20.187037       0.330517     -24.926214     -19.410666     -47.910030     -11.800491     -22.645086     -26.400715      93.007637       3.292578     -82.329590     -34.990543     -36.042927      33.990280     359.560394      84.064949    -359.605621     -12.366196       0.046549      -2.301531       1.148913       4.406675     -36.382679     -90.002342     -21.936584      89.994179     -80.360580       1.873688    -110.717484     -40.045315      -2.986218      11.036655    -180.042908     -45.897614    -180.097763      25.820675      -0.788278      -2.223699      -5.895541      10.833582      41.124249     -90.000877      -8.205151      89.994514     160.144394      23.870090     142.132996     267.303528      82.071754     -88.472908     -10.015951     -26.086880     -16.731188      66.184265      78.935478     122.249092      -4.472722       3.828345       2.610110     -24.510630      44.477249     -84.041061     -88.835579     -22.321434      89.768967       3.749786     -11.448468       4.909752    -116.405647     -82.924286      51.624084       4.515157      -5.704367     -10.944215
     -69.677864       4.076848      13.866268      86.866234      19.595970      38.846874     120.789452     -75.529900     217.989059     -10.422643     -16.047409       9.236678      -6.346588     -20.192150       0.313878     -24.952543     -19.346945     -47.930637     -11.867663     -22.657902     -26.347485      92.937706       3.257102     -82.354500     -35.095325     -36.005535      34.180069     359.569885      83.929764    -359.614929     -12.400839       0.048498      -2.301375       1.145161       4.508780     -36.078869     -90.002342     -22.067486      89.994179     -80.376587       1.820008    -110.936478     -40.223305      -3.121546      11.237480    -180.042862     -45.846382    -180.097778      25.878580      -0.791381      -2.223080      -5.942578      10.963048      40.956791     -90.000908      -8.102471      89.994499     160.372055      23.968622     142.016876     267.201569      82.577553     -88.371880     -10.281462     -26.147360     -16.845472      65.713615      78.914650     122.664940      -4.481828       3.880286       2.571829     -24.652212      44.518471     -83.996796     -88.869385     -22.399347      89.775597       3.630832     -11.595214       5.070006    -115.753494     -82.960052      52.161831       4.520994      -5.771918     -11.138372
     -69.686241       4.083911      13.857365      86.751740      19.732548      38.788849     121.266991     -75.431564     218.448196     -10.473862     -16.085058       9.192418      -6.349031     -20.196331       0.298191     -24.974001     -19.285395     -47.950413     -11.932183     -22.671715     -26.293537      92.867760       3.224500     -82.379524     -35.198994     -35.972187      34.358494     359.578491      83.802887    -359.623413     -12.435869       0.050480      -2.301286       1.140228       4.606017     -35.782066     -90.002342     -22.196199      89.994186     -80.393745       1.768997    -111.151451     -40.396618      -3.263950      11.435802    -180.042831     -45.804028    -180.097824      25.939032      -0.794619      -2.222415      -5.984780      11.092197      40.791565     -90.000908      -8.001487      89.994484     160.566818      24.052404     141.915619     267.088440      83.067360     -88.259605     -10.534500     -26.205097     -16.953300      65.250763      78.893639     123.074898      -4.490886       3.931396       2.535255     -24.772455      44.579662     -83.962296     -88.884941     -22.465599      89.778671       3.502976     -11.726607       5.224916    -115.011559     -83.000908      52.776699       4.526161      -5.848331     -11.324865
     -69.689476       4.087393      13.853799      86.704460      19.781824      38.750011     121.588463     -75.371948     218.753357     -10.503716     -16.114948       9.149590      -6.326298     -20.199274       0.268964     -24.974817     -19.211050     -47.974197     -11.987725     -22.695698     -26.224026      92.808228       3.191713     -82.403244     -35.305389     -35.937763      34.507244     359.585480      83.692398    -359.630219     -12.473344       0.052619      -2.301128       1.106276       4.669906     -35.319874     -90.002342     -22.185452      89.994301     -80.411896       1.721809    -111.359741     -40.565960      -3.416300      11.630445    -180.042892     -45.777164    -180.097961      26.003002      -0.798041      -2.221718      -6.032454      11.216890      40.634933     -90.000908      -7.902222      89.994629     160.629715      24.115896     141.859467     266.362854      83.528099     -87.767403     -10.638341     -26.102230     -16.843349      64.812637      78.874794     123.455681      -4.499660       3.992280       2.498649     -24.836521      44.698273     -83.936806     -88.891350     -22.503012      89.779869       3.358661     -11.820170       5.355333    -114.018059     -83.058571      53.622547       4.529806      -5.932186     -11.501053
     -69.695648       4.091947      13.847452      86.615585      19.891954      38.706375     122.040154     -75.284409     219.193893     -10.541092     -16.157396       9.105315      -6.301462     -20.198839       0.264906     -24.979408     -19.159388     -47.990704     -12.040510     -22.717260     -26.160761      92.745697       3.160067     -82.426826     -35.402576     -35.916409      34.647694     359.591278      83.595146    -359.635925     -12.514425       0.054974      -2.301009       1.061624       4.718431     -34.836521     -90.002342     -22.204777      89.994316     -80.431671       1.672775    -111.570877     -40.724121      -3.575300      11.813210    -180.042923     -45.759789    -180.098114      26.068254      -0.801569      -2.221001      -6.091787      11.337354      40.481575     -90.000885      -7.804599      89.994843     160.904694      24.087624     141.752487     266.461639      84.004425     -87.765945     -10.819604     -26.098444     -16.870296      64.575554      78.877991     123.610931      -4.509237       4.049897       2.466172     -24.922089      44.729527     -83.914421     -88.893929     -22.539066      89.780556       3.207308     -11.927206       5.498544    -113.470299     -83.082550      54.005444       4.532763      -6.026633     -11.669940
     -69.705971       4.100326      13.836451      86.478073      20.058605      38.644123     122.516899     -75.173653     219.652496     -10.597941     -16.199932       9.060295      -6.302682     -20.198326       0.271144     -25.010000     -19.131529     -47.999691     -12.103220     -22.724375     -26.121668      92.674713       3.135835     -82.451302     -35.491962     -35.903851      34.811611     359.598541      83.481499    -359.643127     -12.550231       0.056967      -2.301070       1.052394       4.809072     -34.557819     -90.002365     -22.331182      89.994270     -80.452461       1.624195    -111.780205     -40.878159      -3.721914      11.995871    -180.042877     -45.725445    -180.098145      26.129745      -0.804904      -2.220329      -6.152641      11.472062      40.327354     -90.000885      -7.708619      89.994995     161.102829      24.208288     141.643036     266.458923      84.443703     -87.703751     -10.944965     -26.061935     -16.844067      64.356483      78.882759     123.755867      -4.518390       4.106259       2.430469     -25.064024      44.743713     -83.872398     -88.895302     -22.608158      89.780640       3.122346     -12.084654       5.664629    -112.946388     -83.105125      54.474186       4.538385      -6.087215     -11.871843
     -69.713165       4.107231      13.828741      86.379738      20.180767      38.594341     122.927025     -75.082687     220.046265     -10.642463     -16.236458       9.017340      -6.292550     -20.198776       0.264509     -25.029860     -19.091873     -48.012283     -12.162599     -22.736828     -26.073454      92.612701       3.114043     -82.473930     -35.586063     -35.887928      34.961048     359.605286      83.370659    -359.649811     -12.585746       0.058939      -2.301067       1.032697       4.888410     -34.246174     -90.002350     -22.455456      89.994247     -80.474075       1.579722    -111.987221     -41.034531      -3.868398      12.181497    -180.042862     -45.692852    -180.098175      26.193316      -0.808373      -2.219598      -6.208341      11.606431      40.174492     -90.000862      -7.614240      89.995110     161.241821      24.291855     141.565170     266.485138      84.605927     -87.696243     -10.802113     -26.225147     -16.714663      63.928318      78.881180     124.038040      -4.527804       4.729386       2.621780     -25.172691      44.799072     -83.844856     -88.895798     -22.665253      89.780579       3.018054     -12.209919       5.811393    -112.277039     -83.136322      55.058971       4.543069      -6.158750     -12.059844
     -69.718758       4.112212      13.822822      86.298119      20.279205      38.553097     123.305008     -75.000877     220.409470     -10.680966     -16.269159       8.977154      -6.273644     -20.199926       0.252457     -25.041903     -19.049181     -48.025761     -12.218015     -22.753244     -26.019281      92.556259       3.091911     -82.495605     -35.680141     -35.872429      35.093727     359.611328      83.268349    -359.655731     -12.620761       0.060893      -2.301034       1.007375       4.947021     -33.887501     -90.002342     -22.567123      89.994232     -80.496788       1.537479    -112.192162     -41.188614      -4.019284      12.363842    -180.042877     -45.667442    -180.098251      26.259731      -0.811975      -2.218823      -6.257902      11.737282      40.022518     -90.000862      -7.521443      89.995171     161.368484      24.361792     141.498810     266.508698      84.676956     -87.701668     -10.719104     -26.310684     -16.645489      63.662670      78.883820     124.210747      -4.543276       5.023461       2.688722     -25.257051      44.862385     -83.824074     -88.896149     -22.709711      89.780540       2.902789     -12.321232       5.949545    -111.511559     -83.172493      55.723030       4.546747      -6.236194     -12.241384
     -69.723396       4.116146      13.817924      86.226349      20.362896      38.517155     123.657608     -74.924866     220.748367     -10.714882     -16.301327       8.937739      -6.245769     -20.199600       0.242772     -25.049513     -19.007729     -48.038799     -12.270545     -22.771553     -25.962748      92.501152       3.070933     -82.517029     -35.772343     -35.862839      35.215019     359.616669      83.176476    -359.661041     -12.654119       0.062789      -2.301016       0.985764       4.995311     -33.519619     -90.002342     -22.645639      89.994232     -80.518829       1.502517    -112.385658     -41.339550      -4.164515      12.512308    -180.042679     -45.654369    -180.097916      26.304480      -0.814206      -2.218183      -6.272569      11.812179      39.868660     -90.000793      -7.430198      89.995354     161.485077      24.421856     141.439026     266.515381      84.728386     -87.698891     -10.655058     -26.377150     -16.589548      63.438953      78.889221     124.357979      -4.556999       5.238234       2.733348     -25.326996      44.960014     -83.807121     -88.837631     -22.745565      89.768570       2.787568     -12.434239       6.095131    -110.710396     -83.209366      56.418343       4.552577      -6.294169     -12.418029
     -69.727486       4.119766      13.813577      86.163406      20.436979      38.483643     123.988045     -74.853607     221.066696     -10.744559     -16.335924       8.897133      -6.209050     -20.196600       0.239734     -25.054510     -18.970520     -48.050449     -12.320818     -22.790333     -25.906319      92.444916       3.052344     -82.538574     -35.862350     -35.860954      35.330235     359.621277      83.094276    -359.665619     -12.687743       0.064708      -2.301023       0.963016       5.041130     -33.152637     -90.002213     -22.698341      89.994293     -80.539658       1.476932    -112.568741     -41.491417      -4.304734      12.616892    -180.042404     -45.651039    -180.097397      26.332529      -0.815512      -2.217661      -6.265580      11.826684      39.726593     -90.000748      -7.340470      89.995537     161.590775      24.473188     141.382828     266.509460      84.775436     -87.688385     -10.593341     -26.440504     -16.536713      63.225567      78.895264     124.499168      -4.570370       5.436179       2.773942     -25.393980      44.991455     -83.787003     -88.871124     -22.777098      89.775230       2.670036     -12.529263       6.216003    -109.928879     -83.243965      57.098766       4.557914      -6.346609     -12.596490
     -69.731110       4.122971      13.809807      86.107018      20.504063      38.452885     124.302528     -74.785637     221.369888     -10.772170     -16.369780       8.857305      -6.168055     -20.193100       0.237285     -25.057520     -18.938135     -48.060543     -12.368877     -22.809444     -25.850222      92.390015       3.036790     -82.559402     -35.952625     -35.864380      35.439873     359.625458      83.017319    -359.669769     -12.722022       0.066666      -2.301041       0.937008       5.087563     -32.791607     -90.002037     -22.740383      89.994392     -80.561470       1.451690    -112.751534     -41.644043      -4.448599      12.718455    -180.042267     -45.650261    -180.097092      26.363880      -0.817070      -2.217160      -6.258271      11.842967      39.593468     -90.000717      -7.252262      89.995659     161.687820      24.518297     141.330658     266.496307      84.821442     -87.672951     -10.531117     -26.504107     -16.484226      63.014309      78.901237     124.638863      -4.583647       5.623855       2.813584     -25.452040      45.041553     -83.771492     -88.886383     -22.803757      89.778320       2.547285     -12.620222       6.338336    -109.048454     -83.282242      57.867638       4.563247      -6.402792     -12.769915
     -69.734505       4.126012      13.806278      86.054474      20.567421      38.423107     124.604141     -74.719269     221.660553     -10.798812     -16.403387       8.817909      -6.124244     -20.189142       0.235963     -25.059917     -18.910349     -48.069191     -12.415593     -22.828333     -25.795231      92.336555       3.023940     -82.579506     -36.043003     -35.872841      35.544964     359.629303      82.944199    -359.673615     -12.756841       0.068646      -2.301082       0.907076       5.134755     -32.431664     -90.001945     -22.768171      89.994446     -80.584244       1.425873    -112.932785     -41.795933      -4.593727      12.818424    -180.042221     -45.651081    -180.096909      26.396551      -0.818739      -2.216691      -6.248590      11.862115      39.465858     -90.000702      -7.165518      89.995720     161.780014      24.559681     141.279938     266.480042      84.865944     -87.655540     -10.469296     -26.567478     -16.431932      62.804722      78.907181     124.777298      -4.596718       5.800274       2.851753     -25.507847      45.097904     -83.756348     -88.892761     -22.827921      89.779610       2.426560     -12.711301       6.460722    -108.157440     -83.319336      58.649784       4.568305      -6.459118     -12.942720
     -69.737778       4.128954      13.802900      86.004837      20.628368      38.393982     124.894791     -74.654137     221.940643     -10.824830     -16.436687       8.779012      -6.078374     -20.184843       0.235650     -25.062307     -18.886768     -48.076500     -12.461382     -22.846762     -25.741608      92.284409       3.013429     -82.598961     -36.133377     -35.885826      35.646275     359.632874      82.874077    -359.677155     -12.792120       0.070646      -2.301129       0.873154       5.182715     -32.072388     -90.001869     -22.783308      89.994492     -80.607971       1.399369    -113.112198     -41.946579      -4.739145      12.917105    -180.042206     -45.652977    -180.096817      26.430286      -0.820517      -2.216231      -6.238351      11.882258      39.342373     -90.000656      -7.080213      89.995781     161.868561      24.598320     141.230133     266.461456      84.910187     -87.636398     -10.407155     -26.630774     -16.379934      62.598076      78.913254     124.913750      -4.609839       5.975319       2.889544     -25.562635      45.154861     -83.741074     -88.895439     -22.850243      89.780121       2.309276     -12.801948       6.582215    -107.274750     -83.354164      59.428978       4.573243      -6.515026     -13.115459
     -69.737396       4.129410      13.803133      86.001793      20.627445      38.377232     125.088387     -74.618973     222.125107     -10.837558     -16.464430       8.740638      -6.016246     -20.179857       0.224404     -25.051226     -18.852028     -48.087223     -12.502582     -22.870993     -25.678255      92.237991       3.004597     -82.617111     -36.230515     -35.901562      35.731560     359.635681      82.814445    -359.679993     -12.830722       0.072846      -2.301179       0.826710       5.228438     -31.699867     -90.001823     -22.764452      89.994568     -80.632431       1.373217    -113.287369     -42.096256      -4.891088      13.017179    -180.042267     -45.663498    -180.096863      26.469017      -0.822577      -2.215761      -6.229373      11.901504      39.223164     -90.000648      -6.996343      89.995811     161.848801      24.636765     141.219864     265.992523      84.933037     -87.319588     -10.318805     -26.622133     -16.267874      62.433701      78.924004     125.027718      -4.621194       6.141395       2.931060     -25.579567      45.253696     -83.729790     -88.896477     -22.853292      89.780258       2.182056     -12.869688       6.687840    -106.121010     -83.400681      60.464680       4.577564      -6.572309     -13.281644
     -69.737663       4.129615      13.803229      85.993164      20.642488      38.363129     125.319763     -74.575874     222.351974     -10.850711     -16.495712       8.705006      -5.946063     -20.174704       0.221914     -25.036924     -18.825647     -48.095486     -12.540121     -22.896334     -25.614429      92.191307       3.001743     -82.633698     -36.331650     -35.932491      35.807198     359.637909      82.767403    -359.682312     -12.868962       0.075058      -2.301293       0.799029       5.282020     -31.439604     -90.001816     -22.844820      89.994514     -80.658173       1.344198    -113.461349     -42.239532      -5.049358      13.115697    -180.042358     -45.682919    -180.096985      26.511200      -0.824845      -2.215287      -6.219138      11.921772      39.106808     -90.000648      -6.913880      89.995811     161.940292      24.593784     141.186539     266.190216      84.983498     -87.443840     -10.326101     -26.706583     -16.295885      62.310375      78.940620     125.124146      -4.627959       6.236128       2.966442     -25.594988      45.313545     -83.725090     -88.896767     -22.847891      89.780464       2.049936     -12.944399       6.800281    -105.026733     -83.441200      61.428932       4.581661      -6.633318     -13.441982
     -69.740334       4.132004      13.800519      85.954529      20.693438      38.337826     125.573288     -74.517220     222.597305     -10.874017     -16.528900       8.668017      -5.889942     -20.168539       0.228235     -25.036993     -18.818279     -48.097874     -12.580924     -22.914295     -25.564297      92.140549       3.002518     -82.650749     -36.428329     -35.970528      35.895447     359.640656      82.713036    -359.685150     -12.904759       0.077098      -2.301411       0.783504       5.351994     -31.237242     -90.001823     -22.960527      89.994461     -80.684624       1.314500    -113.633568     -42.379856      -5.199450      13.210395    -180.042374     -45.694374    -180.097000      26.548635      -0.826864      -2.214830      -6.207107      11.943381      38.992920     -90.000626      -6.832807      89.995842     161.999405      24.632065     141.147202     266.291290      85.023605     -87.505066     -10.300225     -26.780704     -16.284781      62.152863      78.951035     125.235550      -4.639265       6.373223       3.005813     -25.643860      45.389465     -83.709686     -88.834938     -22.859455      89.767815       1.954193     -13.046187       6.933512    -104.285637     -83.463638      62.096214       4.586401      -6.688049     -13.616622
     -69.742264       4.134010      13.798556      85.928551      20.730810      38.314137     125.800934     -74.465759     222.817368     -10.894373     -16.560558       8.631425      -5.830880     -20.162683       0.230852     -25.035652     -18.810669     -48.100254     -12.620820     -22.932692     -25.513584      92.092873       3.003423     -82.667198     -36.526352     -36.008667      35.979588     359.643372      82.659492    -359.687897     -12.940060       0.079090      -2.301512       0.766308       5.419340     -31.033022     -90.001846     -23.074293      89.994415     -80.711685       1.285866    -113.804192     -42.520473      -5.348407      13.304776    -180.042389     -45.705368    -180.097015      26.586901      -0.828922      -2.214363      -6.194349      11.965111      38.883453     -90.000610      -6.753070      89.995842     162.043747      24.659609     141.112610     266.339844      85.051880     -87.533134     -10.267980     -26.813095     -16.236586      61.986084      78.961060     125.351540      -4.650261       6.515808       3.038656     -25.689663      45.410786     -83.690910     -88.869987     -22.868952      89.774818       1.853396     -13.123884       7.037565    -103.524582     -83.486015      62.783733       4.590798      -6.738894     -13.791471
     -69.743256       4.135196      13.797661      85.914223      20.753952      38.295071     126.008781     -74.421219     223.018677     -10.911388     -16.589849       8.596487      -5.766924     -20.157236       0.230115     -25.030670     -18.802208     -48.102814     -12.658690     -22.952560     -25.460680      92.047813       3.005570     -82.682793     -36.627468     -36.050262      36.057072     359.645782      82.610657    -359.690369     -12.974837       0.081057      -2.301614       0.754254       5.486850     -30.847900     -90.001869     -23.186157      89.994385     -80.739540       1.257702    -113.973289     -42.660160      -5.498932      13.398829    -180.042450     -45.719048    -180.097061      26.627401      -0.831119      -2.213876      -6.180852      11.986957      38.778053     -90.000595      -6.674658      89.995857     162.072266      24.677715     141.087021     266.357849      85.077530     -87.541206     -10.244823     -26.841644     -16.195112      61.839298      78.973572     125.457970      -4.659604       6.638846       3.070949     -25.719921      45.461445     -83.678841     -88.886108     -22.871168      89.778137       1.742494     -13.197101       7.143215    -102.522583     -83.516457      63.691666       4.595140      -6.794108     -13.959185
     -69.743690       4.135922      13.797348      85.907188      20.768284      38.278481     126.201538     -74.381035     223.205704     -10.926296     -16.618322       8.562349      -5.698884     -20.151615       0.228935     -25.023682     -18.794132     -48.105183     -12.695810     -22.972569     -25.407606      92.005684       3.008409     -82.697372     -36.731960     -36.096886      36.127441     359.647888      82.566689    -359.692505     -13.009727       0.083042      -2.301710       0.747071       5.553961     -30.678074     -90.001869     -23.296173      89.994385     -80.768204       1.229459    -114.140785     -42.797680      -5.651161      13.492113    -180.042511     -45.735794    -180.097153      26.669815      -0.833419      -2.213363      -6.166665      12.008919      38.676003     -90.000580      -6.597581      89.995872     162.090820      24.689699     141.066559     266.360504      85.101509     -87.539169     -10.227973     -26.867352     -16.158062      61.706230      78.987701     125.558029      -4.667953       6.749358       3.103455     -25.743341      45.523762     -83.668571     -88.892761     -22.869196      89.779533       1.631142     -13.270344       7.249471    -101.439819     -83.547974      64.677658       4.599091      -6.850194     -14.125298
     -69.743851       4.136424      13.797343      85.904495      20.778128      38.263321     126.384003     -74.343437     223.383133     -10.939998     -16.646400       8.528890      -5.627927     -20.145756       0.228382     -25.015902     -18.787949     -48.106934     -12.732080     -22.992607     -25.354834      91.965485       3.011813     -82.711266     -36.838226     -36.147678      36.192810     359.649750      82.526543    -359.694427     -13.044510       0.085020      -2.301805       0.741780       5.620518     -30.516394     -90.001884     -23.404335      89.994385     -80.797661       1.201050    -114.306702     -42.932716      -5.804425      13.584458    -180.042603     -45.754951    -180.097260      26.713610      -0.835782      -2.212848      -6.151937      12.030904      38.576862     -90.000580      -6.521776      89.995865     162.103592      24.697762     141.048965     266.356415      85.123329     -87.532944     -10.211638     -26.885408     -16.116459      61.575378      79.001831     125.656998      -4.676313       6.856388       3.135186     -25.763670      45.588093     -83.658966     -88.895386     -22.864580      89.780098       1.522768     -13.343687       7.355585    -100.338364     -83.577736      65.686119       4.602855      -6.906216     -14.291197
     -69.743866       4.136833      13.797506      85.904663      20.785530      38.248993     126.558281     -74.307617     223.552917     -10.953017     -16.674139       8.496055      -5.554929     -20.139608       0.228746     -25.008146     -18.784363     -48.107880     -12.767858     -23.012241     -25.303038      91.927361       3.015359     -82.724495     -36.945625     -36.201992      36.253529     359.651520      82.489212    -359.696259     -13.079197       0.086970      -2.301886       0.736769       5.685850     -30.358486     -90.001900     -23.510696      89.994354     -80.827888       1.172598    -114.471214     -43.065300      -5.958199      13.675675    -180.042679     -45.775730    -180.097366      26.758419      -0.838208      -2.212300      -6.136773      12.052846      38.480534     -90.000580      -6.447245      89.995857     162.112457      24.703144     141.033127     266.351288      85.139763     -87.526794     -10.199638     -26.903240     -16.074509      61.435768      79.014870     125.760384      -4.683085       6.908966       3.161441     -25.782755      45.651585     -83.649475     -88.896240     -22.858313      89.780304       1.418367     -13.416867       7.461131     -99.241409     -83.604858      66.695793       4.606523      -6.961897     -14.457351
     -69.743790       4.137172      13.797767      85.906723      20.791559      38.235287     126.726357     -74.273010     223.716934     -10.965668     -16.701483       8.463887      -5.480472     -20.133312       0.229817     -25.000729     -18.783392     -48.108013     -12.803213     -23.031427     -25.252312      91.891136       3.018836     -82.737152     -37.053772     -36.259098      36.310200     359.653107      82.454094    -359.697906     -13.113663       0.088928      -2.301960       0.731362       5.749639     -30.202353     -90.001915     -23.615280      89.994331     -80.858849       1.144264    -114.634438     -43.195713      -6.112146      13.765800    -180.042755     -45.797691    -180.097473      26.804131      -0.840687      -2.211758      -6.121375      12.074606      38.386848     -90.000580      -6.373958      89.995850     162.118988      24.706810     141.018448     266.347260      85.149117     -87.522545     -10.193017     -26.919100     -16.034866      61.293400      79.027184     125.864403      -4.688369       6.906997       3.179456     -25.801096      45.713108     -83.640068     -88.896751     -22.850828      89.780441       1.317888     -13.489633       7.565820     -98.152718     -83.629257      67.702888       4.610116      -7.017242     -14.623809
     -69.741882       4.136287      13.799768      85.931465      20.766603      38.227585     126.847855     -74.253883     223.835007     -10.971901     -16.726236       8.431803      -5.397497     -20.126383       0.226116     -24.987141     -18.777168     -48.109718     -12.836598     -23.053022     -25.197329      91.859184       3.020857     -82.749077     -37.165062     -36.315807      36.356697     359.654327      82.423782    -359.699097     -13.150694       0.091016      -2.301985       0.710369       5.806116     -30.019501     -90.001915     -23.718100      89.994339     -80.890404       1.116550    -114.795403     -43.324116      -6.269753      13.855825    -180.042877     -45.824612    -180.097610      26.852900      -0.843338      -2.211198      -6.106160      12.095796      38.296253     -90.000580      -6.301901      89.995819     162.035645      24.740824     141.031616     265.923065      85.136124     -87.237312     -10.140862     -26.870745     -15.921282      61.148743      79.038506     125.968117      -4.694065       6.905224       3.196832     -25.803013      45.809952     -83.630600     -88.858292     -22.833664      89.772499       1.223018     -13.559488       7.669890     -97.095543     -83.650749      68.685417       4.613382      -7.071807     -14.788953
     -69.741341       4.136064      13.800781      85.942490      20.767179      38.218155     127.008736     -74.223091     223.995026     -10.981564     -16.753752       8.401877      -5.314552     -20.119652       0.230089     -24.977123     -18.779295     -48.108891     -12.870096     -23.072762     -25.146235      91.826935       3.023735     -82.760422     -37.275925     -36.379745      36.400089     359.655426      82.397926    -359.700287     -13.187365       0.093096      -2.302038       0.695404       5.864707     -29.860487     -90.001945     -23.819202      89.994316     -80.922951       1.087696    -114.956223     -43.448315      -6.427899      13.944224    -180.042953     -45.853531    -180.097733      26.902355      -0.846038      -2.210599      -6.090403      12.117131      38.207478     -90.000580      -6.231042      89.995811     162.079956      24.695766     141.012222     266.130554      85.151337     -87.375443     -10.155369     -26.888796     -15.901700      61.010475      79.051147     126.070160      -4.699164       6.903554       3.208712     -25.813118      45.841015     -83.624908     -88.880692     -22.817425      89.777206       1.126643     -13.628528       7.770257     -95.953011     -83.671661      69.751999       4.616975      -7.126766     -14.954035
     -69.742378       4.137245      13.799896      85.933388      20.790583      38.200951     127.181145     -74.182129     224.163513     -10.998243     -16.781540       8.371283      -5.242795     -20.112909       0.237614     -24.976999     -18.792576     -48.104626     -12.905680     -23.088055     -25.103573      91.792122       3.027404     -82.772476     -37.382324     -36.444954      36.453114     359.656982      82.365494    -359.701843     -13.221437       0.095004      -2.302099       0.687955       5.930653     -29.717966     -90.001953     -23.918606      89.994316     -80.955978       1.059663    -115.115997     -43.571701      -6.578934      14.030231    -180.042999     -45.875443    -180.097794      26.948483      -0.848532      -2.210025      -6.074361      12.138408      38.120434     -90.000565      -6.161366      89.995819     162.106186      24.704052     140.988922     266.239471      85.162437     -87.447334     -10.162266     -26.914297     -15.877062      60.865482      79.062500     126.174889      -4.704522       6.901970       3.222687     -25.844839      45.878925     -83.612236     -88.890373     -22.814484      89.779205       1.042305     -13.703481       7.874288     -95.039848     -83.684677      70.608604       4.620399      -7.180893     -15.124414
     -69.742905       4.138060      13.799507      85.930450      20.805632      38.185310     127.341499     -74.144981     224.319870     -11.013468     -16.807507       8.341382      -5.170113     -20.106697       0.241576     -24.975721     -18.804459     -48.100700     -12.940747     -23.103706     -25.060158      91.759750       3.030303     -82.784111     -37.489395     -36.508541      36.503029     359.658508      82.332512    -359.703400     -13.254966       0.096872      -2.302146       0.678838       5.993393     -29.569710     -90.001953     -24.016375      89.994324     -80.989555       1.033052    -115.275017     -43.695599      -6.728805      14.115753    -180.043045     -45.896523    -180.097824      26.995548      -0.851080      -2.209419      -6.058592      12.159069      38.036449     -90.000557      -6.092863      89.995827     162.122223      24.709263     140.969757     266.291321      85.169525     -87.481293     -10.162477     -26.924477     -15.837863      60.720814      79.073700     126.278954      -4.709904       6.900425       3.236067     -25.870871      45.932453     -83.601006     -88.894234     -22.810102      89.780006       0.957427     -13.774480       7.975235     -94.046783     -83.697777      71.543213       4.623788      -7.235353     -15.293391
     -69.743111       4.138620      13.799458      85.931427      20.815769      38.171013     127.494705     -74.110100     224.469299     -11.027601     -16.832529       8.312140      -5.096043     -20.100729       0.244190     -24.973347     -18.816267     -48.096752     -12.975003     -23.119640     -25.016298      91.729126       3.032753     -82.795341     -37.597191     -36.572132      36.549473     359.659943      82.300613    -359.704865     -13.288406       0.098739      -2.302186       0.667776       6.053804     -29.419182     -90.001968     -24.112495      89.994316     -81.023773       1.007177    -115.433189     -43.818954      -6.878339      14.200638    -180.043091     -45.918144    -180.097885      27.043831      -0.853686      -2.208815      -6.042887      12.179304      37.955231     -90.000549      -6.025506      89.995819     162.131912      24.712278     140.953568     266.314026      85.174416     -87.495827     -10.159348     -26.926468     -15.791758      60.577049      79.084839     126.382240      -4.715267       6.898952       3.248554     -25.893007      45.991512     -83.590950     -88.895645     -22.804092      89.780319       0.873676     -13.844524       8.075473     -92.999771     -83.710075      72.532188       4.627007      -7.290207     -15.461571
     -69.743164       4.139050      13.799582      85.934532      20.823517      38.157513     127.643173     -74.076454     224.614258     -11.041176     -16.856861       8.283549      -5.021206     -20.094934       0.246200     -24.970551     -18.829056     -48.092449     -13.008633     -23.135513     -24.972672      91.699951       3.034956     -82.806168     -37.705513     -36.636303      36.592960     359.661316      82.269646    -359.706238     -13.321837       0.100592      -2.302214       0.655015       6.112825     -29.268341     -90.001968     -24.207005      89.994331     -81.058846       0.981391    -115.590950     -43.941250      -7.027679      14.286793    -180.043182     -45.940182    -180.097977      27.094917      -0.856476      -2.208171      -6.022723      12.203382      37.867538     -90.000549      -5.959287      89.995819     162.138138      24.714041     140.939011     266.324127      85.178276     -87.502014     -10.154702     -26.924656     -15.742673      60.434082      79.095909     126.484909      -4.720593       6.897528       3.260471     -25.913239      46.051758     -83.581490     -88.896225     -22.797148      89.780464       0.792374     -13.913870       8.175069     -91.937851     -83.720589      73.539101       4.630059      -7.345253     -15.629563
     -69.743141       4.139417      13.799798      85.938919      20.830030      38.144463     127.787720     -74.043579     224.755402     -11.054516     -16.880533       8.255605      -4.946064     -20.089344       0.247768     -24.967701     -18.842983     -48.087765     -13.041774     -23.151266     -24.929426      91.672050       3.036964     -82.816620     -37.814190     -36.700966      36.633892     359.662659      82.239304    -359.707581     -13.355201       0.102450      -2.302249       0.640816       6.170706     -29.117727     -90.001999     -24.299932      89.994316     -81.094795       0.955351    -115.748085     -44.061977      -7.176279      14.375482    -180.043274     -45.962658    -180.098099      27.148148      -0.859374      -2.207502      -5.994993      12.234147      37.767735     -90.000526      -5.894156      89.995842     162.142288      24.715015     140.925415     266.327789      85.181541     -87.503952     -10.149321     -26.920713     -15.692069      60.291801      79.106918     126.586967      -4.725895       6.896147       3.271975     -25.932644      46.111866     -83.572258     -88.896515     -22.789742      89.780556       0.714047     -13.982303       8.273795     -90.881714     -83.728874      74.544342       4.632979      -7.400426     -15.797613
     -69.743126       4.139768      13.799944      85.942734      20.836395      38.131165     127.929482     -74.010437     224.893570     -11.068014     -16.904066       8.227814      -4.870822     -20.083712       0.249730     -24.964979     -18.858130     -48.082668     -13.074574     -23.166758     -24.886780      91.645042       3.038692     -82.826859     -37.922764     -36.766285      36.672699     359.663940      82.209763    -359.708862     -13.388543       0.104304      -2.302276       0.624783       6.227178     -28.966078     -90.001991     -24.391302      89.994331     -81.131310       0.929573    -115.903732     -44.180885      -7.323642      14.463281    -180.043365     -45.985729    -180.098206      27.201483      -0.862259      -2.206836      -5.967756      12.264176      37.670223     -90.000526      -5.830123      89.995834     162.147141      24.716408     140.911392     266.328613      85.183876     -87.504082     -10.143513     -26.913651     -15.639161      60.149529      79.117737     126.688713      -4.731212       6.894815       3.282945     -25.954529      46.185856     -83.560699     -88.858330     -22.782299      89.772682       0.645914     -14.056141       8.377933     -90.068329     -83.731781      75.321548       4.635694      -7.455485     -15.967063
     -69.743019       4.140093      13.800278      85.949158      20.841539      38.118828     128.067505     -73.978905     225.028702     -11.080734     -16.927124       8.200741      -4.794816     -20.078094       0.251767     -24.962418     -18.874281     -48.077244     -13.107048     -23.182064     -24.844599      91.618690       3.040242     -82.836929     -38.031261     -36.832245      36.709686     359.665161      82.180969    -359.710114     -13.421741       0.106154      -2.302296       0.608395       6.283298     -28.817644     -90.002007     -24.481148      89.994331     -81.168159       0.904621    -116.057373     -44.298416      -7.469245      14.548171    -180.043411     -46.008976    -180.098267      27.253252      -0.865040      -2.206178      -5.946073      12.288846      37.584408     -90.000526      -5.767167      89.995819     162.148071      24.715923     140.899200     266.328003      85.186790     -87.503204     -10.137713     -26.908728     -15.588647      60.008705      79.128639     126.789757      -4.736366       6.893494       3.293700     -25.973274      46.226177     -83.551140     -88.880562     -22.774008      89.777275       0.572200     -14.116539       8.468730     -89.073296     -83.735397      76.274696       4.638603      -7.509838     -16.135532
     -69.742897       4.140368      13.800626      85.955391      20.846542      38.106884     128.203720     -73.947479     225.161957     -11.093594     -16.949495       8.174298      -4.719034     -20.072695       0.253409     -24.959988     -18.891554     -48.071438     -13.139178     -23.197180     -24.802887      91.593292       3.041675     -82.846718     -38.139866     -36.898678      36.744705     359.666351      82.152725    -359.711273     -13.454787       0.108006      -2.302329       0.591342       6.338682     -28.670753     -90.002014     -24.569483      89.994331     -81.205666       0.880091    -116.210381     -44.414978      -7.614056      14.633069    -180.043488     -46.032028    -180.098343      27.307384      -0.867982      -2.205483      -5.923059      12.314481      37.497200     -90.000519      -5.705261      89.995811     162.148987      24.715542     140.887466     266.326782      85.189964     -87.501823     -10.131705     -26.904150     -15.538347      59.868645      79.139481     126.890228      -4.741500       6.892167       3.304596     -25.990566      46.280563     -83.542961     -88.890106     -22.767498      89.779266       0.495217     -14.180819       8.563315     -87.699448     -83.741402      77.595062       4.651503      -7.496096     -16.297369
     -69.740280       4.138904      13.803523      85.992828      20.810879      38.104507     128.291489     -73.936577     225.248810     -11.097116     -16.969341       8.147948      -4.630414     -20.066797       0.248394     -24.947502     -18.898788     -48.068703     -13.167665     -23.217009     -24.752958      91.570412       3.041503     -82.856339     -38.252373     -36.962162      36.769600     359.667023      82.131615    -359.711975     -13.491829       0.110082      -2.302312       0.554263       6.384336     -28.493088     -90.002014     -24.656326      89.994331     -81.243584       0.855983    -116.360657     -44.529415      -7.764061      14.719333    -180.043610     -46.062733    -180.098511      27.365658      -0.871141      -2.204752      -5.900009      12.339847      37.411491     -90.000526      -5.644392      89.995781     162.084091      24.707613     140.901108     266.032318      85.178223     -87.303947     -10.091110     -26.846207     -15.432268      59.732933      79.150551     126.987831      -4.746711       6.890761       3.316050     -25.980001      46.364307     -83.540222     -88.893875     -22.747450      89.780113       0.417034     -14.235216       8.651587     -86.027641     -83.746017      79.209816       4.663755      -7.485181     -16.456066
     -69.740257       4.139004      13.803923      85.998894      20.818560      38.093964     128.430237     -73.904137     225.386169     -11.109536     -16.992256       8.122991      -4.551156     -20.061157       0.253381     -24.944304     -18.919586     -48.061813     -13.198318     -23.232182     -24.711784      91.546272       3.042493     -82.865608     -38.361065     -37.032150      36.797421     359.667969      82.108856    -359.712891     -13.526129       0.111996      -2.302331       0.530102       6.435872     -28.343689     -90.002022     -24.741722      89.994331     -81.282509       0.830955    -116.511459     -44.640568      -7.909962      14.803214    -180.043671     -46.090305    -180.098602      27.421797      -0.874185      -2.204032      -5.876684      12.365253      37.326584     -90.000526      -5.584537      89.995773     162.120880      24.679781     140.883560     266.184814      85.188599     -87.405655     -10.104121     -26.847780     -15.396949      59.588757      79.160484     127.089455      -4.751997       6.889865       3.322140     -25.996101      46.411373     -83.533783     -88.895416     -22.738852      89.780495       0.351501     -14.300703       8.748347     -84.748840     -83.743675      80.452072       4.676028      -7.475713     -16.619200
     -69.741318       4.140142      13.803014      85.991341      20.841698      38.077896     128.575836     -73.864975     225.528030     -11.126845     -17.014771       8.097636      -4.480908     -20.055634       0.259755     -24.948158     -18.946552     -48.052971     -13.231736     -23.243698     -24.676893      91.522484       3.043921     -82.874687     -38.467312     -37.102718      36.829727     359.669250      82.079643    -359.714203     -13.558596       0.113787      -2.302369       0.512150       6.493124     -28.207970     -90.002029     -24.825701      89.994331     -81.321724       0.807194    -116.661339     -44.752018      -8.049192      14.884972    -180.043701     -46.111183    -180.098618      27.475113      -0.877047      -2.203335      -5.853652      12.390186      37.243309     -90.000519      -5.525683      89.995781     162.136383      24.692982     140.863663     266.259247      85.194374     -87.455200     -10.106936     -26.859329     -15.363689      59.449440      79.171066     127.189255      -4.756859       6.888675       3.331876     -26.027996      46.456322     -83.521690     -88.895988     -22.739954      89.780586       0.291703     -14.360747       8.840206     -83.787376     -83.737450      81.390045       4.688265      -7.467021     -16.785656
     -69.741859       4.140965      13.802626      85.990013      20.856710      38.063335     128.712173     -73.829361     225.660568     -11.142571     -17.035831       8.072715      -4.409881     -20.050760       0.262364     -24.950373     -18.970348     -48.045036     -13.264715     -23.256098     -24.640247      91.500626       3.045029     -82.883278     -38.574413     -37.170868      36.859741     359.670593      82.049873    -359.715546     -13.590468       0.115540      -2.302389       0.493680       6.548123     -28.070013     -90.002029     -24.908268      89.994339     -81.361198       0.784908    -116.809898     -44.864418      -8.186210      14.966246    -180.043732     -46.130848    -180.098648      27.528986      -0.879959      -2.202612      -5.831779      12.413812      37.163605     -90.000511      -5.467817      89.995781     162.144440      24.700731     140.847183     266.293396      85.198532     -87.477715     -10.104668     -26.862503     -15.321885      59.311649      79.181641     127.287857      -4.761799       6.887418       3.342312     -26.054430      46.510284     -83.510941     -88.896385     -22.739647      89.780632       0.232881     -14.415946       8.928351     -82.758751     -83.729370      82.396461       4.700660      -7.458917     -16.951454
     -69.742104       4.141531      13.802572      85.992264      20.867016      38.050156     128.843597     -73.795792     225.788437     -11.157185     -17.056087       8.048306      -4.337930     -20.046305       0.263159     -24.951069     -18.992716     -48.037506     -13.296772     -23.269302     -24.602226      91.479622       3.046014     -82.891655     -38.682060     -37.238014      36.887913     359.671844      82.020966    -359.716797     -13.622228       0.117299      -2.302402       0.473841       6.601419     -27.930998     -90.002045     -24.989462      89.994331     -81.401131       0.763374    -116.957260     -44.976681      -8.322001      15.047091    -180.043793     -46.150696    -180.098679      27.583797      -0.882916      -2.201893      -5.810802      12.436369      37.087036     -90.000511      -5.410925      89.995766     162.148468      24.705105     140.833221     266.307343      85.201897     -87.486588     -10.100066     -26.861242     -15.276253      59.174992      79.192215     127.385681      -4.766700       6.886181       3.352432     -26.076769      46.567558     -83.501495     -88.896561     -22.737940      89.780647       0.176223     -14.469286       9.015505     -81.683411     -83.719231      83.451988       4.713127      -7.451072     -17.116688
     -69.742218       4.141980      13.802579      85.995087      20.875444      38.037148     128.972198     -73.762520     225.913300     -11.171500     -17.076159       8.023953      -4.265728     -20.042009       0.263475     -24.950935     -19.014791     -48.030037     -13.328120     -23.282890     -24.563707      91.459122       3.046858     -82.899872     -38.789757     -37.304806      36.914665     359.672974      81.992958    -359.717926     -13.654011       0.119073      -2.302410       0.452074       6.653203     -27.790287     -90.002045     -25.069279      89.994324     -81.441513       0.742226    -117.103333     -45.088120      -8.456626      15.127340    -180.043839     -46.170971    -180.098724      27.639315      -0.885914      -2.201155      -5.790504      12.458106      37.013054     -90.000511      -5.354975      89.995758     162.152542      24.708437     140.819534     266.313263      85.204399     -87.490166     -10.094398     -26.856119     -15.227543      59.038761      79.202652     127.482910      -4.771622       6.884985       3.362088     -26.100140      46.639805     -83.490105     -88.858421     -22.735514      89.772797       0.125248     -14.526260       9.107043     -80.862572     -83.707947      84.260651       4.725545      -7.443274     -17.281212
     -69.742188       4.142348      13.802859      86.001396      20.881495      38.025406     129.096909     -73.731384     226.035034     -11.184788     -17.095627       8.000358      -4.192807     -20.037903       0.263090     -24.950333     -19.036863     -48.022537     -13.358901     -23.296761     -24.524826      91.439583       3.047433     -82.907822     -38.897484     -37.371277      36.939270     359.674194      81.965752    -359.719116     -13.684425       0.120760      -2.302420       0.436726       6.702176     -27.652441     -90.002068     -25.147789      89.994324     -81.482323       0.721479    -117.247971     -45.198769      -8.589711      15.207067    -180.043900     -46.191120    -180.098785      27.695261      -0.888936      -2.200414      -5.770727      12.479178      36.941216     -90.000511      -5.299951      89.995758     162.152023      24.708820     140.808197     266.315155      85.207878     -87.490898     -10.088260     -26.853809     -15.181613      58.904076      79.213219     127.579437      -4.776376       6.883787       3.371670     -26.119350      46.678730     -83.481026     -88.880699     -22.732012      89.777359       0.071715     -14.569437       9.185616     -79.850479     -83.694031      85.260208       4.738204      -7.435427     -17.446314
     -69.742065       4.142611      13.803240      86.008469      20.886114      38.014286     129.219086     -73.700912     226.154221     -11.197862     -17.114431       7.977310      -4.119767     -20.034035       0.261953     -24.949312     -19.059145     -48.014965     -13.389033     -23.310961     -24.485582      91.422409       3.047110     -82.915047     -39.004799     -37.436886      36.959221     359.675446      81.939880    -359.720367     -13.710903       0.122245      -2.302431       0.441570       6.742674     -27.518549     -90.002075     -25.224962      89.994354     -81.523537       0.701054    -117.391197     -45.308449      -8.721407      15.286134    -180.043945     -46.211273    -180.098831      27.751650      -0.891974      -2.199667      -5.751435      12.499621      36.871361     -90.000511      -5.245862      89.995750     162.150330      24.708376     140.797852     266.313904      85.212715     -87.489189     -10.081105     -26.854530     -15.137641      58.770191      79.223770     127.675484      -4.781103       6.882535       3.381961     -26.136330      46.731895     -83.473381     -88.890045     -22.728407      89.779297       0.021764     -14.615017       9.267489     -78.766426     -83.677711      86.334549       4.751008      -7.427486     -17.610638
     -69.741905       4.142841      13.803651      86.015984      20.890036      38.003372     129.338928     -73.670807     226.271057     -11.210861     -17.132851       7.954616      -4.046810     -20.030342       0.260418     -24.948126     -19.081867     -48.007252     -13.418629     -23.325310     -24.446245      91.407166       3.046046     -82.921715     -39.111431     -37.501652      36.975487     359.676727      81.915092    -359.721680     -13.734378       0.123552      -2.302433       0.461342       6.776806     -27.388174     -90.002075     -25.300854      89.994354     -81.565140       0.680960    -117.533035     -45.417137      -8.851572      15.364497    -180.044006     -46.231274    -180.098892      27.808386      -0.895033      -2.198903      -5.732601      12.519513      36.803276     -90.000511      -5.192681      89.995735     162.148056      24.707420     140.787857     266.311310      85.218132     -87.486496     -10.073339     -26.856474     -15.094549      58.636887      79.234238     127.771011      -4.785805       6.881258       3.392514     -26.152979      46.789604     -83.465843     -88.893860     -22.725016      89.780113      -0.025227     -14.659066       9.348954     -77.720955     -83.659462      87.374550       4.763935      -7.419357     -17.774727
     -69.741722       4.143054      13.804079      86.023857      20.893585      37.992592     129.456787     -73.641006     226.385986     -11.223825     -17.150900       7.932286      -3.974079     -20.026844       0.258499     -24.946842     -19.104980     -47.999397     -13.447780     -23.339773     -24.406866      91.393478       3.044534     -82.927841     -39.217377     -37.565647      36.988770     359.678009      81.891159    -359.722931     -13.755429       0.124724      -2.302437       0.492064       6.806419     -27.261206     -90.002075     -25.375477      89.994370     -81.607117       0.661236    -117.673447     -45.524925      -8.980098      15.442158    -180.044052     -46.250999    -180.098953      27.865416      -0.898112      -2.198141      -5.714177      12.538861      36.736919     -90.000565      -5.140390      89.995712     162.145355      24.706079     140.778091     266.308716      85.224007     -87.483742     -10.065217     -26.859585     -15.052482      58.504189      79.244652     127.866058      -4.790485       6.879961       3.403165     -26.169651      46.847885     -83.458153     -88.895447     -22.721741      89.780457      -0.069873     -14.700397       9.428785     -76.738846     -83.639732      88.355125       4.777018      -7.411027     -17.938530
     -69.739311       4.141721      13.806801      86.059738      20.860949      37.990479     129.534912     -73.629929     226.463211     -11.228527     -17.166710       7.910097      -3.890084     -20.023100       0.250151     -24.936281     -19.119829     -47.994198     -13.472445     -23.359219     -24.359110      91.383652       3.041105     -82.933228     -39.324902     -37.624840      36.990223     359.679047      81.874443    -359.723907     -13.772870       0.125715      -2.302407       0.541776       6.815768     -27.115183     -90.002090     -25.448845      89.994392     -81.649239       0.641889    -117.811157     -45.630928      -9.112617      15.520546    -180.044174     -46.276939    -180.099091      27.926100      -0.901379      -2.197337      -5.697113      12.556847      36.673725     -90.000595      -5.088966      89.995689     162.074829      24.704741     140.793076     266.018402      85.217766     -87.287201     -10.022322     -26.822268     -14.964970      58.376057      79.255547     127.958817      -4.795085       6.878445       3.416083     -26.161482      46.927349     -83.455261     -88.895889     -22.706198      89.780571      -0.110840     -14.733377       9.503839     -75.483170     -83.614319      89.613411       4.790126      -7.402520     -18.101021
     -69.739227       4.141797      13.807284      86.067764      20.866932      37.980831     129.655624     -73.599213     226.582489     -11.241138     -17.185253       7.889159      -3.814873     -20.019779       0.250410     -24.933523     -19.146606     -47.985229     -13.498736     -23.374683     -24.319065      91.370720       3.039798     -82.938820     -39.428886     -37.689625      36.997581     359.679962      81.855865    -359.724854     -13.790881       0.126731      -2.302416       0.584035       6.838504     -26.995565     -90.002075     -25.520985      89.994400     -81.692169       0.621829    -117.949005     -45.734478      -9.240832      15.597171    -180.044220     -46.299702    -180.099152      27.984838      -0.904542      -2.196548      -5.679384      12.575293      36.610386     -90.000610      -5.038386      89.995674     162.105637      24.677210     140.777634     266.165710      85.232162     -87.384972     -10.032022     -26.837156     -14.940847      58.240524      79.265205     128.054367      -4.799994       6.877409       3.423846     -26.177452      46.972672     -83.448715     -88.896118     -22.700470      89.780655      -0.150157     -14.772958       9.583538     -74.629951     -83.592110      90.472458       4.803591      -7.393850     -18.262989
     -69.740021       4.142719      13.806693      86.064606      20.885433      37.966545     129.781265     -73.562996     226.704666     -11.257735     -17.203465       7.867824      -3.747306     -20.016575       0.251643     -24.936674     -19.176699     -47.975109     -13.528461     -23.386621     -24.284672      91.358688       3.038741     -82.943939     -39.531750     -37.755054      37.007801     359.681091      81.831947    -359.725952     -13.808369       0.127689      -2.302444       0.626680       6.867080     -26.883514     -90.002083     -25.591930      89.994400     -81.735245       0.602895    -118.085663     -45.838493      -9.363145      15.671842    -180.044235     -46.316715    -180.099152      28.041277      -0.907589      -2.195771      -5.661501      12.593935      36.545528     -90.000626      -4.988664      89.995689     162.117188      24.684980     140.760574     266.236450      85.241119     -87.431587     -10.032655     -26.855814     -14.914934      58.108955      79.275398     128.148499      -4.804475       6.876206       3.433700     -26.206501      47.015800     -83.437233     -88.896370     -22.702188      89.780670      -0.192196     -14.805573       9.656940     -74.068665     -83.573425      91.039459       4.817045      -7.384830     -18.425379
     -69.740395       4.143367      13.806454      86.065758      20.897085      37.953014     129.899567     -73.529228     226.819092     -11.273235     -17.220715       7.846481      -3.679331     -20.013905       0.249718     -24.938221     -19.203476     -47.966011     -13.557638     -23.399624     -24.248276      91.348541       3.037461     -82.948509     -39.634789     -37.817715      37.015633     359.682251      81.807869    -359.727112     -13.823820       0.128533      -2.302459       0.676300       6.890768     -26.768248     -90.002083     -25.661682      89.994400     -81.778374       0.585263    -118.220917     -45.943390      -9.483438      15.745743    -180.044266     -46.332745    -180.099182      28.098259      -0.910647      -2.194968      -5.647376      12.610065      36.478519     -90.000641      -4.939790      89.995674     162.123093      24.689491     140.745743     266.268127      85.248108     -87.451958     -10.028022     -26.865541     -14.880103      57.978107      79.285500     128.241837      -4.809036       6.874963       3.443949     -26.233738      47.081451     -83.424263     -88.857040     -22.702095      89.772530      -0.234114     -14.840186       9.732524     -73.695473     -83.557587      91.417343       4.830528      -7.375688     -18.585094
     -69.740433       4.143781      13.806688      86.072517      20.903612      37.941448     130.012970     -73.498734     226.929535     -11.287099     -17.237070       7.826005      -3.610150     -20.011707       0.245772     -24.938276     -19.228521     -47.957432     -13.585912     -23.413555     -24.210247      91.339218       3.036325     -82.952728     -39.738091     -37.879105      37.021633     359.683319      81.784630    -359.728180     -13.838326       0.129347      -2.302471       0.729630       6.913065     -26.656145     -90.002090     -25.730280      89.994400     -81.821701       0.568310    -118.354675     -46.048306      -9.602247      15.819191    -180.044312     -46.348518    -180.099213      28.155815      -0.913750      -2.194161      -5.633785      12.626002      36.408878     -90.000641      -4.891715      89.995674     162.121353      24.689739     140.734756     266.280457      85.255470     -87.459152     -10.021153     -26.875378     -14.845278      57.849224      79.295776     128.334229      -4.813458       6.873690       3.454291     -26.254244      47.115490     -83.414520     -88.879791     -22.700140      89.777184      -0.276135     -14.860746       9.795655     -73.068275     -83.536232      92.052795       4.844285      -7.366176     -18.746521
     -69.740303       4.144018      13.807103      86.080612      20.907701      37.930889     130.124100     -73.469223     227.037796     -11.300463     -17.252857       7.805984      -3.540561     -20.009800       0.240850     -24.937216     -19.252701     -47.949112     -13.613368     -23.428164     -24.171158      91.330399       3.035412     -82.956696     -39.841434     -37.940018      37.026001     359.684357      81.762535    -359.729187     -13.852111       0.130110      -2.302473       0.785871       6.933908     -26.545481     -90.002106     -25.797710      89.994400     -81.865295       0.551650    -118.486908     -46.152481      -9.719966      15.892114    -180.044357     -46.364601    -180.099228      28.214027      -0.916887      -2.193354      -5.620049      12.642214      36.336796     -90.000641      -4.844453      89.995651     162.117722      24.688749     140.725357     266.282776      85.263138     -87.459381     -10.012940     -26.884756     -14.809608      57.721470      79.306061     128.425934      -4.817846       6.872388       3.464998     -26.271307      47.164654     -83.406639     -88.889702     -22.697725      89.779243      -0.313983     -14.884276       9.862712     -72.338196     -83.511971      92.794403       4.858263      -7.356468     -18.906820
     -69.740112       4.144194      13.807568      86.089157      20.910788      37.920666     130.233368     -73.440140     227.144211     -11.313635     -17.268425       7.786150      -3.470927     -20.008013       0.235674     -24.935638     -19.276705     -47.940857     -13.640259     -23.443073     -24.131655      91.321983       3.034608     -82.960480     -39.944485     -38.000610      37.029129     359.685242      81.741257    -359.730072     -13.865288       0.130847      -2.302475       0.844172       6.953493     -26.435585     -90.002319     -25.864016      89.994316     -81.909126       0.535197    -118.617599     -46.255699      -9.836406      15.964447    -180.044403     -46.380768    -180.099289      28.272638      -0.920037      -2.192543      -5.606093      12.658698      36.262455     -90.000633      -4.797966      89.995659     162.113586      24.687180     140.716461     266.281128      85.270721     -87.456978     -10.004128     -26.893272     -14.773288      57.594219      79.316277     128.517227      -4.822218       6.871088       3.475618     -26.287582      47.218884     -83.398979     -88.893684     -22.695303      89.780083      -0.350297     -14.906671       9.929600     -71.636436     -83.487213      93.509460       4.872345      -7.346541     -19.066128
     -69.739906       4.144350      13.808047      86.097923      20.913519      37.910591     130.341263     -73.411270     227.249298     -11.326683     -17.283829       7.766519      -3.401440     -20.006330       0.230365     -24.933819     -19.300747     -47.932568     -13.666739     -23.458128     -24.092018      91.313889       3.033950     -82.964088     -40.047150     -38.060959      37.031342     359.686188      81.720573    -359.731018     -13.878013       0.131556      -2.302480       0.903694       6.972342     -26.326733     -90.002472     -25.929209      89.994255     -81.953178       0.518970    -118.746719     -46.357944      -9.951393      16.036137    -180.044449     -46.396812    -180.099335      28.331533      -0.923202      -2.191721      -5.591969      12.675438      36.186111     -90.000641      -4.752268      89.995636     162.109314      24.685266     140.707764     266.278625      85.278320     -87.453949      -9.995136     -26.901560     -14.737054      57.467682      79.326462     128.607941      -4.826574       6.869812       3.486068     -26.303774      47.273712     -83.391220     -88.895340     -22.692858      89.780426      -0.386104     -14.926762       9.994946     -70.991669     -83.462723      94.168472       4.886544      -7.336379     -19.224390
     -69.737595       4.143051      13.810690      86.132881      20.882277      37.908817     130.413879     -73.400162     227.321121     -11.331888     -17.297276       7.746893      -3.321224     -20.004257       0.219265     -24.923296     -19.316641     -47.926929     -13.689214     -23.477751     -24.044464      91.308640       3.031604     -82.967270     -40.151543     -38.116936      37.023682     359.686829      81.706169    -359.731628     -13.889264       0.132193      -2.302457       0.974313       6.973793     -26.194756     -90.002563     -25.993303      89.994232     -81.997238       0.502917    -118.873199     -46.458244     -10.070352      16.108419    -180.044540     -46.418858    -180.099457      28.393877      -0.926560      -2.190875      -5.578972      12.691269      36.110226     -90.000648      -4.707331      89.995621     162.037720      24.686317     140.723282     265.988617      85.272957     -87.256752      -9.952818     -26.868694     -14.655569      57.346344      79.337219     128.696198      -4.830746       6.868316       3.498458     -26.296431      47.348232     -83.388153     -88.895897     -22.679005      89.780571      -0.415953     -14.938628      10.056103     -70.102364     -83.430962      95.080078       4.900829      -7.325929     -19.382261
     -69.737526       4.143113      13.811171      86.141052      20.888063      37.899570     130.525467     -73.369926     227.431229     -11.344641     -17.313427       7.728318      -3.249578     -20.002546       0.216498     -24.920321     -19.343628     -47.917732     -13.713433     -23.493547     -24.004400      91.299881       3.031473     -82.970833     -40.252628     -38.178616      37.022842     359.687469      81.689812    -359.732269     -13.902040       0.132923      -2.302472       1.034890       6.990738     -26.089516     -90.002625     -26.056337      89.994194     -82.041969       0.486208    -118.999542     -46.556248     -10.184974      16.179077    -180.044586     -46.437679    -180.099503      28.454227      -0.929797      -2.190036      -5.564946      12.708111      36.030758     -90.000641      -4.663145      89.995613     162.067215      24.659315     140.708466     266.136017      85.288475     -87.354790      -9.961667     -26.887693     -14.636426      57.217213      79.346680     128.787369      -4.835279       6.867310       3.505838     -26.312500      47.390278     -83.381294     -88.896179     -22.674309      89.780685      -0.450155     -14.957862      10.121240     -69.578224     -83.407494      95.619728       4.915354      -7.315495     -19.537046
     -69.738281       4.143970      13.810552      86.137787      20.905584      37.885330     130.641144     -73.333809     227.543091     -11.361311     -17.329597       7.708866      -3.185138     -20.000771       0.215006     -24.922628     -19.373842     -47.907436     -13.740585     -23.506283     -23.969379      91.291382       3.031765     -82.974182     -40.352402     -38.240833      37.025612     359.688293      81.668144    -359.733093     -13.914905       0.133631      -2.302496       1.092034       7.013622     -25.987762     -90.002663     -26.118326      89.994171     -82.086685       0.470500    -119.124603     -46.654587     -10.294220      16.247875    -180.044601     -46.451210    -180.099518      28.512373      -0.932919      -2.189210      -5.550086      12.725742      35.948177     -90.000641      -4.619698      89.995621     162.079880      24.666361     140.691299     266.206726      85.297882     -87.401443      -9.961725     -26.906836     -14.612761      57.091335      79.356529     128.877243      -4.839470       6.866198       3.514808     -26.343880      47.446339     -83.367058     -88.855698     -22.675461      89.772301      -0.493996     -14.979474      10.186465     -69.531334     -83.397194      95.668839       4.929456      -7.304937     -19.687944
     -69.738533       4.144531      13.810565      86.142281      20.915081      37.873260     130.749268     -73.302330     227.648117     -11.375844     -17.344511       7.690053      -3.119485     -19.999546       0.210095     -24.923319     -19.400721     -47.898155     -13.767190     -23.520088     -23.932261      91.284019       3.032006     -82.977226     -40.452728     -38.300621      37.027153     359.689117      81.646057    -359.733948     -13.926977       0.134304      -2.302508       1.149960       7.035418     -25.886221     -90.002708     -26.179266      89.994156     -82.131241       0.455961    -119.247948     -46.753658     -10.401359      16.316168    -180.044617     -46.463535    -180.099533      28.570871      -0.936060      -2.188367      -5.535497      12.743139      35.865192     -90.000641      -4.576975      89.995621     162.081451      24.667957     140.678925     266.237305      85.306358     -87.420952      -9.956918     -26.921213     -14.584061      56.967476      79.366570     128.966171      -4.843560       6.865015       3.524301     -26.367086      47.474415     -83.356216     -88.879211     -22.674839      89.777084      -0.536150     -14.983688      10.237223     -69.215248     -83.378845      95.995171       4.943921      -7.293819     -19.842331
     -69.738510       4.144833      13.810876      86.149330      20.920502      37.862587     130.854355     -73.272484     227.750183     -11.389499     -17.358671       7.671722      -3.053130     -19.998692       0.203504     -24.922529     -19.425879     -47.889427     -13.792922     -23.534773     -23.893562      91.277214       3.032319     -82.980064     -40.553413     -38.359417      37.027225     359.690002      81.624916    -359.734802     -13.938648       0.134948      -2.302518       1.208763       7.055942     -25.784863     -90.002731     -26.239201      89.994133     -82.175880       0.441916    -119.369812     -46.852383     -10.507458      16.383894    -180.044662     -46.475998    -180.099579      28.630095      -0.939239      -2.187517      -5.521189      12.760293      35.781998     -90.000648      -4.534972      89.995621     162.079269      24.667620     140.669006     266.247833      85.314667     -87.426674      -9.949617     -26.933212     -14.552664      56.844822      79.376648     129.054382      -4.847631       6.863795       3.534144     -26.385412      47.520119     -83.347733     -88.889236     -22.673422      89.779152      -0.572580     -14.991328      10.292458     -68.755104     -83.356056      96.470764       4.958673      -7.282531     -19.995651
     -69.738365       4.145026      13.811301      86.157455      20.924093      37.852486     130.957336     -73.243423     227.850235     -11.402704     -17.372585       7.653563      -2.986472     -19.997955       0.196436     -24.920919     -19.450472     -47.880867     -13.817990     -23.549917     -23.854164      91.270714       3.032657     -82.982750     -40.654045     -38.417767      37.026203     359.690765      81.604591    -359.735565     -13.950027       0.135583      -2.302523       1.267973       7.075597     -25.683767     -90.002747     -26.298120      89.994125     -82.220673       0.428110    -119.490211     -46.950275     -10.612426      16.451044    -180.044708     -46.488670    -180.099609      28.689817      -0.942446      -2.186670      -5.507038      12.777324      35.698288     -90.000641      -4.493681      89.995598     162.075638      24.666323     140.660065     266.250183      85.322769     -87.426895      -9.941190     -26.943741     -14.519996      56.722912      79.386681     129.142029      -4.851676       6.862584       3.543941     -26.402142      47.571667     -83.339745     -88.893326     -22.671679      89.780014      -0.607560     -14.998643      10.348046     -68.294044     -83.332802      96.948486       4.973537      -7.271047     -20.147703
     -69.738167       4.145166      13.811787      86.166252      20.926670      37.842690     131.058655     -73.214859     227.948700     -11.415622     -17.386374       7.635547      -2.919717     -19.997278       0.189169     -24.918837     -19.474878     -47.872341     -13.842557     -23.565334     -23.814419      91.264450       3.033043     -82.985352     -40.754425     -38.475784      37.024357     359.691498      81.584869    -359.736298     -13.961213       0.136208      -2.302530       1.327134       7.094739     -25.583139     -90.002754     -26.356052      89.994125     -82.265556       0.414518    -119.609100     -47.047230     -10.716127      16.517561    -180.044739     -46.501354    -180.099640      28.749872      -0.945662      -2.185810      -5.493002      12.794266      35.613636     -90.000641      -4.453060      89.995583     162.071121      24.664387     140.651688     266.248230      85.330795     -87.424126      -9.932209     -26.953537     -14.486862      56.601593      79.396667     129.229263      -4.855700       6.861386       3.553600     -26.418280      47.624313     -83.331787     -88.895081     -22.669592      89.780388      -0.642516     -15.004430      10.402554     -67.867516     -83.310150      97.391525       4.988481      -7.259349     -20.298412
     -69.737946       4.145286      13.812301      86.175400      20.928806      37.833065     131.158661     -73.186562     228.045914     -11.428360     -17.400003       7.617702      -2.853052     -19.996666       0.181771     -24.916519     -19.499289     -47.863819     -13.866721     -23.580906     -23.774481      91.258369       3.033483     -82.987862     -40.854492     -38.533535      37.021881     359.692230      81.565552    -359.737061     -13.972267       0.136832      -2.302526       1.385958       7.113751     -25.483252     -90.002769     -26.413023      89.994118     -82.310501       0.401158    -119.726456     -47.143261     -10.818437      16.583380    -180.044769     -46.513855    -180.099701      28.810148      -0.948904      -2.184942      -5.479095      12.811159      35.528072     -90.000641      -4.413139      89.995575     162.066177      24.662073     140.643570     266.245300      85.338829     -87.420776      -9.923050     -26.963200     -14.453836      56.480976      79.406609     129.315979      -4.859676       6.860196       3.563140     -26.434242      47.676571     -83.323746     -88.895645     -22.667284      89.780495      -0.677875     -15.008557      10.455707     -67.481926     -83.288406      97.793022       5.003497      -7.247456     -20.447731
     -69.737686       4.145388      13.812838      86.184853      20.930592      37.823547     131.257446     -73.158501     228.141983     -11.440961     -17.413485       7.600021      -2.786518     -19.996140       0.174234     -24.914045     -19.523724     -47.855278     -13.890547     -23.596565     -23.734472      91.252525       3.033964     -82.990250     -40.954292     -38.591022      37.018753     359.692993      81.546570    -359.737793     -13.983204       0.137444      -2.302533       1.444344       7.132678     -25.384146     -90.002792     -26.469025      89.994102     -82.355499       0.388054    -119.842323     -47.238354     -10.919305      16.648493    -180.044815     -46.526112    -180.099747      28.870615      -0.952151      -2.184057      -5.465257      12.828006      35.441601     -90.000641      -4.373876      89.995575     162.060837      24.659460     140.635651     266.241302      85.346901     -87.416611      -9.913732     -26.972822     -14.420995      56.361008      79.416519     129.402267      -4.863622       6.859020       3.572563     -26.450146      47.727871     -83.315559     -88.895920     -22.664721      89.780556      -0.713753     -15.010983      10.507376     -67.132988     -83.267548      98.157181       5.018587      -7.235354     -20.595680
     -69.736053       4.144574      13.814735      86.211151      20.909286      37.819099     131.330688     -73.142929     228.213257     -11.448711     -17.425222       7.582192      -2.714313     -19.995358       0.162146     -24.906672     -19.542814     -47.848492     -13.912173     -23.614803     -23.689867      91.248787       3.033186     -82.992355     -41.054970     -38.644855      37.010117     359.693665      81.530334    -359.738464     -13.992640       0.137967      -2.302508       1.512487       7.139447     -25.265741     -90.002792     -26.524076      89.994125     -82.400284       0.375378    -119.955841     -47.332294     -11.021513      16.713472    -180.044891     -46.541046    -180.099823      28.932920      -0.955489      -2.183179      -5.452229      12.844197      35.355480     -90.000641      -4.335263      89.995567     161.967194      24.697155     140.653870     265.830688      85.337181     -87.136497      -9.861672     -26.938404     -14.331741      56.241562      79.426292     129.487610      -4.867396       6.857788       3.583969     -26.451500      47.794731     -83.309242     -88.896095     -22.655533      89.780602      -0.745896     -15.005460      10.554480     -66.662041     -83.242210      98.649414       5.033645      -7.222846     -20.743696
     -69.734871       4.143917      13.816274      86.232574      20.896622      37.813667     131.416641     -73.121796     228.298111     -11.457314     -17.438684       7.564859      -2.640931     -19.994642       0.153501     -24.898746     -19.564741     -47.840816     -13.932173     -23.633446     -23.645166      91.243279       3.033353     -82.994743     -41.154797     -38.701050      37.001221     359.694061      81.517387    -359.738892     -14.003875       0.138617      -2.302507       1.570527       7.152315     -25.163147     -90.002785     -26.578213      89.994125     -82.445526       0.362109    -120.068535     -47.423702     -11.123919      16.778198    -180.044952     -46.558083    -180.099915      28.996174      -0.958891      -2.182276      -5.439592      12.860111      35.268944     -90.000641      -4.297305      89.995552     162.006546      24.633799     140.639816     266.034729      85.355202     -87.273270      -9.871247     -26.954067     -14.316792      56.124729      79.436256     129.572159      -4.871718       6.856528       3.592431     -26.458149      47.860950     -83.302025     -88.859840     -22.645033      89.773178      -0.780662     -15.013128      10.610530     -66.406578     -83.224152      98.917564       5.048763      -7.210704     -20.885616
     -69.735710       4.144688      13.815805      86.230217      20.916208      37.800995     131.529831     -73.085396     228.408813     -11.473131     -17.453371       7.548168      -2.578168     -19.994116       0.150903     -24.899916     -19.596237     -47.829929     -13.956001     -23.647161     -23.609373      91.236145       3.034759     -82.997162     -41.251816     -38.761250      36.999046     359.694672      81.498611    -359.739471     -14.015926       0.139279      -2.302529       1.622841       7.177217     -25.074938     -90.002792     -26.631454      89.994118     -82.490990       0.349123    -120.180809     -47.514465     -11.220012      16.840693    -180.044968     -46.568848    -180.099930      29.056164      -0.962101      -2.181386      -5.425612      12.877192      35.178528     -90.000641      -4.259976      89.995560     162.020401      24.638556     140.624268     266.136749      85.367546     -87.341240      -9.875888     -26.981890     -14.305527      56.005234      79.446053     129.658218      -4.875254       6.855604       3.599281     -26.485577      47.874176     -83.291412     -88.881073     -22.645029      89.777534      -0.825241     -15.011600      10.655686     -66.334671     -83.212471      98.993736       5.063875      -7.198115     -21.028208
     -69.736076       4.145277      13.815701      86.232849      20.927357      37.789021     131.631409     -73.053268     228.507080     -11.487840     -17.466633       7.531184      -2.515930     -19.993793       0.144807     -24.900579     -19.624628     -47.820019     -13.980210     -23.661154     -23.572657      91.230431       3.035941     -82.999260     -41.349373     -38.819019      36.996212     359.695404      81.477936    -359.740234     -14.027292       0.139901      -2.302542       1.675709       7.200813     -24.982845     -90.002808     -26.683815      89.994102     -82.535988       0.337402    -120.291122     -47.605976     -11.313552      16.902124    -180.044968     -46.577488    -180.099945      29.115942      -0.965300      -2.180503      -5.411818      12.894161      35.087368     -90.000633      -4.223279      89.995560     162.025345      24.640455     140.611267     266.183167      85.377495     -87.371391      -9.873044     -27.000534     -14.282896      55.887524      79.455788     129.742966      -4.878987       6.854535       3.607883     -26.508984      47.912788     -83.281029     -88.890167     -22.645296      89.779404      -0.866291     -15.007355      10.700289     -66.163185     -83.197182      99.174217       5.079172      -7.185166     -21.171150
     -69.736130       4.145621      13.815913      86.238846      20.933683      37.778240     131.729126     -73.023209     228.601608     -11.501498     -17.479235       7.514454      -2.452956     -19.993816       0.136794     -24.899797     -19.650877     -47.810795     -14.003689     -23.676025     -23.534302      91.225594       3.036843     -83.001091     -41.447208     -38.875095      36.991844     359.696136      81.457771    -359.740967     -14.037958       0.140483      -2.302553       1.729893       7.222278     -24.889404     -90.002815     -26.735283      89.994110     -82.580856       0.326322    -120.399994     -47.697418     -11.405873      16.962934    -180.044998     -46.585949    -180.099960      29.176313      -0.968529      -2.179605      -5.398462      12.910735      34.996395     -90.000641      -4.187194      89.995560     162.025131      24.640242     140.600769     266.201721      85.386246     -87.382545      -9.866691     -27.013884     -14.255224      55.770775      79.465546     129.827087      -4.882694       6.853450       3.616508     -26.528421      47.960773     -83.271904     -88.893639     -22.644583      89.780098      -0.904372     -15.002697      10.745333     -65.928299     -83.179459      99.421448       5.094664      -7.171997     -21.313242
     -69.736015       4.145822      13.816311      86.246735      20.937355      37.768250     131.824448     -72.994347     228.693863     -11.514456     -17.491554       7.497924      -2.389455     -19.993984       0.128012     -24.898033     -19.676208     -47.801865     -14.026460     -23.691452     -23.495001      91.221169       3.037647     -83.002823     -41.545048     -38.930412      36.986343     359.696869      81.438377    -359.741699     -14.048336       0.141061      -2.302558       1.784344       7.242686     -24.796156     -90.002823     -26.785902      89.994095     -82.625717       0.315542    -120.507416     -47.788208     -11.497136      17.023153    -180.045044     -46.594559    -180.100006      29.237179      -0.971794      -2.178703      -5.385419      12.927054      34.905281     -90.000626      -4.151714      89.995552     162.022064      24.638731     140.591782     266.207001      85.394638     -87.384720      -9.858583     -27.025225     -14.225707      55.654831      79.475296     129.910721      -4.886373       6.852362       3.625103     -26.545742      48.011272     -83.263313     -88.895164     -22.643084      89.780434      -0.941326     -14.997280      10.790015     -65.681702     -83.161171      99.681396       5.110248      -7.158632     -21.454071
     -69.735817       4.145946      13.816808      86.255692      20.939631      37.758701     131.918076     -72.966187     228.784561     -11.526972     -17.503708       7.481563      -2.325702     -19.994213       0.118912     -24.895687     -19.701210     -47.793007     -14.048689     -23.707190     -23.455236      91.216957       3.038450     -83.004463     -41.642727     -38.985310      36.980057     359.697540      81.419586    -359.742371     -14.058586       0.141629      -2.302563       1.838510       7.262698     -24.703501     -90.002823     -26.835669      89.994095     -82.670517       0.304943    -120.613365     -47.878120     -11.587262      17.082705    -180.045074     -46.603226    -180.100021      29.298319      -0.975061      -2.177790      -5.372571      12.943203      34.813774     -90.000633      -4.116828      89.995544     162.017395      24.636454     140.583633     266.205872      85.402962     -87.382477      -9.849678     -27.035925     -14.195666      55.539680      79.485023     129.993805      -4.890016       6.851274       3.633669     -26.561983      48.062057     -83.254951     -88.895767     -22.641014      89.780563      -0.978124     -14.990952      10.833948     -65.446060     -83.143196      99.930252       5.125906      -7.145082     -21.593525
     -69.735573       4.146040      13.817345      86.265091      20.941334      37.749382     132.010529     -72.938354     228.874161     -11.539276     -17.515743       7.465364      -2.261945     -19.994507       0.109683     -24.893034     -19.726137     -47.784157     -14.070507     -23.723110     -23.415245      91.212898       3.039259     -83.006027     -41.740170     -39.039917      36.973152     359.698212      81.401245    -359.743042     -14.068776       0.142199      -2.302569       1.892122       7.282596     -24.611597     -90.002823     -26.884604      89.994110     -82.715279       0.294515    -120.717857     -47.967083     -11.676112      17.141577    -180.045105     -46.611744    -180.100067      29.359692      -0.978341      -2.176877      -5.359928      12.959202      34.721588     -90.000641      -4.082527      89.995537     162.012070      24.633789     140.575882     266.202911      85.411331     -87.378929      -9.840597     -27.046635     -14.165856      55.425148      79.494713     130.076508      -4.893629       6.850200       3.642182     -26.577877      48.112209     -83.246574     -88.895973     -22.638601      89.780632      -1.015253     -14.983683      10.876925     -65.230972     -83.125908     100.157829       5.141611      -7.131344     -21.731552
     -69.735352       4.146128      13.817786      86.273399      20.943146      37.739635     132.102203     -72.909920     228.962692     -11.551643     -17.528126       7.448758      -2.198176     -19.994581       0.101190     -24.890203     -19.750937     -47.775356     -14.092031     -23.739092     -23.375191      91.208847       3.039933     -83.007607     -41.836990     -39.094479      36.965664     359.698853      81.383675    -359.743652     -14.078758       0.142755      -2.302574       1.945765       7.301597     -24.519205     -90.002823     -26.932718      89.994102     -82.759491       0.284860    -120.820183     -48.055302     -11.763595      17.195560    -180.045105     -46.620724    -180.100052      29.417976      -0.981438      -2.175983      -5.354141      12.969603      34.642582     -90.000641      -4.048768      89.995514     162.008377      24.631824     140.567322     266.199677      85.419281     -87.375298      -9.831280     -27.055805     -14.134901      55.310764      79.504288     130.158859      -4.897258       6.849149       3.650450     -26.596592      48.176197     -83.235565     -88.857857     -22.635187      89.772774      -1.057840     -14.984967      10.924873     -65.220490     -83.116936     100.169792       5.156976      -7.117788     -21.864510
     -69.735054       4.146199      13.818408      86.284164      20.943865      37.730671     132.192184     -72.882965     229.050232     -11.563242     -17.540226       7.432653      -2.134094     -19.994722       0.092412     -24.887253     -19.775871     -47.766495     -14.113217     -23.755159     -23.335056      91.204765       3.040742     -83.009178     -41.933552     -39.148853      36.957977     359.699463      81.366295    -359.744263     -14.088947       0.143329      -2.302579       1.997972       7.321761     -24.429665     -90.002838     -26.980021      89.994080     -82.803535       0.275696    -120.921204     -48.143257     -11.849868      17.247852    -180.045105     -46.629032    -180.100052      29.476589      -0.984567      -2.175092      -5.350028      12.978538      34.567719     -90.000641      -4.015582      89.995491     162.001129      24.628096     140.560349     266.195343      85.427917     -87.370819      -9.822104     -27.067575     -14.106561      55.197800      79.513985     130.240677      -4.900743       6.848087       3.658724     -26.612074      48.206387     -83.226700     -88.880272     -22.631504      89.777382      -1.098542     -14.970612      10.960536     -65.061943     -83.101807     100.337997       5.172646      -7.103507     -22.000677
     -69.733383       4.145326      13.820375      86.311020      20.921764      37.726952     132.258759     -72.868309     229.114960     -11.570184     -17.550379       7.416533      -2.064597     -19.994719       0.078750     -24.879416     -19.795469     -47.759418     -14.132162     -23.773821     -23.290203      91.202690       3.040380     -83.010483     -42.031197     -39.199543      36.945099     359.700043      81.351463    -359.744812     -14.097973       0.143840      -2.302550       2.059723       7.330369     -24.320505     -90.002853     -27.026537      89.994102     -82.847298       0.266856    -121.020203     -48.230358     -11.937823      17.300079    -180.045151     -46.639874    -180.100098      29.537369      -0.987810      -2.174192      -5.346534      12.986910      34.494007     -90.000641      -3.982948      89.995483     161.906479      24.665323     140.579437     265.780273      85.418968     -87.085953      -9.770405     -27.035566     -14.021896      55.085384      79.523537     130.321579      -4.904077       6.846949       3.669232     -26.611916      48.266808     -83.220932     -88.889694     -22.621986      89.779305      -1.129879     -14.952401      10.996634     -64.697243     -83.078300     100.724342       5.188553      -7.088827     -22.137226
     -69.732079       4.144566      13.822130      86.334587      20.906988      37.722942     132.336349     -72.849159     229.191895     -11.577555     -17.562017       7.401124      -1.993493     -19.994770       0.068213     -24.870880     -19.817532     -47.751572     -14.149530     -23.792940     -23.245119      91.199150       3.040810     -83.011971     -42.128323     -39.252487      36.931324     359.700378      81.340118    -359.745178     -14.108477       0.144434      -2.302542       2.111208       7.344614     -24.227757     -90.002861     -27.072275      89.994080     -82.891495       0.257297    -121.118546     -48.315105     -12.026232      17.352375    -180.045227     -46.652779    -180.100174      29.599205      -0.991108      -2.173265      -5.342992      12.995328      34.419964     -90.000656      -3.950871      89.995468     161.943542      24.599106     140.567368     265.985474      85.438072     -87.224113      -9.780086     -27.053446     -14.011176      54.975548      79.533295     130.401749      -4.907948       6.845788       3.676869     -26.613592      48.318733     -83.216873     -88.893417     -22.611984      89.780151      -1.158759     -14.940376      11.037372     -64.343689     -83.054695     101.100060       5.204846      -7.074330     -22.270767
     -69.732941       4.145298      13.821625      86.331093      20.926834      37.710579     132.442093     -72.812500     229.294861     -11.593071     -17.575266       7.385850      -1.933719     -19.994898       0.064531     -24.871695     -19.849703     -47.740261     -14.170884     -23.806931     -23.209448      91.193947       3.042491     -83.013489     -42.222343     -39.309784      36.924347     359.700928      81.322899    -359.745728     -14.119788       0.145070      -2.302560       2.157701       7.370122     -24.147833     -90.002861     -27.117258      89.994080     -82.935867       0.247888    -121.216545     -48.399284     -12.108489      17.402193    -180.045227     -46.659492    -180.100174      29.657579      -0.994222      -2.172364      -5.338357      13.004739      34.342564     -90.000664      -3.919334      89.995468     161.958145      24.604918     140.552063     266.088654      85.450844     -87.293106      -9.784690     -27.082331     -14.002972      54.862518      79.542786     130.483490      -4.911123       6.844970       3.682823     -26.640162      48.349644     -83.207169     -88.894852     -22.613003      89.780457      -1.201341     -14.934982      11.078893     -64.327499     -83.045395     101.118355       5.220805      -7.059941     -22.400116
     -69.733322       4.145886      13.821482      86.333199      20.937965      37.698669     132.535934     -72.780464     229.385162     -11.607327     -17.587275       7.370117      -1.874403     -19.995159       0.057445     -24.872110     -19.878872     -47.729919     -14.192647     -23.821180     -23.172911      91.190132       3.043814     -83.014740     -42.316704     -39.364395      36.917027     359.701599      81.303543    -359.746429     -14.130360       0.145637      -2.302577       2.204835       7.394255     -24.063442     -90.002861     -27.161476      89.994072     -82.979553       0.239634    -121.312561     -48.484325     -12.188213      17.450867    -180.045227     -46.663883    -180.100143      29.715647      -0.997323      -2.171475      -5.334153      13.013919      34.264435     -90.000664      -3.888335      89.995453     161.963318      24.607359     140.539063     266.134583      85.460854     -87.322945      -9.781777     -27.101151     -13.982922      54.751064      79.552193     130.564011      -4.914501       6.844027       3.690249     -26.664061      48.393116     -83.196297     -88.895432     -22.613743      89.780548      -1.244709     -14.923080      11.115694     -64.300087     -83.035713     101.148468       5.236731      -7.045076     -22.529823
     -69.733383       4.146218      13.821698      86.339165      20.943981      37.688084     132.626022     -72.750740     229.471924     -11.620390     -17.598610       7.354713      -1.814235     -19.995785       0.048260     -24.871040     -19.905798     -47.720284     -14.213665     -23.836319     -23.134661      91.187187       3.044847     -83.015747     -42.411388     -39.417198      36.908287     359.702271      81.284630    -359.747070     -14.140273       0.146177      -2.302578       2.253186       7.416333     -23.977882     -90.002869     -27.204952      89.994064     -83.022995       0.231916    -121.407173     -48.569450     -12.266768      17.499014    -180.045227     -46.667953    -180.100159      29.774315      -1.000445      -2.170581      -5.330448      13.022744      34.186203     -90.000664      -3.857849      89.995438     161.962753      24.607243     140.528824     266.152466      85.469749     -87.333717      -9.775382     -27.114994     -13.958130      54.640690      79.561653     130.643890      -4.917830       6.843064       3.697736     -26.683798      48.440945     -83.186653     -88.895767     -22.613117      89.780624      -1.285182     -14.909792      11.151958     -64.210541     -83.023354     101.244560       5.252857      -7.029963     -22.658909
     -69.733307       4.146421      13.821992      86.345909      20.947887      37.677670     132.714127     -72.721420     229.556534     -11.633070     -17.609873       7.339187      -1.753741     -19.996490       0.038540     -24.869072     -19.931850     -47.710926     -14.234030     -23.851948     -23.095572      91.184738       3.045682     -83.016602     -42.505989     -39.469151      36.898357     359.702942      81.266434    -359.747772     -14.149770       0.146702      -2.302583       2.302216       7.436808     -23.891388     -90.002884     -27.247719      89.994057     -83.066338       0.224344    -121.500473     -48.653934     -12.344419      17.546612    -180.045227     -46.672215    -180.100174      29.833454      -1.003598      -2.169659      -5.327018      13.031392      34.107761     -90.000656      -3.827861      89.995438     161.961197      24.606615     140.519043     266.158051      85.477882     -87.336082      -9.767242     -27.125580     -13.930383      54.530647      79.571022     130.723373      -4.921190       6.842115       3.705104     -26.704481      48.504524     -83.175003     -88.857903     -22.610828      89.772827      -1.329530     -14.906135      11.194116     -64.268944     -83.017586     101.183479       5.268647      -7.015104     -22.783113
     -69.733284       4.146492      13.822552      86.356880      20.949883      37.669426     132.864853     -72.678833     229.704590     -11.625569     -17.623428       7.322934      -1.691180     -19.999008       0.023664     -24.865078     -19.956627     -47.701988     -14.253135     -23.868437     -23.055065      91.184013       3.046927     -83.016663     -42.602238     -39.519234      36.886616     359.703583      81.248062    -359.748383     -14.159399       0.147235      -2.302581       2.349909       7.458147     -23.807680     -90.002884     -27.289772      89.994057     -83.108788       0.217138    -121.591026     -48.738316     -12.419360      17.594431    -180.045258     -46.675602    -180.100189      29.892374      -1.006743      -2.168733      -5.323796      13.039966      34.028389     -90.000656      -3.798381      89.995430     161.953552      24.603012     140.512207     266.158386      85.485992     -87.334900      -9.758637     -27.138500     -13.904841      54.422100      79.580536     130.802368      -4.924392       6.841144       3.712612     -26.720732      48.536125     -83.166710     -88.880058     -22.607222      89.777390      -1.370769     -14.887022      11.224650     -64.167854     -83.004768     101.291832       5.284724      -6.999444     -22.910305
     -69.733223       4.146511      13.823158      86.368355      20.951250      37.661121     133.013046     -72.635605     229.849609     -11.617855     -17.636614       7.307374      -1.628373     -20.001659       0.008272     -24.860489     -19.980932     -47.693237     -14.271702     -23.885311     -23.013924      91.183868       3.048301     -83.016434     -42.698917     -39.568737      36.873734     359.704193      81.229927    -359.748993     -14.169017       0.147776      -2.302585       2.397002       7.479285     -23.724331     -90.002892     -27.331100      89.994057     -83.150963       0.210201    -121.680122     -48.822277     -12.493004      17.641693    -180.045273     -46.678562    -180.100220      29.951393      -1.009881      -2.167806      -5.320745      13.048461      33.948353     -90.000648      -3.769375      89.995430     161.945343      24.599161     140.505463     266.155151      85.494156     -87.331207      -9.749638     -27.151243     -13.878957      54.314281      79.590027     130.880951      -4.927591       6.840156       3.720347     -26.736177      48.581413     -83.159065     -88.889626     -22.604008      89.779373      -1.407146     -14.871050      11.258900     -63.996735     -82.988899     101.474854       5.301087      -6.983702     -23.036085
     -69.731796       4.145646      13.825061      86.396126      20.930084      37.657417     133.136047     -72.603889     229.969650     -11.605134     -17.647728       7.292394      -1.559937     -20.004028      -0.011589     -24.851086     -19.999990     -47.686275     -14.287988     -23.904749     -22.968058      91.185699       3.048461     -83.015923     -42.796654     -39.614532      36.855625     359.704742      81.214310    -359.749542     -14.177561       0.148253      -2.302556       2.453531       7.488828     -23.620096     -90.002907     -27.371729      89.994072     -83.192719       0.203440    -121.767166     -48.905159     -12.568329      17.688856    -180.045319     -46.684231    -180.100266      30.012289      -1.013132      -2.166882      -5.318341      13.056478      33.868912     -90.000641      -3.740850      89.995415     161.849991      24.636179     140.524002     265.738708      85.484222     -87.044327      -9.698475     -27.118940     -13.796283      54.206680      79.599342     130.958633      -4.930638       6.839120       3.729880     -26.738096      48.647488     -83.152817     -88.893394     -22.594826      89.780151      -1.438052     -14.848375      11.290366     -63.709381     -82.967979     101.781960       5.317481      -6.967519     -23.161924
     -69.730721       4.144912      13.826754      86.421066      20.916119      37.653114     133.264999     -72.567238     230.096237     -11.592557     -17.659531       7.279304      -1.489807     -20.006426      -0.028163     -24.841093     -20.021591     -47.678516     -14.302764     -23.924604     -22.921993      91.186096       3.049285     -83.015633     -42.893799     -39.662659      36.836349     359.705109      81.202301    -359.749908     -14.187364       0.148810      -2.302552       2.500337       7.503405     -23.532867     -90.002899     -27.411694      89.994057     -83.234901       0.195915    -121.853691     -48.985600     -12.644300      17.735989    -180.045364     -46.692127    -180.100342      30.074167      -1.016438      -2.165926      -5.316192      13.064342      33.789188     -90.000648      -3.712838      89.995399     161.885437      24.569750     140.511307     265.946198      85.502235     -87.184799      -9.708288     -27.136541     -13.787342      54.101582      79.608879     131.035751      -4.934191       6.838065       3.736540     -26.742363      48.701347     -83.147812     -88.894730     -22.584991      89.780495      -1.467527     -14.831525      11.325625     -63.442497     -82.947517     102.068054       5.334205      -6.951581     -23.284657
     -69.731773       4.145648      13.826233      86.419586      20.936075      37.640442     133.418015     -72.514030     230.245026     -11.588964     -17.673527       7.265600      -1.430312     -20.008585      -0.037244     -24.840166     -20.053131     -47.667301     -14.321507     -23.939457     -22.885258      91.184769       3.051383     -83.015373     -42.987980     -39.715347      36.823639     359.705688      81.184692    -359.750488     -14.198095       0.149408      -2.302570       2.541935       7.529530     -23.459583     -90.002899     -27.450985      89.994057     -83.277153       0.188554    -121.939873     -49.065460     -12.714437      17.780573    -180.045364     -46.694160    -180.100342      30.132557      -1.019514      -2.165010      -5.313124      13.073049      33.706005     -90.000656      -3.685270      89.995422     161.898071      24.574574     140.495483     266.050293      85.514328     -87.254776      -9.712764     -27.166040     -13.781461      53.993347      79.618126     131.114395      -4.937090       6.837347       3.741703     -26.771231      48.733143     -83.137047     -88.895439     -22.585846      89.780647      -1.511330     -14.822069      11.361772     -63.486637     -82.941315     102.022034       5.350514      -6.935832     -23.403109
     -69.732361       4.146243      13.826068      86.423645      20.947464      37.628204     133.559204     -72.465424     230.381271     -11.584243     -17.686474       7.251284      -1.371006     -20.010771      -0.049429     -24.838825     -20.081839     -47.656990     -14.340628     -23.954538     -22.847740      91.184723       3.053184     -83.014862     -43.082539     -39.765541      36.810600     359.706299      81.165123    -359.751160     -14.208208       0.149964      -2.302583       2.583944       7.554246     -23.381496     -90.002907     -27.489620      89.994057     -83.318596       0.182279    -122.024101     -49.146038     -12.782305      17.823868    -180.045364     -46.694107    -180.100327      30.190573      -1.022600      -2.164093      -5.310365      13.081612      33.622253     -90.000648      -3.658169      89.995415     161.901337      24.576075     140.481934     266.097931      85.523705     -87.286110      -9.709909     -27.185738     -13.764001      53.886734      79.627312     131.191803      -4.940181       6.836485       3.748372     -26.797497      48.777111     -83.125114     -88.895721     -22.586376      89.780701      -1.555508     -14.806353      11.393577     -63.512558     -82.934395     101.995399       5.366804      -6.919571     -23.521965
     -69.732643       4.146596      13.826154      86.430473      20.954094      37.616592     133.694977     -72.418388     230.511841     -11.578795     -17.698860       7.237114      -1.310927     -20.013157      -0.063247     -24.836123     -20.108496     -47.647358     -14.359052     -23.970398     -22.808683      91.185654       3.054512     -83.014114     -43.177246     -39.813923      36.795929     359.707001      81.146088    -359.751801     -14.217480       0.150475      -2.302590       2.627820       7.576016     -23.300556     -90.002922     -27.527626      89.994041     -83.359718       0.176449    -122.107063     -49.226555     -12.849341      17.866495    -180.045364     -46.694027    -180.100327      30.249146      -1.025721      -2.163174      -5.307990      13.089884      33.538918     -90.000641      -3.631521      89.995407     161.900665      24.575874     140.470016     266.116302      85.531319     -87.297493      -9.703370     -27.198374     -13.739944      53.780617      79.636444     131.268646      -4.943296       6.835629       3.754931     -26.822880      48.840137     -83.111603     -88.857941     -22.584761      89.772911      -1.602156     -14.799931      11.431175     -63.639366     -82.932236     101.860916       5.382802      -6.903576     -23.636536
     -69.732697       4.146801      13.826595      86.441528      20.957249      37.606480     133.827576     -72.373695     230.639969     -11.571878     -17.710691       7.223709      -1.249758     -20.015747      -0.078101     -24.832451     -20.134239     -47.638008     -14.376768     -23.986845     -22.768560      91.186775       3.055861     -83.013298     -43.272060     -39.861614      36.780449     359.707611      81.127716    -359.752441     -14.226766       0.150989      -2.302591       2.671034       7.597972     -23.221970     -90.002922     -27.564987      89.994041     -83.400581       0.170814    -122.188698     -49.306557     -12.915501      17.908590    -180.045380     -46.693958    -180.100342      30.308069      -1.028869      -2.162240      -5.305833      13.098018      33.455479     -90.000641      -3.605316      89.995407     161.893875      24.572691     140.460953     266.121674      85.539223     -87.299767      -9.695505     -27.211811     -13.716688      53.676071      79.645737     131.344986      -4.946256       6.834752       3.761612     -26.842756      48.871635     -83.101044     -88.880150     -22.582251      89.777458      -1.643938     -14.777452      11.457401     -63.588406     -82.921806     101.916328       5.399252      -6.886665     -23.754623
     -69.732674       4.146904      13.827117      86.452934      20.959263      37.596943     133.958008     -72.329475     230.765869     -11.564911     -17.722151       7.210668      -1.188391     -20.018379      -0.093245     -24.828270     -20.159676     -47.628765     -14.393993     -24.003565     -22.727991      91.188011       3.057212     -83.012436     -43.366802     -39.909096      36.764206     359.708221      81.110046    -359.752991     -14.236058       0.151504      -2.302588       2.713848       7.619594     -23.143789     -90.002922     -27.601713      89.994041     -83.441261       0.165188    -122.269104     -49.385658     -12.980969      17.950031    -180.045395     -46.694096    -180.100372      30.367290      -1.032011      -2.161296      -5.303876      13.106030      33.371712     -90.000656      -3.579567      89.995384     161.886368      24.569176     140.452728     266.121521      85.547272     -87.298119      -9.687036     -27.224916     -13.692889      53.572235      79.655022     131.420975      -4.949206       6.833852       3.768556     -26.860485      48.917255     -83.091850     -88.889565     -22.579966      89.779427      -1.680123     -14.758147      11.487493     -63.458817     -82.907799     102.055870       5.416040      -6.869676     -23.871441
     -69.732628       4.146984      13.827655      86.464394      20.960848      37.587502     134.086060     -72.285530     230.889359     -11.557991     -17.733454       7.197770      -1.127044     -20.020962      -0.108268     -24.823914     -20.185175     -47.619469     -14.410896     -24.020370     -22.687317      91.189407       3.058505     -83.011505     -43.461227     -39.956375      36.747311     359.708801      81.092834    -359.753601     -14.245220       0.152008      -2.302588       2.756505       7.640703     -23.065657     -90.002922     -27.637827      89.994034     -83.481728       0.159590    -122.348274     -49.463772     -13.045579      17.990757    -180.045425     -46.694294    -180.100388      30.426649      -1.035181      -2.160364      -5.302095      13.113965      33.287525     -90.000648      -3.554235      89.995361     161.878738      24.565550     140.444626     266.118988      85.555099     -87.294991      -9.678172     -27.236990     -13.668347      53.468803      79.664238     131.496582      -4.952153       6.832968       3.775376     -26.878046      48.967628     -83.082687     -88.893242     -22.577801      89.780197      -1.715770     -14.739456      11.518141     -63.336121     -82.894127     102.188225       5.432879      -6.852583     -23.986641
     -69.732567       4.147058      13.828192      86.475945      20.962246      37.578083     134.212006     -72.241798     231.010712     -11.551154     -17.744627       7.185046      -1.065805     -20.023527      -0.123200     -24.819502     -20.210794     -47.610126     -14.427535     -24.037212     -22.646650      91.190918       3.059735     -83.010529     -43.555279     -40.003391      36.729908     359.709381      81.075981    -359.754181     -14.254285       0.152511      -2.302588       2.798774       7.661471     -22.987875     -90.002930     -27.673349      89.994019     -83.521980       0.154041    -122.426262     -49.540962     -13.109227      18.030787    -180.045441     -46.694359    -180.100418      30.486095      -1.038352      -2.159405      -5.300478      13.121829      33.202778     -90.000648      -3.529338      89.995361     161.871048      24.561808     140.436569     266.115234      85.562813     -87.290924      -9.669159     -27.248568     -13.643633      53.365784      79.673409     131.571854      -4.955073       6.832102       3.782027     -26.895754      49.018669     -83.073303     -88.894882     -22.575579      89.780563      -1.751947     -14.720584      11.548334     -63.233994     -82.881424     102.298691       5.449749      -6.835362     -24.100266
     -69.730553       4.145792      13.830710      86.511337      20.932398      37.576542     134.310577     -72.214378     231.106277     -11.536479     -17.753170       7.173572      -0.995255     -20.026018      -0.144312     -24.807356     -20.229074     -47.603374     -14.440098     -24.058252     -22.598270      91.194321       3.059532     -83.009460     -43.650753     -40.045933      36.705223     359.709778      81.064339    -359.754547     -14.262731       0.152998      -2.302557       2.849691       7.668077     -22.887074     -90.002937     -27.708261      89.994041     -83.561859       0.148285    -122.502274     -49.616062     -13.176867      18.071604    -180.045486     -46.699860    -180.100525      30.548777      -1.041688      -2.158400      -5.299895      13.128860      33.119770     -90.000656      -3.504832      89.995361     161.796738      24.565069     140.451721     265.816254      85.557350     -87.083824      -9.627497     -27.220469     -13.575349      53.267025      79.683159     131.645630      -4.957763       6.830979       3.790946     -26.891684      49.088093     -83.068336     -88.895447     -22.563128      89.780701      -1.778348     -14.692880      11.575224     -62.941586     -82.859764     102.613419       5.466880      -6.817662     -24.214418
     -69.730667       4.145776      13.831176      86.520508      20.937796      37.567581     134.437042     -72.168434     231.228729     -11.530211     -17.764521       7.162259      -0.932577     -20.028416      -0.156516     -24.802158     -20.258251     -47.592831     -14.454487     -24.075590     -22.557491      91.194359       3.061164     -83.008842     -43.742916     -40.094296      36.686623     359.710175      81.050995    -359.754944     -14.272053       0.153531      -2.302567       2.891037       7.688282     -22.813519     -90.002945     -27.742579      89.994034     -83.602257       0.141996    -122.578537     -49.689266     -13.240858      18.110907    -180.045502     -46.702515    -180.100540      30.609304      -1.044891      -2.157429      -5.298630      13.136533      33.034203     -90.000648      -3.480740      89.995361     161.823975      24.538311     140.437103     265.967377      85.573242     -87.186028      -9.635717     -27.243380     -13.567456      53.161350      79.691620     131.721085      -4.960946       6.830374       3.794959     -26.909624      49.160049     -83.060074     -88.838600     -22.558163      89.769188      -1.813787     -14.690906      11.619685     -62.937542     -82.851372     102.619034       5.484182      -6.801264     -24.320780
     -69.731514       4.146596      13.830721      86.522606      20.952597      37.553768     134.563889     -72.118851     231.350204     -11.526691     -17.776674       7.149519      -0.875486     -20.030499      -0.166882     -24.801832     -20.289961     -47.581306     -14.472129     -24.090042     -22.521641      91.194984       3.062958     -83.007919     -43.834396     -40.143417      36.670700     359.710724      81.032745    -359.755493     -14.282120       0.154088      -2.302585       2.927567       7.714117     -22.742929     -90.002953     -27.776344      89.994019     -83.641914       0.136610    -122.653435     -49.762966     -13.300172      18.148067    -180.045486     -46.700249    -180.100525      30.667461      -1.047980      -2.156483      -5.296992      13.144662      32.946178     -90.000648      -3.457059      89.995361     161.831024      24.540924     140.420929     266.039032      85.583206     -87.234131      -9.635788     -27.266851     -13.556181      53.058636      79.700470     131.795807      -4.963774       6.829677       3.800142     -26.942554      49.169479     -83.043541     -88.871040     -22.559181      89.775688      -1.868600     -14.668989      11.638582     -63.166142     -82.854996     102.374512       5.499806      -6.783596     -24.427780
     -69.731873       4.147024      13.830836      86.529816      20.960283      37.542496     134.687042     -72.073067     231.468414     -11.522022     -17.787649       7.137131      -0.817442     -20.033077      -0.180719     -24.799908     -20.318344     -47.570900     -14.489210     -24.105534     -22.483591      91.196510       3.064539     -83.006828     -43.926407     -40.190166      36.653919     359.711304      81.014252    -359.756104     -14.291638       0.154610      -2.302589       2.965071       7.738126     -22.670090     -90.002945     -27.809532      89.994034     -83.680885       0.132063    -122.726776     -49.837124     -13.358287      18.184433    -180.045486     -46.697197    -180.100525      30.725924      -1.051097      -2.155528      -5.295779      13.152491      32.858540     -90.000664      -3.433802      89.995346     161.829773      24.540215     140.409393     266.069397      85.592171     -87.253586      -9.631171     -27.284575     -13.538583      52.957409      79.709473     131.869888      -4.966562       6.828891       3.806119     -26.965622      49.206448     -83.032448     -88.885757     -22.558804      89.778694      -1.909339     -14.646196      11.663302     -63.149574     -82.846405     102.393333       5.516750      -6.765632     -24.536587
     -69.732010       4.147259      13.831178      86.539124      20.964590      37.532227     134.807388     -72.028809     231.583908     -11.516809     -17.798195       7.124941      -0.758764     -20.035839      -0.195747     -24.796846     -20.345316     -47.560963     -14.505569     -24.121698     -22.444258      91.198601       3.065911     -83.005577     -44.018585     -40.235809      36.635876     359.711884      80.996483    -359.756683     -14.300668       0.155109      -2.302588       3.003633       7.760423     -22.596464     -90.002953     -27.842167      89.994026     -83.719551       0.127764    -122.799004     -49.910896     -13.415788      18.220219    -180.045502     -46.694344    -180.100525      30.784851      -1.054215      -2.154570      -5.294830      13.160070      32.771328     -90.000641      -3.410888      89.995361     161.825287      24.538128     140.399704     266.080322      85.600319     -87.259659      -9.624146     -27.298576     -13.517449      52.856964      79.718468     131.943512      -4.969310       6.828094       3.812169     -26.985506      49.254700     -83.022552     -88.891823     -22.558001      89.779945      -1.945442     -14.624680      11.690139     -63.066853     -82.834724     102.483200       5.533940      -6.747557     -24.644199
     -69.732040       4.147399      13.831638      86.549637      20.967091      37.522488     134.925140     -71.985504     231.696899     -11.511262     -17.808477       7.112976      -0.699750     -20.038651      -0.211210     -24.793213     -20.371824     -47.551174     -14.521405     -24.138182     -22.404343      91.201523       3.066898     -83.004059     -44.110569     -40.280628      36.615971     359.712524      80.979530    -359.757324     -14.308125       0.155526      -2.302580       3.036523       7.781753     -22.523123     -90.002953     -27.874273      89.994019     -83.757965       0.123529    -122.870079     -49.983883     -13.472610      18.255445    -180.045502     -46.691650    -180.100555      30.844076      -1.057368      -2.153584      -5.294082      13.167547      32.684021     -90.000641      -3.388379      89.995361     161.818939      24.535166     140.390976     266.081848      85.608215     -87.259270      -9.615819     -27.311110     -13.494987      52.757008      79.727440     132.016754      -4.972053       6.827306       3.818194     -27.004057      49.306347     -83.012985     -88.894234     -22.556765      89.780464      -1.980469     -14.603346      11.717252     -62.977959     -82.822792     102.579773       5.551208      -6.729391     -24.750288
     -69.732010       4.147495      13.832153      86.560783      20.968760      37.512989     135.040833     -71.942741     231.807938     -11.505600     -17.818588       7.101180      -0.640633     -20.041481      -0.226794     -24.789251     -20.398178     -47.541424     -14.536832     -24.154860     -22.364132      91.204872       3.067699     -83.002403     -44.202160     -40.324924      36.595055     359.713104      80.963165    -359.757904     -14.314955       0.155906      -2.302591       3.067369       7.802578     -22.450693     -90.002968     -27.905834      89.994011     -83.796104       0.119321    -122.939987     -50.056019     -13.528626      18.290073    -180.045517     -46.688972    -180.100571      30.903433      -1.060524      -2.152620      -5.293484      13.174951      32.596260     -90.000641      -3.366245      89.995346     161.811676      24.531715     140.382690     266.080078      85.616104     -87.256561      -9.606926     -27.323328     -13.472302      52.657536      79.736374     132.089691      -4.974776       6.826509       3.824214     -27.022142      49.358425     -83.003395     -88.895004     -22.555161      89.780647      -2.015554     -14.581976      11.744098     -62.900307     -82.811417     102.664345       5.568490      -6.711134     -24.854797
     -69.731956       4.147569      13.832704      86.572311      20.969933      37.503643     135.154709     -71.900391     231.917160     -11.499932     -17.828564       7.089558      -0.581562     -20.044338      -0.242467     -24.785116     -20.424494     -47.531670     -14.551949     -24.171644     -22.323776      91.208534       3.068407     -83.000633     -44.293331     -40.368740      36.573338     359.713684      80.947189    -359.758453     -14.321163       0.156245      -2.302591       3.096441       7.823039     -22.379065     -90.002960     -27.936848      89.994011     -83.833908       0.115172    -123.008743     -50.127300     -13.583725      18.324070    -180.045532     -46.686146    -180.100586      30.962831      -1.063658      -2.151644      -5.293070      13.182251      32.508141     -90.000671      -3.344481      89.995338     161.803848      24.527945     140.374695     266.076263      85.623985     -87.252403      -9.597789     -27.335365     -13.449562      52.558586      79.745262     132.162262      -4.977473       6.825722       3.830180     -27.040051      49.409946     -82.993721     -88.895332     -22.553286      89.780716      -2.050956     -14.560321      11.770412     -62.836441     -82.800751     102.734161       5.585800      -6.692770     -24.957773
     -69.730011       4.146287      13.835155      86.605736      20.941280      37.502186     135.244080     -71.873550     232.003281     -11.487151     -17.835684       7.079396      -0.513798     -20.047209      -0.264484     -24.773590     -20.443357     -47.524605     -14.563322     -24.192377     -22.275963      91.215012       3.067436     -82.998413     -44.386208     -40.408104      36.542938     359.714172      80.936699    -359.758942     -14.325403       0.156486      -2.302571       3.131522       7.829398     -22.286718     -90.002960     -27.967342      89.994041     -83.871346       0.110748    -123.075706     -50.196457     -13.642827      18.358906    -180.045578     -46.688602    -180.100677      31.025335      -1.066983      -2.150634      -5.292373      13.189575      32.421741     -90.000664      -3.323081      89.995323     161.730301      24.533981     140.389694     265.775421      85.619125     -87.042999      -9.555675     -27.309547     -13.384491      52.463428      79.754715     132.233658      -4.979934       6.824644       3.838745     -27.036388      49.508198     -82.988861     -88.843376     -22.540611      89.770187      -2.075350     -14.542115      11.805127     -62.631763     -82.782997     102.955765       5.603668      -6.674646     -25.058790
     -69.730209       4.146449      13.835540      86.616348      20.946600      37.492233     135.357361     -71.829109     232.112640     -11.481344     -17.846247       7.069056      -0.453347     -20.049870      -0.277106     -24.769333     -20.472067     -47.514042     -14.577429     -24.209188     -22.235966      91.219116       3.068156     -82.996246     -44.476444     -40.453384      36.517242     359.714630      80.924255    -359.759369     -14.330847       0.156799      -2.302585       3.155486       7.849433     -22.221956     -90.002975     -27.997353      89.994026     -83.909225       0.105844    -123.142960     -50.263973     -13.697865      18.392420    -180.045593     -46.687634    -180.100708      31.085512      -1.070174      -2.149648      -5.288766      13.198901      32.332413     -90.000656      -3.302023      89.995323     161.755157      24.506754     140.374207     265.927277      85.634895     -87.146095      -9.563678     -27.334158     -13.379660      52.362095      79.762932     132.306305      -4.982908       6.824100       3.842212     -27.058926      49.520306     -82.976509     -88.873230     -22.536863      89.776215      -2.120205     -14.519683      11.824277     -62.733032     -82.780807     102.847694       5.620078      -6.656235     -25.156652
     -69.730949       4.147114      13.835291      86.619293      20.959974      37.479828     135.473694     -71.781891     232.223969     -11.479014     -17.856857       7.057585      -0.398123     -20.052515      -0.289294     -24.768723     -20.503220     -47.502541     -14.593429     -24.224104     -22.199421      91.222359       3.069695     -82.994278     -44.565269     -40.498886      36.496120     359.715149      80.907364    -359.759918     -14.336690       0.157115      -2.302594       3.175501       7.875338     -22.160702     -90.002983     -28.026852      89.994003     -83.946205       0.101824    -123.208664     -50.332031     -13.748870      18.423973    -180.045578     -46.682396    -180.100693      31.143692      -1.073273      -2.148671      -5.284575      13.208741      32.240925     -90.000664      -3.281350      89.995316     161.761246      24.507961     140.359863     265.999359      85.646362     -87.194389      -9.563666     -27.360762     -13.372123      52.263687      79.771584     132.378372      -4.985513       6.823433       3.847254     -27.086226      49.551502     -82.964233     -88.886734     -22.537945      89.778976      -2.162549     -14.497536      11.847113     -62.799122     -82.776634     102.777534       5.637215      -6.637573     -25.254889
     -69.731293       4.147511      13.835421      86.626335      20.967163      37.468777     135.585831     -71.737617     232.331207     -11.475739     -17.866768       7.046055      -0.342220     -20.055489      -0.304192     -24.766731     -20.531685     -47.491951     -14.608842     -24.239864     -22.161077      91.226776       3.070803     -82.992043     -44.654289     -40.541943      36.473770     359.715729      80.890381    -359.760529     -14.341146       0.157355      -2.302604       3.196181       7.898149     -22.095324     -90.002991     -28.055864      89.993988     -83.982529       0.098501    -123.273018     -50.400368     -13.798806      18.454794    -180.045563     -46.676544    -180.100677      31.202148      -1.076365      -2.147673      -5.280449      13.218447      32.149948     -90.000664      -3.260997      89.995323     161.760483      24.506876     140.348495     266.030121      85.655785     -87.214134      -9.558708     -27.379023     -13.356253      52.166153      79.780258     132.449844      -4.988135       6.822711       3.852746     -27.108887      49.597832     -82.953323     -88.892113     -22.538345      89.780075      -2.199786     -14.474163      11.870527     -62.782040     -82.768387     102.796982       5.654679      -6.618672     -25.352730
     -69.731422       4.147726      13.835785      86.635803      20.970911      37.458698     135.695221     -71.695038     232.435852     -11.471791     -17.876286       7.034743      -0.285652     -20.058651      -0.320283     -24.763643     -20.558825     -47.481823     -14.623537     -24.256277     -22.121483      91.231995       3.071566     -82.989586     -44.743229     -40.583630      36.449818     359.716370      80.874168    -359.761108     -14.344501       0.157537      -2.302610       3.216874       7.918815     -22.029119     -90.002991     -28.084387      89.993996     -84.018486       0.095395    -123.336319     -50.468330     -13.848166      18.485119    -180.045563     -46.670811    -180.100693      31.261021      -1.079464      -2.146691      -5.276361      13.228057      32.059383     -90.000664      -3.240987      89.995316     161.755905      24.504353     140.338989     266.039978      85.664223     -87.219360      -9.551240     -27.393244     -13.336699      52.069233      79.788925     132.520905      -4.990726       6.821984       3.858160     -27.128716      49.649067     -82.943253     -88.894318     -22.537912      89.780548      -2.234415     -14.450607      11.894321     -62.729851     -82.758453     102.854279       5.672284      -6.599675     -25.449333
     -69.731438       4.147848      13.836270      86.646492      20.972998      37.449177     135.802597     -71.653374     232.538651     -11.467518     -17.885597       7.023627      -0.228747     -20.061871      -0.336819     -24.759909     -20.585423     -47.471840     -14.637671     -24.273064     -22.081223      91.237679       3.072199     -82.986977     -44.831894     -40.624599      36.424736     359.716919      80.858643    -359.761658     -14.347110       0.157697      -2.302609       3.236822       7.938550     -21.963596     -90.002991     -28.112419      89.993988     -84.054161       0.092317    -123.398598     -50.535549     -13.896899      18.515009    -180.045578     -46.665199    -180.100708      31.320168      -1.082591      -2.145705      -5.272224      13.237696      31.968790     -90.000664      -3.221317      89.995308     161.749329      24.501036     140.330521     266.041382      85.672363     -87.218819      -9.542701     -27.406164     -13.316029      51.973011      79.797592     132.591522      -4.993290       6.821267       3.863558     -27.147232      49.701283     -82.933495     -88.895264     -22.537247      89.780754      -2.266847     -14.425988      11.917428     -62.671970     -82.748070     102.917786       5.678267      -6.574939     -25.546244
     -69.731445       4.148011      13.836742      86.656708      20.974558      37.440048     135.910431     -71.614960     232.643234     -11.463629     -17.896961       7.009324      -0.173938     -20.064440      -0.351777     -24.755514     -20.611547     -47.462051     -14.651322     -24.289968     -22.040775      91.244141       3.072830     -82.984024     -44.920437     -40.664989      36.398548     359.717499      80.843704    -359.762238     -14.349029       0.157812      -2.302610       3.255877       7.957546     -21.898382     -90.002991     -28.139996      89.993988     -84.089409       0.089176    -123.459549     -50.601784     -13.944868      18.544384    -180.045578     -46.659966    -180.100723      31.379498      -1.085753      -2.144706      -5.267990      13.247381      31.878012     -90.000656      -3.201980      89.995308     161.742737      24.497747     140.322418     266.039429      85.680138     -87.215973      -9.533654     -27.417847     -13.294354      51.877098      79.806168     132.661819      -4.995860       6.820557       3.868857     -27.165106      49.752842     -82.923851     -88.895531     -22.536663      89.780807      -2.299257     -14.401514      11.940619     -62.628532     -82.738579     102.965729       5.682964      -6.549484     -25.641659
     -69.731514       4.148264      13.837035      86.664772      20.976574      37.430527     136.018631     -71.579437     232.749344     -11.461013     -17.911137       6.990833      -0.121885     -20.066101      -0.364275     -24.750448     -20.637144     -47.452454     -14.664594     -24.306818     -22.000525      91.251541       3.073293     -82.980736     -45.008404     -40.704651      36.371323     359.718018      80.829376    -359.762787     -14.349922       0.157865      -2.302605       3.274668       7.974877     -21.831970     -90.002998     -28.167091      89.993996     -84.124283       0.085990    -123.519341     -50.666996     -13.992220      18.573378    -180.045593     -46.655365    -180.100769      31.439095      -1.088905      -2.143690      -5.263710      13.257081      31.787092     -90.000664      -3.182953      89.995300     161.738632      24.495661     140.313324     266.036499      85.686905     -87.212585      -9.524042     -27.426231     -13.270025      51.780689      79.814537     132.731842      -4.998517       6.819899       3.873730     -27.186003      49.817123     -82.911430     -88.859718     -22.535582      89.773460      -2.338125     -14.388169      11.969623     -62.747055     -82.737305     102.838890       5.686550      -6.524349     -25.732319
     -69.731567       4.148569      13.837410      86.673904      20.977911      37.421886     136.127731     -71.548393     232.858475     -11.458405     -17.927649       6.969076      -0.072038     -20.067047      -0.374930     -24.744678     -20.662134     -47.443069     -14.677484     -24.323681     -21.960321      91.259529       3.073791     -82.977203     -45.095909     -40.743679      36.343590     359.718536      80.815514    -359.763275     -14.350340       0.157896      -2.302610       3.292025       7.992287     -21.767242     -90.002998     -28.193745      89.993988     -84.158684       0.082899    -123.577888     -50.731396     -14.038704      18.602091    -180.045609     -46.651047    -180.100784      31.498848      -1.092062      -2.142668      -5.259367      13.266791      31.695913     -90.000664      -3.164248      89.995316     161.732437      24.492514     140.305466     266.032928      85.693680     -87.208794      -9.514469     -27.435389     -13.246799      51.684883      79.822914     132.801590      -5.001101       6.819251       3.878373     -27.203415      49.849640     -82.901390     -88.880875     -22.534821      89.777779      -2.373796     -14.359011      11.987434     -62.748661     -82.730110     102.838173       5.689772      -6.497686     -25.825836
     -69.730179       4.147956      13.839145      86.698151      20.955662      37.420242     136.223740     -71.537628     232.959229     -11.451572     -17.947931       6.939572      -0.020977     -20.066145      -0.385837     -24.731602     -20.679955     -47.436348     -14.686891     -24.343575     -21.914385      91.270996       3.073091     -82.972771     -45.184978     -40.778694      36.308174     359.718964      80.806564    -359.763672     -14.348988       0.157823      -2.302591       3.314908       7.997550     -21.683628     -90.003006     -28.219954      89.993988     -84.192497       0.079454    -123.634514     -50.793579     -14.088656      18.631842    -180.045654     -46.652462    -180.100876      31.561573      -1.095385      -2.141634      -5.255659      13.275939      31.606779     -90.000679      -3.145856      89.995300     161.662659      24.508369     140.318771     265.735901      85.686630     -87.001503      -9.472586     -27.408970     -13.183237      51.592670      79.831879     132.870483      -5.003415       6.818308       3.885791     -27.201952      49.908909     -82.896355     -88.889412     -22.527615      89.779556      -2.396821     -14.326523      12.006879     -62.553535     -82.713196     103.049805       5.692764      -6.470364     -25.919281
     -69.730042       4.148055      13.839684      86.708786      20.952873      37.413452     136.328964     -71.516106     233.068130     -11.449372     -17.969505       6.911097       0.026264     -20.065081      -0.390934     -24.722654     -20.703579     -47.427551     -14.697924     -24.361000     -21.873468      91.280983       3.073069     -82.968506     -45.271637     -40.817150      36.275032     359.719360      80.797371    -359.764069     -14.347475       0.157741      -2.302596       3.330769       8.009633     -21.616724     -90.003006     -28.245716      89.993980     -84.226601       0.075772    -123.691254     -50.854485     -14.136509      18.660969    -180.045685     -46.652428    -180.100922      31.623110      -1.098639      -2.140592      -5.251312      13.285607      31.515909     -90.000671      -3.127768      89.995277     161.697098      24.468443     140.304489     265.889465      85.700699     -87.106522      -9.479045     -27.419306     -13.167257      51.492569      79.838959     132.939484      -5.006808       6.817964       3.887614     -27.214952      49.956409     -82.887619     -88.893150     -22.525509      89.780350      -2.426269     -14.301684      12.029350     -62.502625     -82.703468     103.105934       5.695306      -6.443383     -26.009003
     -69.731087       4.148879      13.839046      86.705215      20.969492      37.401978     136.444061     -71.483047     233.184906     -11.452119     -17.990396       6.885157       0.068487     -20.064560      -0.393210     -24.718962     -20.732613     -47.416752     -14.711379     -24.375719     -21.837826      91.289566       3.073587     -82.964523     -45.355465     -40.857510      36.246044     359.719818      80.784821    -359.764496     -14.346328       0.157683      -2.302604       3.342742       8.027211     -21.555843     -90.002998     -28.271053      89.993973     -84.260361       0.072606    -123.747589     -50.915398     -14.180525      18.688375    -180.045670     -46.648335    -180.100922      31.682468      -1.101777      -2.139591      -5.246274      13.295836      31.422750     -90.000671      -3.110000      89.995293     161.708328      24.475100     140.289902     265.961487      85.708267     -87.155724      -9.478507     -27.435413     -13.154194      51.394939      79.846848     133.009171      -5.009315       6.817644       3.889303     -27.241405      49.994404     -82.876381     -88.894547     -22.529436      89.780624      -2.463377     -14.281248      12.052362     -62.591675     -82.700783     103.010765       5.697556      -6.416491     -26.096169
     -69.731758       4.149536      13.838711      86.705788      20.979197      37.391415     136.552673     -71.455528     233.295654     -11.453917     -18.011528       6.857348       0.109227     -20.063826      -0.397146     -24.714273     -20.759417     -47.406731     -14.724522     -24.390841     -21.801241      91.299217       3.074057     -82.960251     -45.439297     -40.895725      36.216679     359.720306      80.771515    -359.764984     -14.344323       0.157565      -2.302611       3.354964       8.043389     -21.491653     -90.003006     -28.295979      89.993965     -84.293137       0.070112    -123.802162     -50.976543     -14.223035      18.714907    -180.045654     -46.643227    -180.100922      31.741713      -1.104885      -2.138579      -5.241258      13.306015      31.329508     -90.000671      -3.092525      89.995300     161.712982      24.478645     140.277435     265.992645      85.714012     -87.176460      -9.472631     -27.445063     -13.133273      51.298855      79.854675     133.077805      -5.011985       6.817165       3.892436     -27.264727      50.041656     -82.864815     -88.895180     -22.532820      89.780746      -2.499093     -14.256846      12.073074     -62.650307     -82.696663     102.948456       5.699738      -6.389116     -26.183067
     -69.732201       4.150024      13.838603      86.708549      20.985216      37.382011     136.659500     -71.431679     233.405655     -11.455275     -18.033493       6.827831       0.149123     -20.062891      -0.401240     -24.708113     -20.784405     -47.397320     -14.736918     -24.406517     -21.763557      91.309914       3.074423     -82.955643     -45.523117     -40.932564      36.185829     359.720764      80.759018    -359.765442     -14.341358       0.157396      -2.302618       3.367707       8.057597     -21.426634     -90.002998     -28.320473      89.993980     -84.325394       0.067863    -123.855606     -51.037331     -14.265047      18.741123    -180.045654     -46.638496    -180.100922      31.801413      -1.108039      -2.137535      -5.236328      13.316088      31.236685     -90.000664      -3.075334      89.995300     161.714478      24.480276     140.266846     266.004791      85.718864     -87.184052      -9.464297     -27.450874     -13.108727      51.203148      79.862480     133.146088      -5.014677       6.816684       3.895617     -27.284750      50.091972     -82.854187     -88.895424     -22.535357      89.780785      -2.532032     -14.231794      12.093745     -62.668720     -82.690544     102.929596       5.701922      -6.361506     -26.268906
     -69.732567       4.150422      13.838508      86.711304      20.989779      37.372684     136.763809     -71.409431     233.513382     -11.456848     -18.056126       6.797199       0.188191     -20.061670      -0.404688     -24.701046     -20.808584     -47.388218     -14.748747     -24.422440     -21.725420      91.321129       3.074697     -82.950844     -45.606449     -40.968723      36.153912     359.721222      80.747459    -359.765869     -14.337679       0.157188      -2.302620       3.381360       8.069796     -21.360653     -90.003006     -28.344564      89.993965     -84.357338       0.065629    -123.908142     -51.097355     -14.306736      18.767086    -180.045670     -46.634384    -180.100937      31.861467      -1.111212      -2.136508      -5.231356      13.326165      31.144064     -90.000671      -3.058438      89.995285     161.716217      24.481640     140.256302     266.008423      85.722870     -87.185791      -9.454578     -27.453371     -13.081285      51.107285      79.870110     133.213959      -5.017423       6.816236       3.898540     -27.306250      50.156628     -82.841286     -88.860069     -22.536564      89.773529      -2.569520     -14.217684      12.120475     -62.811108     -82.690750     102.776817       5.703821      -6.334678     -26.350271
     -69.732841       4.150764      13.838604      86.716393      20.992588      37.364498     136.867172     -71.390541     233.621536     -11.457636     -18.079533       6.765526       0.226361     -20.060165      -0.407475     -24.693281     -20.832258     -47.379299     -14.760090     -24.438540     -21.687006      91.332695       3.075145     -82.945892     -45.689514     -41.004513      36.121273     359.721649      80.736595    -359.766266     -14.333756       0.156983      -2.302624       3.393661       8.082191     -21.296482     -90.003006     -28.368242      89.993958     -84.388832       0.063422    -123.959572     -51.156612     -14.347801      18.792797    -180.045685     -46.630547    -180.100967      31.921671      -1.114397      -2.135460      -5.226317      13.336259      31.051331     -90.000671      -3.041812      89.995270     161.714569      24.481049     140.247620     266.008057      85.727150     -87.184708      -9.444651     -27.457123     -13.055204      51.012344      79.877808     133.281509      -5.020095       6.815778       3.901423     -27.323320      50.190704     -82.831100     -88.880920     -22.537474      89.777779      -2.602644     -14.187806      12.136456     -62.820721     -82.684242     102.767410       5.706055      -6.306580     -26.434231
     -69.733101       4.151048      13.838710      86.720963      20.995010      37.356758     136.969696     -71.373207     233.729401     -11.458844     -18.103510       6.732841       0.263395     -20.058422      -0.409511     -24.684980     -20.855591     -47.370518     -14.771046     -24.454721     -21.648518      91.344704       3.075675     -82.940727     -45.772274     -41.040123      36.087654     359.722015      80.726570    -359.766663     -14.329177       0.156729      -2.302631       3.405421       8.094050     -21.233744     -90.003014     -28.391529      89.993958     -84.419960       0.061191    -124.010063     -51.214943     -14.388429      18.818203    -180.045685     -46.627121    -180.100998      31.982058      -1.117579      -2.134408      -5.221246      13.346347      30.958458     -90.000671      -3.025468      89.995247     161.713440      24.480600     140.239227     266.006226      85.731575     -87.182587      -9.433948     -27.460945     -13.028790      50.917480      79.885399     133.348831      -5.022789       6.815310       3.904484     -27.338907      50.237709     -82.821953     -88.889748     -22.538912      89.779617      -2.630691     -14.160840      12.155886     -62.770996     -82.674797     102.822067       5.708403      -6.278509     -26.516598
     -69.733368       4.151320      13.838781      86.725044      20.997511      37.349064     137.070786     -71.356895     233.836090     -11.460359     -18.127888       6.699568       0.299388     -20.056458      -0.410753     -24.676470     -20.878933     -47.361721     -14.781738     -24.470827     -21.610195      91.357224       3.076184     -82.935364     -45.854465     -41.075455      36.052982     359.722382      80.717232    -359.767029     -14.323865       0.156431      -2.302637       3.415675       8.105227     -21.170631     -90.003006     -28.414415      89.993958     -84.450752       0.058968    -124.059647     -51.272396     -14.428527      18.843235    -180.045700     -46.623898    -180.101028      32.042488      -1.120774      -2.133354      -5.216090      13.356480      30.865307     -90.000671      -3.009391      89.995262     161.713089      24.480333     140.230698     266.004578      85.735657     -87.180580      -9.423129     -27.463743     -13.001715      50.822842      79.892891     133.415710      -5.025500       6.814865       3.907350     -27.354597      50.289021     -82.812683     -88.893234     -22.540609      89.780334      -2.658279     -14.134739      12.175978     -62.728779     -82.665787     102.868675       5.710785      -6.250508     -26.597132
     -69.732704       4.150984      13.839753      86.739075      20.984932      37.346149     137.164948     -71.353340     233.938950     -11.459242     -18.154522       6.661520       0.336895     -20.053347      -0.412091     -24.663303     -20.897877     -47.354584     -14.790057     -24.488899     -21.568159      91.371834       3.076111     -82.929466     -45.937618     -41.108398      36.013264     359.722656      80.711067    -359.767273     -14.318081       0.156114      -2.302621       3.427377       8.109009     -21.094574     -90.003014     -28.436903      89.993980     -84.481094       0.056474    -124.107826     -51.328030     -14.470739      18.868870    -180.045746     -46.624355    -180.101089      32.104820      -1.124057      -2.132272      -5.211339      13.366230      30.773506     -90.000687      -2.993585      89.995239     161.648163      24.510815     140.241013     265.718964      85.725975     -86.981331      -9.382105     -27.439220     -12.942039      50.733101      79.901329     133.482086      -5.027684       6.814050       3.913415     -27.358192      50.349453     -82.806572     -88.894608     -22.537544      89.780640      -2.680819     -14.104881      12.194855     -62.608463     -82.652908     102.999725       5.713278      -6.222341     -26.676662
     -69.733162       4.151315      13.839666      86.741516      20.989866      37.338020     137.263290     -71.337852     234.043640     -11.461393     -18.179920       6.627560       0.371293     -20.050812      -0.410173     -24.654654     -20.922403     -47.345379     -14.800294     -24.504585     -21.530941      91.384499       3.076850     -82.923943     -46.018562     -41.144428      35.976856     359.722931      80.703545    -359.767548     -14.312543       0.155817      -2.302630       3.434129       8.119941     -21.033072     -90.003021     -28.459045      89.993965     -84.511505       0.053991    -124.156052     -51.382954     -14.510384      18.893539    -180.045746     -46.622330    -180.101105      32.165539      -1.127250      -2.131215      -5.205954      13.376467      30.679918     -90.000687      -2.978051      89.995232     161.683411      24.485231     140.224548     265.870667      85.736916     -87.085938      -9.388131     -27.450272     -12.928115      50.636795      79.908035     133.548096      -5.030940       6.813780       3.914453     -27.375900      50.396954     -82.796440     -88.895279     -22.539167      89.780777      -2.710189     -14.080745      12.215254     -62.622150     -82.646797     102.985970       5.715678      -6.194717     -26.753044
     -69.733536       4.151541      13.839608      86.743492      20.993668      37.330246     137.359558     -71.323708     234.146149     -11.464041     -18.204927       6.593289       0.404363     -20.048250      -0.408905     -24.646160     -20.946739     -47.336231     -14.810537     -24.520193     -21.493853      91.398438       3.077070     -82.918098     -46.098705     -41.179016      35.938915     359.723236      80.695747    -359.767883     -14.305360       0.155420      -2.302627       3.442997       8.126986     -20.965750     -90.003021     -28.480801      89.993958     -84.541306       0.051826    -124.203178     -51.437382     -14.549087      18.917374    -180.045761     -46.619625    -180.101135      32.226013      -1.130430      -2.130152      -5.200541      13.386744      30.585733     -90.000687      -2.962771      89.995232     161.703568      24.472391     140.212067     265.941589      85.743011     -87.134666      -9.385907     -27.450006     -12.902679      50.539528      79.914711     133.614044      -5.033886       6.813727       3.913762     -27.392908      50.477257     -82.786270     -88.842354     -22.539904      89.770020      -2.739119     -14.067689      12.246078     -62.684811     -82.642929     102.919273       5.718231      -6.167861     -26.826082
     -69.734283       4.152087      13.839189      86.743279      21.002518      37.320381     137.455627     -71.306335     234.247787     -11.466928     -18.229414       6.560589       0.435796     -20.046064      -0.407007     -24.639217     -20.972698     -47.326439     -14.821376     -24.535002     -21.458319      91.411972       3.077679     -82.912285     -46.177700     -41.213955      35.902290     359.723602      80.686951    -359.768219     -14.298408       0.155039      -2.302646       3.449478       8.136896     -20.903811     -90.003029     -28.502203      89.993958     -84.570732       0.049951    -124.249641     -51.491623     -14.585917      18.940371    -180.045761     -46.615261    -180.101135      32.285698      -1.133568      -2.129102      -5.194927      13.397166      30.490873     -90.000679      -2.947756      89.995232     161.710190      24.475481     140.199631     265.972534      85.746315     -87.155792      -9.379343     -27.453554     -12.879365      50.445061      79.921867     133.679916      -5.036501       6.813517       3.914276     -27.417021      50.496403     -82.772163     -88.872833     -22.542736      89.776123      -2.779268     -14.038837      12.256619     -62.849003     -82.644844     102.742661       5.720419      -6.140224     -26.899317
     -69.734772       4.152429      13.839068      86.745270      21.007568      37.312271     137.550369     -71.292450     234.348877     -11.469418     -18.253834       6.527020       0.466664     -20.043837      -0.406150     -24.631355     -20.997234     -47.317150     -14.831715     -24.550236     -21.421892      91.425850       3.078551     -82.906342     -46.256870     -41.247971      35.865215     359.723877      80.678314    -359.768494     -14.291287       0.154642      -2.302654       3.455222       8.146814     -20.842550     -90.003021     -28.523252      89.993950     -84.599525       0.048342    -124.294952     -51.545532     -14.622156      18.962877    -180.045761     -46.610806    -180.101151      32.345497      -1.136720      -2.128047      -5.189351      13.407510      30.396299     -90.000671      -2.932986      89.995232     161.712753      24.476820     140.189926     265.984772      85.749817     -87.163750      -9.370603     -27.456612     -12.854349      50.352123      79.929115     133.745224      -5.039135       6.813191       3.915947     -27.434332      50.537949     -82.762199     -88.886589     -22.545050      89.778946      -2.807559     -14.010139      12.272995     -62.838860     -82.637604     102.754570       5.723227      -6.112247     -26.972775
     -69.735168       4.152682      13.839022      86.747711      21.011099      37.304691     137.643875     -71.279999     234.448975     -11.471875     -18.278408       6.492869       0.497067     -20.041542      -0.405310     -24.622845     -21.021090     -47.308102     -14.841610     -24.565714     -21.384985      91.440208       3.079521     -82.900208     -46.335915     -41.281528      35.827209     359.724182      80.670357    -359.768799     -14.283569       0.154212      -2.302664       3.461096       8.155910     -20.782015     -90.003029     -28.543936      89.993942     -84.627953       0.046809    -124.339417     -51.598785     -14.658045      18.985025    -180.045761     -46.606636    -180.101166      32.405468      -1.139864      -2.126997      -5.183724      13.417808      30.302029     -90.000687      -2.918472      89.995232     161.714508      24.477680     140.180923     265.988434      85.753136     -87.165688      -9.360420     -27.458349     -12.827822      50.259403      79.936279     133.810226      -5.041780       6.812857       3.917777     -27.450138      50.588726     -82.752792     -88.891960     -22.547449      89.780060      -2.832786     -13.982886      12.291191     -62.797298     -82.628845     102.800400       5.726132      -6.084437     -27.044481
     -69.735527       4.152898      13.839005      86.750427      21.013889      37.297363     137.735916     -71.268517     234.547882     -11.474286     -18.303024       6.458487       0.526984     -20.039196      -0.404280     -24.614004     -21.044714     -47.299133     -14.851164     -24.581289     -21.347906      91.454918       3.080548     -82.893959     -46.414677     -41.314789      35.788403     359.724487      80.662941    -359.769104     -14.275435       0.153765      -2.302671       3.466636       8.164394     -20.721972     -90.003021     -28.564280      89.993950     -84.656036       0.045287    -124.383110     -51.651306     -14.693520      19.006838    -180.045776     -46.602646    -180.101181      32.465504      -1.143019      -2.125925      -5.178042      13.428109      30.207878     -90.000687      -2.904185      89.995239     161.715912      24.478214     140.172241     265.988831      85.756294     -87.165314      -9.349573     -27.459436     -12.800732      50.167065      79.943390     133.874802      -5.044448       6.812521       3.919579     -27.465454      50.641941     -82.743378     -88.894165     -22.549747      89.780540      -2.857621     -13.955968      12.309575     -62.761692     -82.620438     102.839867       5.729077      -6.056817     -27.114389
     -69.735870       4.153087      13.839005      86.753258      21.016310      37.290195     137.826614     -71.257767     234.645523     -11.476661     -18.327620       6.424027       0.556380     -20.036810      -0.403036     -24.604959     -21.068264     -47.290176     -14.860468     -24.596920     -21.310791      91.469849       3.081634     -82.887619     -46.493061     -41.347828      35.749023     359.724762      80.655945    -359.769348     -14.266998       0.153302      -2.302680       3.471624       8.172508     -20.662102     -90.003036     -28.584274      89.993935     -84.683784       0.043771    -124.426010     -51.703068     -14.728498      19.028315    -180.045776     -46.598717    -180.101196      32.525562      -1.146171      -2.124839      -5.172319      13.438418      30.113573     -90.000694      -2.890152      89.995232     161.717148      24.478556     140.163742     265.987701      85.759308     -87.163918      -9.338464     -27.460022     -12.773354      50.075066      79.950455     133.939072      -5.047100       6.812197       3.921268     -27.480564      50.695457     -82.733902     -88.895012     -22.551882      89.780701      -2.882557     -13.929156      12.327790     -62.737850     -82.612679     102.866631       5.732074      -6.029391     -27.182558
     -69.735474       4.152792      13.839688      86.763763      21.006468      37.286514     137.912033     -71.256691     234.739838     -11.477279     -18.353424       6.385970       0.587090     -20.033670      -0.402835     -24.593081     -21.088667     -47.282398     -14.868294     -24.613817     -21.271103      91.486572       3.082192     -82.880852     -46.571999     -41.378582      35.706310     359.725037      80.650398    -359.769623     -14.257401       0.152771      -2.302679       3.480779       8.174146     -20.589548     -90.003036     -28.603931      89.993965     -84.710922       0.042214    -124.467575     -51.753716     -14.764421      19.049818    -180.045792     -46.596577    -180.101227      32.586597      -1.149389      -2.123736      -5.166804      13.448545      30.019938     -90.000710      -2.876339      89.995209     161.635468      24.532295     140.177795     265.587830      85.745041     -86.884659      -9.288355     -27.426008     -12.699695      49.983929      79.957664     134.002899      -5.049348       6.811780       3.925005     -27.486822      50.757103     -82.726044     -88.895393     -22.550570      89.780777      -2.904508     -13.898155      12.344036     -62.665516     -82.602600     102.945831       5.735168      -6.001889     -27.249723
     -69.736061       4.153068      13.839474      86.762711      21.014101      37.279114     138.004074     -71.243484     234.839066     -11.480856     -18.378201       6.352201       0.615407     -20.031193      -0.399214     -24.583933     -21.113165     -47.273106     -14.877122     -24.629194     -21.234644      91.500404       3.083996     -82.874710     -46.649555     -41.412968      35.667011     359.725067      80.644775    -359.769684     -14.251150       0.152428      -2.302696       3.480640       8.185848     -20.535894     -90.003036     -28.623270      89.993958     -84.738441       0.040423    -124.509514     -51.803329     -14.799065      19.070993    -180.045807     -46.593716    -180.101257      32.646935      -1.152562      -2.122655      -5.160971      13.458875      29.925600     -90.000694      -2.862759      89.995209     161.674835      24.506346     140.159607     265.795380      85.756149     -87.028893      -9.296504     -27.447289     -12.700627      49.897305      79.965439     134.066681      -5.052012       6.811121       3.928336     -27.503702      50.832859     -82.717422     -88.843208     -22.552221      89.770195      -2.929055     -13.887174      12.375057     -62.714954     -82.598198     102.893417       5.738282      -5.976052     -27.311781
     -69.736755       4.153525      13.839097      86.762985      21.021164      37.269726     138.089111     -71.230331     234.930145     -11.483451     -18.401709       6.319861       0.642349     -20.028940      -0.396487     -24.576603     -21.139061     -47.263248     -14.886765     -24.643793     -21.199680      91.515015       3.085446     -82.868408     -46.726002     -41.446362      35.627876     359.725342      80.637367    -359.769928     -14.242680       0.151954      -2.302706       3.482841       8.194632     -20.476196     -90.003044     -28.642296      89.993950     -84.765266       0.039017    -124.550423     -51.852818     -14.831706      19.091036    -180.045776     -46.588638    -180.101257      32.706200      -1.155673      -2.121578      -5.154862      13.469460      29.829939     -90.000687      -2.849406      89.995186     161.700607      24.492811     140.143753     265.900055      85.763069     -87.101318      -9.298096     -27.452944     -12.682544      49.804119      79.971848     134.129776      -5.054895       6.811094       3.927357     -27.526810      50.854401     -82.702950     -88.873337     -22.555157      89.776222      -2.966055     -13.856904      12.383793     -62.876247     -82.600327     102.719734       5.740991      -5.949227     -27.374531
     -69.737152       4.153718      13.839082      86.765770      21.023928      37.262596     138.174774     -71.221031     235.022934     -11.485695     -18.425411       6.286245       0.669216     -20.026648      -0.394999     -24.568060     -21.163248     -47.254002     -14.895722     -24.659029     -21.163391      91.530746       3.086654     -82.861816     -46.802570     -41.478222      35.587036     359.725586      80.630508    -359.770203     -14.233259       0.151428      -2.302716       3.486019       8.201484     -20.416008     -90.003044     -28.660990      89.993950     -84.791466       0.037844    -124.590248     -51.901932     -14.864042      19.110643    -180.045792     -46.583691    -180.101273      32.765648      -1.158794      -2.120497      -5.148789      13.479936      29.734579     -90.000702      -2.836281      89.995186     161.713669      24.483845     140.133072     265.946808      85.767799     -87.133392      -9.293133     -27.453238     -12.658222      49.711952      79.978455     134.192734      -5.057569       6.811038       3.926593     -27.541887      50.897945     -82.693344     -88.886757     -22.557116      89.778969      -2.990481     -13.826891      12.398499     -62.855240     -82.592819     102.743347       5.744340      -5.922200     -27.437263
     -69.737480       4.153848      13.839112      86.768707      21.025747      37.255928     138.259705     -71.212654     235.115219     -11.488014     -18.449144       6.252305       0.695790     -20.024364      -0.393556     -24.559040     -21.186991     -47.244911     -14.904277     -24.674452     -21.126743      91.546791       3.087900     -82.855110     -46.878899     -41.509663      35.545433     359.725861      80.624237    -359.770447     -14.223544       0.150894      -2.302721       3.488975       8.207927     -20.356712     -90.003052     -28.679371      89.993935     -84.817360       0.036704    -124.629372     -51.950394     -14.896108      19.129934    -180.045807     -46.579010    -180.101288      32.825222      -1.161923      -2.119400      -5.142709      13.490350      29.639551     -90.000702      -2.823366      89.995193     161.720459      24.479321     140.124069     265.965393      85.771324     -87.145782      -9.284678     -27.452209     -12.631671      49.621082      79.985176     134.255295      -5.060189       6.810908       3.926581     -27.555775      50.949734     -82.684303     -88.892250     -22.559229      89.780121      -3.012130     -13.798449      12.415017     -62.808411     -82.584053     102.794922       5.747741      -5.895534     -27.498140
     -69.737846       4.153988      13.839102      86.771065      21.028109      37.249226     138.343857     -71.204124     235.206665     -11.490482     -18.472651       6.218647       0.721834     -20.022127      -0.391944     -24.550051     -21.210892     -47.235748     -14.912664     -24.689823     -21.090214      91.562843       3.089296     -82.848381     -46.954834     -41.541069      35.503662     359.726105      80.618240    -359.770721     -14.213697       0.150345      -2.302721       3.491387       8.214768     -20.299444     -90.003044     -28.697443      89.993935     -84.842941       0.035582    -124.667877     -51.998207     -14.927713      19.148870    -180.045807     -46.574287    -180.101303      32.884750      -1.165041      -2.118336      -5.136558      13.500788      29.544462     -90.000702      -2.810679      89.995193     161.723969      24.478403     140.115601     265.971802      85.774391     -87.149658      -9.274554     -27.452099     -12.605352      49.531002      79.991974     134.317703      -5.062754       6.810718       3.927094     -27.570024      51.003220     -82.675194     -88.894417     -22.561586      89.780563      -3.033790     -13.770718      12.431879     -62.775116     -82.576019     102.831909       5.751162      -5.869225     -27.557135
     -69.738228       4.154147      13.839058      86.773125      21.030787      37.242393     138.426758     -71.195557     235.296707     -11.492984     -18.495821       6.185389       0.747283     -20.019981      -0.390372     -24.541218     -21.234970     -47.226505     -14.920985     -24.705122     -21.053875      91.578857       3.090845     -82.841667     -47.030415     -41.572395      35.461948     359.726349      80.612221    -359.770935     -14.203870       0.149803      -2.302737       3.493053       8.221986     -20.243221     -90.003052     -28.715208      89.993927     -84.868172       0.034515    -124.705650     -52.045403     -14.958655      19.167385    -180.045807     -46.569279    -180.101318      32.944080      -1.168161      -2.117245      -5.130278      13.511290      29.449108     -90.000694      -2.798194      89.995193     161.726181      24.479084     140.107178     265.974091      85.777306     -87.150742      -9.263783     -27.452873     -12.579473      49.441856      79.998787     134.379745      -5.065308       6.810483       3.928039     -27.584829      51.057049     -82.665764     -88.895081     -22.564085      89.780708      -3.056021     -13.743135      12.448512     -62.760120     -82.568962     102.849060       5.754584      -5.843245     -27.614386
     -69.738586       4.154243      13.839022      86.774277      21.033478      37.235790     138.508926     -71.187019     235.385864     -11.495961     -18.518696       6.152155       0.772244     -20.017857      -0.388915     -24.532286     -21.258884     -47.217300     -14.929116     -24.720446     -21.017464      91.594978       3.092448     -82.834908     -47.105644     -41.603439      35.419933     359.726532      80.606422    -359.771118     -14.193853       0.149248      -2.302745       3.494510       8.228804     -20.186718     -90.003044     -28.732683      89.993927     -84.893066       0.033480    -124.742752     -52.091961     -14.989161      19.185482    -180.045807     -46.564232    -180.101318      33.003368      -1.171246      -2.116182      -5.123918      13.521781      29.353748     -90.000710      -2.785938      89.995186     161.729095      24.480673     140.098907     265.973846      85.780121     -87.149986      -9.252690     -27.452822     -12.552827      49.353050      80.005547     134.441422      -5.067868       6.810249       3.928991     -27.599489      51.139740     -82.656418     -88.844635     -22.565739      89.770462      -3.077644     -13.727751      12.476049     -62.793064     -82.564087     102.814384       5.758023      -5.818474     -27.668106
     -69.738380       4.154056      13.839534      86.783249      21.026346      37.231853     138.588287     -71.186424     235.474426     -11.496772     -18.543379       6.115576       0.799271     -20.015028      -0.387331     -24.520573     -21.280153     -47.209126     -14.935680     -24.736994     -20.978601      91.611961       3.093958     -82.827972     -47.181465     -41.633167      35.375645     359.726654      80.602180    -359.771240     -14.184743       0.148758      -2.302758       3.497493       8.232605     -20.122255     -90.003059     -28.749865      89.993927     -84.917549       0.032279    -124.778908     -52.137344     -15.020734      19.203955    -180.045837     -46.561256    -180.101364      33.063686      -1.174412      -2.115079      -5.117809      13.532045      29.259407     -90.000710      -2.773871      89.995171     161.665497      24.519901     140.107315     265.696442      85.769348     -86.956268      -9.212605     -27.432487     -12.500082      49.269684      80.013489     134.503433      -5.069661       6.809579       3.933670     -27.608875      51.171059     -82.646645     -88.874191     -22.564529      89.776405      -3.105056     -13.693330      12.483193     -62.839931     -82.560638     102.764488       5.761179      -5.792786     -27.722509
     -69.739128       4.154434      13.839196      86.782112      21.034781      37.223644     138.668365     -71.174538     235.560898     -11.499583     -18.565109       6.085178       0.822559     -20.013279      -0.384689     -24.513119     -21.306160     -47.199112     -14.944215     -24.751472     -20.943968      91.626518       3.096427     -82.821571     -47.255745     -41.665752      35.335686     359.726807      80.595863    -359.771393     -14.176521       0.148301      -2.302771       3.494964       8.244380     -20.072298     -90.003059     -28.766773      89.993927     -84.941978       0.031205    -124.815010     -52.182457     -15.049738      19.221319    -180.045822     -46.555450    -180.101364      33.122322      -1.177479      -2.113983      -5.111192      13.542686      29.163322     -90.000710      -2.762005      89.995178     161.698654      24.502420     140.090836     265.845276      85.779671     -87.059311      -9.218467     -27.448362     -12.492299      49.181591      80.019897     134.564194      -5.072538       6.809385       3.934138     -27.627481      51.210114     -82.636528     -88.887138     -22.568064      89.779068      -3.128404     -13.665350      12.497936     -62.855705     -82.555176     102.748306       5.764714      -5.767618     -27.775312
     -69.739761       4.154740      13.838928      86.781616      21.041191      37.215729     138.746735     -71.163910     235.645462     -11.502357     -18.586298       6.054671       0.845234     -20.011669      -0.383330     -24.505804     -21.331684     -47.189251     -14.952724     -24.766024     -20.909111      91.642128       3.098358     -82.814980     -47.329536     -41.696770      35.294785     359.727020      80.588898    -359.771606     -14.166862       0.147760      -2.302779       3.494852       8.252843     -20.016960     -90.003067     -28.783384      89.993919     -84.965790       0.030461    -124.850204     -52.227440     -15.077787      19.237873    -180.045807     -46.548714    -180.101364      33.180576      -1.180520      -2.112897      -5.104545      13.553338      29.066980     -90.000710      -2.750347      89.995171     161.716995      24.495417     140.078140     265.914886      85.785309     -87.107277      -9.216281     -27.452627     -12.472914      49.092644      80.026299     134.624847      -5.075107       6.809388       3.932958     -27.645025      51.260262     -82.626465     -88.892273     -22.572016      89.780121      -3.149757     -13.637043      12.513163     -62.850048     -82.548729     102.755302       5.768294      -5.742709     -27.826731
     -69.740257       4.154951      13.838786      86.782333      21.045450      37.208477     138.824402     -71.154778     235.729553     -11.504876     -18.607454       6.023711       0.867837     -20.010109      -0.382644     -24.497925     -21.356363     -47.179688     -14.960817     -24.780891     -20.873569      91.658340       3.100087     -82.808281     -47.403069     -41.726730      35.253132     359.727234      80.582161    -359.771820     -14.156693       0.147196      -2.302789       3.495273       8.260218     -19.961512     -90.003059     -28.799715      89.993919     -84.989166       0.029838    -124.884628     -52.272095     -15.105412      19.254044    -180.045792     -46.541920    -180.101364      33.238846      -1.183563      -2.111822      -5.097908      13.563908      28.971020     -90.000717      -2.738881      89.995163     161.726700      24.492823     140.067841     265.945099      85.788940     -87.127953      -9.209331     -27.453249     -12.449303      49.004875      80.032852     134.685287      -5.077571       6.809324       3.932329     -27.660851      51.314468     -82.616844     -88.894455     -22.575621      89.780556      -3.169676     -13.608538      12.528494     -62.831177     -82.541656     102.776596       5.771897      -5.718147     -27.876619
     -69.740685       4.155105      13.838717      86.783752      21.048489      37.201656     138.901230     -71.146614     235.813019     -11.507193     -18.628544       5.992587       0.890336     -20.008568      -0.382200     -24.489613     -21.380552     -47.170280     -14.968546     -24.795975     -20.837601      91.674698       3.101860     -82.801537     -47.476376     -41.756264      35.211140     359.727509      80.575813    -359.772064     -14.146347       0.146627      -2.302793       3.495654       8.267494     -19.907612     -90.003059     -28.815773      89.993919     -85.012207       0.029228    -124.918381     -52.316208     -15.132692      19.269951    -180.045807     -46.535225    -180.101379      33.297180      -1.186610      -2.110722      -5.091268      13.574438      28.875294     -90.000717      -2.727602      89.995163     161.731873      24.492302     140.058868     265.956360      85.791977     -87.135292      -9.199920     -27.453478     -12.424599      48.918045      80.039474     134.745453      -5.079998       6.809202       3.932272     -27.675673      51.369736     -82.607460     -88.895302     -22.578890      89.780739      -3.189000     -13.580063      12.543814     -62.812599     -82.534622     102.797615       5.775484      -5.693998     -27.924883
     -69.741074       4.155236      13.838686      86.785545      21.050955      37.195065     138.977173     -71.138977     235.895660     -11.509366     -18.649500       5.961524       0.912630     -20.007076      -0.381854     -24.481091     -21.404547     -47.160938     -14.975992     -24.811157     -20.801416      91.691071       3.103747     -82.794792     -47.549496     -41.785587      35.168995     359.727692      80.569687    -359.772278     -14.136061       0.146058      -2.302808       3.495626       8.275030     -19.854818     -90.003067     -28.831570      89.993912     -85.034897       0.028608    -124.951477     -52.359718     -15.159567      19.285589    -180.045807     -46.528561    -180.101379      33.355461      -1.189669      -2.109631      -5.084582      13.584963      28.779617     -90.000710      -2.716507      89.995163     161.734848      24.492727     140.050522     265.959961      85.794937     -87.137276      -9.189519     -27.454199     -12.399992      48.831978      80.046120     134.805359      -5.082408       6.809040       3.932607     -27.690102      51.424835     -82.598114     -88.895706     -22.581905      89.780807      -3.208182     -13.551618      12.558954     -62.799805     -82.527931     102.812363       5.779045      -5.670274     -27.971519
     -69.741455       4.155356      13.838665      86.787422      21.053240      37.188572     139.052185     -71.131592     235.977402     -11.511466     -18.670227       5.930686       0.934620     -20.005642      -0.381576     -24.472511     -21.428471     -47.151615     -14.983258     -24.826365     -20.765179      91.707382       3.105736     -82.788071     -47.622322     -41.814777      35.126854     359.727905      80.563759    -359.772491     -14.125773       0.145484      -2.302821       3.495287       8.282787     -19.803053     -90.003059     -28.847105      89.993927     -85.057289       0.027980    -124.983994     -52.402649     -15.186000      19.300951    -180.045807     -46.521812    -180.101410      33.413658      -1.192711      -2.108542      -5.077844      13.595492      28.683844     -90.000725      -2.705592      89.995155     161.736908      24.493656     140.042435     265.960449      85.797890     -87.137001      -9.178629     -27.455347     -12.375625      48.746429      80.052773     134.864975      -5.084791       6.808856       3.933083     -27.704384      51.479511     -82.588776     -88.895927     -22.584810      89.780861      -3.227284     -13.523172      12.573886     -62.793530     -82.521606     102.820053       5.782588      -5.646985     -28.016598
     -69.741936       4.155534      13.838485      86.787552      21.057226      37.181198     139.125565     -71.122581     236.056808     -11.514009     -18.690395       5.900739       0.955904     -20.004383      -0.381275     -24.464342     -21.452831     -47.142101     -14.990590     -24.841400     -20.729336      91.723541       3.107815     -82.781403     -47.694641     -41.844036      35.085045     359.728119      80.557724    -359.772705     -14.115489       0.144912      -2.302823       3.494603       8.290807     -19.751905     -90.003059     -28.862364      89.993919     -85.079391       0.027360    -125.015961     -52.445015     -15.211789      19.315886    -180.045807     -46.514748    -180.101410      33.471588      -1.195741      -2.107459      -5.070981      13.606073      28.587944     -90.000725      -2.694860      89.995155     161.739441      24.497814     140.033279     265.959656      85.800446     -87.135902      -9.167401     -27.456778     -12.351400      48.661278      80.059364     134.924301      -5.087176       6.808672       3.933663     -27.722849      51.545624     -82.576523     -88.863182     -22.587360      89.774124      -3.252736     -13.505827      12.594404     -62.925304     -82.522430     102.678177       5.785726      -5.625086     -28.058077
     -69.741661       4.155241      13.839118      86.796577      21.049259      37.178497     139.200119     -71.123901     236.140656     -11.514726     -18.712963       5.865809       0.979851     -20.002213      -0.381189     -24.452751     -21.473650     -47.133980     -14.996038     -24.857988     -20.690304      91.740685       3.110091     -82.774452     -47.768326     -41.872158      35.040749     359.728210      80.553703    -359.772797     -14.106099       0.144402      -2.302839       3.495908       8.297079     -19.696701     -90.003067     -28.877367      89.993927     -85.100960       0.026586    -125.046814     -52.486271     -15.238912      19.331291    -180.045822     -46.509987    -180.101440      33.530666      -1.198831      -2.106348      -5.064395      13.616360      28.493389     -90.000710      -2.684309      89.995140     161.674561      24.537388     140.043228     265.679443      85.791245     -86.939651      -9.126257     -27.441139     -12.302995      48.581215      80.067131     134.984360      -5.088815       6.808004       3.938585     -27.727749      51.589233     -82.570061     -88.882599     -22.586277      89.778099      -3.269800     -13.470508      12.604193     -62.874153     -82.513885     102.734398       5.789383      -5.602015     -28.101465
     -69.742477       4.155640      13.838709      86.794212      21.058788      37.170151     139.272034     -71.111732     236.218048     -11.517216     -18.731764       5.838897       0.999500     -20.001375      -0.380066     -24.445898     -21.499779     -47.123768     -15.003730     -24.872313     -20.655947      91.754890       3.113113     -82.768250     -47.840069     -41.903160      35.001492     359.728333      80.547081    -359.772919     -14.098232       0.143968      -2.302855       3.491195       8.310749     -19.651711     -90.003067     -28.892134      89.993927     -85.122665       0.025898    -125.077950     -52.527287     -15.263465      19.345598    -180.045822     -46.502308    -180.101440      33.587990      -1.201809      -2.105282      -5.057303      13.627023      28.396931     -90.000717      -2.673954      89.995140     161.707672      24.522165     140.026566     265.829163      85.801895     -87.043304      -9.132415     -27.459356     -12.298138      48.497097      80.073425     135.042679      -5.091540       6.807817       3.938987     -27.746895      51.633476     -82.559952     -88.890732     -22.590998      89.779778      -3.288876     -13.443132      12.618685     -62.885620     -82.508522     102.722832       5.792916      -5.579989     -28.142256
     -69.743179       4.155971      13.838383      86.792778      21.066101      37.162064     139.342316     -71.100899     236.293564     -11.519562     -18.750044       5.811851       1.018667     -20.000660      -0.380300     -24.439251     -21.525457     -47.113697     -15.011433     -24.886700     -20.621365      91.770195       3.115411     -82.761917     -47.911125     -41.932388      34.961418     359.728546      80.539680    -359.773163     -14.088829       0.143441      -2.302869       3.489331       8.320552     -19.600344     -90.003075     -28.906641      89.993919     -85.143730       0.025504    -125.108162     -52.568241     -15.287084      19.359112    -180.045792     -46.493614    -180.101440      33.644878      -1.204784      -2.104204      -5.050184      13.637706      28.300079     -90.000710      -2.663766      89.995148     161.726044      24.516909     140.013626     265.899323      85.807579     -87.091797      -9.130438     -27.464876     -12.280932      48.411896      80.079681     135.100952      -5.093948       6.807863       3.937514     -27.765154      51.685970     -82.549675     -88.893791     -22.595928      89.780396      -3.307128     -13.414568      12.632735     -62.890182     -82.502892     102.718735       5.796438      -5.558304     -28.181831
     -69.743729       4.156202      13.838200      86.792755      21.071053      37.154720     139.412216     -71.091690     236.369019     -11.521626     -18.768354       5.784225       1.037921     -19.999981      -0.381263     -24.431992     -21.550203     -47.103962     -15.018695     -24.901434     -20.586035      91.786118       3.117381     -82.755493     -47.981922     -41.960438      34.920631     359.728790      80.532440    -359.773376     -14.078943       0.142896      -2.302867       3.488259       8.329122     -19.548723     -90.003082     -28.920916      89.993912     -85.164352       0.025224    -125.137695     -52.608936     -15.310327      19.372297    -180.045776     -46.484859    -180.101440      33.701801      -1.207749      -2.103116      -5.043081      13.648325      28.203524     -90.000732      -2.653749      89.995132     161.735901      24.515562     140.003189     265.930206      85.811226     -87.112900      -9.123798     -27.466406     -12.259326      48.327885      80.086098     135.159012      -5.096248       6.807840       3.936525     -27.781462      51.741524     -82.539940     -88.895142     -22.600361      89.780670      -3.323972     -13.385569      12.646688     -62.879944     -82.496536     102.730652       5.799942      -5.537050     -28.220064
     -69.744186       4.156371      13.838105      86.793602      21.074596      37.147861     139.481567     -71.083496     236.444153     -11.523463     -18.786665       5.756336       1.057230     -19.999319      -0.382492     -24.424276     -21.574408     -47.094402     -15.025573     -24.916409     -20.550222      91.802162       3.119329     -82.749062     -48.052486     -41.987957      34.879566     359.729034      80.525520    -359.773621     -14.068967       0.142342      -2.302870       3.487286       8.337508     -19.498060     -90.003090     -28.934952      89.993912     -85.184654       0.024949    -125.166634     -52.649132     -15.333305      19.385277    -180.045776     -46.476265    -180.101440      33.758755      -1.210713      -2.102019      -5.035988      13.658880      28.107262     -90.000725      -2.643887      89.995132     161.741119      24.516100     139.994125     265.941437      85.814178     -87.120293      -9.114822     -27.467003     -12.236274      48.244762      80.092590     135.216843      -5.098507       6.807769       3.936029     -27.796606      51.797966     -82.530518     -88.895615     -22.604385      89.780769      -3.340071     -13.356569      12.660612     -62.866257     -82.490051     102.746338       5.803393      -5.516307     -28.256847
     -69.744606       4.156509      13.838057      86.794838      21.077501      37.141266     139.550156     -71.075836     236.518661     -11.525146     -18.804871       5.728477       1.076438     -19.998692      -0.383835     -24.416321     -21.598360     -47.084938     -15.032169     -24.931496     -20.514143      91.818161       3.121319     -82.742676     -48.122814     -42.015182      34.838459     359.729248      80.518806    -359.773834     -14.059100       0.141786      -2.302876       3.486057       8.345927     -19.448177     -90.003067     -28.948742      89.993927     -85.204659       0.024636    -125.195007     -52.688782     -15.355961      19.398071    -180.045776     -46.467720    -180.101440      33.815662      -1.213680      -2.100938      -5.028836      13.669414      28.011152     -90.000732      -2.634214      89.995117     161.744217      24.517403     139.985764     265.945068      85.816963     -87.122299      -9.104934     -27.467710     -12.213063      48.162415      80.099113     135.274399      -5.100734       6.807667       3.935858     -27.811216      51.854279     -82.521187     -88.895744     -22.608131      89.780777      -3.355882     -13.327607      12.674436     -62.855896     -82.483757     102.758423       5.806770      -5.496096     -28.292170
     -69.745018       4.156638      13.838017      86.796211      21.080202      37.134789     139.617920     -71.068436     236.592346     -11.526748     -18.822882       5.700818       1.095443     -19.998098      -0.385228     -24.408298     -21.622225     -47.075493     -15.038572     -24.946648     -20.477942      91.834122       3.123383     -82.736298     -48.192883     -42.042320      34.797348     359.729462      80.512314    -359.774048     -14.049207       0.141238      -2.302888       3.484563       8.354487     -19.399096     -90.003075     -28.962311      89.993927     -85.224373       0.024288    -125.222816     -52.727882     -15.378249      19.410620    -180.045776     -46.459141    -180.101440      33.872463      -1.216641      -2.099838      -5.021636      13.679945      27.915117     -90.000725      -2.624674      89.995117     161.746445      24.519070     139.977661     265.945709      85.819710     -87.122215      -9.094624     -27.468639     -12.189960      48.080574      80.105621     135.331726      -5.102931       6.807552       3.935819     -27.825661      51.910114     -82.511909     -88.895981     -22.611780      89.780815      -3.371577     -13.298627      12.688045     -62.850403     -82.477760     102.765213       5.810086      -5.476408     -28.326120
     -69.745529       4.156826      13.837824      86.795929      21.084574      37.127411     139.683975     -71.059364     236.663544     -11.528732     -18.840321       5.674134       1.113809     -19.997681      -0.386629     -24.400671     -21.646486     -47.065891     -15.045035     -24.961630     -20.442095      91.849838       3.125461     -82.730011     -48.262344     -42.069389      34.756645     359.729675      80.505653    -359.774261     -14.039371       0.140688      -2.302894       3.482892       8.363153     -19.350010     -90.003090     -28.975653      89.993919     -85.243851       0.023938    -125.250206     -52.766449     -15.399964      19.422796    -180.045761     -46.450279    -180.101456      33.929005      -1.219576      -2.098757      -5.014350      13.690488      27.818996     -90.000732      -2.615312      89.995117     161.749313      24.523720     139.968430     265.945496      85.821907     -87.121605      -9.084254     -27.469309     -12.166729      47.999073      80.112091     135.388794      -5.105134       6.807443       3.935765     -27.844284      51.977123     -82.499710     -88.864098     -22.615101      89.774261      -3.393520     -13.280568      12.707137     -62.976742     -82.478607     102.629089       5.812962      -5.458138     -28.356962
     -69.745186       4.156473      13.838506      86.805420      21.074751      37.124744     139.750778     -71.062103     236.738785     -11.528984     -18.860254       5.641414       1.134909     -19.996233      -0.388922     -24.389980     -21.667099     -47.057701     -15.049870     -24.978081     -20.403172      91.867393       3.127236     -82.723328     -48.332905     -42.094307      34.712982     359.729889      80.500420    -359.774475     -14.028549       0.140096      -2.302899       3.485980       8.367188     -19.293301     -90.003105     -28.988764      89.993919     -85.262566       0.023576    -125.276314     -52.804245     -15.422644      19.435204    -180.045776     -46.443024    -180.101471      33.986393      -1.222560      -2.097661      -5.007295      13.700799      27.723881     -90.000740      -2.606092      89.995102     161.667770      24.578852     139.983322     265.545227      85.808380     -86.840714      -9.034329     -27.439146     -12.100386      47.918102      80.118767     135.445938      -5.106824       6.807216       3.938052     -27.849026      52.025894     -82.492371     -88.883041     -22.614628      89.778114      -3.407533     -13.243210      12.714798     -62.927052     -82.470512     102.683693       5.816329      -5.438641     -28.389753
     -69.745880       4.156780      13.838262      86.804024      21.082968      37.117691     139.818192     -71.051308     236.811844     -11.530798     -18.877342       5.616430       1.152781     -19.996090      -0.389178     -24.382202     -21.691828     -47.047909     -15.055909     -24.993019     -20.367493      91.881218       3.130550     -82.717392     -48.402626     -42.123283      34.673939     359.729889      80.494522    -359.774475     -14.022205       0.139749      -2.302932       3.478986       8.383208     -19.256954     -90.003105     -29.001686      89.993919     -85.281754       0.022990    -125.303017     -52.841316     -15.443994      19.447378    -180.045776     -46.434803    -180.101486      34.042934      -1.225512      -2.096572      -4.999928      13.711298      27.628222     -90.000732      -2.597026      89.995102     161.703857      24.555798     139.965897     265.751190      85.820526     -86.984207      -9.042312     -27.467001     -12.109708      47.842251      80.126038     135.503311      -5.108996       6.806628       3.940924     -27.865032      52.070950     -82.484406     -88.890900     -22.619043      89.779755      -3.420823     -13.216009      12.728922     -62.903893     -82.463547     102.709663       5.819582      -5.420500     -28.419912
     -69.746712       4.157187      13.837828      86.801270      21.092352      37.109089     139.880707     -71.039207     236.878494     -11.532667     -18.892756       5.593433       1.168946     -19.996273      -0.390657     -24.376308     -21.717916     -47.037521     -15.062881     -25.007210     -20.333296      91.895279       3.133306     -82.711563     -48.471020     -42.151360      34.635883     359.730072      80.486649    -359.774689     -14.014045       0.139290      -2.302940       3.475439       8.395879     -19.211832     -90.003113     -29.014366      89.993896     -85.300400       0.022698    -125.329041     -52.878368     -15.463834      19.458433    -180.045761     -46.424603    -180.101471      34.098408      -1.228390      -2.095496      -4.992328      13.721966      27.531355     -90.000732      -2.588125      89.995102     161.728607      24.548018     139.951019     265.855072      85.828415     -87.056221      -9.044210     -27.478352     -12.099343      47.760578      80.132080     135.559341      -5.111360       6.806688       3.939389     -27.884907      52.122849     -82.473763     -88.893929     -22.624960      89.780373      -3.436482     -13.187811      12.742083     -62.921574     -82.458862     102.691307       5.822687      -5.402840     -28.448845
     -69.747360       4.157479      13.837561      86.800217      21.098783      37.101292     139.943024     -71.029106     236.945297     -11.534264     -18.908207       5.569594       1.185241     -19.996473      -0.393171     -24.369942     -21.742983     -47.027512     -15.069503     -25.021730     -20.298311      91.910278       3.135465     -82.705627     -48.539009     -42.177803      34.596931     359.730377      80.478630    -359.774963     -14.005023       0.138792      -2.302945       3.473491       8.406111     -19.163895     -90.003105     -29.026842      89.993904     -85.318504       0.022608    -125.354324     -52.915340     -15.483191      19.469023    -180.045746     -46.414043    -180.101456      34.153763      -1.231274      -2.094412      -4.984789      13.732559      27.434719     -90.000740      -2.579372      89.995102     161.741730      24.546165     139.939423     265.901245      85.832886     -87.088043      -9.039651     -27.481977     -12.081147      47.679722      80.138290     135.615173      -5.113529       6.806751       3.937762     -27.902580      52.179031     -82.463646     -88.895180     -22.630386      89.780624      -3.450742     -13.158566      12.754772     -62.921875     -82.453339     102.691780       5.825765      -5.385589     -28.476768
     -69.747871       4.157683      13.837422      86.800400      21.103251      37.094166     140.005280     -71.020409     237.012375     -11.535625     -18.923822       5.545167       1.201766     -19.996662      -0.396102     -24.362972     -21.767265     -47.017788     -15.075662     -25.036600     -20.262581      91.925575       3.137449     -82.699669     -48.606770     -42.203407      34.557560     359.730621      80.470879    -359.775208     -13.995842       0.138282      -2.302945       3.471877       8.415630     -19.116018     -90.003090     -29.039103      89.993912     -85.336281       0.022550    -125.379036     -52.951973     -15.502347      19.479445    -180.045731     -46.403614    -180.101456      34.209190      -1.234135      -2.093345      -4.977272      13.743042      27.338398     -90.000732      -2.570762      89.995102     161.748672      24.546675     139.929749     265.920258      85.836113     -87.100868      -9.031931     -27.483282     -12.060254      47.599957      80.144600     135.670776      -5.115628       6.806755       3.936675     -27.918539      52.236675     -82.454041     -88.895706     -22.635265      89.780731      -3.463812     -13.129119      12.767448     -62.910229     -82.447220     102.705223       5.828769      -5.368869     -28.503536
     -69.748436       4.157907      13.837193      86.799507      21.108469      37.086494     140.066055     -71.010689     237.077484     -11.537243     -18.939075       5.521285       1.217951     -19.996958      -0.399041     -24.356089     -21.791605     -47.008030     -15.081717     -25.051422     -20.226915      91.940727       3.139364     -82.693787     -48.674026     -42.228771      34.518364     359.730865      80.463211    -359.775452     -13.986679       0.137771      -2.302950       3.470219       8.424973     -19.068344     -90.003098     -29.051165      89.993904     -85.353844       0.022473    -125.403381     -52.988117     -15.521144      19.489647    -180.045731     -46.393139    -180.101456      34.264507      -1.237002      -2.092268      -4.969738      13.753519      27.242205     -90.000740      -2.562307      89.995094     161.753799      24.550846     139.919830     265.928101      85.838455     -87.105995      -9.022852     -27.483782     -12.038319      47.520756      80.150955     135.726227      -5.117708       6.806726       3.935904     -27.937769      52.305557     -82.441833     -88.864738     -22.639561      89.774338      -3.482688     -13.110391      12.785608     -63.021351     -82.447487     102.585526       5.831310      -5.353554     -28.527544
     -69.748795       4.158021      13.837247      86.802086      21.110176      37.080238     140.126862     -71.004227     237.143677     -11.537788     -18.954700       5.496507       1.234685     -19.997126      -0.402351     -24.348461     -21.815069     -46.998604     -15.087251     -25.066639     -20.190435      91.956055       3.141392     -82.687874     -48.741409     -42.253643      34.478840     359.731079      80.455948    -359.775665     -13.977555       0.137265      -2.302954       3.468284       8.434419     -19.022013     -90.003105     -29.063023      89.993896     -85.370979       0.022364    -125.427010     -53.023800     -15.539755      19.499781    -180.045715     -46.382847    -180.101456      34.319839      -1.239875      -2.091186      -4.962187      13.763969      27.146217     -90.000740      -2.553991      89.995102     161.755508      24.550747     139.912064     265.929382      85.841339     -87.106316      -9.013129     -27.484644     -12.016651      47.442223      80.157318     135.781525      -5.119745       6.806675       3.935307     -27.951456      52.348995     -82.432678     -88.883347     -22.643019      89.778137      -3.496547     -13.076476      12.794052     -63.011051     -82.441498     102.597420       5.834271      -5.337312     -28.552954
     -69.749161       4.158118      13.837284      86.803940      21.112316      37.074162     140.187836     -70.997597     237.210037     -11.538665     -18.970249       5.471797       1.251218     -19.997330      -0.405567     -24.340714     -21.838459     -46.989189     -15.092566     -25.081905     -20.153837      91.971260       3.143494     -82.682022     -48.808567     -42.278477      34.439281     359.731293      80.448936    -359.775879     -13.968647       0.136770      -2.302959       3.466156       8.443965     -18.976009     -90.003098     -29.074684      89.993904     -85.387909       0.022190    -125.450233     -53.058887     -15.558199      19.509775    -180.045715     -46.372734    -180.101471      34.375122      -1.242753      -2.090112      -4.954597      13.774384      27.050438     -90.000748      -2.545805      89.995094     161.757126      24.551874     139.904541     265.928925      85.844261     -87.105392      -9.003380     -27.485821     -11.995200      47.364235      80.163689     135.836578      -5.121760       6.806619       3.934849     -27.964506      52.403172     -82.424301     -88.891129     -22.646997      89.779747      -3.506200     -13.045485      12.805684     -62.957233     -82.433296     102.656563       5.837177      -5.321910     -28.576860
     -69.749573       4.158242      13.837265      86.805161      21.115145      37.067848     140.247849     -70.990517     237.275192     -11.539674     -18.985493       5.447564       1.267395     -19.997597      -0.408713     -24.333181     -21.862080     -46.979687     -15.097848     -25.097103     -20.117388      91.986282       3.145577     -82.676231     -48.875282     -42.303219      34.399937     359.731476      80.441895    -359.776062     -13.959846       0.136281      -2.302970       3.463953       8.453562     -18.930170     -90.003105     -29.086145      89.993896     -85.404625       0.021978    -125.473076     -53.093456     -15.576272      19.519527    -180.045715     -46.362495    -180.101471      34.430202      -1.245617      -2.089021      -4.946914      13.784804      26.954630     -90.000748      -2.537753      89.995094     161.758774      24.554211     139.896744     265.927917      85.846977     -87.104156      -8.993527     -27.486834     -11.973705      47.286598      80.170052     135.891434      -5.123764       6.806563       3.934374     -27.978359      52.460861     -82.415634     -88.894089     -22.651382      89.780357      -3.515932     -13.015418      12.817937     -62.915855     -82.425781     102.702240       5.839938      -5.307222     -28.599384
     -69.749443       4.157990      13.837768      86.811440      21.109432      37.064960     140.311188     -70.990669     237.346176     -11.540510     -19.003235       5.418149       1.285998     -19.996956      -0.411422     -24.322927     -21.882954     -46.971264     -15.101603     -25.113466     -20.078503      92.002106       3.147961     -82.670189     -48.943142     -42.327377      34.358574     359.731598      80.436638    -359.776184     -13.951870       0.135846      -2.302971       3.464995       8.462295     -18.883615     -90.003113     -29.097399      89.993904     -85.420967       0.021559    -125.495148     -53.126995     -15.595560      19.529770    -180.045715     -46.354301    -180.101486      34.486217      -1.248520      -2.087922      -4.939439      13.795003      26.860064     -90.000755      -2.529846      89.995079     161.695297      24.597784     139.906189     265.647430      85.837929     -86.906990      -8.952743     -27.472708     -11.929065      47.212860      80.177422     135.947693      -5.125051       6.805996       3.938539     -27.984018      52.523567     -82.409698     -88.895317     -22.652832      89.780640      -3.522790     -12.983473      12.829634     -62.836613     -82.416344     102.789085       5.842628      -5.293071     -28.620872
     -69.750381       4.158463      13.837260      86.807678      21.120684      37.055927     140.366959     -70.977379     237.405197     -11.541935     -19.016283       5.398788       1.299828     -19.997932      -0.413901     -24.317484     -21.909105     -46.960709     -15.107750     -25.127586     -20.044371      92.014732       3.151051     -82.664940     -49.009071     -42.354382      34.322666     359.731750      80.428566    -359.776337     -13.945440       0.135488      -2.302989       3.458889       8.478728     -18.846760     -90.003113     -29.108480      89.993912     -85.437447       0.021285    -125.517570     -53.160450     -15.612327      19.538893    -180.045685     -46.343098    -180.101486      34.540398      -1.251330      -2.086832      -4.931516      13.805555      26.763474     -90.000755      -2.522052      89.995079     161.728088      24.585678     139.888824     265.796631      85.848526     -87.010620      -8.959105     -27.492203     -11.927572      47.135941      80.183388     136.001495      -5.127467       6.805923       3.938211     -28.005405      52.575531     -82.398773     -88.895851     -22.659468      89.780724      -3.536582     -12.956538      12.842479     -62.874344     -82.412979     102.748924       5.845041      -5.279832     -28.640673
     -69.751259       4.158899      13.836739      86.803879      21.130693      37.046532     140.420944     -70.964302     237.461792     -11.543516     -19.028765       5.379522       1.313118     -19.999067      -0.417654     -24.312428     -21.934986     -46.950218     -15.114047     -25.141666     -20.010212      92.028282       3.153365     -82.659630     -49.074028     -42.379658      34.286404     359.732025      80.419540    -359.776611     -13.937599       0.135053      -2.302994       3.456047       8.491111     -18.802374     -90.003120     -29.119390      89.993904     -85.453354       0.021296    -125.539284     -53.193993     -15.628201      19.547262    -180.045670     -46.330780    -180.101456      34.594063      -1.254113      -2.085769      -4.923536      13.816103      26.666534     -90.000755      -2.514392      89.995094     161.747025      24.585003     139.874313     265.867188      85.853851     -87.059631      -8.957424     -27.498821     -11.913616      47.057838      80.189331     136.055252      -5.129581       6.806074       3.936016     -28.029350      52.642780     -82.385010     -88.864990     -22.665562      89.774361      -3.556082     -12.938264      12.859603     -63.022457     -82.415398     102.588936       5.847058      -5.267653     -28.658552
     -69.751770       4.159126      13.836646      86.804939      21.134865      37.039295     140.476089     -70.956032     237.521133     -11.543895     -19.042038       5.358210       1.327461     -19.999985      -0.422297     -24.306097     -21.959152     -46.940388     -15.119540     -25.156443     -19.974514      92.042641       3.155349     -82.654213     -49.139130     -42.403385      34.249111     359.732300      80.410896    -359.776886     -13.929437       0.134597      -2.302994       3.453952       8.502192     -18.757618     -90.003120     -29.130108      89.993896     -85.468704       0.021443    -125.560211     -53.227390     -15.644004      19.555500    -180.045654     -46.318684    -180.101456      34.647881      -1.256910      -2.084687      -4.915650      13.826558      26.570183     -90.000763      -2.506873      89.995079     161.755493      24.582903     139.864197     265.896667      85.857788     -87.079765      -8.951243     -27.501387     -11.895398      46.980995      80.195442     136.108887      -5.131554       6.806151       3.934271     -28.045523      52.687126     -82.375076     -88.883400     -22.670301      89.778122      -3.568806     -12.904126      12.867060     -63.023323     -82.410179     102.588707       5.849563      -5.254427     -28.678049
     -69.752213       4.159274      13.836621      86.806068      21.138145      37.032734     140.532166     -70.948494     237.581711     -11.544487     -19.055571       5.336250       1.342011     -20.000851      -0.426934     -24.299196     -21.982725     -46.930801     -15.124554     -25.171499     -19.938189      92.057083       3.157287     -82.648788     -49.204090     -42.426670      34.211411     359.732513      80.402756    -359.777130     -13.921363       0.134152      -2.302993       3.451929       8.512831     -18.712971     -90.003120     -29.140654      89.993896     -85.483879       0.021505    -125.580788     -53.260307     -15.659838      19.563728    -180.045639     -46.307022    -180.101456      34.701828      -1.259695      -2.083599      -4.907755      13.836916      26.474319     -90.000755      -2.499472      89.995079     161.760193      24.583237     139.855576     265.908264      85.861069     -87.087311      -8.943154     -27.502878     -11.875689      46.905117      80.201660     136.162323      -5.133466       6.806174       3.933072     -28.059719      52.743042     -82.366402     -88.891083     -22.675196      89.779709      -3.576434     -12.872759      12.877823     -62.966331     -82.402008     102.651291       5.852023      -5.242004     -28.696241
     -69.752663       4.159422      13.836584      86.806953      21.141499      37.026154     140.587524     -70.940926     237.641464     -11.545155     -19.068993       5.314456       1.356463     -20.001715      -0.431473     -24.292263     -22.006319     -46.921173     -15.129427     -25.186560     -19.901884      92.071404       3.159191     -82.643440     -49.268650     -42.449783      34.173763     359.732758      80.394753    -359.777344     -13.913399       0.133708      -2.303005       3.449846       8.523315     -18.668304     -90.003113     -29.151005      89.993904     -85.498863       0.021491    -125.600990     -53.292671     -15.675494      19.571836    -180.045624     -46.295490    -180.101440      34.755676      -1.262475      -2.082529      -4.899788      13.847258      26.378666     -90.000755      -2.492191      89.995071     161.763351      24.585178     139.847229     265.912689      85.863838     -87.089890      -8.934263     -27.503672     -11.855242      46.829765      80.207886     136.215607      -5.135355       6.806179       3.932057     -28.074125      52.802509     -82.357605     -88.894211     -22.680246      89.780357      -3.583788     -12.842249      12.889251     -62.916218     -82.394241     102.706467       5.854327      -5.230287     -28.713243
     -69.753113       4.159572      13.836538      86.807762      21.144890      37.019569     140.642151     -70.933434     237.700470     -11.545838     -19.082264       5.292855       1.370740     -20.002613      -0.436017     -24.285334     -22.029903     -46.911541     -15.134159     -25.201641     -19.865511      92.085617       3.161108     -82.638130     -49.332886     -42.472786      34.136196     359.733002      80.386925    -359.777588     -13.905366       0.133256      -2.303008       3.447710       8.533743     -18.624325     -90.003120     -29.161182      89.993896     -85.513611       0.021423    -125.620827     -53.324570     -15.690845      19.579813    -180.045624     -46.283894    -180.101440      34.809380      -1.265246      -2.081467      -4.891783      13.857599      26.283096     -90.000763      -2.485038      89.995056     161.765472      24.588072     139.839050     265.912659      85.866394     -87.089378      -8.924788     -27.504328     -11.834597      46.754776      80.214088     136.268723      -5.137224       6.806181       3.931132     -28.088810      52.862835     -82.348618     -88.895294     -22.685312      89.780563      -3.591643     -12.812064      12.900674     -62.880463     -82.387245     102.746071       5.856492      -5.219162     -28.729214
     -69.753563       4.159729      13.836486      86.808548      21.148390      37.012920     140.696045     -70.925911     237.758667     -11.546496     -19.095341       5.271551       1.384827     -20.003563      -0.440625     -24.278486     -22.053528     -46.901875     -15.138810     -25.216709     -19.829155      92.099724       3.163054     -82.632881     -49.396767     -42.495617      34.098797     359.733215      80.379059    -359.777802     -13.897505       0.132818      -2.303014       3.445408       8.544255     -18.580656     -90.003128     -29.171211      89.993881     -85.528122       0.021332    -125.640251     -53.356007     -15.705874      19.587605    -180.045624     -46.272194    -180.101456      34.862900      -1.268011      -2.080392      -4.883778      13.867897      26.187544     -90.000763      -2.478013      89.995071     161.767456      24.591141     139.830826     265.912537      85.868896     -87.088776      -8.915399     -27.505068     -11.814172      46.680206      80.220276     136.321609      -5.139076       6.806178       3.930195     -28.103781      52.922852     -82.339455     -88.895866     -22.690350      89.780670      -3.599958     -12.781953      12.911871     -62.856262     -82.380882     102.773155       5.858529      -5.208575     -28.744287
     -69.753418       4.159429      13.836971      86.814026      21.142130      37.009708     140.752930     -70.926300     237.821945     -11.547482     -19.110775       5.244331       1.401179     -20.003496      -0.445358     -24.269375     -22.074396     -46.893314     -15.142203     -25.232832     -19.790482      92.115395       3.164708     -82.627304     -49.461281     -42.516853      34.058914     359.733459      80.372429    -359.778015     -13.888528       0.132317      -2.303007       3.448228       8.550527     -18.529930     -90.003120     -29.181040      89.993919     -85.542061       0.021223    -125.658760     -53.386806     -15.721839      19.595295    -180.045624     -46.262016    -180.101471      34.916889      -1.270803      -2.079320      -4.876083      13.877948      26.092907     -90.000763      -2.471103      89.995056     161.688889      24.651567     139.844635     265.515228      85.855270     -86.809120      -8.866486     -27.475613     -11.751117      46.605671      80.226616     136.374756      -5.140441       6.806066       3.931660     -28.110865      53.014950     -82.332001     -88.852104     -22.691879      89.771751      -3.605647     -12.759449      12.931283     -62.828896     -82.374229     102.803734       5.860462      -5.199203     -28.757597
     -69.754250       4.159882      13.836582      86.812111      21.151892      37.001175     140.804108     -70.914139     237.876480     -11.547922     -19.122686       5.226656       1.414165     -20.004980      -0.448884     -24.263260     -22.099377     -46.883095     -15.146926     -25.247450     -19.755117      92.127052       3.167912     -82.622490     -49.524967     -42.542023      34.024342     359.733490      80.364670    -359.778076     -13.884352       0.132097      -2.303030       3.442055       8.569164     -18.499866     -90.003136     -29.190725      89.993889     -85.556442       0.020979    -125.677910     -53.417133     -15.736232      19.602827    -180.045593     -46.250477    -180.101471      34.969955      -1.273540      -2.078258      -4.868429      13.888010      25.997530     -90.000763      -2.464302      89.995056     161.724243      24.630922     139.825592     265.720917      85.866913     -86.953003      -8.874493     -27.503864     -11.762974      46.535992      80.233459     136.428345      -5.142331       6.805582       3.933815     -28.132366      53.044487     -82.320282     -88.877853     -22.697660      89.776939      -3.622791     -12.729024      12.936611     -62.923744     -82.374352     102.701355       5.862018      -5.189316     -28.771215
     -69.755066       4.160291      13.836214      86.810043      21.160992      36.992558     140.853058     -70.902618     237.928223     -11.548411     -19.133549       5.209723       1.426011     -20.006611      -0.453760     -24.258316     -22.124838     -46.872631     -15.152285     -25.261663     -19.720531      92.139198       3.170605     -82.617729     -49.587826     -42.566097      33.990211     359.733734      80.355438    -359.778320     -13.878215       0.131749      -2.303046       3.437931       8.584424     -18.461573     -90.003128     -29.200258      89.993912     -85.570267       0.021011    -125.696396     -53.447521     -15.749581      19.609549    -180.045563     -46.237404    -180.101440      35.022247      -1.276240      -2.077198      -4.860710      13.898136      25.901291     -90.000763      -2.457614      89.995056     161.747833      24.622969     139.810913     265.824066      85.875183     -87.024605      -8.876670     -27.516468     -11.755889      46.461166      80.239212     136.480164      -5.144395       6.805734       3.931643     -28.152225      53.093460     -82.309746     -88.888977     -22.704187      89.779205      -3.632975     -12.697923      12.945742     -62.926971     -82.369484     102.698570       5.863903      -5.179766     -28.784531
     -69.755714       4.160587      13.835983      86.809097      21.167597      36.984715     140.902756     -70.892799     237.981003     -11.548963     -19.144703       5.191631       1.438110     -20.008186      -0.459353     -24.252878     -22.149382     -46.862507     -15.157266     -25.276188     -19.685194      92.152222       3.172681     -82.612869     -49.650238     -42.588673      33.955166     359.734009      80.346161    -359.778595     -13.871299       0.131361      -2.303046       3.435344       8.597076     -18.419662     -90.003128     -29.209625      89.993904     -85.583672       0.021153    -125.714302     -53.477795     -15.762661      19.615969    -180.045547     -46.224171    -180.101440      35.074436      -1.278935      -2.076148      -4.853006      13.908203      25.805567     -90.000771      -2.451048      89.995049     161.760223      24.621685     139.799408     265.869446      85.879929     -87.055901      -8.872466     -27.521090     -11.740747      46.387112      80.245117     136.531784      -5.146262       6.805883       3.929435     -28.169916      53.151745     -82.299873     -88.893555     -22.710573      89.780128      -3.640220     -12.667046      12.955873     -62.895020     -82.362846     102.734009       5.865736      -5.170729     -28.797079
     -69.756271       4.160812      13.835848      86.808968      21.172588      36.977413     140.952591     -70.884109     238.034225     -11.549455     -19.156071       5.172851       1.450498     -20.009695      -0.465146     -24.246960     -22.173319     -46.852627     -15.161864     -25.290966     -19.649311      92.165512       3.174519     -82.608032     -49.712322     -42.610493      33.919739     359.734283      80.337135    -359.778839     -13.864234       0.130970      -2.303044       3.433213       8.608860     -18.377356     -90.003128     -29.218840      89.993896     -85.596809       0.021314    -125.731827     -53.507736     -15.775645      19.622320    -180.045532     -46.211121    -180.101440      35.126675      -1.281641      -2.075084      -4.845328      13.918182      25.710375     -90.000771      -2.444595      89.995041     161.766724      24.623262     139.789627     265.887756      85.883224     -87.068260      -8.865216     -27.522968     -11.722627      46.313965      80.251106     136.583298      -5.148062       6.805978       3.927716     -28.186270      53.213337     -82.290375     -88.895081     -22.716595      89.780441      -3.646521     -12.636382      12.966356     -62.855804     -82.355858     102.777405       5.867455      -5.162213     -28.808823
     -69.756775       4.161001      13.835765      86.809364      21.176781      36.970406     141.002090     -70.876045     238.087311     -11.549846     -19.167505       5.153838       1.463024     -20.011181      -0.470981     -24.240774     -22.196945     -46.842838     -15.166179     -25.305868     -19.613113      92.178802       3.176272     -82.603218     -49.774097     -42.631889      33.884243     359.734528      80.328300    -359.779114     -13.857280       0.130578      -2.303041       3.431041       8.620286     -18.334600     -90.003120     -29.227888      89.993904     -85.609749       0.021404    -125.748962     -53.537262     -15.788535      19.628609    -180.045532     -46.198254    -180.101440      35.178856      -1.284344      -2.074021      -4.837609      13.928125      25.615477     -90.000771      -2.438230      89.995049     161.770508      24.625917     139.780701     265.894470      85.885857     -87.072479      -8.856864     -27.523607     -11.703303      46.241432      80.257156     136.634720      -5.149834       6.806040       3.926242     -28.202032      53.275349     -82.280960     -88.895889     -22.722322      89.780609      -3.652736     -12.605728      12.976730     -62.819450     -82.349060     102.817688       5.869071      -5.154174     -28.819822
     -69.757256       4.161177      13.835704      86.809959      21.180660      36.963535     141.051208     -70.868301     238.140030     -11.550200     -19.178911       5.134821       1.475534     -20.012655      -0.476816     -24.234488     -22.220472     -46.833076     -15.170306     -25.320839     -19.576767      92.192024       3.178057     -82.598450     -49.835598     -42.653149      33.848751     359.734772      80.319695    -359.779327     -13.850266       0.130187      -2.303046       3.428828       8.631641     -18.292606     -90.003128     -29.236795      89.993881     -85.622475       0.021443    -125.765793     -53.566345     -15.801236      19.634853    -180.045517     -46.185421    -180.101440      35.230942      -1.287028      -2.072950      -4.829801      13.938054      25.520695     -90.000771      -2.431993      89.995056     161.773087      24.629086     139.772110     265.896301      85.888329     -87.073265      -8.847878     -27.524160     -11.683784      46.169437      80.263206     136.685898      -5.151577       6.806087       3.924899     -28.217602      53.337254     -82.271553     -88.896179     -22.727859      89.780670      -3.659087     -12.575165      12.986978     -62.789444     -82.342628     102.851082       5.870581      -5.146592     -28.830126
     -69.757835       4.161409      13.835505      86.809143      21.186020      36.955837     141.098602     -70.859131     238.190414     -11.550876     -19.189850       5.116693       1.487572     -20.014263      -0.482592     -24.228571     -22.244360     -46.823158     -15.174503     -25.335655     -19.540751      92.204964       3.179810     -82.593758     -49.896507     -42.674343      33.813660     359.735016      80.310959    -359.779572     -13.843349       0.129816      -2.303050       3.426564       8.642995     -18.250568     -90.003120     -29.245539      89.993896     -85.635071       0.021448    -125.782349     -53.595005     -15.813592      19.640903    -180.045502     -46.172405    -180.101440      35.282799      -1.289704      -2.071891      -4.821878      13.948034      25.425869     -90.000778      -2.425853      89.995033     161.775879      24.635057     139.762558     265.896423      85.890266     -87.072968      -8.838626     -27.524324     -11.663945      46.097645      80.269218     136.736954      -5.153319       6.806145       3.923591     -28.237181      53.409111     -82.259338     -88.867554     -22.733141      89.774765      -3.671647     -12.554774      13.002252     -62.874775     -82.342339     102.758995       5.871656      -5.140079     -28.838749
     -69.758232       4.161553      13.835546      86.811295      21.188473      36.949341     141.146439     -70.852722     238.242188     -11.550695     -19.201160       5.097702       1.500110     -20.015741      -0.488678     -24.222113     -22.267559     -46.813499     -15.178292     -25.350750     -19.504055      92.218033       3.181625     -82.589073     -49.957447     -42.695057      33.778412     359.735291      80.302368    -359.779846     -13.836645       0.129451      -2.303046       3.424131       8.654512     -18.209505     -90.003128     -29.254133      89.993896     -85.647263       0.021450    -125.798370     -53.623310     -15.825814      19.646933    -180.045486     -46.159466    -180.101440      35.334599      -1.292372      -2.070831      -4.813930      13.957972      25.331161     -90.000778      -2.419813      89.995041     161.776825      24.636576     139.754669     265.895355      85.892883     -87.071693      -8.829436     -27.525028     -11.644780      46.026390      80.275238     136.787827      -5.155016       6.806191       3.922281     -28.251675      53.457577     -82.250084     -88.884666     -22.737705      89.778259      -3.679481     -12.520033      13.008487     -62.852398     -82.336349     102.784042       5.873137      -5.132651     -28.848749
     -69.758659       4.161686      13.835556      86.812660      21.191504      36.942928     141.194534     -70.846016     238.294205     -11.550876     -19.212416       5.078778       1.512480     -20.017254      -0.494662     -24.215652     -22.290743     -46.803825     -15.181962     -25.365854     -19.467358      92.230957       3.183493     -82.584419     -50.018158     -42.715729      33.743202     359.735504      80.293953    -359.780090     -13.830130       0.129081      -2.303051       3.421674       8.666216     -18.168972     -90.003136     -29.262600      89.993889     -85.659317       0.021406    -125.814133     -53.651142     -15.837878      19.652897    -180.045486     -46.146614    -180.101425      35.386292      -1.295030      -2.069776      -4.805921      13.967880      25.236679     -90.000771      -2.413874      89.995033     161.777954      24.639286     139.746887     265.893646      85.895607     -87.069870      -8.820217     -27.526146     -11.625903      45.955502      80.281250     136.838547      -5.156703       6.806239       3.921061     -28.265793      53.516163     -82.241470     -88.891731     -22.742840      89.779716      -3.683572     -12.487886      13.017579     -62.790768     -82.328331     102.851830       5.874557      -5.125935     -28.857779
     -69.759140       4.161852      13.835512      86.813416      21.195263      36.936237     141.241714     -70.838799     238.345032     -11.551203     -19.223391       5.060352       1.524548     -20.018824      -0.500607     -24.209436     -22.314177     -46.794060     -15.185633     -25.380861     -19.430838      92.243683       3.185355     -82.579857     -50.078457     -42.736351      33.708256     359.735748      80.285439    -359.780334     -13.823738       0.128725      -2.303052       3.419186       8.678054     -18.128641     -90.003136     -29.270908      89.993889     -85.671196       0.021356    -125.829628     -53.678558     -15.849672      19.658688    -180.045471     -46.133648    -180.101440      35.437775      -1.297686      -2.068712      -4.797843      13.977798      25.142231     -90.000771      -2.408022      89.995033     161.779297      24.643028     139.738724     265.892456      85.898170     -87.068527      -8.811025     -27.527235     -11.607133      45.884861      80.287231     136.889114      -5.158380       6.806284       3.919813     -28.280817      53.577923     -82.232468     -88.894653     -22.748367      89.780304      -3.687831     -12.456480      13.027156     -62.739193     -82.320885     102.908722       5.875845      -5.119763     -28.866032
     -69.759064       4.161635      13.835988      86.819008      21.190409      36.933140     141.294312     -70.838913     238.403931     -11.551764     -19.237251       5.035769       1.539388     -20.019382      -0.505860     -24.200552     -22.334810     -46.785439     -15.187771     -25.397043     -19.391781      92.257446       3.187590     -82.574982     -50.140163     -42.756546      33.670990     359.735870      80.278809    -359.780457     -13.817849       0.128409      -2.303063       3.419264       8.689523     -18.089504     -90.003136     -29.279091      89.993904     -85.682739       0.021109    -125.844498     -53.705101     -15.862708      19.665073    -180.045471     -46.122658    -180.101440      35.490112      -1.300398      -2.067649      -4.789910      13.987523      25.049185     -90.000771      -2.402286      89.995010     161.715958      24.688101     139.747940     265.610901      85.889343     -86.869949      -8.770537     -27.514103     -11.565822      45.817459      80.294151     136.941574      -5.159357       6.805816       3.923324     -28.287178      53.644985     -82.226494     -88.895782     -22.750910      89.780540      -3.689185     -12.423130      13.036242     -62.648727     -82.311409     103.008057       5.877075      -5.113970     -28.873741
     -69.760063       4.162154      13.835455      86.814934      21.202644      36.923603     141.336258     -70.825409     238.447479     -11.552291     -19.245913       5.022731       1.549058     -20.021700      -0.511280     -24.196404     -22.360699     -46.774601     -15.192415     -25.410992     -19.357592      92.267387       3.190613     -82.570953     -50.199856     -42.779720      33.639988     359.736023      80.269234    -359.780609     -13.814303       0.128215      -2.303081       3.414580       8.708608     -18.058670     -90.003136     -29.287127      89.993904     -85.694557       0.021008    -125.859879     -53.731632     -15.873453      19.670454    -180.045456     -46.108776    -180.101425      35.540714      -1.302994      -2.066595      -4.781513      13.997577      24.954042     -90.000778      -2.396624      89.995010     161.748016      24.677549     139.730118     265.760315      85.899986     -86.974060      -8.777243     -27.534462     -11.567335      45.747627      80.299744     136.990982      -5.161466       6.805830       3.922360     -28.309965      53.701378     -82.215179     -88.896248     -22.758760      89.780640      -3.697590     -12.394800      13.046492     -62.667770     -82.307755     102.988045       5.878055      -5.108831     -28.880468
     -69.760880       4.162575      13.835064      86.812439      21.211931      36.914623     141.378067     -70.813904     238.491089     -11.552664     -19.254559       5.008758       1.558723     -20.023996      -0.517924     -24.192280     -22.385962     -46.764004     -15.196985     -25.425056     -19.322987      92.278557       3.192803     -82.566833     -50.258846     -42.801006      33.608105     359.736328      80.258995    -359.780914     -13.809011       0.127906      -2.303085       3.411356       8.723426     -18.020330     -90.003136     -29.295036      89.993896     -85.705795       0.021156    -125.874596     -53.758293     -15.883552      19.675261    -180.045425     -46.094051    -180.101410      35.590912      -1.305575      -2.065539      -4.773048      14.007643      24.858633     -90.000778      -2.391073      89.995010     161.765442      24.675669     139.716324     265.830688      85.905853     -87.022964      -8.776010     -27.542200     -11.556713      45.676811      80.305351     137.040237      -5.163257       6.806065       3.919556     -28.331104      53.762104     -82.203880     -88.896439     -22.766260      89.780647      -3.705377     -12.364272      13.055482     -62.674282     -82.303497     102.981674       5.879046      -5.103774     -28.887110
     -69.761528       4.162875      13.834845      86.811577      21.218456      36.906601     141.420944     -70.804367     238.536270     -11.552892     -19.263672       4.993440       1.568911     -20.026186      -0.525073     -24.187435     -22.410215     -46.753780     -15.201042     -25.439541     -19.287470      92.290359       3.194573     -82.562653     -50.317532     -42.821064      33.575535     359.736633      80.248955    -359.781189     -13.803330       0.127591      -2.303085       3.409025       8.736680     -17.980553     -90.003136     -29.302809      89.993896     -85.716675       0.021377    -125.888840     -53.784824     -15.893572      19.679953    -180.045395     -46.079464    -180.101395      35.641132      -1.308170      -2.064486      -4.764657      14.017614      24.763792     -90.000771      -2.385601      89.995018     161.774399      24.677164     139.705261     265.860748      85.909538     -87.043610      -8.770300     -27.545132     -11.541142      45.606808      80.311089     137.089523      -5.164947       6.806239       3.917184     -28.349648      53.825085     -82.193428     -88.896637     -22.773064      89.780685      -3.711337     -12.332985      13.064303     -62.655380     -82.297913     103.002991       5.880024      -5.098939     -28.893435
     -69.762177       4.163164      13.834584      86.810104      21.225060      36.898327     141.462936     -70.794388     238.580307     -11.553337     -19.272671       4.978233       1.579081     -20.028397      -0.532229     -24.182489     -22.434301     -46.743610     -15.204905     -25.454086     -19.251751      92.302101       3.196170     -82.558540     -50.375717     -42.840691      33.542999     359.736938      80.239037    -359.781494     -13.797660       0.127265      -2.303087       3.406874       8.749353     -17.940042     -90.003136     -29.310450      89.993896     -85.727440       0.021580    -125.902885     -53.811039     -15.903474      19.684549    -180.045380     -46.064983    -180.101379      35.691257      -1.310747      -2.063439      -4.756244      14.027509      24.669411     -90.000771      -2.380219      89.995010     161.779922      24.682600     139.694595     265.872040      85.911858     -87.051132      -8.762633     -27.545889     -11.523306      45.537575      80.316895     137.138657      -5.166600       6.806370       3.915190     -28.370674      53.898727     -82.180748     -88.869026     -22.779259      89.774963      -3.722213     -12.311441      13.078173     -62.729324     -82.297356     102.923103       5.880622      -5.094993     -28.898445
     -69.762619       4.163342      13.834598      86.811813      21.228235      36.891472     141.505920     -70.787521     238.626480     -11.552943     -19.282249       4.961730       1.589997     -20.030422      -0.539593     -24.176785     -22.457529     -46.733780     -15.208231     -25.469004     -19.215197      92.314049       3.197824     -82.554382     -50.434006     -42.859806      33.510071     359.737183      80.229591    -359.781738     -13.791986       0.126941      -2.303094       3.404650       8.761858     -17.900745     -90.003128     -29.317968      89.993904     -85.737877       0.021728    -125.916435     -53.836895     -15.913382      19.689232    -180.045364     -46.050800    -180.101379      35.741425      -1.313329      -2.062388      -4.747823      14.037341      24.575377     -90.000778      -2.374945      89.995018     161.782257      24.684095     139.686066     265.876068      85.914581     -87.053436      -8.754194     -27.546722     -11.505485      45.468895      80.322739     137.187744      -5.168204       6.806477       3.913388     -28.385998      53.950066     -82.171280     -88.885551     -22.784527      89.778366      -3.728018     -12.275867      13.083356     -62.695004     -82.291000     102.961182       5.881632      -5.090118     -28.904800
     -69.763069       4.163498      13.834595      86.812920      21.231701      36.884800     141.549286     -70.780579     238.673096     -11.552905     -19.291920       4.945065       1.600903     -20.032410      -0.546747     -24.170946     -22.480625     -46.723984     -15.211370     -25.483976     -19.178511      92.325890       3.199526     -82.550262     -50.492149     -42.878906      33.477070     359.737457      80.220428    -359.782013     -13.786503       0.126632      -2.303087       3.402391       8.774434     -17.862024     -90.003143     -29.325356      89.993896     -85.748199       0.021788    -125.929779     -53.862274     -15.923280      19.693947    -180.045364     -46.036854    -180.101379      35.791542      -1.315895      -2.061345      -4.739372      14.047149      24.481569     -90.000786      -2.369760      89.995003     161.783951      24.687021     139.677902     265.876526      85.917297     -87.053200      -8.745440     -27.547813     -11.487707      45.400612      80.328568     137.236710      -5.169776       6.806566       3.911787     -28.400711      54.011181     -82.162498     -88.892471     -22.790237      89.779770      -3.730160     -12.242686      13.091280     -62.623161     -82.282661     103.040245       5.882578      -5.085896     -28.910336
     -69.763565       4.163677      13.834547      86.813492      21.235769      36.877914     141.591919     -70.773262     238.718719     -11.553014     -19.301405       4.928757       1.611606     -20.034431      -0.553764     -24.165285     -22.503927     -46.714119     -15.214477     -25.498863     -19.141985      92.337509       3.201225     -82.546204     -50.549850     -42.897945      33.444294     359.737701      80.211281    -359.782257     -13.781149       0.126344      -2.303083       3.400095       8.787077     -17.823483     -90.003143     -29.332626      89.993889     -85.758408       0.021783    -125.942894     -53.887234     -15.932989      19.698574    -180.045349     -46.022892    -180.101379      35.841480      -1.318462      -2.060306      -4.730865      14.056943      24.387903     -90.000793      -2.364658      89.995018     161.785492      24.691116     139.669495     265.875793      85.919815     -87.052231      -8.736564     -27.548798     -11.469893      45.332634      80.334373     137.285507      -5.171349       6.806659       3.910203     -28.416233      54.075542     -82.153328     -88.895004     -22.796240      89.780296      -3.732524     -12.210273      13.099734     -62.561356     -82.274895     103.108452       5.883413      -5.082148     -28.915251
     -69.763489       4.163473      13.835017      86.818886      21.231169      36.874702     141.640610     -70.773323     238.773254     -11.553476     -19.313925       4.905941       1.625228     -20.035381      -0.559952     -24.156921     -22.524401     -46.705433     -15.216010     -25.514917     -19.102884      92.350220       3.203319     -82.541824     -50.609039     -42.916588      33.409130     359.737854      80.204041    -359.782440     -13.776296       0.126084      -2.303092       3.400393       8.799445     -17.786293     -90.003143     -29.339767      89.993912     -85.768288       0.021571    -125.955406     -53.911320     -15.943956      19.703865    -180.045349     -46.010967    -180.101395      35.892269      -1.321079      -2.059247      -4.722499      14.066552      24.295607     -90.000793      -2.359636      89.994995     161.722336      24.736599     139.678604     265.593658      85.910950     -86.852936      -8.696351     -27.535646     -11.429619      45.267715      80.341103     137.336380      -5.172224       6.806231       3.913409     -28.422897      54.144939     -82.147308     -88.896088     -22.799225      89.780518      -3.732105     -12.175802      13.107578     -62.462605     -82.265167     103.217079       5.884188      -5.078694     -28.919731
     -69.764511       4.164011      13.834476      86.814690      21.243784      36.864929     141.677673     -70.759689     238.811279     -11.553718     -19.321104       4.895164       1.633577     -20.038130      -0.566387     -24.153305     -22.550125     -46.694504     -15.220107     -25.528778     -19.068638      92.358955       3.206148     -82.538330     -50.666225     -42.938236      33.380295     359.738037      80.193871    -359.782623     -13.773837       0.125947      -2.303109       3.395951       8.819432     -17.757402     -90.003143     -29.346792      89.993896     -85.778488       0.021495    -125.968498     -53.935368     -15.952703      19.708164    -180.045319     -45.996201    -180.101379      35.941334      -1.323593      -2.058216      -4.713786      14.076427      24.201305     -90.000793      -2.354710      89.995003     161.754486      24.726353     139.660507     265.744415      85.921570     -86.958130      -8.703392     -27.556009     -11.432128      45.200535      80.346519     137.384094      -5.174229       6.806282       3.912139     -28.446297      54.203461     -82.135788     -88.896568     -22.807543      89.780602      -3.738858     -12.146376      13.116598     -62.471336     -82.261269     103.208282       5.884738      -5.075794     -28.923443
     -69.765358       4.164450      13.834075      86.812065      21.253458      36.855740     141.714844     -70.748100     238.849640     -11.553854     -19.328337       4.883325       1.641991     -20.040827      -0.573994     -24.149704     -22.575289     -46.683762     -15.224121     -25.542791     -19.033970      92.368958       3.208168     -82.534714     -50.722633     -42.958050      33.350540     359.738342      80.183083    -359.782898     -13.769588       0.125713      -2.303108       3.392834       8.835040     -17.720911     -90.003143     -29.353708      89.993904     -85.788132       0.021643    -125.980957     -53.959557     -15.960870      19.711916    -180.045288     -45.980621    -180.101349      35.989998      -1.326071      -2.057203      -4.705081      14.086272      24.106781     -90.000793      -2.349867      89.994987     161.771988      24.724857     139.646469     265.815582      85.927406     -87.007690      -8.702444     -27.563711     -11.422479      45.132324      80.351959     137.431671      -5.175921       6.806558       3.909040     -28.468016      54.266407     -82.124321     -88.896721     -22.815474      89.780609      -3.744998     -12.114695      13.124362     -62.467590     -82.256737     103.213089       5.885311      -5.072890     -28.927162
     -69.766113       4.164822      13.833714      86.809631      21.261835      36.846703     141.752014     -70.737000     238.887939     -11.554193     -19.335730       4.870811       1.650604     -20.043507      -0.582011     -24.145739     -22.599825     -46.673256     -15.227802     -25.557028     -18.998718      92.379463       3.209705     -82.531090     -50.778484     -42.976742      33.320324     359.738647      80.172363    -359.783203     -13.764877       0.125456      -2.303115       3.390678       8.848929     -17.682491     -90.003151     -29.360508      89.993881     -85.797523       0.021874    -125.993095     -53.983662     -15.968869      19.715496    -180.045258     -45.965031    -180.101334      36.038567      -1.328563      -2.056172      -4.696373      14.096056      24.012814     -90.000786      -2.345088      89.994995     161.781540      24.729342     139.634186     265.844940      85.930504     -87.028015      -8.696763     -27.566048     -11.407295      45.064899      80.357529     137.479202      -5.177516       6.806774       3.906364     -28.491014      54.341164     -82.110939     -88.870033     -22.822588      89.775093      -3.755171     -12.091939      13.136874     -62.538345     -82.256317     103.136459       5.885581      -5.070660     -28.929874
     -69.766617       4.165043      13.833675      86.810814      21.265978      36.839382     141.790833     -70.729538     238.929245     -11.553687     -19.343937       4.856453       1.660235     -20.045919      -0.590264     -24.140787     -22.623182     -46.663246     -15.230817     -25.571724     -18.962370      92.390327       3.211165     -82.527428     -50.834450     -42.994583      33.289516     359.738922      80.162079    -359.783478     -13.760309       0.125207      -2.303108       3.388510       8.862362     -17.644159     -90.003151     -29.367193      89.993881     -85.806572       0.022094    -126.004776     -54.007515     -15.976991      19.719187    -180.045227     -45.949875    -180.101318      36.087238      -1.331065      -2.055137      -4.687665      14.105758      23.919588     -90.000786      -2.340395      89.994995     161.785568      24.730782     139.624878     265.856079      85.933388     -87.035332      -8.689483     -27.567028     -11.390790      44.998314      80.363190     137.526794      -5.179050       6.806938       3.904074     -28.507444      54.395157     -82.101151     -88.885925     -22.828518      89.778343      -3.759698     -12.055280      13.141010     -62.497028     -82.249802     103.182289       5.886262      -5.067503     -28.933945
     -69.767097       4.165229      13.833649      86.811600      21.270058      36.832386     141.830292     -70.722260     238.971329     -11.553504     -19.352333       4.841718       1.670005     -20.048269      -0.598291     -24.135565     -22.646326     -46.653294     -15.233561     -25.586557     -18.925781      92.401161       3.212599     -82.523773     -50.890175     -43.012264      33.258495     359.739197      80.152206    -359.783752     -13.755755       0.124950      -2.303111       3.386447       8.875530     -17.605938     -90.003159     -29.373764      89.993881     -85.815559       0.022208    -126.016281     -54.030930     -15.985190      19.722946    -180.045227     -45.935062    -180.101318      36.135906      -1.333556      -2.054111      -4.678937      14.115397      23.826748     -90.000786      -2.335790      89.994987     161.788269      24.733738     139.616150     265.859924      85.935913     -87.037582      -8.681510     -27.567381     -11.373552      44.932186      80.368874     137.574295      -5.180529       6.807081       3.901999     -28.522961      54.458618     -82.092087     -88.892639     -22.834734      89.779709      -3.760525     -12.020842      13.147765     -62.417744     -82.241234     103.269684       5.886889      -5.064942     -28.937284
     -69.767616       4.165430      13.833584      86.811974      21.274567      36.825249     141.869217     -70.714729     239.012802     -11.553473     -19.360643       4.827174       1.679660     -20.050621      -0.606155     -24.130444     -22.669605     -46.643299     -15.236226     -25.601337     -18.889238      92.411835       3.214085     -82.520157     -50.945629     -43.029976      33.227573     359.739441      80.142494    -359.784027     -13.751244       0.124689      -2.303115       3.384355       8.888814     -17.568846     -90.003151     -29.380222      89.993881     -85.824440       0.022268    -126.027565     -54.053928     -15.993245      19.726667    -180.045212     -45.920303    -180.101318      36.184418      -1.336035      -2.053087      -4.670163      14.125008      23.734095     -90.000786      -2.331254      89.994980     161.790283      24.738058     139.607407     265.860962      85.938347     -87.037865      -8.672945     -27.568104     -11.356463      44.866356      80.374535     137.621674      -5.182015       6.807215       3.900102     -28.539080      54.525028     -82.082733     -88.895393     -22.841183      89.780289      -3.761576     -11.987018      13.154951     -62.347488     -82.233200     103.347290       5.887403      -5.062768     -28.940088
     -69.768150       4.165644      13.833499      86.812187      21.279305      36.818008     141.907486     -70.707108     239.053452     -11.553500     -19.368834       4.812849       1.689199     -20.052992      -0.613975     -24.125406     -22.692942     -46.633240     -15.238840     -25.616089     -18.852755      92.422340       3.215572     -82.516594     -51.000721     -43.047588      33.196842     359.739716      80.132751    -359.784271     -13.746869       0.124448      -2.303115       3.382174       8.902178     -17.532013     -90.003159     -29.386585      89.993866     -85.833153       0.022299    -126.038643     -54.076580     -16.001131      19.730335    -180.045197     -45.905510    -180.101318      36.232750      -1.338512      -2.052056      -4.661372      14.134605      23.641434     -90.000778      -2.326791      89.994987     161.791977      24.742962     139.598587     265.860565      85.940689     -87.037071      -8.664276     -27.568842     -11.339429      44.800869      80.380180     137.668854      -5.183491       6.807347       3.898231     -28.555666      54.592243     -82.073128     -88.896439     -22.847679      89.780495      -3.763276     -11.953341      13.162064     -62.289406     -82.225853     103.411636       5.887823      -5.060893     -28.942503
     -69.768021       4.165401      13.834009      86.818268      21.273016      36.814514     141.950928     -70.708473     239.102081     -11.553761     -19.380024       4.791162       1.701646     -20.054167      -0.621636     -24.118011     -22.713417     -46.624401     -15.240090     -25.631929     -18.813772      92.434685       3.216859     -82.512665     -51.056644     -43.063622      33.163441     359.740021      80.124268    -359.784546     -13.741357       0.124142      -2.303115       3.385275       8.911550     -17.488728     -90.003159     -29.392807      89.993896     -85.841370       0.022248    -126.048912     -54.098644     -16.009983      19.734356    -180.045197     -45.892113    -180.101318      36.281670      -1.341022      -2.051015      -4.652681      14.144052      23.549828     -90.000786      -2.322405      89.994980     161.712677      24.803539     139.612305     265.458252      85.927025     -86.752518      -8.615932     -27.539503     -11.280048      44.735241      80.385941     137.716339      -5.184484       6.807367       3.898663     -28.563110      54.667374     -82.065598     -88.896622     -22.850882      89.780518      -3.762543     -11.915875      13.167566     -62.195889     -82.216690     103.514832       5.888221      -5.059087     -28.944811
     -69.768951       4.165856      13.833573      86.813805      21.285440      36.805740     141.987915     -70.695290     239.140335     -11.554588     -19.387014       4.780549       1.709959     -20.057051      -0.628351     -24.113689     -22.737953     -46.613834     -15.242903     -25.646229     -18.778313      92.442696       3.219656     -82.509468     -51.111954     -43.083839      33.135250     359.740112      80.114838    -359.784668     -13.740629       0.124114      -2.303132       3.379064       8.933122     -17.466341     -90.003159     -29.398947      89.993889     -85.850235       0.022053    -126.060089     -54.120262     -16.017649      19.738220    -180.045166     -45.877644    -180.101318      36.329708      -1.343475      -2.049993      -4.643803      14.153598      23.457512     -90.000786      -2.318092      89.994980     161.748825      24.787041     139.592957     265.666595      85.938820     -86.898895      -8.624693     -27.568466     -11.295420      44.674046      80.392166     137.764786      -5.186015       6.806985       3.900129     -28.584679      54.749851     -82.055649     -88.856506     -22.858393      89.772346      -3.766437     -11.896167      13.185015     -62.205704     -82.212761     103.504936       5.888431      -5.058745     -28.945314
     -69.769951       4.166433      13.833024      86.810776      21.297066      36.795181     142.018234     -70.682335     239.170761     -11.554096     -19.392624       4.771992       1.716947     -20.060223      -0.636400     -24.111063     -22.763721     -46.602688     -15.246645     -25.659876     -18.744209      92.450890       3.221854     -82.506416     -51.165802     -43.103046      33.108315     359.740387      80.103455    -359.784943     -13.737885       0.123960      -2.303142       3.374988       8.951264     -17.434296     -90.003151     -29.404985      89.993881     -85.858620       0.022142    -126.070770     -54.142105     -16.024050      19.741199    -180.045135     -45.861290    -180.101303      36.376720      -1.345878      -2.048960      -4.634811      14.163263      23.363899     -90.000793      -2.313852      89.994972     161.772324      24.782265     139.576004     265.771790      85.946243     -86.972488      -8.627553     -27.580688     -11.291371      44.608356      80.397354     137.810608      -5.187724       6.807277       3.896912     -28.611156      54.791634     -82.041039     -88.880257     -22.866697      89.777092      -3.779435     -11.860610      13.185250     -62.281490     -82.213257     103.422447       5.888438      -5.056831     -28.947527
     -69.770645       4.166777      13.832803      86.809906      21.304430      36.786743     142.052490     -70.672783     239.206390     -11.553823     -19.399181       4.760679       1.724881     -20.063114      -0.645180     -24.107401     -22.787888     -46.592197     -15.249714     -25.674097     -18.708715      92.460258       3.223447     -82.503227     -51.219555     -43.120522      33.080051     359.740723      80.092323    -359.785248     -13.734455       0.123760      -2.303139       3.372527       8.966614     -17.398695     -90.003151     -29.410913      89.993866     -85.866531       0.022374    -126.080894     -54.163963     -16.030470      19.744081    -180.045120     -45.845081    -180.101273      36.423779      -1.348283      -2.047927      -4.625905      14.172800      23.270931     -90.000793      -2.309670      89.994980     161.784149      24.781849     139.563934     265.817780      85.950905     -87.004372      -8.624132     -27.585415     -11.279637      44.543327      80.402718     137.856461      -5.189239       6.807552       3.893755     -28.630404      54.852211     -82.030548     -88.890427     -22.874058      89.779198      -3.782017     -11.824248      13.189754     -62.227936     -82.206253     103.481850       5.888859      -5.055208     -28.949644
     -69.771248       4.167053      13.832652      86.809433      21.310534      36.778843     142.087585     -70.664124     239.243164     -11.553735     -19.406111       4.748434       1.733205     -20.065893      -0.653970     -24.103247     -22.811504     -46.581905     -15.252384     -25.688559     -18.672663      92.469872       3.224820     -82.500038     -51.272999     -43.137321      33.051353     359.740967      80.081535    -359.785553     -13.730885       0.123556      -2.303145       3.370551       8.981024     -17.362467     -90.003151     -29.416758      89.993874     -85.874298       0.022599    -126.090813     -54.185593     -16.036974      19.746929    -180.045105     -45.829189    -180.101257      36.470856      -1.350685      -2.046923      -4.617043      14.182233      23.178829     -90.000793      -2.305574      89.994987     161.790497      24.784756     139.553543     265.837311      85.954071     -87.017632      -8.617748     -27.587297     -11.264842      44.478996      80.408173     137.902374      -5.190691       6.807765       3.891124     -28.648306      54.919685     -82.020607     -88.894371     -22.881332      89.779999      -3.782439     -11.788805      13.195554     -62.153492     -82.198128     103.564209       5.889208      -5.053987     -28.951250
     -69.771828       4.167302      13.832532      86.809258      21.316013      36.771194     142.122665     -70.655991     239.280106     -11.553683     -19.413179       4.735843       1.741728     -20.068594      -0.662683     -24.098875     -22.834894     -46.571705     -15.254820     -25.703129     -18.636351      92.479507       3.226101     -82.496849     -51.326141     -43.153805      33.022530     359.741272      80.070999    -359.785828     -13.727297       0.123357      -2.303144       3.368663       8.994951     -17.325882     -90.003166     -29.422499      89.993874     -85.881935       0.022895    -126.100594     -54.207165     -16.043415      19.749224    -180.045090     -45.813480    -180.101257      36.517918      -1.353079      -2.045898      -4.608284      14.191420      23.089407     -90.000786      -2.301527      89.994972     161.793945      24.789326     139.543976     265.843048      85.956421     -87.021248      -8.610021     -27.587656     -11.248492      44.415291      80.413658     137.948166      -5.192099       6.807950       3.888757     -28.665754      54.989113     -82.010735     -88.895927     -22.888416      89.780319      -3.782878     -11.753497      13.201482     -62.083324     -82.190285     103.641953       5.889477      -5.053046     -28.952469
     -69.772392       4.167544      13.832425      86.809189      21.321333      36.763603     142.157578     -70.648048     239.316879     -11.553673     -19.420267       4.723205       1.750258     -20.071306      -0.671417     -24.094444     -22.858236     -46.561504     -15.257089     -25.717720     -18.599926      92.489082       3.227419     -82.493690     -51.379059     -43.170143      32.993736     359.741577      80.060585    -359.786102     -13.723737       0.123158      -2.303149       3.366670       9.008889     -17.290108     -90.003159     -29.428141      89.993896     -85.889442       0.023397    -126.110306     -54.228901     -16.049772      19.750717    -180.045074     -45.797794    -180.101227      36.564968      -1.355483      -2.044871      -4.599643      14.200347      23.002840     -90.000778      -2.297555      89.994972     161.796371      24.794445     139.534637     265.845428      85.958672     -87.022507      -8.601812     -27.588133     -11.232189      44.351833      80.419144     137.993927      -5.193495       6.808121       3.886542     -28.683239      55.058678     -82.000771     -88.896637     -22.895399      89.780449      -3.783819     -11.718184      13.207254     -62.021866     -82.182938     103.710190       5.889663      -5.052325     -28.953398
     -69.772980       4.167785      13.832272      86.807945      21.327614      36.755909     142.192398     -70.639404     239.353302     -11.554222     -19.427166       4.710827       1.758549     -20.074072      -0.680175     -24.090132     -22.881678     -46.551239     -15.259317     -25.732286     -18.563547      92.498505       3.228740     -82.490578     -51.431637     -43.186356      32.965145     359.741852      80.050133    -359.786377     -13.720285       0.122970      -2.303144       3.364676       9.022833     -17.254463     -90.003174     -29.433689      89.993881     -85.896919       0.024090    -126.120071     -54.250919     -16.056038      19.751415    -180.045059     -45.782021    -180.101212      36.612034      -1.357877      -2.043842      -4.591109      14.209060      22.918707     -90.000801      -2.293651      89.994972     161.798813      24.801752     139.525253     265.845123      85.960716     -87.021843      -8.593345     -27.588469     -11.215673      44.288612      80.424599     138.039581      -5.194880       6.808283       3.884401     -28.701849      55.149399     -81.990265     -88.859085     -22.902134      89.772774      -3.785495     -11.692813      13.221380     -61.997772     -82.177475     103.737503       5.889757      -5.052543     -28.953203
     -69.772896       4.167607      13.832739      86.814522      21.321487      36.751659     142.231323     -70.640663     239.396820     -11.554124     -19.437195       4.690953       1.769931     -20.075691      -0.688930     -24.083420     -22.902239     -46.542217     -15.260113     -25.747978     -18.524549      92.509903       3.229865     -82.487068     -51.485092     -43.200806      32.933891     359.742126      80.040779    -359.786652     -13.715693       0.122721      -2.303141       3.367880       9.032888     -17.212477     -90.003174     -29.439137      89.993889     -85.903915       0.024908    -126.129234     -54.273048     -16.063160      19.751841    -180.045044     -45.767490    -180.101212      36.659851      -1.360315      -2.042808      -4.582798      14.217441      22.837667     -90.000801      -2.289833      89.994972     161.719254      24.862331     139.538162     265.441620      85.946594     -86.736176      -8.545129     -27.558416     -11.156794      44.225327      80.430191     138.085449      -5.195796       6.808350       3.884463     -28.712309      55.206615     -81.980217     -88.881546     -22.905304      89.777283      -3.790675     -11.650449      13.219246     -61.969246     -82.172470     103.769455       5.889708      -5.051325     -28.954586
     -69.773750       4.168046      13.832430      86.812225      21.332264      36.743198     142.265320     -70.629189     239.432343     -11.554271     -19.443504       4.681257       1.777661     -20.078918      -0.696893     -24.079227     -22.926264     -46.531704     -15.262191     -25.762405     -18.488489      92.517059       3.232648     -82.484222     -51.538441     -43.219280      32.907539     359.742249      80.030724    -359.786774     -13.716208       0.122754      -2.303164       3.362444       9.055362     -17.192032     -90.003174     -29.444515      89.993889     -85.911659       0.025700    -126.139404     -54.295330     -16.069349      19.751627    -180.045029     -45.752140    -180.101196      36.707172      -1.362731      -2.041754      -4.574430      14.225757      22.758150     -90.000801      -2.286058      89.994965     161.754166      24.842844     139.519318     265.650879      85.958611     -86.883377      -8.554271     -27.587378     -11.173176      44.166485      80.436249     138.132523      -5.197226       6.807995       3.885691     -28.731915      55.263119     -81.971275     -88.890968     -22.912842      89.779259      -3.792064     -11.615945      13.224612     -61.914318     -82.165413     103.830650       5.889876      -5.050972     -28.955091
     -69.774734       4.168581      13.831936      86.808632      21.344259      36.733150     142.294434     -70.616592     239.461548     -11.554402     -19.448366       4.673593       1.783754     -20.082409      -0.705998     -24.076811     -22.951670     -46.520535     -15.265260     -25.776146     -18.453924      92.524437       3.234787     -82.481491     -51.590378     -43.236961      32.882172     359.742523      80.018898    -359.787048     -13.714448       0.122659      -2.303168       3.358338       9.074152     -17.161718     -90.003166     -29.449789      89.993881     -85.919144       0.026831    -126.149452     -54.318287     -16.074499      19.750002    -180.044998     -45.735096    -180.101181      36.753731      -1.365094      -2.040737      -4.566040      14.234016      22.679092     -90.000801      -2.282367      89.994957     161.777710      24.838791     139.503006     265.755920      85.966339     -86.956879      -8.557363     -27.599882     -11.170044      44.103237      80.441292     138.176865      -5.198836       6.808312       3.882333     -28.755745      55.327652     -81.959351     -88.894875     -22.921810      89.780029      -3.795216     -11.580670      13.229496     -61.882729     -82.159882     103.866119       5.889950      -5.050757     -28.955389
     -69.775543       4.168998      13.831602      86.806534      21.353371      36.723949     142.324966     -70.605995     239.492691     -11.554607     -19.453684       4.664333       1.790303     -20.085817      -0.715873     -24.073889     -22.976210     -46.509720     -15.267900     -25.790220     -18.418495      92.532806       3.236256     -82.478683     -51.641777     -43.252975      32.855961     359.742828      80.006905    -359.787384     -13.711932       0.122515      -2.303166       3.355806       9.090124     -17.127218     -90.003159     -29.454971      89.993889     -85.926315       0.028140    -126.159164     -54.341805     -16.079432      19.747707    -180.044983     -45.717785    -180.101151      36.800331      -1.367473      -2.039709      -4.557811      14.242105      22.601542     -90.000793      -2.278709      89.994965     161.790085      24.840675     139.489960     265.803009      85.970528     -86.989662      -8.554153     -27.604176     -11.158829      44.040527      80.446480     138.221161      -5.200270       6.808625       3.878940     -28.777298      55.397350     -81.947968     -88.896271     -22.930218      89.780296      -3.796993     -11.544187      13.234041     -61.833588     -82.153381     103.920937       5.890028      -5.050613     -28.955606
     -69.776222       4.169330      13.831387      86.805504      21.360600      36.715458     142.356567     -70.596779     239.525360     -11.554825     -19.459436       4.653969       1.797329     -20.089119      -0.725979     -24.070417     -23.000042     -46.499168     -15.270102     -25.804577     -18.382389      92.541557       3.237481     -82.475853     -51.692905     -43.268147      32.829311     359.743164      79.995171    -359.787689     -13.709243       0.122359      -2.303160       3.353788       9.105119     -17.092159     -90.003159     -29.460072      89.993889     -85.933388       0.029467    -126.168747     -54.365612     -16.084375      19.745039    -180.044968     -45.700691    -180.101120      36.847118      -1.369850      -2.038676      -4.549694      14.249998      22.525648     -90.000793      -2.275127      89.994972     161.796600      24.844963     139.478836     265.822723      85.973305     -87.003197      -8.547910     -27.605536     -11.144503      43.978443      80.451759     138.265564      -5.201648       6.808876       3.876023     -28.797098      55.468781     -81.937126     -88.896797     -22.938070      89.780403      -3.797926     -11.507270      13.238487     -61.774910     -82.146347     103.986282       5.890077      -5.050604     -28.955637
     -69.776878       4.169621      13.831182      86.803810      21.367863      36.707211     142.388687     -70.587471     239.558502     -11.555539     -19.465260       4.643293       1.804444     -20.092394      -0.736046     -24.066734     -23.023609     -46.488724     -15.272081     -25.819038     -18.346001      92.550316       3.238606     -82.473038     -51.743736     -43.282955      32.802563     359.743469      79.983627    -359.787994     -13.706520       0.122205      -2.303157       3.351888       9.119676     -17.056744     -90.003166     -29.465084      89.993881     -85.940445       0.030756    -126.178261     -54.389549     -16.089329      19.742006    -180.044952     -45.683781    -180.101089      36.894012      -1.372244      -2.037652      -4.541676      14.257744      22.451218     -90.000809      -2.271616      89.994965     161.800919      24.852011     139.468475     265.829834      85.975319     -87.007874      -8.540402     -27.605541     -11.128724      43.916874      80.457069     138.309937      -5.202981       6.809090       3.873414     -28.817080      55.561012     -81.926079     -88.860580     -22.945465      89.772995      -3.799002     -11.479879      13.251081     -61.744068     -82.140709     104.021072       5.890051      -5.051460     -28.954639
     -69.777504       4.169938      13.831019      86.804222      21.373545      36.698757     142.419113     -70.579346     239.590256     -11.555313     -19.471184       4.632618       1.811773     -20.095684      -0.746235     -24.062939     -23.047049     -46.478317     -15.273859     -25.833584     -18.309404      92.559021       3.239781     -82.470238     -51.794342     -43.297523      32.775967     359.743805      79.972160    -359.788300     -13.703843       0.122053      -2.303154       3.349845       9.134268     -17.022165     -90.003166     -29.470001      89.993881     -85.947418       0.031984    -126.187622     -54.413662     -16.094078      19.738588    -180.044937     -45.666824    -180.101074      36.940853      -1.374616      -2.036629      -4.533711      14.265360      22.378084     -90.000816      -2.268152      89.994965     161.802917      24.857298     139.458191     265.831970      85.977043     -87.009056      -8.532331     -27.605324     -11.112830      43.855736      80.462387     138.354095      -5.204309       6.809295       3.870872     -28.837893      55.613434     -81.913483     -88.882355     -22.952425      89.777382      -3.806121     -11.439745      13.249429     -61.747547     -82.137611     104.017868       5.889845      -5.051074     -28.954985
     -69.778038       4.170166      13.830983      86.804977      21.378325      36.691326     142.451553     -70.572319     239.624619     -11.555413     -19.477509       4.620975       1.819464     -20.098829      -0.756382     -24.058729     -23.069996     -46.468098     -15.275326     -25.848309     -18.272341      92.567818       3.241028     -82.467407     -51.844997     -43.311859      32.749027     359.744080      79.960999    -359.788574     -13.701353       0.121912      -2.303162       3.347696       9.148758     -16.987989     -90.003174     -29.474852      89.993874     -85.954308       0.033138    -126.196815     -54.437809     -16.098890      19.734890    -180.044907     -45.650135    -180.101059      36.987843      -1.376999      -2.035576      -4.525899      14.272814      22.306328     -90.000809      -2.264753      89.994957     161.804199      24.861929     139.449234     265.831696      85.979233     -87.008347      -8.524110     -27.605553     -11.097193      43.794910      80.467697     138.398285      -5.205607       6.809494       3.868502     -28.854725      55.679729     -81.903885     -88.891502     -22.959122      89.779243      -3.805652     -11.399954      13.251946     -61.666180     -82.129326     104.108315       5.889934      -5.051108     -28.955013
     -69.777946       4.169950      13.831487      86.810776      21.372715      36.687550     142.490067     -70.573784     239.667709     -11.556124     -19.486898       4.601722       1.830049     -20.100773      -0.766110     -24.052225     -23.090225     -46.459095     -15.275397     -25.864103     -18.232786      92.578461       3.242088     -82.464211     -51.896530     -43.324715      32.719330     359.744385      79.951134    -359.788879     -13.697728       0.121714      -2.303162       3.350897       9.159283     -16.947416     -90.003181     -29.479618      89.993896     -85.960846       0.034164    -126.205437     -54.461742     -16.104715      19.731253    -180.044907     -45.634930    -180.101059      37.035549      -1.379445      -2.034522      -4.518302      14.280031      22.236666     -90.000816      -2.261397      89.994957     161.725220      24.923296     139.462692     265.428436      85.965378     -86.722504      -8.476268     -27.575724     -11.039316      43.733837      80.473122     138.442795      -5.206427       6.809578       3.868420     -28.862743      55.758442     -81.896347     -88.895256     -22.962912      89.780037      -3.801724     -11.357312      13.253922     -61.544308     -82.118835     104.243591       5.889973      -5.051359     -28.954784
     -69.778900       4.170457      13.831069      86.807281      21.385149      36.678352     142.520432     -70.561302     239.698822     -11.556748     -19.492077       4.593974       1.836558     -20.104452      -0.774991     -24.048754     -23.114513     -46.448303     -15.277078     -25.878374     -18.196783      92.584618       3.244698     -82.461739     -51.947552     -43.341820      32.694958     359.744476      79.940277    -359.789001     -13.699120       0.121788      -2.303181       3.345547       9.182228     -16.927975     -90.003181     -29.484314      89.993874     -85.968185       0.035037    -126.215042     -54.485638     -16.109385      19.727085    -180.044891     -45.618671    -180.101044      37.082485      -1.381836      -2.033476      -4.510568      14.287261      22.167416     -90.000809      -2.258104      89.994965     161.760376      24.906252     139.442947     265.637238      85.976830     -86.869553      -8.485463     -27.604013     -11.055871      43.677063      80.478989     138.488510      -5.207785       6.809258       3.869428     -28.884590      55.823765     -81.886452     -88.896416     -22.971445      89.780258      -3.802562     -11.322341      13.259127     -61.494289     -82.112312     104.299690       5.889863      -5.052192     -28.953766
     -69.779953       4.171043      13.830515      86.803116      21.398211      36.667732     142.545959     -70.548157     239.723816     -11.557117     -19.495857       4.588142       1.841575     -20.108370      -0.785074     -24.046974     -23.140039     -46.436913     -15.279727     -25.891998     -18.162180      92.590988       3.246658     -82.459389     -51.997143     -43.358025      32.671600     359.744812      79.927681    -359.789307     -13.698197       0.121733      -2.303182       3.341420       9.201544     -16.898903     -90.003174     -29.488918      89.993881     -85.975212       0.036130    -126.224396     -54.510036     -16.113005      19.721760    -180.044861     -45.600693    -180.101013      37.128605      -1.384172      -2.032440      -4.502880      14.294497      22.097742     -90.000816      -2.254867      89.994972     161.784164      24.903460     139.425888     265.743103      85.984161     -86.943840      -8.488713     -27.615957     -11.053172      43.616089      80.483856     138.531311      -5.209312       6.809606       3.865809     -28.910252      55.892208     -81.873650     -88.897087     -22.980947      89.780373      -3.806343     -11.285412      13.262601     -61.475685     -82.107811     104.320953       5.889686      -5.052915     -28.952820
     -69.780800       4.171492      13.830149      86.800758      21.407984      36.658154     142.573257     -70.537331     239.751251     -11.557479     -19.500225       4.580451       1.847209     -20.112135      -0.795891     -24.044613     -23.164597     -46.425919     -15.281911     -25.906008     -18.126619      92.598404       3.247964     -82.456970     -52.046234     -43.372589      32.647312     359.745148      79.914978    -359.789673     -13.696545       0.121643      -2.303174       3.338979       9.218034     -16.865667     -90.003174     -29.493437      89.993889     -85.981880       0.037330    -126.233315     -54.534813     -16.116421      19.715979    -180.044846     -45.582554    -180.100983      37.174683      -1.386505      -2.031403      -4.495312      14.301593      22.029057     -90.000824      -2.251685      89.994965     161.796478      24.906214     139.412430     265.790131      85.988083     -86.976768      -8.485651     -27.619822     -11.042451      43.555576      80.488899     138.574158      -5.210674       6.809954       3.862162     -28.933067      55.964352     -81.861618     -88.897408     -22.989689      89.780418      -3.808419     -11.246786      13.265439     -61.434349     -82.101990     104.367386       5.889555      -5.053614     -28.951960
     -69.781601       4.171900      13.829802      86.798355      21.417034      36.648659     142.600677     -70.526695     239.778763     -11.558081     -19.504747       4.572245       1.853060     -20.115875      -0.806847     -24.041935     -23.188732     -46.415081     -15.283788     -25.920176     -18.090609      92.606033       3.248976     -82.454529     -52.094860     -43.386436      32.622814     359.745483      79.902466    -359.790009     -13.694678       0.121535      -2.303173       3.337082       9.233594     -16.831654     -90.003166     -29.497892      89.993889     -85.988472       0.038479    -126.242126     -54.559692     -16.119768      19.709982    -180.044815     -45.564545    -180.100967      37.220798      -1.388843      -2.030356      -4.487867      14.308559      21.961433     -90.000816      -2.248543      89.994957     161.803528      24.913263     139.400070     265.809448      85.990234     -86.990097      -8.479527     -27.620569     -11.028440      43.495644      80.493988     138.617065      -5.211967       6.810235       3.858992     -28.957382      56.045990     -81.847786     -88.874855     -22.997816      89.775742      -3.814416     -11.216421      13.272587     -61.454311     -82.099846     104.346001       5.889184      -5.054723     -28.950481
     -69.782188       4.172183      13.829718      86.798859      21.422623      36.640579     142.629776     -70.519089     239.809143     -11.558063     -19.510031       4.562355       1.859820     -20.119356      -0.817891     -24.038465     -23.211918     -46.404633     -15.285092     -25.934736     -18.053633      92.613960       3.249985     -82.452057     -52.143620     -43.399700      32.597801     359.745819      79.890404    -359.790314     -13.692890       0.121435      -2.303176       3.335130       9.248772     -16.798008     -90.003174     -29.502285      89.993874     -85.994904       0.039545    -126.250610     -54.584564     -16.123232      19.703926    -180.044815     -45.546917    -180.100952      37.267048      -1.391181      -2.029329      -4.480539      14.315374      21.894983     -90.000816      -2.245470      89.994972     161.806595      24.917416     139.390060     265.816711      85.992355     -86.994873      -8.472343     -27.620487     -11.013621      43.436348      80.499146     138.660004      -5.213216       6.810479       3.856126     -28.975933      56.109768     -81.837242     -88.888626     -23.004889      89.778564      -3.815618     -11.173464      13.272315     -61.391388     -82.092781     104.416328       5.889156      -5.055088     -28.950077
     -69.782776       4.172448      13.829623      86.798874      21.428400      36.632675     142.659409     -70.511444     239.840118     -11.558387     -19.515467       4.552174       1.866674     -20.122795      -0.828709     -24.034828     -23.234961     -46.394245     -15.286215     -25.949348     -18.016527      92.621849       3.251062     -82.449577     -52.192257     -43.412952      32.572624     359.746124      79.878670    -359.790588     -13.691173       0.121333      -2.303174       3.333091       9.263782     -16.764835     -90.003166     -29.506592      89.993881     -86.001312       0.040459    -126.259026     -54.609322     -16.126732      19.697699    -180.044800     -45.529549    -180.100937      37.313290      -1.393531      -2.028293      -4.473274      14.322104      21.829588     -90.000832      -2.242450      89.994957     161.808838      24.922932     139.380402     265.819214      85.994408     -86.996254      -8.464624     -27.620575     -10.998693      43.377430      80.504311     138.702805      -5.214454       6.810712       3.853493     -28.994064      56.181709     -81.827110     -88.894180     -23.012245      89.779701      -3.813992     -11.132196      13.274112     -61.303284     -82.084251     104.514641       5.889101      -5.055869     -28.949169
     -69.783394       4.172730      13.829494      86.798515      21.434593      36.624611     142.688461     -70.503555     239.870392     -11.558864     -19.520821       4.542190       1.873457     -20.126219      -0.839378     -24.031301     -23.258158     -46.383774     -15.287297     -25.963930     -17.979475      92.629547       3.252126     -82.447128     -52.240532     -43.426140      32.547573     359.746429      79.866989    -359.790924     -13.689548       0.121245      -2.303175       3.331058       9.278771     -16.731777     -90.003166     -29.510822      89.993881     -86.007706       0.041302    -126.267342     -54.633991     -16.130127      19.691221    -180.044769     -45.512230    -180.100922      37.359432      -1.395882      -2.027256      -4.466036      14.328753      21.764940     -90.000824      -2.239479      89.994949     161.810577      24.929621     139.370651     265.819153      85.996216     -86.995842      -8.456571     -27.620371     -10.983479      43.318748      80.509453     138.745544      -5.215688       6.810935       3.850912     -29.012865      56.256168     -81.816620     -88.896309     -23.019775      89.780128      -3.812796     -11.091371      13.276202     -61.224266     -82.076302     104.602997       5.888967      -5.056888     -28.947960
     -69.784035       4.173027      13.829348      86.798012      21.441059      36.616447     142.717087     -70.495567     239.900177     -11.559415     -19.526098       4.532380       1.880152     -20.129658      -0.850002     -24.027884     -23.281435     -46.373245     -15.288361     -25.978453     -17.942535      92.637123       3.253195     -82.444748     -52.288464     -43.439228      32.522717     359.746704      79.855278    -359.791199     -13.688017       0.121169      -2.303171       3.329007       9.293830     -16.699009     -90.003181     -29.514990      89.993874     -86.014038       0.042081    -126.275566     -54.658623     -16.133385      19.684509    -180.044739     -45.494858    -180.100906      37.405460      -1.398228      -2.026232      -4.458872      14.335333      21.700891     -90.000824      -2.236552      89.994949     161.812210      24.936747     139.360809     265.818665      85.997902     -86.995125      -8.448485     -27.620104     -10.968314      43.260349      80.514572     138.788071      -5.216908       6.811164       3.848331     -29.032104      56.331207     -81.805923     -88.897125     -23.027351      89.780281      -3.812310     -11.050523      13.278152     -61.155178     -82.068954     104.680382       5.888769      -5.058027     -28.946547
     -69.784111       4.172934      13.829723      86.802116      21.438780      36.612099     142.753448     -70.494919     239.940613     -11.560609     -19.534582       4.515357       1.889983     -20.132000      -0.859706     -24.021824     -23.301853     -46.364021     -15.287786     -25.994112     -17.902870      92.645859       3.254758     -82.442001     -52.338116     -43.451962      32.495476     359.746948      79.845398    -359.791412     -13.687172       0.121127      -2.303178       3.330068       9.308846     -16.668091     -90.003159     -29.519073      89.993896     -86.020134       0.042646    -126.283302     -54.682762     -16.137850      19.678308    -180.044739     -45.479404    -180.100922      37.452358      -1.400605      -2.025189      -4.451942      14.341662      21.638874     -90.000816      -2.233682      89.994949     161.749954      24.985155     139.368637     265.536163      85.988419     -86.794655      -8.409291     -27.606091     -10.931167      43.204155      80.520523     138.833450      -5.217437       6.810864       3.850551     -29.042015      56.410740     -81.798569     -88.897377     -23.031790      89.780327      -3.808936     -11.007293      13.279346     -61.052368     -82.059586     104.795357       5.888578      -5.059282     -28.945004
     -69.785347       4.173628      13.828992      86.796028      21.454958      36.600296     142.774765     -70.479462     239.960449     -11.561341     -19.537270       4.512077       1.894044     -20.136278      -0.869825     -24.020672     -23.327782     -46.352272     -15.290111     -26.007498     -17.868528      92.650314       3.256961     -82.440132     -52.385555     -43.467865      32.474728     359.747162      79.832573    -359.791656     -13.688428       0.121190      -2.303188       3.325497       9.331252     -16.644865     -90.003166     -29.523079      89.993889     -86.026810       0.043317    -126.291916     -54.707157     -16.140228      19.670860    -180.044708     -45.461163    -180.100891      37.497627      -1.402889      -2.024169      -4.444831      14.348153      21.575399     -90.000832      -2.230863      89.994934     161.782425      24.979647     139.348099     265.688690      85.997849     -86.901909      -8.417059     -27.625109     -10.936005      43.146652      80.525269     138.874847      -5.219106       6.811060       3.848266     -29.072697      56.487129     -81.782959     -88.875275     -23.041651      89.775742      -3.817770     -10.978108      13.286249     -61.108727     -82.059891     104.733398       5.888003      -5.061017     -28.942642
     -69.786255       4.174136      13.828599      86.793777      21.465597      36.590191     142.798111     -70.468376     239.983505     -11.561455     -19.540670       4.506276       1.898889     -20.140287      -0.881116     -24.019016     -23.352602     -46.341003     -15.292030     -26.021276     -17.833176      92.656296       3.258380     -82.438110     -52.432495     -43.481689      32.452759     359.747498      79.819351    -359.791962     -13.687979       0.121164      -2.303195       3.322503       9.349376     -16.614483     -90.003174     -29.527058      89.993874     -86.032867       0.044188    -126.299858     -54.731976     -16.142246      19.662895    -180.044693     -45.442364    -180.100845      37.542648      -1.405174      -2.023141      -4.437805      14.354585      21.512201     -90.000824      -2.228079      89.994942     161.798950      24.979219     139.333145     265.759247      86.003105     -86.951393      -8.416826     -27.631912     -10.929184      43.088120      80.530067     138.916183      -5.220441       6.811457       3.844213     -29.096699      56.550285     -81.770416     -88.888809     -23.050350      89.778511      -3.821362     -10.934039      13.284606     -61.076206     -82.054855     104.770172       5.887843      -5.061824     -28.941633
     -69.787018       4.174521      13.828349      86.792343      21.474007      36.581093     142.823746     -70.458862     240.009399     -11.561874     -19.544743       4.498710       1.904395     -20.144117      -0.892625     -24.016619     -23.376474     -46.330101     -15.293398     -26.035423     -17.796885      92.662949       3.259422     -82.436005     -52.479225     -43.494453      32.429955     359.747833      79.806473    -359.792328     -13.687167       0.121122      -2.303191       3.320436       9.365808     -16.582422     -90.003166     -29.530954      89.993881     -86.038750       0.045028    -126.307533     -54.756840     -16.144358      19.654869    -180.044662     -45.423866    -180.100815      37.587784      -1.407443      -2.022116      -4.430895      14.360872      21.449888     -90.000809      -2.225332      89.994949     161.807541      24.983101     139.320923     265.789581      86.006256     -86.972420      -8.412173     -27.634048     -10.917432      43.030254      80.534996     138.957687      -5.221667       6.811783       3.840711     -29.117916      56.623867     -81.759094     -88.894424     -23.058754      89.779655      -3.820356     -10.890592      13.284808     -60.996601     -82.046959     104.859390       5.887711      -5.062973     -28.940264
     -69.787720       4.174864      13.828148      86.791237      21.481529      36.572342     142.849838     -70.449997     240.036011     -11.562406     -19.549093       4.490488       1.910250     -20.147840      -0.904045     -24.013914     -23.400011     -46.319347     -15.294460     -26.049721     -17.760181      92.669716       3.260318     -82.433922     -52.525635     -43.506763      32.406883     359.748138      79.793861    -359.792633     -13.686339       0.121071      -2.303195       3.318536       9.381441     -16.549463     -90.003174     -29.534781      89.993874     -86.044594       0.045784    -126.315071     -54.781593     -16.146521      19.646795    -180.044632     -45.405640    -180.100800      37.632908      -1.409739      -2.021095      -4.424047      14.367108      21.388391     -90.000816      -2.222651      89.994934     161.812286      24.989244     139.309860     265.801361      86.008293     -86.980507      -8.405679     -27.634001     -10.903469      42.972980      80.539963     138.999161      -5.222855       6.812062       3.837575     -29.138393      56.701050     -81.747910     -88.896324     -23.066961      89.780052      -3.818779     -10.847399      13.285461     -60.914455     -82.038933     104.951515       5.887527      -5.064328     -28.938597
     -69.788391       4.175189      13.827965      86.790314      21.488674      36.563744     142.876007     -70.441475     240.062790     -11.562986     -19.553579       4.481987       1.916266     -20.151508      -0.915347     -24.011068     -23.423365     -46.308643     -15.295353     -26.064087     -17.723295      92.676491       3.261175     -82.431847     -52.571835     -43.518951      32.383701     359.748474      79.781570    -359.792908     -13.685378       0.121016      -2.303192       3.316756       9.396955     -16.517475     -90.003174     -29.538546      89.993881     -86.050392       0.046445    -126.322495     -54.806164     -16.148659      19.638693    -180.044601     -45.387566    -180.100784      37.677948      -1.412018      -2.020077      -4.417196      14.373281      21.327314     -90.000816      -2.220005      89.994934     161.815308      24.996342     139.299255     265.805725      86.009987     -86.983246      -8.398160     -27.633604     -10.888978      42.915985      80.544960     139.040665      -5.224022       6.812325       3.834670     -29.158682      56.778847     -81.736702     -88.897087     -23.074982      89.780197      -3.817645     -10.804138      13.285986     -60.839474     -82.031364     105.035774       5.887281      -5.065817     -28.936756
     -69.789055       4.175510      13.827798      86.789551      21.495651      36.555225     142.901993     -70.433159     240.089508     -11.563596     -19.558107       4.473390       1.922381     -20.155136      -0.926573     -24.008177     -23.446686     -46.297955     -15.296117     -26.078482     -17.686312      92.683159       3.262083     -82.429771     -52.617786     -43.531021      32.360603     359.748810      79.769341    -359.793243     -13.684554       0.120963      -2.303190       3.314879       9.412457     -16.485703     -90.003189     -29.542238      89.993874     -86.056084       0.047029    -126.329758     -54.830593     -16.150724      19.630505    -180.044586     -45.369591    -180.100784      37.722874      -1.414297      -2.019039      -4.410393      14.379406      21.266739     -90.000816      -2.217405      89.994942     161.817352      25.003923     139.288940     265.806427      86.011528     -86.983459      -8.390372     -27.633072     -10.874354      42.859375      80.549942     139.081985      -5.225182       6.812576       3.831860     -29.178913      56.856659     -81.725456     -88.897476     -23.082842      89.780243      -3.816948     -10.760664      13.286280     -60.770367     -82.024170     105.113548       5.886997      -5.067396     -28.934786
     -69.789810       4.175887      13.827512      86.787590      21.504091      36.545998     142.926605     -70.423553     240.114258     -11.564461     -19.562267       4.465670       1.928104     -20.158873      -0.937736     -24.005632     -23.470362     -46.287083     -15.297005     -26.092707     -17.649691      92.689522       3.262957     -82.427788     -52.663197     -43.543121      32.337975     359.749084      79.756973    -359.793549     -13.683822       0.120916      -2.303190       3.312921       9.428087     -16.454063     -90.003181     -29.545872      89.993866     -86.061790       0.047569    -126.336998     -54.854885     -16.152555      19.622105    -180.044586     -45.351444    -180.100769      37.767555      -1.416556      -2.018013      -4.403626      14.385467      21.206579     -90.000816      -2.214839      89.994926     161.819733      25.013842     139.277756     265.806885      86.012703     -86.983528      -8.382492     -27.632513     -10.859735      42.802937      80.554893     139.123215      -5.226331       6.812830       3.829082     -29.202761      56.941387     -81.711708     -88.877213     -23.090790      89.776039      -3.821448     -10.725377      13.290480     -60.771179     -82.021370     105.113342       5.886465      -5.069281     -28.932281
     -69.789848       4.175782      13.827950      86.792526      21.501106      36.541695     142.960617     -70.423645     240.152267     -11.565440     -19.570192       4.449349       1.937632     -20.161329      -0.948082     -23.999924     -23.490509     -46.277821     -15.295932     -26.108328     -17.609692      92.697334       3.264411     -82.425385     -52.710747     -43.554611      32.312496     359.749329      79.746689    -359.793793     -13.683832       0.120921      -2.303209       3.314116       9.443639     -16.424601     -90.003166     -29.549435      89.993896     -86.067070       0.047891    -126.343544     -54.878590     -16.155729      19.614473    -180.044571     -45.335415    -180.100769      37.813145      -1.418853      -2.016984      -4.397060      14.391316      21.148245     -90.000824      -2.212323      89.994919     161.757065      25.061222     139.285812     265.523499      86.003288     -86.782173      -8.343493     -27.618364     -10.823334      42.748814      80.560684     139.167297      -5.226780       6.812555       3.831124     -29.212231      57.014324     -81.704430     -88.889786     -23.094799      89.778618      -3.818556     -10.675973      13.287172     -60.667400     -82.012062     105.229881       5.886276      -5.070563     -28.930717
     -69.790993       4.176418      13.827369      86.787865      21.515793      36.530609     142.980804     -70.409851     240.171356     -11.565954     -19.572712       4.446123       1.941736     -20.165592      -0.958685     -23.998774     -23.515820     -46.266178     -15.297608     -26.121838     -17.574728      92.701080       3.266538     -82.423782     -52.756454     -43.569305      32.292931     359.749542      79.733780    -359.794006     -13.685819       0.121038      -2.303217       3.308754       9.466619     -16.403664     -90.003181     -29.552961      89.993896     -86.072952       0.048310    -126.350960     -54.902470     -16.157059      19.605722    -180.044540     -45.316917    -180.100739      37.857277      -1.421075      -2.015981      -4.390330      14.397300      21.088823     -90.000824      -2.209861      89.994911     161.788727      25.053385     139.266205     265.676086      86.013168     -86.889519      -8.351623     -27.637606     -10.829126      42.693417      80.565277     139.207443      -5.228364       6.812765       3.828714     -29.238960      57.083649     -81.691628     -88.895020     -23.104628      89.779686      -3.820056     -10.633365      13.287148     -60.623466     -82.006485     105.279678       5.885948      -5.072289     -28.928528
     -69.792000       4.176975      13.826875      86.784210      21.528076      36.519890     143.001343     -70.397652     240.190918     -11.566553     -19.575350       4.441744       1.945895     -20.169762      -0.970224     -23.997738     -23.540846     -46.254627     -15.299243     -26.135412     -17.539507      92.705978       3.267811     -82.422104     -52.801151     -43.582264      32.272739     359.749878      79.720230    -359.794342     -13.686186       0.121057      -2.303216       3.306004       9.485116     -16.374182     -90.003181     -29.556417      89.993889     -86.078400       0.048885    -126.357925     -54.926624     -16.157965      19.596514    -180.044510     -45.297718    -180.100708      37.901009      -1.423277      -2.014987      -4.383647      14.403271      21.029005     -90.000801      -2.207424      89.994919     161.805893      25.055378     139.250427     265.747131      86.018127     -86.939468      -8.351594     -27.644232     -10.822799      42.636932      80.569916     139.247391      -5.229628       6.813184       3.824530     -29.265120      57.158783     -81.678047     -88.896652     -23.114531      89.779991      -3.820814     -10.587497      13.288780     -60.580936     -82.002800     105.327477       5.884598      -5.072565     -28.927473
     -69.792847       4.177427      13.826531      86.782059      21.537712      36.510010     143.023422     -70.387321     240.212555     -11.567079     -19.578558       4.435831       1.950660     -20.173784      -0.982161     -23.996111     -23.565035     -46.243420     -15.300401     -26.149313     -17.503456      92.711517       3.268649     -82.420387     -52.845467     -43.594055      32.251938     359.750244      79.706833    -359.794708     -13.686123       0.121038      -2.303211       3.304131       9.501916     -16.342880     -90.003181     -29.559818      89.993889     -86.083603       0.049515    -126.364594     -54.950821     -16.158787      19.587242    -180.044479     -45.278587    -180.100677      37.944740      -1.425499      -2.013991      -4.377044      14.409174      20.969845     -90.000809      -2.205038      89.994919     161.814865      25.060814     139.237213     265.778351      86.020790     -86.961342      -8.347152     -27.645849     -10.811415      42.581081      80.574677     139.287476      -5.230803       6.813539       3.820801     -29.289528      57.232437     -81.664505     -88.897560     -23.123730      89.780136      -3.821248     -10.540218      13.293319     -60.546513     -82.001640     105.365776       5.882556      -5.071581     -28.927481
     -69.793579       4.177801      13.826304      86.780983      21.545595      36.500847     143.046570     -70.378319     240.235809     -11.567540     -19.582224       4.428812       1.955978     -20.177664      -0.994079     -23.993956     -23.588577     -46.232487     -15.301146     -26.163450     -17.466743      92.717293       3.269311     -82.418655     -52.889553     -43.605206      32.230759     359.750580      79.693703    -359.795013     -13.686085       0.121037      -2.303203       3.302265       9.517899     -16.310360     -90.003181     -29.563166      89.993881     -86.088684       0.050091    -126.371071     -54.974915     -16.159708      19.577982    -180.044449     -45.259785    -180.100662      37.988480      -1.427703      -2.012988      -4.370538      14.414962      20.911560     -90.000809      -2.202687      89.994919     161.819656      25.067223     139.225662     265.790314      86.022392     -86.969543      -8.341107     -27.644934     -10.797693      42.525902      80.579514     139.327576      -5.231916       6.813850       3.817420     -29.312157      57.304890     -81.651543     -88.897942     -23.132023      89.780197      -3.821651     -10.493543      13.298148     -60.512859     -82.000618     105.403214       5.880914      -5.071103     -28.927145
     -69.794304       4.178147      13.826073      86.779175      21.553785      36.491848     143.070175     -70.369087     240.259506     -11.568457     -19.585945       4.421584       1.961383     -20.181488      -1.005862     -23.991693     -23.612007     -46.221596     -15.301727     -26.177647     -17.429882      92.723030       3.270010     -82.416916     -52.933449     -43.616337      32.209465     359.750885      79.680962    -359.795319     -13.685872       0.121023      -2.303201       3.300707       9.533841     -16.279543     -90.003181     -29.566441      89.993874     -86.093765       0.050581    -126.377487     -54.998844     -16.160664      19.568693    -180.044449     -45.241180    -180.100647      38.032162      -1.429907      -2.011975      -4.364089      14.420686      20.853819     -90.000816      -2.200380      89.994904     161.823151      25.075901     139.214554     265.795013      86.023888     -86.972588      -8.333872     -27.644346     -10.783804      42.470764      80.584343     139.367874      -5.233014       6.814137       3.814329     -29.335226      57.394775     -81.638199     -88.865585     -23.139797      89.773552      -3.822920     -10.456658      13.309660     -60.502293     -82.000298     105.415009       5.879936      -5.071844     -28.925722
     -69.794991       4.178502      13.825887      86.779305      21.560419      36.482727     143.092560     -70.361076     240.282257     -11.568546     -19.589846       4.414192       1.967028     -20.185287      -1.017688     -23.989319     -23.635328     -46.210739     -15.302139     -26.191898     -17.392845      92.728668       3.270776     -82.415192     -52.977150     -43.627289      32.188301     359.751190      79.668243    -359.795624     -13.685854       0.121032      -2.303206       3.298867       9.549870     -16.249050     -90.003189     -29.569696      89.993881     -86.098701       0.051047    -126.383720     -55.022648     -16.161495      19.559353    -180.044418     -45.222580    -180.100632      38.075699      -1.432106      -2.010976      -4.357676      14.426367      20.796474     -90.000824      -2.198107      89.994911     161.824814      25.082672     139.203552     265.796326      86.025208     -86.973289      -8.326318     -27.643623     -10.769874      42.416195      80.589180     139.407883      -5.234101       6.814416       3.811349     -29.358622      57.448761     -81.623734     -88.884964     -23.147011      89.777435      -3.828595     -10.408580      13.310006     -60.516235     -82.002769     105.399025       5.878518      -5.071428     -28.925404
     -69.795601       4.178780      13.825806      86.779671      21.566231      36.474503     143.116791     -70.354019     240.307358     -11.568957     -19.594158       4.405808       1.973062     -20.188927      -1.029361     -23.986563     -23.658188     -46.200047     -15.302269     -26.206308     -17.355379      92.734436       3.271608     -82.413445     -53.020939     -43.638069      32.166779     359.751495      79.655869    -359.795929     -13.685998       0.121041      -2.303212       3.296962       9.565830     -16.219072     -90.003189     -29.572861      89.993889     -86.103554       0.051435    -126.389778     -55.046249     -16.162447      19.550039    -180.044403     -45.204300    -180.100616      38.119228      -1.434307      -2.009973      -4.351318      14.431961      20.739775     -90.000824      -2.195879      89.994911     161.826080      25.088724     139.193710     265.796082      86.027016     -86.972694      -8.318739     -27.643351     -10.756248      42.361862      80.594002     139.447891      -5.235168       6.814684       3.808485     -29.378523      57.514763     -81.611832     -88.892906     -23.153927      89.779076      -3.827329     -10.360695      13.314223     -60.461792     -82.000748     105.459648       5.877595      -5.071503     -28.924824
     -69.795578       4.178617      13.826264      86.784966      21.561672      36.470013     143.147903     -70.355385     240.342178     -11.570072     -19.601582       4.389524       1.982085     -20.191353      -1.040517     -23.981579     -23.678343     -46.190628     -15.300988     -26.221718     -17.315424      92.742088       3.272289     -82.411331     -53.065689     -43.647491      32.142448     359.751831      79.644798    -359.796234     -13.685026       0.120990      -2.303211       3.300458       9.577945     -16.182934     -90.003174     -29.575970      89.993919     -86.107986       0.051749    -126.395218     -55.069481     -16.164415      19.540846    -180.044373     -45.187519    -180.100616      38.163174      -1.436512      -2.008956      -4.344973      14.437003      20.684332     -90.000809      -2.193676      89.994911     161.747711      25.151537     139.206451     265.391968      86.012894     -86.685303      -8.271692     -27.613239     -10.700795      42.307133      80.598930     139.488327      -5.235770       6.814844       3.807842     -29.389427      57.592278     -81.602036     -88.896240     -23.157787      89.779747      -3.822352     -10.310051      13.318192     -60.369713     -81.996666     105.562401       5.876738      -5.071913     -28.923891
     -69.796600       4.179173      13.825816      86.781273      21.575037      36.460056     143.169861     -70.342995     240.363861     -11.570930     -19.604830       4.385000       1.987071     -20.195463      -1.050803     -23.979570     -23.702450     -46.179390     -15.301463     -26.235643     -17.279123      92.745132       3.274519     -82.409904     -53.110065     -43.661198      32.123409     359.751923      79.632751    -359.796356     -13.689209       0.121225      -2.303226       3.295738       9.602204     -16.167419     -90.003181     -29.579060      89.993904     -86.113251       0.051942    -126.401711     -55.092445     -16.165417      19.531488    -180.044357     -45.169743    -180.100601      38.206448      -1.438703      -2.007954      -4.338664      14.442323      20.628450     -90.000809      -2.191517      89.994911     161.782608      25.135637     139.185776     265.602112      86.023941     -86.834023      -8.281540     -27.640945     -10.719130      42.256420      80.604263     139.530319      -5.236898       6.814581       3.808412     -29.414087      57.656174     -81.590027     -88.897568     -23.166439      89.780029      -3.822175     -10.267322      13.324631     -60.334900     -81.995598     105.601212       5.876204      -5.072897     -28.922413
     -69.797722       4.179801      13.825234      86.776917      21.588987      36.448723     143.187317     -70.330002     240.379868     -11.571568     -19.606791       4.382267       1.990598     -20.199774      -1.062260     -23.979185     -23.727901     -46.167469     -15.302900     -26.248947     -17.244265      92.748474       3.276067     -82.408592     -53.152962     -43.674023      32.105301     359.752228      79.619026    -359.796661     -13.690892       0.121312      -2.303232       3.291732       9.622827     -16.142141     -90.003181     -29.582083      89.993889     -86.118240       0.052270    -126.407951     -55.115562     -16.165436      19.521917    -180.044327     -45.150204    -180.100571      38.249184      -1.440849      -2.006969      -4.332567      14.448763      20.571941     -90.000809      -2.189392      89.994904     161.806122      25.134058     139.167892     265.707977      86.030891     -86.908577      -8.285396     -27.652374     -10.718290      42.202003      80.608673     139.568893      -5.238214       6.815005       3.804283     -29.442572      57.723713     -81.575005     -88.898178     -23.175993      89.780121      -3.824308     -10.222741      13.329641     -60.322262     -81.996185     105.615082       5.875660      -5.073800     -28.921061
     -69.798706       4.180339      13.824738      86.773193      21.600904      36.437824     143.205688     -70.318123     240.396973     -11.572450     -19.609068       4.378260       1.994489     -20.203981      -1.074311     -23.978479     -23.752693     -46.155811     -15.304017     -26.262465     -17.208763      92.752701       3.276919     -82.407219     -53.195091     -43.685352      32.086517     359.752594      79.605164    -359.797028     -13.691762       0.121351      -2.303225       3.289441       9.640629     -16.112520     -90.003181     -29.585035      89.993889     -86.122856       0.052775    -126.413826     -55.138905     -16.165199      19.511614    -180.044296     -45.130573    -180.100525      38.291393      -1.442961      -2.005985      -4.326108      14.454219      20.515444     -90.000824      -2.187311      89.994911     161.818954      25.139885     139.152786     265.755280      86.034103     -86.941887      -8.282838     -27.655460     -10.709205      42.147900      80.613235     139.607544      -5.239367       6.815421       3.800143     -29.471491      57.802845     -81.558441     -88.877914     -23.184855      89.775909      -3.829301     -10.185176      13.337586     -60.346195     -81.998703     105.588051       5.875235      -5.075188     -28.919178
     -69.799423       4.180710      13.824542      86.772659      21.608517      36.428646     143.226730     -70.309738     240.418076     -11.572792     -19.612318       4.371914       1.999516     -20.207899      -1.086600     -23.976770     -23.776243     -46.144718     -15.304408     -26.276468     -17.172018      92.757561       3.277529     -82.405777     -53.237305     -43.695656      32.066883     359.752960      79.591751    -359.797363     -13.692543       0.121390      -2.303220       3.287439       9.657305     -16.082109     -90.003181     -29.587950      89.993889     -86.127220       0.053280    -126.419342     -55.162251     -16.165159      19.501381    -180.044266     -45.111355    -180.100525      38.333725      -1.445079      -2.004996      -4.319814      14.459584      20.459827     -90.000832      -2.185275      89.994904     161.824966      25.144411     139.140945     265.774963      86.036385     -86.955589      -8.277589     -27.655647     -10.697261      42.094524      80.617882     139.646362      -5.240434       6.815761       3.796507     -29.493771      57.866913     -81.545502     -88.890343     -23.192486      89.778450      -3.827992     -10.135242      13.340318     -60.290707     -81.996979     105.649818       5.874671      -5.075798     -28.918177
     -69.800110       4.181040      13.824378      86.772011      21.615673      36.419865     143.248749     -70.301720     240.440369     -11.573442     -19.615891       4.364842       2.004876     -20.211702      -1.098655     -23.974707     -23.799452     -46.133751     -15.304503     -26.290627     -17.134869      92.762535       3.278119     -82.404305     -53.279369     -43.705742      32.046902     359.753265      79.578804    -359.797668     -13.693240       0.121426      -2.303219       3.285724       9.673545     -16.052010     -90.003166     -29.590822      89.993889     -86.131599       0.053687    -126.424835     -55.185356     -16.165264      19.491356    -180.044235     -45.092487    -180.100494      38.376137      -1.447239      -2.004010      -4.313669      14.465117      20.405016     -90.000816      -2.183251      89.994904     161.828506      25.150875     139.130051     265.782013      86.038055     -86.960274      -8.271047     -27.654760     -10.684052      42.041496      80.622574     139.685272      -5.241442       6.816075       3.793189     -29.515064      57.938690     -81.533096     -88.895180     -23.200146      89.779449      -3.823726     -10.086715      13.344773     -60.209846     -81.993584     105.740166       5.874229      -5.076857     -28.916723
     -69.800812       4.181377      13.824196      86.771095      21.623093      36.411022     143.270538     -70.293587     240.462387     -11.574233     -19.619480       4.357791       2.010251     -20.215481      -1.110528     -23.972664     -23.822712     -46.122749     -15.304523     -26.304745     -17.097755      92.767395       3.278751     -82.402855     -53.321220     -43.715866      32.026936     359.753571      79.566010    -359.797974     -13.693986       0.121470      -2.303221       3.283906       9.689727     -16.022614     -90.003181     -29.593639      89.993881     -86.135941       0.054030    -126.430214     -55.208252     -16.165358      19.481314    -180.044205     -45.073753    -180.100479      38.418385      -1.449360      -2.003028      -4.307493      14.470502      20.350506     -90.000824      -2.181281      89.994904     161.831039      25.158613     139.119247     265.785034      86.039589     -86.962090      -8.263925     -27.654146     -10.670902      41.988750      80.627258     139.724121      -5.242459       6.816367       3.790091     -29.536791      58.012547     -81.520447     -88.897240     -23.207897      89.779861      -3.819654     -10.038626      13.349442     -60.133831     -81.990486     105.825142       5.873806      -5.078201     -28.914932
     -69.801514       4.181722      13.823999      86.770058      21.630701      36.402107     143.291962     -70.285378     240.484024     -11.575089     -19.623045       4.350832       2.015635     -20.219236      -1.122272     -23.970701     -23.846033     -46.111706     -15.304523     -26.318827     -17.060711      92.772095       3.279388     -82.401428     -53.362789     -43.725937      32.007122     359.753906      79.553268    -359.798309     -13.694835       0.121523      -2.303219       3.282037       9.706017     -15.993484     -90.003181     -29.596418      89.993896     -86.140198       0.054378    -126.435501     -55.231026     -16.165377      19.470940    -180.044189     -45.055115    -180.100464      38.460312      -1.451468      -2.002041      -4.301214      14.475373      20.296000     -90.000824      -2.179322      89.994873     161.832977      25.167141     139.108490     265.785706      86.040962     -86.962357      -8.256569     -27.653521     -10.657691      41.936306      80.631912     139.762817      -5.243464       6.816650       3.787068     -29.558880      58.087200     -81.507561     -88.897957     -23.215662      89.779999      -3.815990      -9.990677      13.354062     -60.064198     -81.987808     105.903015       5.873388      -5.079751     -28.912878
     -69.801643       4.181670      13.824333      86.773582      21.629316      36.397171     143.321518     -70.284576     240.516785     -11.576568     -19.629868       4.336374       2.024390     -20.221832      -1.132845     -23.965912     -23.866625     -46.101974     -15.302457     -26.334202     -17.020546      92.777451       3.280723     -82.399796     -53.405647     -43.735718      31.985537     359.754120      79.542503    -359.798523     -13.696325       0.121607      -2.303222       3.283541       9.722439     -15.966209     -90.003189     -29.599144      89.993896     -86.143929       0.054891    -126.440231     -55.253761     -16.166714      19.458879    -180.044159     -45.039051    -180.100433      38.501717      -1.453544      -2.001053      -4.294159      14.476017      20.241470     -90.000824      -2.177398      89.994888     161.771439      25.216805     139.115738     265.503204      86.031303     -86.761322      -8.218194     -27.639166     -10.622621      41.885685      80.637360     139.804672      -5.243797       6.816418       3.788842     -29.571154      58.166519     -81.498299     -88.898315     -23.220209      89.780067      -3.809020      -9.940383      13.358340     -59.962040     -81.983185     106.017509       5.872905      -5.081573     -28.910490
     -69.802849       4.182344      13.823695      86.768417      21.644842      36.385498     143.336609     -70.270531     240.530029     -11.577217     -19.631403       4.334960       2.027860     -20.226160      -1.143736     -23.965641     -23.892559     -46.089657     -15.303356     -26.347298     -16.985918      92.778786       3.282447     -82.398941     -53.446857     -43.748604      31.969824     359.754364      79.529167    -359.798767     -13.699779       0.121807      -2.303233       3.278459       9.745974     -15.947187     -90.003181     -29.601822      89.993904     -86.148460       0.055396    -126.445984     -55.276638     -16.166473      19.446592    -180.044128     -45.020275    -180.100403      38.542305      -1.455575      -2.000098      -4.287692      14.478609      20.186102     -90.000832      -2.175504      89.994888     161.803040      25.210369     139.095413     265.654694      86.040733     -86.868095      -8.226519     -27.657694     -10.629128      41.834148      80.641663     139.842316      -5.245260       6.816669       3.786153     -29.600653      58.235306     -81.483208     -88.898453     -23.230106      89.780090      -3.809152      -9.895245      13.363195     -59.934547     -81.983070     106.048119       5.872531      -5.083511     -28.908001
