HIERARCHY
ROOT root
{
   OFFSET       0.000000        0.000000        0.000000
   CHANNELS 6 Xposition Yposition Zposition Xrotation Yrotation Zrotation
   JOINT LowerSpineJoint
   {
      OFFSET       0.000000        3.328345        0.000000
      CHANNELS 3 Xrotation  Yrotation Zrotation
      JOINT MiddleSpineJoint
      {
         OFFSET       4.330709        0.000000        0.000000
         CHANNELS 3 Xrotation  Yrotation Zrotation
         JOINT UpperSpineJoint
         {
            OFFSET       6.102361        0.000000        0.000000
            CHANNELS 3 Xrotation  Yrotation Zrotation
            JOINT LowerNeckJoint
            {
               OFFSET      10.236220        1.809055        0.000000
               CHANNELS 3 Xrotation  Yrotation Zrotation
               JOINT UpperNeckJoint
               {
                  OFFSET       3.543308        0.000000        0.000000
                  CHANNELS 3 Xrotation  Yrotation Zrotation
                  End Site
                  {
                     OFFSET       7.874016        0.000000        0.000000
                  }
               }
            }
            JOINT RightClavicleJoint
            {
               OFFSET       9.448819        2.047244        1.259843
               CHANNELS 3 Xrotation  Yrotation Zrotation
               JOINT RightShoulderJoint
               {
                  OFFSET      -6.220472       -1.574802        0.393701
                  CHANNELS 3 Xrotation  Yrotation Zrotation
                  JOINT RightElbowJoint
                  {
                     OFFSET     -12.500000        0.000000        0.078740
                     CHANNELS 3 Xrotation  Yrotation Zrotation
                     JOINT RightForearmTwistJoint
                     {
                        OFFSET      -5.216535        0.000000        0.000000
                        CHANNELS 3 Xrotation  Yrotation Zrotation
                        JOINT RightWristJoint
                        {
                           OFFSET      -5.314960        0.000000        0.000000
                           CHANNELS 3 Xrotation  Yrotation Zrotation
                           JOINT RightFingersJoint
                           {
                              OFFSET      -3.149608       -0.393700        0.000000
                              CHANNELS 3 Xrotation  Yrotation Zrotation
                              End Site
                              {
                                 OFFSET       0.000000        3.149606        0.000000
                              }
                           }
                        }
                     }
                  }
               }
            }
            JOINT LeftClavicleJoint
            {
               OFFSET       9.448819        2.047244       -1.259843
               CHANNELS 3 Xrotation  Yrotation Zrotation
               JOINT LeftShoulderJoint
               {
                  OFFSET      -6.220472       -1.574802       -0.393701
                  CHANNELS 3 Xrotation  Yrotation Zrotation
                  JOINT LeftElbowJoint
                  {
                     OFFSET     -12.500000        0.000000       -0.078740
                     CHANNELS 3 Xrotation  Yrotation Zrotation
                     JOINT LeftForearmTwistJoint
                     {
                        OFFSET      -5.216535        0.000000        0.000000
                        CHANNELS 3 Xrotation  Yrotation Zrotation
                        JOINT LeftWristJoint
                        {
                           OFFSET      -5.314960        0.000000        0.000000
                           CHANNELS 3 Xrotation  Yrotation Zrotation
                           JOINT LeftFingersJoint
                           {
                              OFFSET      -3.149608       -0.393700        0.000000
                              CHANNELS 3 Xrotation  Yrotation Zrotation
                              End Site
                              {
                                 OFFSET       0.000000        3.149606        0.000000
                              }
                           }
                        }
                     }
                  }
               }
            }
         }
      }
   }
   JOINT RightHipJoint
   {
      OFFSET      -3.543307        0.178739        0.000000
      CHANNELS 3 Xrotation  Yrotation Zrotation
      JOINT RightKneeJoint
      {
         OFFSET      17.204723        0.000000       -0.196850
         CHANNELS 3 Xrotation  Yrotation Zrotation
         JOINT RightAnkleJoint
         {
            OFFSET       0.000000      -17.840551       -0.161417
            CHANNELS 3 Xrotation  Yrotation Zrotation
            JOINT RightMidFootJoint
            {
               OFFSET       0.000000       -1.568898        2.523622
               CHANNELS 3 Xrotation  Yrotation Zrotation
               JOINT RightToesJoint
               {
                  OFFSET       2.677163       -0.000000        0.000000
                  CHANNELS 3 Xrotation  Yrotation Zrotation
                  End Site
                  {
                     OFFSET       2.362204        0.000000        0.000000
                  }
               }
            }
         }
      }
   }
   JOINT LeftHipJoint
   {
      OFFSET       3.543307        0.178739        0.000000
      CHANNELS 3 Xrotation  Yrotation Zrotation
      JOINT LeftKneeJoint
      {
         OFFSET      17.204723        0.000000        0.196850
         CHANNELS 3 Xrotation  Yrotation Zrotation
         JOINT LeftAnkleJoint
         {
            OFFSET       0.000000      -17.840551        0.161417
            CHANNELS 3 Xrotation  Yrotation Zrotation
            JOINT LeftMidFootJoint
            {
               OFFSET       0.000000       -1.568898       -2.523622
               CHANNELS 3 Xrotation  Yrotation Zrotation
               JOINT LeftToesJoint
               {
                  OFFSET       2.677164       -0.000000        0.000000
                  CHANNELS 3 Xrotation  Yrotation Zrotation
                  End Site
                  {
                     OFFSET       2.362205        0.000000        0.000000
                  }
               }
            }
         }
      }
   }
}
MOTION
Frames:	443
Frame Time: 0.0166667
      -0.462016      38.463867       0.928963     -13.642549       6.182290       1.694619     -24.425135     -78.672066      52.613701     -21.035540      -2.724027      -3.257493       5.690472      -4.219776     -15.759311       3.549939      -3.673263      -7.749885      -0.894261       4.419179      24.014996     105.975006      -0.820511     -94.239067       7.364056     -55.014099      80.117249      -0.051351      48.504372       0.022950     -14.037152       0.137341      -2.302182       2.872932      11.192529     -17.558691     -90.002739     -29.765312      89.993454     -86.847237       0.745770    -102.369400      68.080544     -64.263603     112.682800       0.043319     -43.512527       0.017285      48.490944      -1.931660      -1.731441      -1.907316       4.395739      32.198795     -90.000870      -2.065053      89.994904     106.385910      82.254875     165.716507      90.460159      52.562099      90.183403     -16.988184       7.778199      18.865219     120.399612      85.050858      54.516006      -5.260445       3.003906      -2.667422     -18.217154      85.470436     -80.153717     -90.150696     -22.389521      90.040482     -19.016846     -11.924952      15.503297     -59.079861     -82.204445     128.635635       4.615232      -5.144066     -24.647697
      -0.462016      38.383144       0.929158     -13.630045       6.180210       1.692692     -24.438889     -78.671646      52.608578     -21.036333      -2.725009      -3.253827       5.689741      -4.222106     -15.751741       3.538077      -3.661711      -7.736754      -0.887857       4.404088      23.959492     105.979042      -0.822488     -94.243393       7.368250     -55.018284      80.116005      -0.051467      48.505455       0.023025     -14.036156       0.137458      -2.302256       2.859344      11.173943     -17.469030     -90.003273     -29.547707      89.993767     -86.847725       0.748373    -102.371674      68.070549     -64.263443     112.677452       0.043311     -43.514591       0.017312      48.491020      -1.931692      -1.731452      -1.901030       4.388826      32.154251     -90.000900      -2.078275      89.994598     106.394890      82.260986     165.696472      90.464760      52.563293      90.178535     -16.986111       7.777996      18.861526     119.812843      84.972260      54.936634      -5.239888       2.992281      -2.654726     -18.165413      85.471436     -80.206863     -90.154800     -22.398893      90.042603     -19.028183     -11.923412      15.494974     -59.581959     -82.127541     127.774536       4.606968      -5.109351     -24.486582
      -0.486604      38.201229       0.881941     -13.386536       6.277628       1.298799     -22.837008     -78.900505      54.188812     -21.036268      -2.747401      -3.157841       5.692639      -4.232121     -15.678473       3.539863      -3.663606      -7.715094      -0.888900       4.404927      23.978466     105.976845      -0.816828     -94.237564       7.339502     -55.010117      80.099091      -0.051637      48.507778       0.023271     -14.037011       0.137696      -2.302161       2.859539      11.176806     -17.471998     -90.003273     -29.565870      89.993797     -86.835129       0.739556    -102.369080      68.094162     -64.266960     112.684601       0.043242     -43.516567       0.016907      48.490696      -1.931874      -1.731499      -1.901024       4.385709      32.155369     -90.000916      -2.077178      89.994583     105.857376      82.754364     165.860626      90.427490      52.589897      90.167030     -17.657917       7.396185      18.058857     118.758659      84.821541      55.692135      -5.239471       2.991128      -2.640419     -22.246580      85.192482     -76.391853     -90.203590     -22.503599      90.053284     -18.379173     -11.821020      15.260305     -60.802994     -82.008545     125.893967       4.614820      -5.107040     -24.348141
      -0.517585      37.966000       0.786684     -13.116230       6.435912       0.986692     -21.253012     -79.107445      55.723221     -21.036549      -2.732155      -3.125837       5.693262      -4.227942     -15.645620       3.541581      -3.662139      -7.702725      -0.890268       4.407905      23.993256     106.005066      -0.801006     -94.190559       7.296264     -54.989578      80.085495      -0.051768      48.509129       0.023493     -14.038083       0.137842      -2.302097       2.859580      11.179135     -17.475466     -90.003288     -29.582901      89.993820     -86.855247       0.729818    -102.351700      68.082489     -64.281136     112.646049       0.043150     -43.514748       0.016504      48.489960      -1.931928      -1.731692      -1.901283       4.383161      32.154221     -90.000946      -2.076137      89.994568     105.216179      83.198944     166.023071      90.414551      52.572155      90.163330     -18.332760       7.041781      17.324291     117.767952      84.690338      56.387939      -5.240807       2.994003      -2.638118     -25.271606      84.929993     -73.724281     -90.264580     -22.593252      90.066605     -17.596390     -11.744563      15.057914     -62.180252     -81.934319     123.672203       4.624972      -5.094071     -24.211061
      -0.553387      37.702007       0.642082     -12.780856       6.687147       0.756413     -19.667112     -79.297783      57.253300     -21.036886      -2.693561      -3.137690       5.692201      -4.214195     -15.646579       3.543312      -3.657155      -7.699974      -0.891933       4.413166      24.003273     106.055504      -0.777290     -94.095856       7.252872     -54.955715      80.088112      -0.051873      48.508755       0.023797     -14.039092       0.137880      -2.302008       2.859398      11.180155     -17.478199     -90.003273     -29.598488      89.993835     -86.900536       0.728960    -102.305862      68.042549     -64.296616     112.586319       0.043039     -43.509476       0.016271      48.488819      -1.931806      -1.731916      -1.902010       4.382378      32.151531     -90.000969      -2.075192      89.994568     104.446266      83.610146     166.186829      90.407837      52.531250      90.161339     -19.050150       6.707370      16.649399     116.933533      84.582245      56.974720      -5.242090       2.997298      -2.634061     -27.416796      84.689125     -72.082344     -90.348022     -22.683752      90.085007     -16.671957     -11.698738      14.887985     -63.766018     -81.903954     121.163277       4.637259      -5.063566     -24.079023
      -0.593569      37.423161       0.442356     -12.334462       7.030632       0.601216     -18.085186     -79.472595      58.788792     -21.036772      -2.645014      -3.173696       5.690703      -4.196976     -15.666953       3.545015      -3.650209      -7.702778      -0.893705       4.419621      24.010265     106.124672      -0.747202     -93.966354       7.212925     -54.908875      80.108986      -0.051931      48.507141       0.024182     -14.039968       0.137838      -2.301875       2.858954      11.179926     -17.479437     -90.003273     -29.612740      89.993858     -86.958138       0.737287    -102.236351      67.987068     -64.308372     112.522667       0.042955     -43.502346       0.016202      48.487629      -1.931622      -1.732112      -1.902801       4.382576      32.148026     -90.000969      -2.074324      89.994583     103.529610      83.978958     166.318405      90.408028      52.481300      90.161629     -19.876945       6.387406      16.050579     116.239250      84.492989      57.466820      -5.243387       3.000277      -2.628148     -28.809916      84.487938     -71.388802     -90.445602     -22.772465      90.106529     -15.580847     -11.672778      14.726236     -65.530312     -81.905716     118.449615       4.651014      -5.015788     -23.955677
      -0.638045      37.136425       0.182732     -11.743008       7.455745       0.510763     -16.515596     -79.632431      60.334782     -21.036016      -2.596141      -3.221637       5.689522      -4.180639     -15.696598       3.546616      -3.642781      -7.708420      -0.895418       4.426271      24.015242     106.208557      -0.712749     -93.821068       7.174857     -54.851585      80.142960      -0.051948      48.505096       0.024600     -14.040674       0.137765      -2.301695       2.858215      11.178899     -17.478992     -90.003250     -29.625786      89.993866     -87.018936       0.751184    -102.154945      67.927635     -64.315796     112.463890       0.042914     -43.494709       0.016227      48.486580      -1.931439      -1.732268      -1.903455       4.383219      32.144146     -90.000984      -2.073528      89.994583     102.450714      84.290840     166.392258      90.417038      52.429626      90.165062     -20.863520       6.079803      15.545266     115.669731      84.419441      57.876652      -5.244674       3.002645      -2.621157     -29.559999      84.340981     -71.571129     -90.548225     -22.852957      90.129105     -14.312201     -11.656947      14.546916     -67.415733     -81.928024     115.632614       4.665422      -4.953531     -23.844898
      -0.686552      36.843704      -0.138488     -10.989458       7.923425       0.469586     -14.972050     -79.776665      61.888905     -21.033762      -2.552099      -3.275451       5.689811      -4.166981     -15.730162       3.548100      -3.635597      -7.715926      -0.896937       4.432596      24.018356     106.308060      -0.675476     -93.681946       7.129868     -54.785786      80.178307      -0.051942      48.503651       0.025031     -14.041042       0.137725      -2.301481       2.857329      11.177688     -17.476728     -90.003250     -29.637720      89.993866     -87.070602       0.767349    -102.073090      67.863686     -64.319321     112.407166       0.042918     -43.487186       0.016286      48.485828      -1.931301      -1.732383      -1.903823       4.383781      32.139938     -90.000977      -2.072802      89.994583     101.209595      84.532356     166.379211      90.430817      52.378883      90.170258     -21.853642       5.774704      15.104545     115.233391      84.357857      58.183617      -5.245751       3.003583      -2.617666     -29.760706      84.252762     -72.556984     -90.612213     -22.917459      90.143707     -12.869742     -11.655934      14.332380     -69.678246     -81.976074     112.511459       4.676815      -4.906338     -23.738380
      -0.740992      36.545822      -0.519697     -10.065969       8.417496       0.464176     -13.480523     -79.904762      63.435806     -21.030788      -2.515881      -3.331842       5.691024      -4.157950     -15.764914       3.549304      -3.629826      -7.724448      -0.898152       4.437845      24.019955     106.414215      -0.637761     -93.558304       7.077923     -54.717010      80.209084      -0.051899      48.503105       0.025384     -14.041205       0.137705      -2.301272       2.856439      11.176741     -17.473173     -90.003250     -29.648645      89.993874     -87.113045       0.783036    -101.999832      67.798531     -64.321304     112.351692       0.042946     -43.480030       0.016348      48.485298      -1.931195      -1.732460      -1.904096       4.384503      32.135799     -90.000969      -2.072134      89.994583      99.809433      84.700890     166.271347      90.449036      52.329659      90.176979     -22.751696       5.465571      14.709221     114.889847      84.307854      58.432335      -5.246750       3.003989      -2.614932     -29.500113      84.223076     -74.263428     -90.663177     -22.973644      90.155266     -11.272793     -11.650907      14.062668     -71.762718     -82.001312     109.697823       4.687756      -4.850809     -23.652039
      -0.804609      36.243523      -0.958556      -8.965082       8.915976       0.487598     -12.084176     -80.014877      64.942390     -21.026911      -2.484516      -3.387123       5.693272      -4.151592     -15.798635       3.550310      -3.625091      -7.733400      -0.899114       4.442248      24.020424     106.523407      -0.600833     -93.452736       7.020395     -54.647991      80.233643      -0.051840      48.503498       0.025673     -14.041152       0.137700      -2.301089       2.855696      11.176214     -17.468628     -90.003227     -29.658625      89.993896     -87.142601       0.796926    -101.939217      67.727776     -64.323204     112.291374       0.042975     -43.473206       0.016392      48.484905      -1.931118      -1.732531      -1.904286       4.385304      32.131714     -90.000954      -2.071524      89.994583      98.292809      84.788094     166.022125      90.471466      52.283997      90.185265     -23.559519       5.149367      14.370861     114.625656      84.267471      58.632565      -5.247736       3.003804      -2.612161     -28.770987      84.254013     -76.710083     -90.688484     -23.027372      90.161003      -9.547493     -11.634314      13.708818     -73.466576     -81.981804     107.478722       4.698451      -4.785490     -23.582939
      -0.878821      35.933167      -1.450563      -7.684507       9.419373       0.537994     -10.820474     -80.106834      66.380974     -21.022949      -2.457051      -3.438636       5.695754      -4.146463     -15.829972       3.551155      -3.621184      -7.742202      -0.899899       4.445941      24.020029     106.625008      -0.567310     -93.366203       6.966131     -54.584148      80.254890      -0.051771      48.504440       0.025850     -14.041015       0.137705      -2.300945       2.855097      11.176048     -17.463741     -90.003212     -29.667767      89.993904     -87.162926       0.808107    -101.893288      67.659081     -64.325531     112.231941       0.043011     -43.467037       0.016450      48.484631      -1.931061      -1.732577      -1.904496       4.386339      32.127949     -90.000961      -2.070965      89.994583      96.707779      84.780434     165.593033      90.502556      52.243706      90.196732     -24.277897       4.823548      14.106168     114.428383      84.234985      58.790401      -5.248684       3.003211      -2.609666     -27.553459      84.349037     -79.907784     -90.706757     -23.077196      90.164757      -7.708280     -11.610602      13.255284     -74.642189     -81.926773     105.976242       4.705287      -4.776814     -23.502964
      -0.957976      35.616604      -1.993638      -6.230115       9.853334       0.582466      -9.390305     -80.189682      68.100639     -21.010483      -2.396892      -3.524230       5.705597      -4.130095     -15.870852       3.554274      -3.601286      -7.757518      -0.902804       4.460047      24.023890     106.733597      -0.534606     -93.310326       6.893637     -54.521515      80.256058      -0.051688      48.507030       0.025954     -14.040625       0.137759      -2.300823       2.854723      11.176898     -17.458569     -90.003212     -29.676134      89.993904     -87.164444       0.815559    -101.855469      67.580673     -64.327988     112.160133       0.043071     -43.461323       0.016344      48.484665      -1.931107      -1.732664      -1.904244       4.386024      32.123215     -90.000954      -2.070461      89.994560      95.131676      84.682152     164.883438      90.553535      52.199024      90.215820     -23.971022       4.532578      13.260017     114.645096      84.352661      58.658718      -5.120409       2.922218      -2.582615     -25.439375      84.500092     -84.244812     -90.673569     -23.130606      90.158997      -5.834768     -11.103301      12.481763     -76.484634     -82.129196     103.990364       4.624529      -4.604927     -22.912903
      -1.038721      35.349106      -2.570487      -4.371704      10.008070       0.746998      -8.206549     -80.227013      69.496681     -20.992857      -2.390575      -3.516873       5.723789      -4.001344     -15.520794       3.585056      -3.255276      -6.611362      -0.950034       4.579468      24.318893     106.786453      -0.520305     -93.210876       6.850509     -54.475197      80.256966      -0.051168      48.510925       0.025565     -14.037525       0.137799      -2.300734       2.856259      11.183125     -17.450325     -90.003098     -29.683798      89.993980     -87.048111       0.884094    -101.771873      67.337311     -64.305351     112.030045       0.042890     -43.452682       0.017546      48.483009      -1.930464      -1.732365      -1.906976       4.393197      32.126198     -90.000946      -2.069998      89.994621      93.312111      84.385803     164.036423      90.510391      52.098598      90.198792     -23.636696       4.210403      12.555842     114.631615      84.477997      58.928127      -5.006453       2.846513      -2.491850     -21.745403      84.689041     -90.724213     -90.488991     -23.366255      90.122124      -4.479936     -10.699826      11.596129     -77.366806     -82.362556     103.211578       4.546259      -4.454883     -22.342926
      -1.106034      35.025185      -3.027261      -2.444950       9.252166       0.457365      -6.599713     -80.284081      71.246521     -20.977552      -2.631582      -3.215981       5.757462      -3.832346     -14.532413       3.629401      -2.626807      -4.259882      -1.044993       4.794745      25.021053     106.908409      -0.509468     -93.092712       6.794009     -54.443115      80.185715      -0.049745      48.499416       0.024277     -14.027356       0.136593      -2.300652       2.857894      11.165131     -17.393038     -90.007751     -28.175804      89.995750     -86.845604       1.081100    -101.510742      66.306313     -64.244957     111.371025       0.043542     -43.420612       0.020446      48.484989      -1.928851      -1.732218      -1.915114       4.440297      32.143803     -89.999146      -1.478414      89.992950      93.276176      84.715385     163.347763      90.248199      47.346603      90.099022     -23.731625       3.940699      11.340997     114.976097      84.735306      58.856758      -4.764300       2.699781      -2.382868     -24.582336      85.055763     -93.049812     -90.176910     -28.705601      90.079620      -0.630625      -9.725710      10.898520     -77.539627     -82.756546     102.309296       4.378044      -4.153610     -21.288574
      -1.178367      34.679157      -3.284340      -0.825318       8.887277       0.111230      -5.222644     -80.367737      72.950966     -21.040234      -2.901415      -2.668436       5.716988      -3.628760     -13.392676       3.641112      -2.086021      -2.056658      -1.118378       4.935628      25.548950     105.906708      -0.566388     -93.005753       5.703081     -51.086304      79.423218      -0.099713      46.191841       0.072366     -14.238410       0.155104      -2.303758       2.761326      10.984695     -17.093210     -90.037827     -26.352436      89.977531     -87.718552       1.201944    -100.504311      61.269596     -62.485783     107.509865       0.028669     -41.468891      -0.012658      47.067364      -1.882106      -1.784137      -1.832937       4.380556      31.422310     -89.997910      -0.764068      89.989403      92.780815      85.125061     163.794144      90.131943      43.221809      90.057236     -25.000454       3.605324      10.265857     114.764198      84.986176      59.221516      -4.538740       2.582685      -2.213873     -26.965082      85.295036     -95.222290     -89.691872     -33.769352      89.981461       2.806315      -8.944715      10.243720     -77.761742     -83.136688     101.434425       4.211633      -3.872585     -20.279167
      -1.247880      34.510696      -3.380798       0.506258       8.785227      -0.592064      -3.425607     -80.464912      75.206573     -21.110535      -3.369556      -2.054466       5.670450      -3.643921     -12.340946       3.639403      -1.540206      -0.037686      -1.174240       5.054289      25.820335     106.090019      -0.745149     -92.214348       1.912209     -50.919407      76.323891      -0.078701      44.643547       0.050719     -14.173313       0.140008      -2.301122       2.774573       8.757004     -16.219028     -90.024666     -26.560659      89.981262     -89.070793       1.304428    -100.100227      55.223446     -59.221149     102.646942       0.038170     -42.230019       0.023596      47.303078      -1.881866      -1.770427      -1.942029       5.000275      30.984009     -89.998581      -0.873545      89.993324      94.005524      85.768463     162.726013      90.114571      40.258045      90.046875     -25.453705       3.437285       9.431916     115.052460      85.225388      58.804672      -4.320739       2.454722      -2.163121     -31.905487      85.475700     -94.006905     -89.049217     -38.183533      89.814949       5.956175      -8.317754       9.625321     -78.220764     -83.507431     100.369209       4.048535      -3.611705     -19.307884
      -1.231184      34.515423      -3.357041       1.541270       8.401631      -1.338700      -1.646236     -80.562943      77.549461     -21.200127      -3.878726      -1.360623       5.604825      -3.723296     -11.327534       3.621861      -1.060920       1.808568      -1.204743       5.108522      25.810266     106.240479      -0.811949     -91.685455      -7.092155     -49.282276      68.490509      -0.058169      40.919159       0.025992     -14.166444       0.132677      -2.300777       2.757552       8.709556     -16.267704     -90.020294     -26.833754      89.982704     -91.494713       1.217269     -99.011627      46.197140     -52.086903      95.243484       0.054793     -42.867634       0.049629      47.414051      -1.881184      -1.764503      -1.953050       5.006799      31.103830     -89.997292      -0.975148      89.995018      96.154190      86.395279     160.870331      90.031998      37.713890      90.024620     -24.842113       3.398854       8.715923     116.476433      85.435684      57.551453      -4.114362       2.328303      -2.060781     -39.291286      85.630554     -89.613571     -88.871078     -42.198772      89.726784       8.749543      -7.499561       8.849927     -77.796921     -83.819336     100.201958       3.892957      -3.358384     -18.382147
      -1.199397      34.561508      -3.146360       1.791308       8.952203      -1.284647      -0.637759     -80.572334      79.049110     -21.183380      -4.038059      -0.645634       5.637097      -3.452849     -10.222607       3.589404      -0.576027       3.489076      -1.221098       5.138454      25.520279     106.647850      -0.682568     -92.386375      -7.362709     -49.612553      68.116524      -0.051124      41.650204       0.020943     -14.156257       0.137537      -2.301949       2.763351       8.829733     -16.344036     -90.017738     -27.083626      89.984962     -90.862877       1.227614     -98.947357      46.557343     -53.232655      95.334076       0.054848     -42.817200       0.034616      47.549427      -1.887271      -1.767547      -1.918295       4.942030      31.025881     -89.997604      -1.067808      89.993530      95.298729      86.423111     162.101532      89.928619      37.288227      89.988724     -23.828789       2.769861       8.746115     117.241165      85.365929      56.327229      -4.170289       2.358617      -2.107577     -35.453194      85.843933     -92.460739     -88.938622     -39.496010      89.764534       9.215887      -6.864937       7.978729     -78.198593     -83.829361      99.751205       3.939622      -3.400689     -18.571232
      -1.167686      34.807281      -2.665765       1.053343      10.089150      -1.052677       0.172711     -80.584328      80.332855     -21.190933      -4.122694      -0.035174       5.635958      -3.153307      -9.370495       3.550368      -0.088374       4.999129      -1.221772       5.143095      24.927847     106.818512      -0.641881     -92.559227      -6.678607     -50.117764      68.607239      -0.044483      42.296215       0.017557     -14.143488       0.139788      -2.302450       2.771843       8.955823     -16.412086     -90.015106     -27.312223      89.986580     -90.616676       1.332654     -98.963531      47.540127     -54.449818      96.153435       0.049705     -42.809254       0.029561      47.630299      -1.888635      -1.764918      -1.931664       4.957863      31.051403     -89.998398      -1.152765      89.993416      95.273216      86.658340     164.754456      89.745903      35.174267      89.930283     -21.066706       1.667421       8.568492     117.740082      85.308189      54.946648      -4.209668       2.370324      -2.189230     -31.040297      86.111664     -93.565659     -88.931793     -35.986877      89.786263       7.861527      -5.852215       6.601261     -78.626755     -83.840332      99.340897       3.985146      -3.446870     -18.759378
      -1.124701      35.132519      -2.085347      -0.041555      11.375816      -0.748703       0.778407     -80.595657      81.445404     -21.198547      -4.166718       0.602855       5.630628      -2.839183      -8.623823       3.506015       0.389924       6.346145      -1.207178       5.112767      24.030550     106.907791      -0.612446     -92.506508      -5.687956     -50.599953      69.446030      -0.039984      42.865231       0.016568     -14.132646       0.140171      -2.302335       2.777104       9.059259     -16.467981     -90.013077     -27.521334      89.987473     -90.420403       1.407025     -98.986588      48.782997     -55.540394      97.233498       0.047119     -42.830223       0.026792      47.706886      -1.891334      -1.761655      -1.940444       4.960722      31.090464     -89.998810      -1.230510      89.993271      94.888741      86.886871     168.218414      89.745750      33.143578      89.927422     -18.169588       0.725297       8.546781     117.861679      85.306107      53.857265      -4.231795       2.419375      -2.356215     -26.918541      86.432442     -93.963608     -88.918213     -32.684177      89.802292       7.168414      -5.004371       5.531407     -78.650612     -83.848976      99.409744       4.028523      -3.500587     -18.907681
       0.105804      35.759415      -1.264326      -0.300554      12.042957      -3.176344       0.767900     -80.583725      81.959930     -21.174171      -4.716875       1.334630       5.732581      -4.328362      -7.611315       3.448791      -0.120142       7.680878      -1.081938       4.450636      23.037716     106.054916      -0.854910     -93.453659      -6.109560     -51.233868      68.240067      -0.045677      43.313541       0.019128     -14.124941       0.137972      -2.302898       2.767334       9.084224     -16.472683     -90.012802     -27.712727      89.987602     -91.102028       1.828264     -97.285210      52.344460     -56.208275     101.397133       0.044852     -42.884090       0.029811      47.767166      -1.893546      -1.757691      -1.955400       4.991505      31.070650     -89.998672      -1.301476      89.993599      99.041550      87.595963     166.891785      90.280983      30.905752      90.069603     -13.213260       0.612366       9.071694     121.432747      85.132858      50.110531      -4.262032       2.410202      -2.416284     -31.196598      86.515472     -85.960304     -88.133606     -29.523878      89.620247       7.030149      -4.156446       4.429082     -78.304398     -83.847122      99.825867       4.072931      -3.564483     -19.055086
       1.459763      36.335335      -0.376766      -1.155426      12.304433      -4.803507       1.672076     -80.612778      83.426041     -21.180756      -4.789885       1.937911       5.714938      -3.947631      -7.147751       3.386547       0.278695       8.298403      -1.067871       4.423816      21.538540     106.197693      -0.820295     -93.748314      -5.164098     -51.623718      69.089203      -0.047676      43.816830       0.021711     -14.117016       0.140114      -2.302632       2.773988       9.201999     -16.532471     -90.011925     -27.887697      89.988533     -91.117821       1.798853     -97.427544      54.345459     -57.066963     103.135025       0.045552     -42.987049       0.028768      47.841164      -1.899297      -1.752564      -1.952251       4.956596      31.163069     -89.998810      -1.366662      89.993149      96.986046      87.530121     172.192566      90.150742      28.993986      90.029907      -8.949398       1.700587      10.242729     119.891624      85.207336      51.736599      -4.308611       2.539348      -2.409832     -36.169529      86.831932     -76.718697     -88.597496     -26.655554      89.761269       7.155684      -5.250572       5.152744     -77.278419     -83.824745     100.912682       4.114889      -3.648814     -19.194780
       2.413769      36.765434       0.399373      -1.274327      13.997049      -8.645630       4.805540     -80.687828      87.223969     -21.198824      -5.456044       2.513301       5.696246      -4.026040      -6.738016       3.347610       0.448469       8.665339      -0.981520       4.199294      19.893061     106.056198      -0.821899     -93.800301      -4.037505     -52.032276      70.082977      -0.049829      44.247276       0.022733     -14.116689       0.140589      -2.302159       2.772229       9.290205     -16.577852     -90.011269     -28.047764      89.989822     -91.220238       1.598477     -97.856583      56.522812     -57.956219     104.730087       0.045168     -43.084198       0.024578      47.899437      -1.904376      -1.749841      -1.952661       4.919220      31.230701     -89.999016      -1.426253      89.993126      -7.120923      86.992432     277.753662      89.905510      28.866941      89.975525      -5.526352       1.113777       6.909276     121.051773      85.283890      50.771584      -4.219253       2.459984      -2.374417     -46.701801      83.097458     -65.734222     -89.412712     -28.960091      89.913330       6.505988      -5.595814       6.807056     -78.132385     -84.025589      99.839317       4.018457      -3.573483     -19.485043
       3.483739      37.057793       0.824763       0.118074      15.613445     -11.494400       6.533410     -80.728767      89.709099     -21.191032      -5.696160       3.328378       5.680642      -3.817385      -6.250051       3.346095       0.519731       8.888894      -0.846238       3.855265      18.210878     105.899849      -0.756831     -94.273804      -2.671109     -52.570114      71.314705      -0.054470      45.086483       0.021840     -14.109180       0.141685      -2.301392       2.716689       9.503439     -16.914326     -89.992302     -26.664995      89.993080     -91.016632       1.287770     -98.188934      59.631279     -59.358250     106.883675       0.046349     -43.217140       0.020518      48.025936      -1.912469      -1.746902      -1.650980       4.384598      30.920717     -90.004974      -0.884019      89.996559     -23.074203      86.947144     294.049011      90.704842      26.320948      90.147568      -1.913399       1.214441       6.129785     121.737411      85.489700      50.508579      -4.018074       2.334725      -2.258435     -54.230137      83.121315     -61.961063     -89.256149     -35.001678      89.758682       8.768912      -5.175177       6.304899     -78.531548     -84.331787      98.979134       3.804211      -3.386913     -19.897270
       4.594121      37.280537       1.040170       1.420803      15.850754     -14.350869       9.476355     -80.799797      93.311104     -21.284542      -6.101861       3.810426       5.551670      -3.750973      -6.066045       3.387038       0.375810       8.882526      -0.662544       3.339939      16.493664     105.943459      -0.928328     -94.230995      -7.314093     -51.057083      68.281258      -0.052012      45.243843       0.017842     -14.101773       0.137409      -2.304666       2.727776       9.505645     -17.023159     -90.001114     -26.926075      89.991707     -92.829155       0.653550     -97.140068      47.437878     -52.065727      97.408531      -0.043549     -40.217751      -0.122068      48.035984      -1.921211      -1.728548      -1.676515       4.207570      31.342943     -90.003342      -0.984040      89.997948     -31.934557      87.087105     302.504761      90.899780      23.896788      90.183517       1.405221       1.336036       5.428685     123.130455      85.643677      49.553391      -3.827567       2.180546      -2.142209     -64.888786      83.032768     -55.309082     -89.526123     -40.290443      89.746674      10.974631      -4.668702       5.766688     -77.581306     -84.600327      99.402382       3.594887      -3.261157     -20.308580
       5.714165      37.402260       1.163311       2.829809      15.999592     -17.242090      13.201736     -80.798050      97.655678     -21.316578      -6.614140       4.145625       5.484151      -3.815783      -5.969888       3.450855       0.066779       8.834628      -0.468223       2.706830      14.889666     106.218178      -0.927013     -94.678391     -11.687752     -49.392559      65.486588      -0.049910      44.975418       0.018440     -14.101171       0.139256      -2.304329       2.733598       9.593097     -17.065617     -90.006172     -27.167973      89.991997     -93.408340       0.142281     -96.256828      36.753269     -44.244518      89.010063      -0.102382     -36.845032      -0.223729      48.094669      -1.924427      -1.724972      -1.663968       4.074095      31.545977     -90.001526      -1.076188      89.998718     -33.754433      87.216141     303.628143      91.145882      21.606491      90.229767       4.373849       1.383616       4.777053     124.061523      85.814117      49.023575      -3.645601       2.051782      -2.035615     -73.557281      82.811699     -50.911888     -89.647835     -44.933861      89.731064      13.032033      -4.255213       5.273835     -77.011345     -84.860573      99.443306       3.399019      -3.125669     -20.707741
       6.830950      37.400383       1.274944       4.464325      16.669514     -20.313295      17.575382     -80.715157     102.648109     -21.314833      -7.243804       4.395349       5.447307      -4.019290      -5.928538       3.531214      -0.364085       8.782197      -0.281200       2.006887      13.437298     106.361229      -0.904036     -95.341736     -15.094877     -48.031391      63.205032      -0.047332      44.164619       0.021782     -14.099183       0.142062      -2.303616       2.741768       9.710765     -17.095034     -90.007851     -27.389332      89.993332     -93.520309      -0.302008     -95.911774      28.285614     -36.350761      81.962852      -0.143082     -33.456703      -0.273501      48.142933      -1.924932      -1.724587      -1.661103       3.985368      31.701267     -90.000694      -1.160389      89.999153     -34.134594      87.318405     303.329376      91.159378      19.501888      90.219894       7.045782       1.391206       4.196658     124.708298      85.994240      48.745609      -3.471138       1.942277      -1.938125     -80.349167      82.641144     -48.546509     -89.712105     -49.017952      89.699104      14.943102      -3.906993       4.821939     -76.682739     -85.112785      99.250420       3.214090      -2.986270     -21.091911
       7.939133      37.270157       1.415174       6.414842      17.983215     -23.668022      22.168575     -80.548271     107.846222     -21.291346      -8.014519       4.614365       5.427772      -4.357643      -5.898396       3.621557      -0.881075       8.765512      -0.111679       1.284052      12.161434     106.218384      -0.892163     -96.025192     -17.543812     -47.134453      61.298901      -0.044395      42.785599       0.028925     -14.095803       0.144384      -2.302943       2.751032       9.837442     -17.116095     -90.007446     -27.591869      89.995018     -93.454254      -0.697664     -96.004585      21.668491     -28.522625      75.794281      -0.171078     -30.258545      -0.287218      48.180153      -1.924428      -1.725763      -1.666814       3.929322      31.817671     -90.000282      -1.237343      89.999275     -33.784603      87.433868     302.472229      91.169792      17.601294      90.207657       9.465697       1.386288       3.683076     125.355309      86.166710      48.444580      -3.304739       1.838109      -1.847304     -85.634438      82.615623     -47.718807     -89.790382     -52.621986      89.665558      16.706120      -3.608801       4.408887     -76.490227     -85.356323      98.936592       3.038652      -2.848254     -21.459387
       9.100188      37.042118       1.692775       7.874125      20.117775     -26.909321      26.402695     -80.318001     112.459831     -21.270199      -8.796136       4.574501       5.412041      -4.778841      -6.025948       3.716763      -1.445855       8.762516       0.035271       0.578952      11.044586     105.801208      -0.896771     -96.585144     -19.181326     -46.756943      59.568962      -0.040739      40.857094       0.037973     -14.089520       0.145411      -2.302510       2.761468       9.955808     -17.133186     -90.005997     -27.777147      89.996468     -93.310158      -1.031681     -96.353165      16.600706     -20.894026      70.154106      -0.186618     -27.423637      -0.276264      48.209862      -1.923509      -1.726710      -1.743898       4.091169      30.721750     -90.000038      -1.307785      89.999130     -28.349670      87.651276     297.675446      91.175323      15.948664      90.196899      11.690739       1.373958       3.224201     126.064598      86.328529      48.075638      -3.146526       1.735679      -1.759837     -85.519135      82.760239     -50.341030     -89.774536     -54.695187      89.667290      17.138182      -3.418391       4.093513     -76.449608     -85.656944      98.551659       2.870652      -2.728898     -21.854456
       9.996959      36.761967       2.077744      10.041868      21.108740     -32.131844      31.402512     -79.906197     118.076981     -21.143961     -10.103755       4.803150       5.500348      -5.762296      -5.906446       3.811071      -2.139475       8.883919       0.166379      -0.144771      10.137152     105.491310      -0.826460     -96.828690     -20.256889     -46.632690      58.108845      -0.028661      38.465054       0.043449     -14.081796       0.145389      -2.299988       2.766033      10.060294     -17.103136     -90.004494     -27.946722      89.997314     -92.547424      -1.294655     -97.203590      12.727243     -13.421177      64.643997      -0.184361     -25.066616      -0.247468      48.234715      -1.923100      -1.730017      -1.854229       4.468562      28.348501     -89.999924      -1.372038      89.998779     -57.978069      86.951447     326.959045      91.178169      14.463223      90.196579      13.738849       1.405103       2.833984     127.196144      86.458229      47.282570      -2.997041       1.627113      -1.668509     -97.170837      80.401070     -41.893257     -89.183746     -56.146114      89.461739      16.251522      -3.397992       3.909495     -83.320648     -86.068565      92.031517       2.718256      -2.570156     -22.200527
      10.781603      36.416344       2.492663      12.534845      21.735481     -37.711735      35.500011     -79.356743     122.857239     -20.949909     -11.227243       5.055816       5.675410      -6.788958      -5.735968       3.859690      -2.877851       9.148609       0.251165      -0.747229       9.689659     104.876709      -0.843165     -96.919159     -20.608915     -46.962048      57.043621      -0.019786      36.775410       0.040230     -14.079492       0.143274      -2.299736       2.731727       9.581931     -17.103474     -90.003525     -28.041159      89.997070     -91.574463      -1.589609     -98.037407       9.870612      -7.298241      58.489258      -0.149853     -23.734898      -0.190661      48.313251      -1.921935      -1.732397      -1.699674       4.810171      25.361258     -89.999687      -1.407801      89.997902     -73.375046      85.856079     341.733948      91.182076      13.070860      90.198586      15.564961       1.456717       2.502196     130.227753      86.405792      44.543289      -2.906358       1.484904      -1.565938    -107.307869      76.622772     -35.655891     -89.189590     -57.196194      89.481194      15.419992      -3.359706       3.716136     -89.857681     -86.376488      85.814903       2.648989      -2.307174     -22.429659
      11.529868      35.977497       2.924687      15.199746      22.147558     -43.683796      39.973927     -78.686310     128.097900     -20.815119     -12.161719       5.213113       5.817601      -7.941027      -5.590546       3.910553      -3.772734       9.509459       0.333600      -1.397752       9.369938     104.208221      -0.956695     -97.134979     -20.415182     -47.357620      56.712624      -0.022065      36.355648       0.031899     -14.082986       0.141681      -2.300687       2.659836       8.776237     -17.046610     -90.003326     -28.070026      89.996033     -90.243599      -1.640719     -98.546585       8.075903      -3.030246      51.410740      -0.105407     -23.194155      -0.130216      48.372009      -1.922457      -1.734166      -1.428167       4.842537      22.418005     -89.999702      -1.418671      89.996796     -81.156029      84.768280     348.908325      91.186424      11.783616      90.200706      17.203001       1.518514       2.212697     135.157288      86.119431      39.807873      -2.872909       1.254590      -1.488359    -114.726158      72.052483     -32.621956     -89.179199     -57.472458      89.521210      14.633252      -3.312855       3.527519     -95.449699     -86.619415      80.569908       2.662920      -1.986633     -22.493315
      12.267271      35.412682       3.393489      17.943455      22.587719     -49.539059      42.015423     -78.200813     130.863876     -20.642769     -12.797728       5.349682       6.085646      -9.425265      -5.382443       3.864577      -4.894015       9.709045       0.367684      -2.052628       9.387619     103.485153      -0.949777     -97.317673     -20.471834     -47.880219      55.697853      -0.010319      34.720249       0.037512     -14.099194       0.143590      -2.299104       2.609186       8.655778     -16.829456     -90.011871     -26.626921      89.972672     -89.213196      -1.754699     -99.947578       7.750026       0.765764      45.497074      -0.072841     -22.800552      -0.092086      48.320400      -1.924196      -1.738739      -1.329118       4.899159      19.825434     -90.003365      -0.855913      89.990562     -84.512825      84.200706     351.964478      91.189247      10.637247      90.201370      18.688112       1.557370       1.942805     137.399185      86.073830      37.808720      -2.783004       1.137771      -1.413685    -120.207352      67.542297     -31.959658     -89.168472     -57.528492      89.555130      13.883327      -3.263619       3.348387    -100.580002     -86.814972      75.820892       2.590728      -1.824319     -22.652409
      13.019919      34.722672       3.902826      20.839027      22.986778     -55.322845      42.096573     -77.848648     131.588501     -20.359709     -13.084275       5.468225       6.604631     -11.505507      -4.695714       3.800471      -5.787127       9.882841       0.373656      -2.580470       9.357172     102.336914      -0.975014     -97.489784     -20.581425     -48.751423      53.708626       0.013461      32.633633       0.040227     -14.120390       0.144207      -2.298133       2.566679       8.646462     -16.312355     -90.010864     -26.146530      89.974236     -88.422791      -2.117017    -101.685341       8.363542       3.979301      40.358425      -0.039521     -22.791704      -0.056600      48.256050      -1.922888      -1.741067      -1.372520       4.991117      17.329380     -90.003098      -0.723727      89.991600     -85.769768      84.123535     353.198761      91.190880       9.619516      90.201271      20.059828       1.560278       1.685647     140.417267      85.850761      35.034950      -2.753552       0.964568      -1.327762    -124.787407      63.352287     -32.639790     -89.156578     -57.366177      89.585121      13.174685      -3.211767       3.178127    -105.073212     -86.977669      71.681679       2.595526      -1.627186     -22.631706
      13.622908      34.321072       4.220710      22.227121      22.375542     -60.192738      34.915970     -78.086075     122.208694     -19.555159     -13.959140       6.250960       7.785415     -15.243075      -2.876368       3.911848      -6.489186      10.472327       0.477909      -3.070417       9.594898     101.390419      -1.257201     -97.676308     -21.118547     -49.619968      51.621349       0.007359      31.905876       0.030736     -14.095432       0.140948      -2.300166       2.557738       7.897714     -15.882869     -90.007835     -26.206987      89.982010     -86.343323      -2.562569    -102.504921       9.535323       5.576821      34.846142      -0.022156     -22.611307      -0.038411      48.364101      -1.923931      -1.738925      -0.975794       4.568639      15.281276     -90.001900      -0.746029      89.992744     -88.035881      84.181625     354.917694      91.044777       8.781297      90.179085      21.457491       1.545756       1.423719     143.528946      85.547806      32.584103      -2.756817       0.662754      -1.014973    -129.197800      59.599453     -34.349663     -89.300423     -57.844429      89.643692      13.151112      -3.154974       2.958553     -95.071075     -86.160561      80.389450       2.538975      -2.054043     -21.762827
      14.096677      34.086052       4.463066      22.823154      21.674366     -64.624557      24.165535     -78.430061     108.114891     -18.864582     -14.221371       6.734255       9.427180     -20.246342      -0.472484       4.010171      -7.449145      11.200722       0.587250      -3.687895       9.988277     100.920418      -1.371732     -97.905861     -21.749323     -50.028896      50.080872      -0.000866      31.495785       0.023966     -14.087622       0.140062      -2.301208       2.531769       7.309712     -15.869388     -90.006004     -26.266487      89.986893     -83.585037      -3.005306    -103.603172      10.687944       6.630210      30.113987      -0.006069     -22.640844      -0.024081      48.453449      -1.926805      -1.735633      -0.805928       4.453310      10.363445     -89.999146      -1.443532      89.993172     -89.095100      84.284782     355.574432      90.997513       7.995809      90.176094      22.632286       1.532183       1.191960     145.663315      85.506447      30.924675      -2.745541       0.408474      -0.816252    -133.145844      56.406166     -36.563038     -89.329071     -58.026413      89.662842      12.649498      -3.066311       2.760782     -88.687714     -85.982658      86.331680       2.515879      -2.147851     -21.828012
      14.545835      34.164284       4.555418      23.728899      19.855120     -69.704468       7.333111     -78.139565      89.660652     -17.834143     -18.701609       5.550276      10.352510     -19.434111       1.074956       4.240655     -11.525748      13.043166       0.806436      -4.775522      10.897803     101.306305      -1.102836     -95.322975     -23.488602     -49.549152      48.411942      -0.008032      31.161928       0.021073     -14.136455       0.142238      -2.301941       2.377221       6.929215     -15.999358     -90.004990     -26.325001      89.990143     -79.955475      -3.973232    -106.139946      12.174994       7.490518      24.823099       0.004370     -22.658222      -0.015575      48.541309      -1.929931      -1.733309      -0.379072       3.844191       7.158495     -89.999512      -1.453846      89.993515     -92.244614      83.023506     356.232086      91.293617       7.011732      90.240791      23.997618       1.292536       0.971344     143.821854      86.085999      33.711651      -2.754509       0.561353      -0.115949    -135.479996      54.938469     -38.594547     -87.918640     -55.667793      89.036194      11.955172      -2.873137       2.504252     -67.772888     -85.732109     107.335121       2.402333      -2.797364     -21.748970
      14.921695      34.730591       4.491912      24.220358      18.365564     -74.158089      -1.481029     -77.037148      78.415009     -16.343250     -19.405731       4.549447      12.242951     -18.166204       3.053577       4.641947     -18.558777      15.767027       0.989195      -5.830969      12.306623     101.761055      -0.662742     -90.144241     -25.808262     -48.769714      46.416084      -0.014586      30.944180       0.019796     -14.231215       0.147290      -2.302414       2.104104       6.875368     -16.194977     -90.004395     -26.382507      89.992523     -80.343636      -4.837936    -108.589096      13.088667      11.429461      17.011230       0.013008     -22.756720      -0.010510      48.696037      -1.934842      -1.728091       0.234241       2.786459       5.547050     -89.999619      -1.463984      89.993576     -96.040939      81.437759     356.972595      91.247345       6.139650      90.236168      25.136370       1.158477       0.785055     142.778275      86.493690      35.347122      -2.751479       0.723193       0.378521    -135.107651      52.891541     -38.691090     -87.891090     -48.710796      89.323318      11.040731      -2.611811       2.154000     -54.603230     -85.323990     121.398796       2.387432      -2.901939     -21.616745
      15.272695      35.635029       4.418204      25.427509      16.881168     -78.670906     -10.567461     -75.427620      66.550926     -15.087601     -19.351997       4.669945      13.263969     -17.429361       3.881068       5.558362     -26.073397      18.618279       1.255864      -7.011567      13.609185     103.258751       0.037679     -85.768089     -26.566402     -48.098747      46.632469      -0.019323      30.794413       0.019397     -14.313842       0.151920      -2.302335       1.863362       6.934250     -16.466312     -90.003876     -26.439085      89.994385     -80.981201      -5.677484    -111.642838      13.783997      16.186434      10.090089       0.015311     -22.675400      -0.005475      48.806927      -1.939664      -1.724645       0.702860       1.841381       4.070677     -89.999825      -1.473956      89.993538     -99.222183      79.803581     356.874634      91.221222       5.271723      90.231079      26.059002       1.093549       0.644798     142.563736      86.792885      35.857784      -2.726756       0.823311       0.532424    -134.548553      50.661793     -38.130039     -87.975029     -40.402924      89.509499      10.205609      -2.438489       1.882811     -49.178909     -85.129822     127.965530       2.379623      -2.777849     -21.417505
      15.734287      36.700161       4.395930      26.951487      14.978798     -83.571609     -17.784882     -73.545006      57.655388     -14.203629     -19.195126       4.946804      14.012239     -17.257318       3.925705       5.292708     -27.418955      17.063322       2.853392     -14.542166      18.092922     104.785957       0.745397     -84.513626     -24.275019     -47.779034      51.262581      -0.022119      30.754190       0.015843     -14.337588       0.153404      -2.302604       1.808197       6.939084     -17.052990     -90.003281     -26.494717      89.995766     -82.244698      -6.492050    -115.976433      13.303628      21.985973       6.070842       0.015785     -22.464813       0.001022      48.864262      -1.943390      -1.723270       0.968909       1.160625       2.426832     -90.000122      -1.483746      89.993515    -102.013702      78.117920     356.995544      91.229515       2.921258      90.209465      28.343693       1.408653       0.775340     143.227188      86.857803      35.178761      -2.723163       0.861354       0.432037    -133.521713      48.039253     -36.948696     -88.068863     -29.378260      89.620445       6.215781      -2.012370       0.450770     -45.906960     -85.373955     129.366577       2.321760      -2.847763     -21.282722
      16.336100      37.703358       4.333058      28.044367      11.971666     -89.478294     -17.880318     -72.552002      57.637104     -12.664892     -17.879030       5.679262      14.873705     -17.245491       3.698897       5.184191     -28.337343      15.983220       3.753000     -18.271040      19.303274     105.514740       1.271070     -85.286034     -20.687017     -47.317455      57.744339      -0.024952      30.920967       0.010631     -14.374896       0.155593      -2.301647       1.695509       6.806640     -17.183565     -90.002937     -26.549437      89.996628     -84.259537      -6.947389    -120.610542      11.920030      27.958590       4.113698       0.016113     -22.203674       0.007786      48.887703      -1.945424      -1.722756       1.102118       1.072098       0.949929     -90.000381      -1.493367      89.993568    -105.640640      76.119324     356.441925      90.603462       2.593946      90.102386      31.263073       2.581105       1.078012     146.054703      86.624344      31.992159      -2.719401       0.840132       0.096345    -127.748894      42.469967     -38.370079     -88.287048     -14.767936      89.484779      -2.193140       1.824090      -2.912008     -28.223505     -83.704613     143.490921       2.280759      -2.883380     -21.395206
      17.121328      38.611626       4.116598      28.812214       9.463200     -94.045517     -17.572952     -72.797661      58.222561     -10.190975     -16.331694       6.400109      14.847075     -17.445499       3.389057       4.098614     -26.942600      11.460667       3.253913     -19.590895      16.313469     106.088264       1.550276     -85.829720     -16.782761     -43.342159      61.756622      -0.029346      32.459530      -0.060923     -14.258028       0.142191      -2.302898       1.779659       6.180242     -20.626318     -90.001083     -25.048862      89.926720     -84.513702      -6.778211    -120.816277      10.542220      29.244978       4.510315      -0.013353     -24.011255      -0.061491      45.730011      -1.728668      -1.832017       1.172815       1.286162      -8.293179     -90.008385      -2.076519      89.989281    -107.438736      75.110428     351.909210      91.635605       8.006954      90.322029      30.520031       2.208971       1.844595     143.447174      86.730164      35.095852      -2.816532       0.626562       0.292628    -126.562325      41.587765     -38.312824     -88.174591      -9.697044      89.472923       8.883883       2.029876     -23.907354     -31.829382     -87.584694     156.786972       1.832289      -3.495370     -21.594513
      18.086308      39.452274       3.922502      29.682169       7.573925     -97.482460     -17.435709     -73.335754      58.598083      -8.699598     -14.607058       6.236878      13.907582     -16.625896       2.032676       3.250645     -26.391333       5.492690       2.831714     -18.676723      12.054650     105.371857       1.476914     -85.122871     -12.959383     -34.636696      66.078041      -0.001413      35.069031      -0.147614     -13.944017       0.122018      -2.298028       1.866330       5.614559     -24.165483     -89.997231     -22.408030      89.845245     -83.548019      -6.261314    -118.978355       9.840460      30.449278       3.820798      -0.130355     -29.546825      -0.273544      42.147667      -1.485906      -1.941439       0.865122       0.687451      -6.218929     -90.018867       0.164733      90.079788    -110.630753      73.926445     348.615601      91.413185      13.077856      90.361801      30.878340      -1.421649       4.935766     132.474686      87.317619      46.730236      -2.894152       0.955435       0.654514    -126.634903      43.200851     -38.333618     -88.237122     -10.283492      89.486626      29.602770      -5.333365     -36.200661    -150.022278     -81.577492      55.999218       2.443335      -2.612043     -11.630562
      19.123020      40.251266       3.735554      30.117992       5.695606    -100.663681     -16.971445     -74.129112      59.466511      -7.784527     -13.181441       5.665618      12.492442     -15.513186       0.057478       2.339853     -24.668894      -1.608884       2.594995     -16.757532       9.250279     105.117081       1.535752     -84.924843     -12.843356     -24.987242      69.616112       0.026915      37.312225      -0.169794     -13.668189       0.111319      -2.289032       1.929647       5.094443     -27.476254     -89.976120     -19.986797      89.831345     -82.684738      -5.720885    -116.994926       9.125936      31.542854       3.370653      -0.234573     -34.824772      -0.404535      38.969025      -1.279709      -2.009021       0.605786       0.057142      -3.374338     -90.018394       0.665512      90.066505    -114.619263      72.442253     345.785217      91.267639      17.737949      90.383392      31.697771      -3.785996       7.386872     119.156326      87.766220      60.515968      -2.900439       1.428758       0.939525    -126.941788      44.414555     -37.861481     -88.325142     -10.655726      89.518715      28.868881      -6.024508     -34.886398    -114.553314     -82.026337      79.622597       2.900537      -2.293012      -8.533588
      20.271364      40.944687       3.583009      29.935926       3.430323    -103.872932     -15.855066     -74.968521      61.070236      -6.931536     -11.991640       5.219943      11.247007     -14.014562      -1.531662       2.032186     -21.175674      -7.580451       2.490809     -14.766901       7.555949     104.859840       1.550292     -84.760666     -14.310577     -15.827896      73.374901       0.037636      38.837070      -0.145920     -13.433756       0.103260      -2.283164       1.969443       4.693088     -30.622385     -89.965965     -17.770775      89.844437     -82.023407      -5.219762    -115.121254       8.585577      32.487957       2.918170      -0.301878     -39.504280      -0.465927      36.143528      -1.116097      -2.061295       0.404696      -0.475342      -0.460462     -90.016800       1.120463      90.053520    -117.788292      70.723900     341.960175      91.175751      21.914621      90.386848      32.189503      -4.083008       8.154681     108.339119      87.964378      71.647545      -2.905719       1.761164       1.134295    -126.910240      44.754692     -37.449318     -88.390800     -11.149970      89.542374      28.322691      -6.386137     -33.469177     -86.156631     -82.296028     100.055580       2.929398      -2.372717      -8.798102
      21.547688      41.512489       3.458045      29.343962       0.732619    -107.237907     -14.560339     -75.710838      62.906166      -6.022026     -10.932076       4.965190      10.308273     -12.605944      -2.736678       2.710666     -16.307959     -10.527987       2.464162     -13.003376       6.077819     104.559547       1.529939     -84.598358     -16.878443      -7.718151      77.009796       0.032164      39.818398      -0.107920     -13.246429       0.099190      -2.280954       1.969896       4.317268     -33.542477     -89.966003     -15.743423      89.863251     -81.502281      -4.746583    -113.231346       8.203296      33.326382       2.468803      -0.343277     -43.779610      -0.497294      33.631760      -0.987726      -2.102966       0.250860      -0.865730       2.208362     -90.014587       1.536617      90.042801    -120.398232      68.884567     337.430969      91.120468      25.580647      90.385239      32.198784      -3.795799       9.013203     102.187256      88.010658      78.048416      -2.937455       1.911200       1.282535    -126.607689      44.588490     -37.352684     -88.429626     -11.726256      89.556015      27.944853      -6.669044     -32.331554     -65.826324     -81.600807     115.139870       2.935634      -2.452846      -9.101520
      22.962370      41.930740       3.346587      28.438852      -2.469835    -110.994820     -13.064767     -76.355186      65.004494      -5.046402     -10.059516       4.947281       9.667061     -11.443180      -3.497632       3.898538     -10.850878     -11.216300       2.567126     -11.389609       5.410468     104.172798       1.473938     -84.531113     -19.819336      -1.010891      80.209442       0.020075      40.503605      -0.072635     -13.089451       0.096777      -2.281177       1.944187       3.968365     -36.266506     -89.972343     -13.889039      89.880203     -81.100174      -4.269430    -111.281822       7.893922      34.130310       2.043044      -0.374126     -47.825081      -0.519192      31.391321      -0.884758      -2.136923       0.125793      -1.150799       4.608925     -90.012222       1.917381      90.034187    -122.877388      66.924904     332.538574      91.089554      28.729647      90.385857      31.538580      -3.415972       9.996268      96.994850      88.032242      83.466179      -2.963920       2.018049       1.420483    -126.224426      44.190956     -37.609833     -88.445175     -12.047846      89.563805      27.662020      -6.808715     -31.555037     -54.607674     -80.773933     123.663254       2.940085      -2.519070      -9.395901
      24.520912      42.179020       3.242626      27.113022      -6.239944    -115.267845     -11.322926     -76.933105      67.450172      -4.048780      -9.376710       5.243755       9.248005     -10.489163      -3.766092       5.138004      -5.358955     -10.686397       2.750873      -9.849464       5.646362     103.626991       1.377111     -84.680756     -22.245958       4.127664      83.385269       0.010732      41.231510      -0.049078     -12.951110       0.095312      -2.282347       1.901573       3.673444     -38.797371     -89.983574     -12.192795      89.894958     -80.837692      -3.770453    -109.218010       7.606318      34.997799       1.648203      -0.409912     -51.802380      -0.545557      29.390369      -0.799499      -2.164452       0.018704      -1.338236       6.745631     -90.009956       2.265777      90.027168    -125.643723      64.855545     327.591492      91.076027      31.331362      90.388634      29.903002      -3.243401      11.052212      90.676628      88.037590      90.032173      -2.990512       2.128524       1.584816    -126.085686      43.772964     -38.302799     -88.452614     -12.469847      89.565674      27.410578      -6.783727     -31.069090     -49.130783     -80.153282     128.732697       2.943066      -2.588502      -9.686569
      26.232164      42.235340       3.132187      25.243172     -10.385169    -120.010300      -9.571598     -77.440155      69.995529      -3.076023      -8.783892       5.760987       8.959230      -9.717410      -3.789900       6.209648      -0.159819      -9.203320       2.963227      -8.321042       6.492624     102.944740       1.255679     -84.977760     -24.033974       7.770057      86.284370       0.004360      42.402470      -0.038029     -12.838688       0.095073      -2.284031       1.841661       3.399638     -41.147087     -89.995598     -10.641232      89.908073     -80.809181      -3.245906    -106.988869       7.305975      36.101086       1.290179      -0.465264     -55.850056      -0.593411      27.604324      -0.726640      -2.185974      -0.076507      -1.408405       8.620749     -90.007942       2.584501      90.021561    -128.797516      62.781055     322.889313      91.075752      33.320332      90.389183      25.137625      -3.749501      12.447394      82.194870      87.994370      99.252640      -3.040875       2.268212       2.095320    -126.167229      43.523018     -39.273922     -88.459641     -13.088751      89.564034      27.102596      -6.641969     -30.747231     -46.913044     -79.700226     132.937454       2.949505      -2.661504      -9.973672
      28.090626      42.059990       3.023638      22.903807     -14.373954    -125.174667      -7.863256     -77.885628      72.443810      -2.179177      -8.247710       6.203936       8.719813      -9.128635      -3.867482       6.982729       4.613447      -6.606494       3.170500      -6.829399       7.459534     102.125641       1.108980     -85.400352     -25.293127      10.061098      88.555214      -0.007431      44.699146      -0.032908     -12.751474       0.094754      -2.285848       1.771160       3.129944     -43.326725     -90.002968      -9.222015      89.922417     -81.006149      -2.703415    -104.593399       6.910720      37.475777       1.082472      -0.559920     -60.102074      -0.683964      26.008892      -0.662449      -2.201567      -0.154389      -1.387202      10.243766     -90.006432       2.876077      90.017143    -131.906387      60.857674     318.930878      91.082413      34.715748      90.384659       7.188959      -5.502277      13.264642      72.701103      87.992455     119.188820      -3.106561       2.669804       2.686201    -126.364471      43.554310     -40.352283     -88.479347     -14.399405      89.556801      26.830566      -6.483838     -30.399004     -48.847885     -79.725998     135.080612       2.947225      -2.812904     -10.215688
      30.038301      41.617920       2.967762      20.121368     -17.542397    -130.715225      -6.247747     -78.275520      74.646881      -1.378361      -7.773718       6.369859       8.496556      -8.791284      -4.155758       7.424116       8.943869      -3.309309       3.375061      -5.379512       8.408395     101.202988       0.963050     -85.906197     -26.059607      11.304208      89.838158      -0.047396      48.093575      -0.012060     -12.690062       0.096746      -2.288094       1.698375       2.881096     -45.346645     -90.004631      -7.924157      89.936447     -81.412888      -2.148260    -102.085434       6.207499      39.163960       1.256449      -0.729303     -64.740234      -0.848188      24.577301      -0.603853      -2.211173      -0.068858      -1.319116      11.616388     -90.005814       3.142811      90.013420    -134.864975      58.806168     315.925629      91.097160      35.585114      90.378258     -17.194883      -7.269150      12.977795      68.089073      88.084579     132.799057      -3.162788       2.929489       6.304059    -126.386322      43.556034     -40.940964     -88.493164     -15.937994      89.546394      26.694504      -6.154657     -30.222719     -58.603905     -80.711021     131.259186       2.934465      -3.039605     -10.355227
      32.152603      40.889313       3.115148      18.866064     -18.569304    -137.284027      -1.894580     -78.763466      78.673645      -0.815689      -8.180320       5.351607       8.119390      -9.003735      -4.973258       7.487438      12.165417       0.241886       3.444854      -3.876194       9.434768     100.256287       0.840986     -86.400482     -26.915661      12.201462      89.704033      -0.119095      51.849766       0.024689     -12.656569       0.099681      -2.289176       1.623324       2.646530     -47.250267     -90.001236      -6.737019      89.945740     -81.915466      -1.638348     -99.569534       4.925040      41.401833       2.215286      -1.198831     -70.811447      -1.313776      23.296093      -0.542996      -2.215611       0.101112      -1.232505      12.743621     -90.006325       3.386779      90.010353    -133.709152      56.442795     314.726593      91.252731      31.271938      90.321594     -40.319054      -7.027736      14.758720      69.559258      87.966553     129.164871      -3.284709       3.318827       7.801075    -126.089447      43.221546     -40.918297     -88.509766     -17.745949      89.526558      26.221544      -6.604910     -29.257614     -87.123077     -82.315483     108.545128       2.932885      -3.160937     -10.443713
      34.338482      39.920662       3.273017      17.757885     -19.391882    -143.834961       1.729815     -79.257355      81.991676      -0.528392      -8.513090       4.235027       7.562442      -9.449521      -6.019229       7.193513      14.077332       3.735612       3.315046      -2.449003      10.475184      99.268524       0.743529     -86.874382     -27.992664      12.799839      88.295479      -0.226503      55.987839       0.076630     -12.641004       0.102600      -2.291117       1.547499       2.413224     -49.035408     -89.992722      -5.651378      89.952087     -82.402771      -1.164843     -97.233185       2.549126      43.809914       4.602851      -2.489300     -78.077255      -2.584722      22.142988      -0.480252      -2.217320       0.247857      -1.145235      13.608450     -90.007515       3.609885      90.007149    -133.328293      54.655060     314.636597      91.378242      25.998293      90.261513     -37.307003      -5.345491      17.874525     123.527016      86.674652      43.099701      -3.212056       2.748109       7.361647    -126.362854      42.987896     -40.650925     -88.502480     -19.321005      89.506134      23.625429      -5.948303     -29.357658    -127.551979     -81.091179      68.722679       2.957540      -3.098810      -9.779901
      36.546486      38.677269       3.447909      17.052908     -20.013870    -150.144608       5.050558     -79.813889      84.937355      -0.545988      -8.795146       2.964325       6.772999      -9.926085      -7.249046       6.626780      15.067151       6.798652       2.969460      -1.477866      11.542033      98.238617       0.675779     -87.307976     -29.507574      13.179340      85.533173      -0.378679      60.540760       0.147946     -12.642371       0.107125      -2.293536       1.471094       2.175133     -50.719913     -89.979294      -4.658498      89.956070     -83.036263      -0.726318     -95.109550      -1.051839      45.930927       8.575654      -7.641703     -85.400795      -7.697625      21.105663      -0.421257      -2.219784       0.371010      -1.044724      14.201669     -90.008545       3.813939      90.003654    -133.547867      53.540115     315.110565      91.422859      23.829020      90.275009     -35.736820      -5.523518      17.897348     114.871964      86.753555      42.181911      -2.910902       2.648517      -6.976712    -126.874619      42.969013     -40.281235     -88.475471     -20.737459      89.489166      20.829906      -6.380745     -28.842606    -131.170715     -80.525612      63.075745       3.082831      -2.352982      -9.368005
      38.746490      37.145538       3.611734      16.455179     -20.806744    -156.204453       8.025513     -80.462730      87.608513      -0.856515      -8.996259       1.750407       5.749729     -10.361655      -8.552396       6.002810      15.418734       9.223692       2.557483      -0.907512      12.621561      97.172310       0.635428     -87.648392     -31.708733      13.497282      81.139687      -0.587249      65.500778       0.245338     -12.661756       0.111365      -2.297503       1.394695       1.932195     -52.320557     -89.962074      -3.750771      89.958801     -83.913925      -0.336808     -93.191017      -5.821914      47.323761      14.094986    -161.908020     -87.914856    -161.915863      20.174889      -0.369043      -2.224371       0.472591      -0.940485      14.495259     -90.009041       4.000593      90.000015    -134.203033      53.084644     315.959686      91.412071      24.751537      90.343407     -34.541328      -5.650259      18.382824     108.020134      87.020760      51.927906      -2.669441       3.157440     -20.553051    -127.705101      43.377903     -39.893650     -88.437889     -21.869207      89.478882      20.636318      -7.267727     -28.188108    -126.803093     -80.996429      67.562187       3.155605      -1.791087      -9.228107
      40.933392      35.343372       3.732962      15.434424     -22.179663    -162.336319      10.972034     -81.220474      90.481522      -1.426776      -9.180817       0.817019       4.513575     -10.789908      -9.844165       5.405023      15.435936      11.400398       2.159464      -0.585919      13.653690      96.110001       0.605451     -87.784988     -35.085110      14.285876      74.404915      -0.856285      70.770653       0.365712     -12.702591       0.116710      -2.302039       1.314195       1.673472     -53.859562     -89.941055      -2.920492      89.959572     -84.869850      -0.001498     -91.400749     -10.985353      47.316151      20.489132    -174.996857     -83.058685    -174.968948      19.344275      -0.327811      -2.230786       0.558496      -0.858534      14.494490     -90.008827       4.171369      89.996628    -135.276077      52.850182     317.328003      91.399292      25.854475      90.390266     -33.479176      -5.267871      19.574852     102.315239      87.189041      59.486462      -2.673634       3.215386     -21.090294    -128.943954      44.320358     -39.521835     -88.379578     -21.918804      89.496880      21.501026      -7.910093     -27.839119    -118.602257     -81.656708      76.574257       3.201111      -1.434562      -9.109821
      42.936275      33.601479       3.749866      14.579041     -23.707520    -168.274719      13.563350     -81.991501      92.725616      -2.149513      -9.732907      -0.739436       3.140526     -12.156614     -11.988898       4.936672      14.151996      11.608272       2.367137      -2.477094      32.143639      92.747818       0.360954     -88.122192     -44.149689      17.974245      66.370575      -1.258203      75.949059       0.606650     -12.745892       0.119240      -2.307398       1.230868       1.326761     -55.330608     -89.913956      -2.161668      89.964577     -85.406357       0.249255     -90.326477     -16.387840      45.028973      28.079514    -177.141586     -79.678093    -177.114410      18.628859      -0.297306      -2.238431       0.643732      -0.797764      14.184342     -90.007240       4.327705      89.994591    -136.673889      52.803459     318.959412      91.393021      27.009865      90.424393     -32.530849      -4.719273      20.901274      97.397034      87.291580      65.590553      -2.693568       3.301545     -20.616419    -130.647339      45.816750     -39.042675     -88.325958     -20.868959      89.540077      22.590761      -8.429156     -27.512159    -114.646133     -81.887566      80.543976       3.224793      -1.257944      -8.931323
      44.580769      32.178322       3.659994      13.693061     -25.032804    -172.972183      15.109258     -82.893806      93.372864      -3.222420      -9.951838      -2.863354       1.925480     -13.241600     -13.743170       6.031223       6.208158      21.614986       3.652663      -4.460963      49.183727      92.185318       0.350819     -87.792137     -53.078075      19.944206      53.085091      -1.600572      79.798973       0.876495     -12.738445       0.118131      -2.308596       1.215739       1.251490     -56.634193     -89.894295      -1.467356      89.961884     -86.376411       0.533852     -88.886971     -20.825352      42.121284      34.306232    -178.127853     -77.657936    -178.112320      17.961470      -0.268009      -2.245361       0.707959      -0.772250      13.603581     -90.006088       4.470833      89.993713    -139.709244      53.401615     321.917969      91.403763      27.915394      90.445023     -31.834930      -4.310301      21.897655      96.708176      87.320396      67.074181      -2.710173       3.338420     -20.136465    -134.099976      48.283142     -37.265453     -88.299042     -19.524416      89.584137      24.606245      -8.884232     -27.396048    -123.546303     -81.382065      70.631104       3.224051      -1.179748      -8.781171
      45.980198      30.781143       3.688617      12.188972     -26.464819    -177.181534      16.680220     -84.211586      94.206909      -4.903797      -9.923293      -3.596080       0.895636     -14.005344     -12.415257      11.498478     -13.567533      24.117662       3.951785      -2.980902      55.036503      92.245705       0.405046     -87.596451     -56.894630      20.487452      38.741360      -1.250799      80.373550       0.716735     -12.730733       0.108410      -2.310248       1.155855       1.140497     -57.786140     -89.888397      -0.831381      89.951424     -88.255356       0.699492     -88.109398     -27.450539      37.687634      40.725506    -178.796478     -76.883026    -178.788956      17.360514      -0.239605      -2.247697       0.642396      -0.749883      12.788622     -90.005959       4.601878      89.993080    -144.174530      54.270039     326.164703      91.410744      28.607834      90.452042     -31.516102      -4.251586      22.196877     100.947777      87.271851      63.404026      -2.739393       3.232048     -19.755646    -139.240677      50.981644     -33.816425     -88.293900     -17.145506      89.650932      27.559460      -9.486816     -27.043840    -133.520599     -80.329453      57.809021       3.228852      -1.002697      -8.651806
      47.164757      29.479153       3.862707      10.487227     -27.713148    -181.159409      20.502617     -85.605736      97.838280      -6.615396      -9.914349      -3.326416      -0.164089     -14.399876     -10.464383      24.382345     -28.246216      24.583561       4.326254      -5.771333      50.853287      92.163429       0.457901     -87.435135     -55.869865      18.541952      23.184465      -1.010672      80.961929       0.589654     -12.726806       0.102963      -2.311805       1.083757       1.064130     -58.859066     -89.890923      -0.249064      89.939812     -89.871277       0.831135     -87.221092     -32.234970      31.856129      45.398773    -179.345062     -77.317924    -179.354477      16.824753      -0.214706      -2.249873       0.431769      -0.813069      11.783745     -90.006226       4.721696      89.992119    -148.783356      54.741669     330.650543      91.410378      29.204256      90.450089     -31.461548      -4.429626      22.055954     106.056976      87.176689      58.716267      -2.779893       3.077710     -19.415335    -144.994431      53.157307     -29.308580     -88.315506     -13.031975      89.744995      29.532612     -10.015055     -26.311272    -138.062668     -79.394669      47.978878       3.223505      -0.940327      -8.626705
      48.233986      28.237318       4.117072       8.534511     -28.872442    -184.749527      30.718874     -86.860207     108.420929      -8.157762     -10.042664      -2.602705      -1.234739     -14.492831      -9.110235      28.240700     -44.404911      17.631817       6.596654     -11.510298      46.538891      91.865631       0.485305     -87.288269     -52.316967      12.711921       5.799360      -0.985328      82.517929       0.555184     -12.730761       0.102524      -2.312443       1.006998       1.034607     -59.847668     -89.897331       0.283837      89.927780     -91.103188       0.964701     -85.873978     -34.461246      26.114826      48.794762    -179.869507     -78.986595    -179.906357      16.352556      -0.193961      -2.255328       0.242405      -0.884824      10.632452     -90.005676       4.831230      89.991096    -153.568619      55.055737     335.294159      91.398514      29.724894      90.440910     -31.583328      -4.786303      21.624483     110.416992      87.070946      54.687668      -2.817565       2.941129     -19.094254    -151.553177      55.086712     -23.822807     -88.382675      -7.585717      89.841827      29.758198     -10.652707     -25.020151    -136.864212     -79.151062      41.645847       3.223648      -0.853449      -8.692986
      48.687557      27.390533       4.429387      13.277525     -30.317703    -180.361908      19.321043     -88.510147      95.567039     -10.141023      -8.608963      -4.497917      -2.958331     -14.533460      -9.608086      22.119133     -49.712490       5.144557       1.943396     -25.247410      33.579418      92.202766       0.445936     -86.696396     -47.917168       6.337316     -14.323731      -0.625200      78.404953       0.675871     -13.176298       0.104886      -2.295681       0.962068       1.239307     -59.046890     -89.888344       1.170380      89.885414     -92.343781       0.999109     -84.525398     -34.253410      20.694597      51.048668    -180.407318     -81.485741    -180.455429      15.947199      -0.179427      -2.262469       0.079186      -0.949859       9.360128     -90.004555       4.931717      89.991089    -158.915176      57.251240     344.590210      91.202713      33.863899      90.470039     -31.327633      -4.338615      21.932877     112.683830      86.976875      52.627480      -2.866735       2.870001     -19.016966    -159.098007      59.157650     -14.801646     -88.636261     -12.928129      89.703117      31.524694     -11.166501     -24.034914    -121.794632     -81.141373      49.345753       3.246056      -0.814384      -9.082746
      48.954872      26.670874       4.591802      18.120918     -30.887888    -174.962204     -72.562233     -89.616806       2.776929     -11.952566      -7.307251      -6.046023      -4.740805     -13.953581     -10.763711      15.365334     -51.131489      -8.221892      11.534591     -24.863314      24.954514      92.144592       0.334602     -86.846298     -41.392483      -4.331217     -24.901176      -0.808915      73.572388       1.072962     -13.415148       0.105254      -2.278243       1.026631       1.430766     -58.226818     -89.913757       1.984173      89.863060     -93.344498       0.969657     -83.081276     -33.587978      16.407202      52.968575    -181.055679     -84.265884    -181.101288      15.583722      -0.167834      -2.271699      -0.067343      -0.918053       8.082522     -90.003181       5.023581      89.991844    -164.764511      59.033447     354.753906      91.066803      37.767521      90.479149     -30.771877      -3.332840      22.818333     118.122452      86.783035      47.465866      -2.908289       2.665522     -18.872047    -167.669586      61.877449      -3.914785     -88.958084     -18.558977      89.658340      31.577774     -11.116681     -23.708509     -78.884163     -83.095306      84.773956       3.256692      -0.811422      -9.349993
      49.101517      26.013414       4.577938      22.323248     -30.322264    -169.420868    -138.948975     -88.482895     -64.078979     -13.520002      -6.145332      -7.028114      -6.331364     -12.906172     -11.815024      10.196202     -49.504818     -19.759937      10.984740     -29.278589      11.365181      92.015068       0.249608     -87.303398     -36.215336     -11.559574     -29.827709      -0.710730      69.340096       0.986004     -13.567109       0.107429      -2.273835       1.096595       1.535829     -57.390446     -89.938751       2.730234      89.869911     -94.251320       0.837798     -82.429070     -32.893192      12.952668      55.163410    -182.528061     -87.248993    -182.560043      15.252619      -0.158301      -2.280303      -0.204300      -0.795166       6.710506     -90.002083       5.107577      89.992767    -171.088440      60.161453     365.321411      90.962906      41.270508      90.464264     -30.203001      -2.405649      23.605526     123.081551      86.584122      42.792088      -2.932407       2.437975     -18.625580    -176.110580      63.190392       7.403631     -89.013977     -23.685272      89.639526      31.836000     -11.327771     -22.824211     -40.503441     -80.756020     125.260941       3.199189      -1.374147     -10.677871
      49.163807      25.366423       4.415827      25.665546     -28.601162    -164.193542    -148.011536     -87.213081     -73.376213     -14.896651      -5.055878      -7.690033      -7.740688     -11.458224     -12.732738       7.057405     -45.754070     -29.758802       7.488158     -31.293552      -2.952623      92.021530       0.169425     -87.795128     -31.821598     -13.692152     -30.960415      -0.555362      65.585075       0.771726     -13.242506       0.080607      -2.287034       1.058163       1.513027     -59.962490     -89.959099       3.011770      89.906990     -94.938263       0.707184     -82.272697     -32.467442      10.126973      57.413792    -355.603455     -88.137352    -355.601898      14.958659      -0.148246      -2.289077      -0.316424      -0.580172       5.221332     -90.000580       5.184482      89.993408    -176.948273      60.643803     375.310303      90.901093      44.451118      90.439125     -29.698755      -1.622103      24.200075     126.853439      86.398521      39.284569      -2.955886       2.231740     -18.363468    -183.297943      63.434944      17.750336     -89.092316     -28.342701      89.661163      31.847591     -10.835154     -22.619801     -34.200954     -78.968590     137.839600       3.148418      -1.930355     -11.077184
      49.178444      24.807823       4.168677      28.427980     -26.312967    -159.168472    -151.407333     -86.139824     -77.009811     -15.854312      -3.886996      -8.408549      -8.768270      -9.629847     -13.815020       6.565370     -41.242954     -35.994534       4.821260     -30.517561     -13.648651      90.706284       0.235639     -89.654648     -29.289259     -15.190694     -27.121960      -0.316056      67.637024       0.443278     -13.040583       0.073585      -2.298184       0.842720       1.045936     -58.597858     -89.973213       3.267794      89.938591     -95.499504       0.615133     -82.191971     -31.846037       7.883516      58.739239    -358.685120     -83.551361    -358.652924      14.684518      -0.137618      -2.296191      -0.413954      -0.110215       3.535203     -89.999420       5.254851      89.994125    -182.461899      60.880630     384.673035      90.729515      47.367172      90.373276     -29.327356      -1.143816      24.508354     128.831085      86.289207      37.487690      -2.974129       2.112032     -18.118811    -189.508987      63.285854      27.119432     -89.275429     -32.572464      89.719673      31.815035     -10.317497     -22.558729     -35.652031     -78.331596     144.258926       3.126622      -2.326426     -11.203544
      49.182106      24.314112       3.907882      30.772236     -23.715546    -154.542480    -153.164581     -85.177559     -79.052605     -16.580359      -2.673738      -9.096841      -9.542620      -7.704226     -14.732723       7.448640     -36.485229     -40.345898       2.983862     -28.682371     -21.285564      89.621941       0.227284     -90.130875     -27.026609     -16.085051     -23.414801      -0.126518      70.118988       0.207552     -12.926564       0.080066      -2.301867       0.583229       0.522693     -56.882370     -89.983902       3.501440      89.959229     -96.127571       0.525691     -82.110863     -31.213650       6.409189      59.435474    -359.265045     -79.469704    -359.213501      14.439014      -0.127598      -2.301247      -0.494652       0.576079       1.965353     -89.998703       5.319233      89.994995    -187.451950      60.824516     393.199585      90.407440      50.019619      90.253029     -29.071953      -0.958765      24.533630     129.333389      86.261238      37.099079      -2.989533       2.072928     -17.913637    -194.753754      62.832146      35.347370     -89.568016     -36.410873      89.808167      31.714874      -9.734167     -22.528807     -45.417988     -79.744453     142.556549       3.097209      -2.755421     -11.146398
      49.186592      23.857931       3.663671      32.829151     -20.895887    -150.420898    -154.449722     -84.275116     -80.658951     -17.198681      -1.465936      -9.788176     -10.194407      -5.685669     -15.567755       9.197776     -31.366394     -43.751907       1.974828     -26.621655     -26.574314      88.778404       0.214344     -89.961784     -25.116804     -16.522570     -20.053284       0.002468      72.534485       0.050588     -12.868667       0.088772      -2.304207       0.296485      -0.086299     -55.055267     -89.991463       3.715010      89.971733     -97.161430       0.361015     -81.949837     -30.707308       5.836386      59.666866    -359.523163     -75.872101    -359.459747      14.218433      -0.118290      -2.304882      -0.561149       1.264889       0.754931     -89.998367       5.378190      89.995636    -191.606491      60.550407     400.636292      90.008194      52.437180      90.092636     -28.892363      -0.937112      24.393034     129.103729      86.274712      37.402813      -3.004983       2.073689     -17.736670    -198.836624      62.209309      42.236103     -89.894135     -39.897442      89.911713      31.258587      -9.172673     -22.514338     -68.124443     -82.257530     126.661293       3.080101      -3.083239     -10.956357
      49.194469      23.409252       3.448784      34.611786     -17.990192    -146.865967    -155.247055     -83.415840     -81.827606     -17.735067      -0.287701     -10.489115     -10.748339      -3.785177     -16.328417      11.315524     -26.419844     -46.161793       1.434514     -24.640701     -30.306202      88.069008       0.116010     -89.309959     -23.385567     -16.672909     -16.970123       0.111260      75.012520      -0.071941     -12.817642       0.097436      -2.304193       0.035330      -0.693029     -53.203449     -89.996361       3.910388      89.980148     -97.781784       0.247378     -81.934273     -29.941265       5.242020      59.512955    -359.678650     -72.592636    -359.611053      14.017228      -0.109412      -2.306886      -0.619437       1.943346      -0.175712     -89.998436       5.432094      89.996086    -194.886383      60.207127     406.926392      89.587883      54.639973      89.904015     -28.781868      -1.012480      24.158182     128.473679      86.309212      38.085423      -3.021162       2.094948     -17.575520    -201.850815      61.584484      47.841179     -90.225677     -43.066158      90.025200      30.016527      -8.492949     -22.607540    -114.259300     -82.981201      83.565025       3.072299      -3.303545     -10.444346
      49.196205      22.947392       3.271605      36.152878     -15.041221    -143.853271    -155.851532     -82.616440     -82.820137     -18.170321       0.816011     -11.156568     -11.218987      -2.004537     -16.985226      13.329664     -22.108189     -47.732998       1.094993     -22.736153     -33.143047      87.480034      -0.062260     -88.313232     -21.774033     -16.631733     -14.071255       0.211357      77.543777      -0.175590     -12.771182       0.105014      -2.302686      -0.198172      -1.294251     -51.355541     -89.999397       4.089142      89.985756     -98.224144       0.164188     -81.953865     -29.148413       4.891737      59.050781    -359.778564     -69.846878    -359.714478      13.836583      -0.101005      -2.307824      -0.670488       2.599478      -0.901841     -89.998566       5.481415      89.996170    -197.301559      59.938271     412.113373      89.162025      56.658932      89.687325     -28.742723      -1.127897      23.883907     127.742409      86.345779      38.849895      -3.038416       2.119467     -17.426916    -203.986938      61.128532      52.409294     -90.486526     -45.965256      90.131523      27.756590      -8.354515     -22.291935    -132.719757     -81.604721      62.731434       3.132134      -2.958985      -9.901808
      49.185532      22.470665       3.125051      37.427147     -11.962738    -141.395340    -156.340790     -81.945465     -83.727875     -18.384701       1.813335     -11.831617     -11.657181      -0.319485     -17.566086      15.079809     -18.250841     -48.830658       0.823840     -21.113655     -35.083324      86.998810      -0.310410     -87.063194     -20.212265     -16.468491     -11.208098       0.325610      80.149956      -0.285900     -12.729678       0.111219      -2.299778      -0.407113      -1.892825     -49.532295     -90.001335       4.252811      89.989700     -98.571938       0.103901     -81.984207     -28.438711       4.827131      58.381969    -359.841003     -67.689064    -359.786743      13.673967      -0.093305      -2.308143      -0.715042       3.225242      -1.477933     -89.998787       5.526518      89.996155    -199.071701      59.863670     416.376740      89.009781      58.508076      89.559669     -28.732891      -1.249517      23.549116     127.407921      86.357323      39.222862      -3.058812       2.099421     -17.272783    -205.316071      60.937405      56.050396     -90.704735     -48.625465      90.236603      26.672054      -8.603724     -21.606030    -136.340775     -80.976921      56.826817       3.171268      -2.696209      -9.821110
      49.125782      21.989807       2.987976      38.440796      -8.687122    -139.540543    -156.414139     -81.409393     -84.276321     -18.360092       2.675795     -12.601654     -12.068823       1.059319     -18.266926      16.783102     -14.182934     -49.734421       0.429257     -20.087570     -35.995964      87.476372      -0.342611     -86.481720     -18.104908     -17.647631      -7.627859       0.559882      82.971718      -0.505620     -12.690408       0.117022      -2.295349      -0.585295      -2.468732     -47.739079     -90.002777       4.402462      89.992424     -98.884125       0.067373     -82.076057     -28.372639       3.453494      59.526840    -359.899261     -70.795830    -359.890167      13.437012      -0.098730      -2.297391      -0.570970       3.378526      -5.946323     -90.000076       5.567946      89.997559    -200.234650      60.073002     419.732758      89.104912      60.209034      89.539314     -28.767673      -1.355980      23.265850     126.985825      86.370224      39.675194      -3.081121       2.091746     -17.122652    -205.967850      61.042229      58.842278     -90.889275     -51.071949      90.339798      26.362165      -8.776572     -21.000511    -137.496780     -80.649551      53.874763       3.192234      -2.605650      -9.875372
      49.026512      21.534185       2.842678      38.678776      -5.409194    -138.204590    -161.337296     -81.369270     -89.538193     -18.348423       3.217269     -13.462304     -12.058608       4.238223     -17.499519      17.100897     -13.006603     -49.849663       0.440498     -18.901667     -37.200397      88.063950      -0.756732     -85.775070      -8.182566     -20.673279      -2.861838       0.977912      84.595772      -0.959139     -12.848344       0.115201      -2.299562      -0.875860      -0.281602     -48.859234     -90.007523       5.388398      89.992271     -99.334892       0.366787     -82.217628     -30.948893       1.657173      58.791885    -360.020752     -73.855614    -360.063416      13.768544      -0.129001      -2.300784      -0.722101      -0.351269     -10.143735     -89.997498       5.441097      89.995354    -201.473724      60.239086     422.120087      89.176727      61.787838      89.519447     -28.637503      -1.299731      23.185509     126.737411      86.369949      39.942848      -3.103582       2.105443     -16.991884    -206.668030      61.095638      60.642113     -90.976685     -53.467110      90.417747      26.003368      -8.836662     -20.505173    -137.853806     -80.436958      51.900620       3.209471      -2.583377      -9.971261
      48.960258      21.001017       2.675137      38.530117      -2.210015    -137.428497    -165.775421     -81.228294     -93.798134     -18.359426       3.800646     -14.190606     -11.916726       7.692894     -18.496498      17.718094     -11.135557     -50.072338       0.344101     -18.515398     -37.094864      89.115707      -1.329705     -85.221947      -2.693369     -21.300034       2.706073       0.284659      84.105774      -0.289138     -12.776907       0.092858      -2.299302      -0.409859       0.355521     -46.927193     -89.997047       4.804848      89.995560     -99.592896       0.511253     -82.358124     -31.015589       1.821763      58.368912    -359.963318     -74.052429    -360.006317      14.003997      -0.143036      -2.300487      -1.267059      -4.213335     -11.075593     -89.997086       5.315475      89.993439    -202.195435      60.432884     423.759125      89.206444      62.357025      89.524345     -28.387314      -1.227633      23.126879     126.359375      86.379654      40.363857      -3.124159       2.131397     -16.842081    -207.066269      61.281296      61.917324     -90.903061     -54.765427      90.411774      25.579365      -8.874687     -20.042191    -138.043015     -80.282562      50.414738       3.223051      -2.551941     -10.058952
      48.897102      20.413023       2.490294      38.279499       1.166067    -136.773804    -169.778595     -81.103622     -97.577568     -18.298159       4.268289     -15.012584     -11.534971      11.936786     -19.746691      18.075777      -9.587591     -50.233574       0.278590     -18.293779     -36.547428      90.321304      -1.805381     -84.567078       0.070617     -21.218817       8.307067      -0.082787      83.465401       0.060237     -12.754596       0.080706      -2.298558      -0.369786      -0.232065     -43.262730     -89.987801       4.227096      89.996002     -99.605736       0.622443     -82.742294     -31.049234       2.436853      57.548878    -359.919739     -74.033127    -359.962219      14.273358      -0.157868      -2.299816      -1.534825      -6.284073     -11.494129     -89.997749       5.191988      89.992943    -202.645370      60.600204     425.031860      89.217255      62.597626      89.532082     -28.115561      -1.122388      23.094599     126.220093      86.378242      40.572720      -3.144275       2.144062     -16.689554    -207.155533      61.490917      63.028099     -90.885551     -55.247833      90.405251      25.152815      -8.891767     -19.630533    -137.954010     -80.201462      49.537788       3.239922      -2.521856     -10.157791
      48.806984      19.781454       2.289249      37.937675       4.702266    -136.185760    -173.808228     -80.928848    -101.753883     -18.270262       4.600512     -15.380189     -11.018111      16.638281     -21.149565      18.242594      -8.718380     -50.226933       0.499039     -17.866739     -35.603729      91.561745      -1.955204     -83.888786       1.871195     -20.768351      13.223402      -0.248377      82.907310       0.214850     -12.799847       0.077490      -2.297984      -0.593714      -1.226080     -39.597347     -89.982201       3.658736      89.995575     -99.406425       0.734423     -83.235489     -30.993008       2.988620      56.666584    -359.891266     -73.988976    -359.933289      14.546410      -0.172853      -2.299246      -1.708867      -7.523171     -11.666558     -89.998573       5.070568      89.992790    -202.955521      60.779327     425.960052      89.221062      62.752686      89.536819     -27.841600      -0.994208      23.086054     126.245758      86.368874      40.624420      -3.164129       2.146894     -16.536797    -207.049164      61.679073      63.849426     -90.880043     -55.414417      90.397453      24.731279      -8.911366     -19.220005    -137.411102     -80.234276      49.501228       3.257075      -2.497838     -10.266815
      48.658134      19.166021       2.048714      37.934063       8.983819    -135.457336    -179.658417     -80.511093    -110.109520     -18.191612       6.701834     -14.642705     -10.782264      18.931967     -21.488272      18.782019      -7.347629     -50.239403       0.674927     -17.349438     -34.914547      92.559219      -2.165835     -83.796890       3.119728     -20.222799      16.549824      -0.309325      82.611794       0.273173     -12.872316       0.078602      -2.297007      -0.845763      -2.163132     -36.295399     -89.980331       3.099633      89.995544     -98.760101       1.053004     -83.059532     -31.029125       3.277745      56.054890    -359.872437     -73.850555    -359.912994      14.809925      -0.186765      -2.298272      -1.844472      -8.406714     -11.482536     -89.999352       4.951157      89.992798    -202.895950      60.874565     426.786346      89.243843      63.044502      89.542862     -27.504864      -0.806210      23.119438     126.576561      86.343842      40.383968      -3.184132       2.131475     -16.379650    -206.402664      61.745232      64.579788     -90.865959     -55.483475      90.386261      24.239428      -8.910966     -18.821241    -136.073563     -80.444626      50.808987       3.273509      -2.481884     -10.386905
      48.425995      18.663338       1.745589      38.115028      13.848443    -134.428802    -180.908966     -80.200676    -116.118034     -18.103312       9.007751     -13.581358     -10.961364      19.162783     -19.986311      19.472090      -5.467622     -50.241871       0.661082     -17.003553     -34.558113      92.570694      -2.490910     -83.827431       3.632180     -19.962030      18.054155      -0.326585      82.405769       0.289154     -12.911511       0.078863      -2.296932      -0.884178      -2.674238     -32.936413     -89.980705       2.549694      89.995796     -98.126251       1.431918     -82.681442     -31.356342       3.306768      56.215954    -359.861969     -73.632721    -359.900848      15.048162      -0.198593      -2.297319      -1.978430      -8.899244     -10.857509     -90.000145       4.833720      89.992981    -202.965744      60.975094     427.549469      89.248482      63.542362      89.527275     -27.077988      -0.597847      23.162672     126.896538      86.318085      40.174454      -3.205959       2.112514     -16.201132    -205.690216      61.785892      65.256340     -90.881660     -55.554329      90.389473      23.647785      -8.906985     -18.413305    -134.302567     -80.790802      53.510609       3.286921      -2.475140     -10.507740
      48.122673      18.223623       1.411306      36.670502      17.081030    -132.794617    -179.681274     -80.067261    -117.213257     -18.067612      10.569061     -12.727792     -11.078044      19.460049     -18.650972      20.091192      -3.854371     -50.038403       0.759633     -16.548309     -34.003353      92.251938      -2.724479     -83.939964       3.877640     -20.027039      19.120209      -0.330256      82.195602       0.291369     -12.937007       0.079065      -2.297365      -0.834235      -2.855582     -30.609087     -89.981689       2.008818      89.995926     -97.404037       1.707891     -82.466789     -31.582453       3.110251      56.501522    -359.856232     -73.410805    -359.893921      15.304702      -0.211587      -2.296421      -2.022613      -9.127563     -10.077930     -90.000710       4.718251      89.993256    -205.485291      61.228848     428.104919      89.248993      63.981796      89.511604     -26.624779      -0.421889      23.177204     126.973671      86.302734      40.195774      -3.229298       2.105101     -16.027645    -207.415359      62.021709      65.754829     -90.882294     -55.518063      90.384964      22.986273      -8.904235     -17.998421    -132.399719     -81.182106      57.088524       3.296851      -2.472621     -10.612608
      47.742645      17.839624       1.070916      33.765831      18.691256    -130.281998    -176.994797     -79.949417    -114.506676     -18.141203      11.945364     -11.847695     -11.195995      19.705341     -17.541388      20.767393      -2.279622     -49.793331       0.937754     -15.884750     -33.424118      91.882271      -2.903890     -84.215752       3.956492     -20.163454      19.909157      -0.326541      81.965675       0.286298     -12.955200       0.079283      -2.298049      -0.776049      -2.876167     -29.193005     -89.982735       1.476955      89.995926     -96.590729       2.016894     -81.904068     -31.827032       3.200882      56.544258    -359.853394     -73.254372    -359.890778      15.573490      -0.225753      -2.295590      -2.023407      -9.371758      -9.302604     -90.001038       4.604712      89.993439    -210.181946      61.595440     428.440063      89.256111      64.319893      89.505104     -26.121786      -0.272941      23.166494     126.837799      86.297150      40.426285      -3.253907       2.105647     -15.857636    -211.156586      62.484894      65.951897     -90.957817     -55.335968      90.405418      22.248341      -8.917663     -17.581223    -130.044250     -81.614159      61.658741       3.305530      -2.456794     -10.696992
      47.328999      17.446186       0.752536      30.973299      20.142414    -127.335915    -173.038895     -79.885185    -110.546432     -18.185490      13.220472     -10.926994     -11.176429      19.943268     -16.572607      21.142977      -1.222094     -49.417023       1.073344     -15.104840     -32.763092      91.081284      -3.069168     -84.616951       4.106018     -20.576635      20.771025      -0.320309      81.762177       0.279170     -12.973730       0.079917      -2.298731      -0.718420      -2.721140     -28.273125     -89.983765       0.954000      89.995979     -96.632004       2.087041     -82.036308     -32.465618       3.403737      57.269985    -359.852386     -72.994179    -359.888977      15.840387      -0.239653      -2.294690      -2.018185      -9.614746      -8.610059     -90.001305       4.493075      89.993484    -214.636826      61.982483     428.518829      89.256157      64.431755      89.508224     -25.587917      -0.163725      23.110672     126.444344      86.304794      40.923023      -3.278918       2.120995     -15.691596    -214.770294      62.947159      66.011513     -90.923973     -54.967613      90.379662      21.330965      -9.010035     -17.089186    -124.188698     -82.240837      69.684883       3.318797      -2.371757     -10.724971
      46.894772      17.021683       0.471519      28.317400      21.491198    -124.064606    -167.157425     -79.737556    -104.656670     -18.325146      14.319049     -10.013515     -11.194015      20.089521     -15.856001      21.619146      -0.063650     -48.834198       1.254761     -14.284558     -32.103088      90.187515      -3.170384     -85.259109       4.217016     -21.127451      21.538055      -0.313335      81.552582       0.271508     -12.996194       0.080937      -2.299325      -0.677016      -2.441683     -27.682154     -89.984650       0.439812      89.996307     -96.688522       2.209034     -82.133858     -32.960312       3.496760      57.830910    -359.852509     -72.737228    -359.888336      16.116341      -0.254231      -2.293731      -1.974331      -9.726258      -7.955353     -90.001526       4.383316      89.993469    -218.496201      62.365025     428.121246      89.250031      64.353813      89.517998     -25.029995      -0.078189      23.023232     125.924156      86.318398      41.558052      -3.304393       2.142550     -15.526380    -217.766205      63.433956      65.582848     -90.914993     -54.482273      90.360870      20.185450      -9.088650     -16.619030    -111.645798     -82.899498      83.495842       3.334069      -2.262528     -10.676929
      46.441811      16.559902       0.232665      25.801882      22.689072    -120.507538    -160.527893     -79.405006     -97.989227     -18.533571      15.277380      -9.116164     -11.229989      20.245308     -15.166723      22.055244       1.001906     -48.217598       1.464758     -13.447063     -31.390186      89.173470      -3.263361     -86.097031       4.399282     -21.859226      22.274967      -0.305076      81.326904       0.262889     -13.016264       0.081866      -2.299791      -0.637475      -2.121002     -27.236797     -89.985329      -0.065768      89.996895     -96.606247       2.072967     -82.184944     -33.126572       3.443042      58.524525    -359.858917     -72.231567    -359.896057      16.329866      -0.264713      -2.294553      -2.085878      -9.459318      -7.479545     -90.001839       4.275363      89.993599    -221.704025      62.769672     427.189423      89.223892      64.150826      89.521515     -24.451464      -0.001618      22.922579     125.349998      86.334167      42.256626      -3.330033       2.166996     -15.361979    -220.105881      63.901718      64.628326     -90.918503     -53.922127      90.346283      18.969053      -9.029358     -16.266853     -98.717957     -83.103844      96.551201       3.344986      -2.231948     -10.575847
      45.963760      16.070351       0.035769      23.526300      23.700127    -116.668510    -154.310974     -78.903366     -91.692924     -18.769001      16.164530      -8.191796     -11.272728      20.430300     -14.401449      22.404539       1.852424     -47.588654       1.644346     -12.778682     -30.810215      87.994682      -3.354309     -87.236290       4.806590     -22.926319      23.095619      -0.296084      81.100098       0.253965     -13.036744       0.082831      -2.300049      -0.603056      -1.803996     -26.804895     -89.985893      -0.562877      89.997490     -96.533234       1.774765     -82.191833     -33.147270       3.169141      59.471214    -359.862518     -71.842194    -359.900726      16.567770      -0.277267      -2.295169      -2.149410      -8.887031      -7.371650     -90.001930       4.169246      89.993996    -224.455795      63.177174     425.923950      89.223557      63.892998      89.538490     -23.849707       0.066012      22.802107     124.765182      86.349571      42.974388      -3.356098       2.188827     -15.196196    -221.890045      64.350822      63.283623     -90.954308     -53.298645      90.343468      17.917877      -8.901270     -15.979587     -92.419235     -83.074699     102.547829       3.352072      -2.275403     -10.530245
      45.465153      15.552106      -0.116414      21.556231      24.570026    -112.657570    -148.383865     -78.156128     -85.629326     -19.122391      16.959480      -7.244370     -11.408827      20.577564     -13.705128      22.804468       2.778929     -46.976234       1.808062     -12.104115     -30.337217      86.799591      -3.394531     -88.597961       5.167333     -24.102318      23.716030      -0.285989      80.847748       0.243936     -13.058522       0.083822      -2.300286      -0.585827      -1.535115     -26.406595     -89.986435      -1.051665      89.998093     -96.516655       1.466401     -82.180824     -33.139053       2.702627      60.594830    -359.865112     -71.474899    -359.903870      16.820679      -0.291066      -2.295267      -2.168103      -8.470030      -7.362159     -90.001801       4.064916      89.994301    -226.555893      63.611847     424.227600      89.215233      63.560558      89.553291     -23.227505       0.120645      22.667332     124.090714      86.368706      43.789364      -3.382163       2.215714     -15.030099    -223.068207      64.779762      61.548725     -90.948669     -52.616249      90.326088      17.053663      -8.821747     -15.658671     -92.091438     -83.083046     102.756340       3.358174      -2.322902     -10.552210
      44.996838      15.038008      -0.215793      20.030094      25.257618    -108.554710    -142.165482     -77.068024     -79.169083     -19.590792      17.583572      -6.381992     -11.616111      20.675579     -13.135262      23.224926       3.714942     -46.423054       1.970972     -11.416423     -29.941240      85.695007      -3.376593     -90.074150       5.545523     -25.422987      24.256136      -0.274833      80.565414       0.232825     -13.076257       0.084604      -2.300595      -0.566790      -1.288087     -26.077261     -89.986885      -1.532268      89.998634     -96.347290       0.829614     -82.149231     -32.925903       3.087843      61.521206    -359.894958     -69.962799    -359.937866      17.046165      -0.300136      -2.297283      -2.113564      -8.992435      -5.771267     -90.001648       3.962289      89.994385    -227.869385      64.007515     422.077393      89.174950      63.127861      89.553902     -22.597757       0.099149      22.454308     123.033852      86.403938      44.986118      -3.408509       2.258544     -14.867428    -223.542130      65.146416      59.427277     -90.956062     -51.801907      90.310730      16.250734      -8.835406     -15.249096     -97.965462     -83.143715      97.035263       3.362418      -2.361165     -10.602647
      44.541542      14.504882      -0.258839      18.742088      25.836613    -104.383377    -137.048218     -75.764771     -73.714828     -20.130253      18.181509      -5.466893     -11.851298      20.769667     -12.602365      23.650198       4.648808     -45.977230       2.124985     -10.737858     -29.605249      84.660919      -3.312790     -91.692711       5.973765     -26.892246      24.737682      -0.263574      80.264214       0.221668     -13.093829       0.085380      -2.300847      -0.556121      -1.074970     -25.800396     -89.987274      -2.004816      89.999069     -96.174240       0.123791     -82.103455     -32.736095       3.636272      62.548016    -359.922882     -68.194054    -359.969116      17.275017      -0.310637      -2.297915      -2.071877      -9.403156      -4.580691     -90.001625       3.861388      89.994476    -228.295227      64.334579     419.316742      89.174782      62.590851      89.579971     -21.954926       0.092713      22.243982     122.115822      86.429955      46.057201      -3.436017       2.291906     -14.702873    -223.685883      65.378410      57.284767     -90.955482     -52.554512      90.365509      15.574419     -12.117387     -12.082544    -147.841568     -79.217690      46.429607       3.307790      -5.112576     -10.469237
      44.100033      13.935949      -0.290983      17.630844      26.134148     -99.742050    -132.133545     -74.081108     -68.266571     -20.799269      18.742958      -4.473534     -12.187306      20.862425     -12.007066      24.073112       5.564796     -45.628975       2.268955     -10.075933     -29.327108      83.734825      -3.199877     -93.390778       6.437953     -28.507116      25.158918      -0.252317      79.943932       0.210507     -13.111275       0.086160      -2.301086      -0.553587      -0.897866     -25.577311     -89.987625      -2.469461      89.999405     -96.014236      -0.563735     -82.050667     -32.573715       4.184370      63.569492    -359.947296     -66.010605    -359.995178      17.509485      -0.322521      -2.297268      -2.041517      -9.841912      -3.741011     -90.001694       3.762179      89.994484    -228.566101      64.518013     416.585297      89.157928      61.883591      89.606911     -21.233706       0.119035      22.042021     121.478973      86.443985      46.878139      -3.463642       2.302269     -14.527051    -224.900070      65.621422      56.886017     -90.884407     -54.119774      90.417343      11.226148     -19.052546      -5.876440    -147.499420     -78.011131      40.991192       3.270862      -5.290751     -10.019309
      43.690510      13.355740      -0.390752      16.746550      25.752062     -94.246468    -126.435791     -71.655991     -61.533646     -21.628851      19.176207      -3.512581     -12.680097      20.900293     -11.486712      24.455973       6.430940     -45.244637       2.399450      -9.469774     -29.069466      82.986061      -3.039236     -94.992828       6.964303     -30.304853      25.587200      -0.242039      79.602821       0.200295     -13.131320       0.087080      -2.301336      -0.566363      -0.730332     -25.465012     -89.987938      -2.926317      89.999725     -95.860130      -1.190261     -82.004890     -32.420082       4.643111      64.556938    -359.960419     -63.667942    -360.009125      17.742989      -0.335174      -2.295907      -2.053015     -10.168097      -3.411655     -90.001846       3.664642      89.994499    -229.428680      64.503380     414.421539      89.023811      60.806831      89.602837     -20.315229       0.170570      21.828186     120.931549      86.454216      47.668682      -3.492952       2.297239     -14.325663    -231.386597      66.242470      62.996735     -89.910042     -54.689388      90.044167      12.384368     -28.180441       3.295898     -77.330643     -82.588783     113.400940       3.239034      -4.961601     -10.183244
      43.324032      12.808552      -0.479788      15.711107      25.163879     -89.282173    -123.062469     -69.534088     -56.995937     -22.344582      19.621500      -2.440928     -13.031751      20.947309     -10.981341      24.828583       7.362273     -44.903046       2.458061      -8.974597     -28.941195      82.367378      -2.872633     -96.545677       7.572937     -32.255737      25.993816      -0.232651      79.253204       0.191109     -13.152073       0.088072      -2.301533      -0.582976      -0.575661     -25.402903     -89.988251      -3.375531      90.000038     -95.689140      -1.791559     -81.954971     -32.303688       5.072531      65.521561    -359.970367     -61.097504    -360.019989      17.972372      -0.348130      -2.294090      -2.071742     -10.432508      -3.163854     -90.002060       3.568760      89.994530    -227.679337      64.597351     410.050018      89.018204      59.125832      89.689240     -19.319139       0.138450      21.522232     119.878113      86.481850      48.985134      -3.524695       2.312463     -14.108786    -235.959274      66.474869      67.399849     -91.080429     -55.012203      90.505989      13.171730     -30.831242       6.570778     -59.897991     -81.555336     131.061981       3.182942      -4.677245     -10.317293
      43.001556      12.359358      -0.576063      15.298422      24.568342     -85.837074    -122.283867     -68.093300     -55.399910     -22.989876      19.886272      -1.598476     -13.392965      20.965580     -10.457173      25.139118       8.203490     -44.499714       2.482350      -8.687410     -28.941854      81.892365      -2.691619     -97.929123       8.377319     -34.521645      26.493979      -0.224622      78.894211       0.183322     -13.175840       0.089283      -2.301680      -0.600086      -0.367134     -25.392223     -89.988518      -3.817214      90.000450     -95.540413      -2.357141     -81.908852     -32.171280       5.473716      66.313957    -359.984100     -57.472813    -360.035370      18.205496      -0.363645      -2.289898      -2.083395     -10.844440      -2.845845     -90.002510       3.474473      89.994316    -228.641144      65.868729     408.734680      90.215485      57.180515      90.269913     -17.250111      -1.925868      25.929434     106.745300      87.094170      56.279964      -3.351615       2.199750     -14.295167    -241.378006      64.773369      72.634407     -90.993469     -55.381920      90.466179      13.612146     -30.689522       7.116448     -83.078552     -83.044052     107.342232       3.159373      -5.067177     -10.335878
      42.737682      12.011931      -0.674833      15.149621      24.522249     -84.255577    -123.300102     -67.589142     -56.310841     -23.383480      19.918520      -1.323609     -13.701884      20.969782      -9.833188      25.389610       8.910300     -44.022530       2.535003      -8.460929     -28.845869      81.558807      -2.520766     -99.058723       9.328650     -36.963654      27.092455      -0.218131      78.528755       0.177168     -13.201021       0.090585      -2.301842      -0.623703      -0.144486     -25.470182     -89.988777      -4.251505      90.000969     -95.413864      -2.910981     -81.871086     -31.948080       5.675438      66.922478    -359.984589     -54.068958    -360.035187      18.445829      -0.376940      -2.287513      -2.103302     -10.754476      -2.975190     -90.002907       3.381779      89.994446    -228.824173      66.635262     407.024811      88.419594      59.378822      89.428757     -15.329014       0.610583      27.992050      56.210560      87.309914     106.892021      -3.096725       2.214790     -17.603157    -244.676117      64.096138      75.783226     -90.940521     -55.323761      90.428505      11.646038     -28.659044       3.985322     -98.549751     -82.820549      90.852104       3.169936      -4.401869     -10.690695
      42.551395      11.749604      -0.795673      14.512431      24.826841     -83.788406    -124.796165     -67.641129     -58.090801     -23.502371      19.856529      -1.388179     -13.794587      20.969072      -9.210899      25.627850       9.473670     -43.465775       2.677064      -8.190434     -28.623638      81.358353      -2.400696     -99.850914      10.231759     -39.153740      27.753981      -0.212323      78.145096       0.171815     -13.221627       0.091598      -2.302044      -0.648910      -0.029708     -25.643158     -89.989037      -4.678517      90.001427     -95.182907      -3.455972     -81.843544     -31.602270       5.829867      67.319191    -359.979401     -51.116074    -360.028198      18.690672      -0.390484      -2.285962      -2.128213     -10.331719      -3.335672     -90.003105       3.290655      89.994583    -229.722260      66.417801     407.322205      88.735374      60.076397      89.493042     -14.312984       1.075006      27.879417      61.253902      87.404404     102.554649      -3.160921       1.538754     -17.306845    -245.282150      64.373772      76.340378     -90.905441     -55.456879      90.404900      11.321119     -28.027960       3.531278    -107.655807     -82.682899      82.716217       3.194903      -4.583251     -10.787344
      42.414497      11.538011      -0.925699      13.670713      25.066563     -83.445854    -125.790817     -67.581100     -59.223629     -23.557495      19.791357      -1.492772     -13.748637      20.959053      -8.833588      25.859684      10.047178     -42.923092       2.834435      -7.832450     -28.267715      81.210228      -2.332556    -100.512245      11.082751     -40.975395      28.491653      -0.206926      77.774498       0.166993     -13.237741       0.092409      -2.302134      -0.670922      -0.022723     -25.801414     -89.989403      -5.098393      90.001701     -94.929115      -3.795566     -81.834618     -31.085028       5.889409      67.660500    -359.972198     -48.538078    -360.018494      18.942169      -0.404721      -2.284741      -2.144628      -9.809300      -3.840478     -90.003143       3.201049      89.994637    -229.459763      66.316231     406.928284      88.932106      60.086472      89.548126     -13.646255       1.417906      27.771744      63.337841      87.412598     100.942421      -3.216023       1.334446     -17.001844    -245.091934      64.781677      76.146263     -90.890854     -55.467407      90.392654      11.216577     -27.663382       3.398333    -115.458908     -82.417000      75.862419       3.205066      -4.658672     -10.837699
      42.311008      11.354556      -1.050417      12.788364      25.255808     -83.086655    -126.413254     -67.387390     -59.864613     -23.638611      19.771196      -1.487692     -13.658173      20.951551      -8.642483      26.117548      10.621738     -42.343826       3.030197      -7.423656     -27.891035      81.081718      -2.297585    -101.142624      11.794602     -42.453354      29.177000      -0.201056      77.415817       0.161654     -13.250249       0.093061      -2.302153      -0.685057      -0.083589     -25.866077     -89.989914      -5.511258      90.001747     -94.673508      -4.026942     -81.836113     -30.590740       5.883699      68.053810    -359.965668     -46.255829    -360.008972      19.192013      -0.419067      -2.283637      -2.157753      -9.281814      -4.372402     -90.003059       3.112936      89.994644    -228.779129      66.318710     406.302399      89.043503      59.837093      89.582359     -13.144231       1.785945      27.700275      64.598076      87.409126      99.987717      -3.263648       1.217549     -16.719809    -244.635361      65.099472      75.730522     -90.886429     -55.412937      90.386467      11.128322     -27.342573       3.286084    -121.644562     -82.084953      70.359016       3.218261      -4.684637     -10.886140
      42.239491      11.196431      -1.167595      11.942197      25.395605     -82.765121    -126.807640     -67.086800     -60.197735     -23.750305      19.778364      -1.418016     -13.534472      20.952225      -8.618159      26.363632      11.204705     -41.772316       3.195410      -7.121467     -27.603497      80.978241      -2.273413    -101.692566      12.408138     -43.744183      29.816299      -0.195260      77.067757       0.156262     -13.262588       0.093751      -2.302147      -0.697076      -0.135355     -25.869825     -89.990471      -5.917209      90.001640     -94.371628      -4.174672     -81.845825     -30.095053       5.780327      68.446976    -359.960693     -44.263920    -360.001038      19.438402      -0.433228      -2.282603      -2.165802      -8.725281      -4.880297     -90.002937       3.026307      89.994614    -227.906754      66.379387     405.580353      89.100906      59.467361      89.601326     -12.749251       2.147694      27.644045      65.563141      87.403954      99.245399      -3.305146       1.131213     -16.466969    -244.051941      65.357170      75.223648     -90.886353     -55.292599      90.382355      11.003445     -27.066587       3.184812    -125.589310     -81.795036      66.634918       3.234705      -4.692648     -10.911750
      42.194836      11.064732      -1.276077      11.157278      25.510826     -82.513306    -127.062187     -66.723579     -60.342480     -23.876799      19.799999      -1.315864     -13.387716      20.958561      -8.694017      26.578644      11.757834     -41.244286       3.338650      -6.862168     -27.336689      80.887558      -2.261157    -102.212349      12.996362     -44.940163      30.441650      -0.189616      76.733665       0.150938     -13.274454       0.094449      -2.302109      -0.703144      -0.159012     -25.816605     -89.991028      -6.316369      90.001480     -94.061493      -4.257806     -81.866928     -29.617929       5.650327      68.832832    -359.957947     -42.513763    -359.995758      19.679365      -0.446955      -2.281622      -2.164534      -8.161985      -5.265654     -90.002785       2.941114      89.994560    -226.907623      66.462357     404.792236      89.127411      59.051479      89.611336     -12.423932       2.472702      27.582451      66.281555      87.397438      98.723717      -3.340958       1.067684     -16.241043    -243.356277      65.593010      74.641739     -90.887657     -55.133709      90.379387      10.727051     -26.818611       3.102480    -124.312569     -81.890053      67.816917       3.256152      -4.616296     -10.995032
      42.171276      10.958704      -1.375414      10.427087      25.619400     -82.352119    -127.244072     -66.330688     -60.389076     -24.007721      19.829622      -1.197099     -13.225594      20.968342      -8.817308      26.767382      12.281235     -40.759422       3.462586      -6.639798     -27.102156      80.803825      -2.258776    -102.727249      13.568959     -46.080605      31.044071      -0.183939      76.405678       0.145528     -13.285513       0.095099      -2.302078      -0.703134      -0.162203     -25.717911     -89.991547      -6.708838      90.001266     -93.752983      -4.295006     -81.899170     -29.177492       5.531955      69.213455    -359.956970     -41.010384    -359.992798      19.915770      -0.460270      -2.280751      -2.154483      -7.561367      -5.553503     -90.002617       2.857346      89.994514    -225.786423      66.544426     403.923523      89.140663      58.618652      89.618462     -12.136026       2.759068      27.507986      66.676376      87.388046      98.508263      -3.372730       1.024341     -16.031775    -242.509827      65.834503      73.936600     -90.889656     -54.955227      90.376961      10.404956     -26.566637       3.016223    -117.581909     -82.315956      74.346245       3.273849      -4.548179     -11.085154
      42.164467      10.877966      -1.466734       9.759691      25.724627     -82.283752    -127.376801     -65.915268     -60.365219     -24.140776      19.860922      -1.074716     -13.056392      20.978697      -8.962152      26.934650      12.778506     -40.313175       3.570238      -6.448622     -26.900808      80.724419      -2.263112    -103.251312      14.123753     -47.189144      31.611765      -0.178202      76.079460       0.139990     -13.295847       0.095695      -2.302047      -0.703775      -0.156470     -25.588951     -89.991974      -7.094763      90.001038     -93.451210      -4.297557     -81.942406     -28.784405       5.441430      69.591576    -359.957184     -39.770523    -359.991577      20.148680      -0.473302      -2.279885      -2.136758      -6.911017      -5.783410     -90.002441       2.774978      89.994507    -224.561951      66.611603     402.978699      89.136093      58.181095      89.619080     -11.867590       2.993624      27.412153      66.639061      87.374321      98.709808      -3.401133       0.997839     -15.834771    -241.497055      66.100250      73.090935     -90.918762     -54.752300      90.385605      10.069639     -26.298868       2.915124    -104.915115     -82.767036      86.767799       3.289614      -4.495051     -11.174418
      42.171783      10.822477      -1.549602       9.157953      25.858772     -82.359917    -127.560066     -65.483604     -60.394363     -24.206678      19.883944      -0.995381     -12.908823      20.987776      -9.100694      27.084707      13.258193     -39.897049       3.663606      -6.281262     -26.728409      80.648209      -2.270682    -103.793602      14.659863     -48.286430      32.137424      -0.172492      75.752144       0.134445     -13.306098       0.096275      -2.302037      -0.705946      -0.148176     -25.444616     -89.992325      -7.474208      90.000793     -93.159599      -4.276748     -81.995422     -28.439064       5.387770      69.965912    -359.958160     -38.782940    -359.991516      20.378656      -0.486087      -2.279048      -2.112968      -6.224754      -5.974813     -90.002251       2.693987      89.994484    -223.182938      66.670265     401.923035      89.122459      57.741066      89.616684     -11.612652       3.178272      27.292789      66.090942      87.354736      99.408112      -3.426296       0.994150     -15.649078    -240.330368      66.325340      72.109032     -90.906174     -54.533688      90.376472       9.836116     -25.918699       2.773486     -95.020233     -82.871399      96.492043       3.288042      -4.658246     -11.230267
      42.187641      10.788904      -1.626352       8.658669      26.001259     -82.570061    -127.837700     -65.145264     -60.583805     -24.192411      19.870527      -1.041553     -12.710617      20.997705      -9.164666      27.138418      13.657333     -39.480568       3.699991      -6.219758     -26.651632      80.871277      -1.975592    -104.299187      14.424375     -48.983212      32.331810      -0.129513      74.225060       0.085295     -13.261163       0.093023      -2.304021      -0.601090      -0.361274     -25.853495     -89.991928      -7.847299      90.000114     -92.993729      -4.218277     -82.044693     -28.125422       5.281015      70.224022    -359.959564     -37.988392    -359.991669      20.603615      -0.498645      -2.277983      -2.086720      -5.548737      -6.091874     -90.002068       2.614341      89.994499    -221.845917      66.699753     400.910400      89.126045      57.314972      89.622742     -11.359124       3.289029      27.138119      65.033081      87.328468     100.598770      -3.447875       1.012096     -15.476181    -239.081924      66.574074      71.048553     -90.902710     -54.303711      90.371101       9.675344     -25.516027       2.631127     -95.538292     -82.888519      95.833984       3.290112      -4.825624     -11.285997
      42.198727      10.758512      -1.694746       8.247808      26.100449     -82.782265    -128.275070     -65.031807     -61.080765     -24.164286      19.842436      -1.126604     -12.446658      21.008812      -9.126983      27.107386      13.973036     -39.054211       3.690046      -6.238316     -26.619114      80.985191      -1.704204    -104.601715      13.757450     -49.228703      32.213715      -0.125497      73.330704       0.081416     -13.291579       0.092911      -2.304595      -0.867455      -1.860246     -27.041182     -89.991753      -8.214073      89.998550     -92.958244      -4.129889     -82.079788     -27.805155       5.087786      70.298080    -359.961426     -37.280830    -359.992218      20.820478      -0.510820      -2.276659      -2.063753      -4.965529      -6.060798     -90.001892       2.536032      89.994537    -220.723572      66.729774     400.022369      89.125648      56.968124      89.626541     -11.112209       3.386604      26.985981      63.960030      87.301292     101.790176      -3.467512       1.032452     -15.314325    -238.016678      66.816788      70.118507     -90.902649     -54.096699      90.368065       9.490884     -25.160734       2.510051     -97.010933     -82.896011      94.143661       3.297311      -4.911388     -11.352293
      42.203819      10.728062      -1.754242       7.878836      26.171261     -82.962608    -128.766953     -64.976906     -61.673977     -24.129255      19.828880      -1.168359     -12.189345      21.018490      -9.073773      27.067505      14.187542     -38.716919       3.712845      -6.195160     -26.501816      80.914658      -1.463592    -104.899017      13.072489     -49.329029      32.104435      -0.126834      72.817375       0.083239     -13.310570       0.094073      -2.304578      -1.065994      -2.926010     -27.917130     -89.992912      -8.574739      89.997086     -92.941589      -4.048994     -82.108070     -27.507492       4.914851      70.326973    -359.963135     -36.618313    -359.993011      21.038618      -0.523050      -2.275218      -2.036520      -4.493446      -5.995978     -90.001717       2.459033      89.994583    -219.740936      66.762726     399.211029      89.123665      56.679478      89.629295     -10.887009       3.487624      26.845238      63.054092      87.276634     102.801247      -3.485579       1.042339     -15.162230    -237.084015      67.043533      69.276009     -90.903542     -53.928432      90.366119       9.314367     -24.819593       2.399538     -98.628616     -82.895035      92.249504       3.305093      -4.981233     -11.420497
      42.203739      10.696574      -1.806343       7.531065      26.224361     -83.086571    -129.223434     -64.925255     -62.223816     -24.096323      19.825596      -1.179043     -11.935032      21.026913      -9.036018      27.035795      14.348238     -38.438469       3.761979      -6.113971     -26.339113      80.780853      -1.237188    -105.203735      12.406269     -49.382359      32.012100      -0.128064      72.415535       0.085042     -13.325514       0.095415      -2.304393      -1.184379      -3.525449     -28.537361     -89.994530      -8.929388      89.995941     -92.926170      -3.978509     -82.132820     -27.224989       4.758970      70.343239    -359.964569     -35.985474    -359.993835      21.257668      -0.535264      -2.273733      -2.007733      -4.095338      -5.938959     -90.001579       2.383304      89.994606    -218.880814      66.790108     398.486176      89.121277      56.427231      89.631607     -10.691848       3.596449      26.717743      62.329220      87.255569     103.618317      -3.501884       1.041546     -15.020428    -236.199341      67.294380      68.460983     -90.953949     -53.792362      90.383896       9.148807     -24.482208       2.292427    -100.255440     -82.886292      90.300507       3.312919      -5.048102     -11.489752
      42.199009      10.664060      -1.853504       7.226269      26.281712     -83.211823    -129.704346     -64.883354     -62.807941     -24.071276      19.824213      -1.181041     -11.691940      21.034555      -9.008319      27.009705      14.483973     -38.189400       3.823397      -6.016954     -26.161283      80.624115      -1.019770    -105.510437      11.759044     -49.419807      31.931036      -0.128515      72.062843       0.086009     -13.337932       0.096628      -2.304186      -1.252139      -3.849839     -29.003551     -89.996078      -9.278102      89.995087     -92.910843      -3.918295     -82.154495     -26.954205       4.612653      70.355705    -359.965820     -35.358902    -359.994598      21.476450      -0.547441      -2.272154      -1.980673      -3.766667      -5.896303     -90.001465       2.308860      89.994637    -218.085098      66.849716     397.820801      89.122490      56.192692      89.635445     -10.529327       3.705592      26.601604      61.717686      87.237114     104.309525      -3.516266       1.036821     -14.889894    -235.513611      67.469582      67.826248     -90.926849     -53.677689      90.371971       8.992495     -24.156471       2.197858    -101.840813     -82.870758      88.360344       3.320546      -5.112000     -11.560161
      42.192017      10.629953      -1.895240       6.921764      26.340219     -83.305099    -130.139862     -64.832672     -63.331528     -24.045233      19.826099      -1.176010     -11.447055      21.043047      -8.999021      26.989557      14.609893     -37.960213       3.891335      -5.909606     -25.977091      80.467102      -0.809178    -105.815742      11.130808     -49.454624      31.859472      -0.128272      71.736328       0.086211     -13.348681       0.097669      -2.304014      -1.290879      -4.024744     -29.381842     -89.997330      -9.620993      89.994514     -92.891846      -3.868533     -82.173660     -26.689762       4.476762      70.369934    -359.966919     -34.739826    -359.995331      21.693970      -0.559493      -2.270544      -1.956061      -3.467125      -5.872098     -90.001358       2.235659      89.994652    -217.327454      66.909752     397.189148      89.130646      55.973419      89.642082     -10.394495       3.825955      26.499125      61.266769      87.222183     104.831413      -3.529454       1.025347     -14.767760    -234.842087      67.651627      67.196945     -90.915222     -53.599072      90.366379       8.851858     -23.830238       2.105054    -103.472977     -82.847107      86.348900       3.327811      -5.177722     -11.631003
      42.184883      10.595634      -1.934438       6.630049      26.398594     -83.378632    -130.540344     -64.755203     -63.800236     -24.040339      19.835796      -1.144221     -11.224557      21.051882      -8.987234      26.991220      14.731755     -37.776234       3.967950      -5.806862     -25.812052      80.472488      -0.616993    -106.116646      10.586323     -49.586910      31.820185      -0.127573      71.426857       0.085861     -13.358933       0.098585      -2.303874      -1.315016      -4.117110     -29.713417     -89.998283      -9.958144      89.994164     -92.856804      -3.824072     -82.193520     -26.452389       4.366187      70.410423    -359.967865     -34.129257    -359.995941      21.911554      -0.571536      -2.268923      -1.931293      -3.184737      -5.880572     -90.001282       2.163691      89.994652    -216.605652      66.973640     396.598877      89.138969      55.755947      89.648666     -10.282445       3.948988      26.405434      60.879028      87.209114     105.282623      -3.541242       1.012562     -14.653065    -234.204376      67.828423      66.605743     -90.910637     -53.526142      90.363686       8.718671     -23.511280       2.017990    -105.095352     -82.815720      84.339462       3.335124      -5.240341     -11.703067
      42.177818      10.561542      -1.972272       6.352929      26.456347     -83.445869    -130.907852     -64.663933     -64.222908     -24.038729      19.843956      -1.116395     -11.000814      21.060608      -9.000196      26.987143      14.860576     -37.578968       4.037766      -5.709694     -25.660961      80.477882      -0.427663    -106.407616      10.053333     -49.707527      31.793379      -0.126496      71.124435       0.085077     -13.368005       0.099334      -2.303782      -1.329431      -4.171528     -30.020113     -89.998955     -10.289656      89.993942     -92.819366      -3.784559     -82.212746     -26.215889       4.245456      70.452667    -359.968689     -33.525684    -359.996429      22.127169      -0.583430      -2.267235      -1.909211      -2.914595      -5.909868     -90.001228       2.092920      89.994652    -215.911072      67.041771     396.040161      89.147476      55.537998      89.655251     -10.186105       4.071814      26.316957      60.506672      87.196785     105.712898      -3.551951       1.000953     -14.544193    -233.593704      68.002441      66.044716     -90.909477     -53.453209      90.362335       8.591931     -23.198252       1.936368    -106.649086     -82.778755      82.405563       3.342338      -5.300819     -11.776305
      42.170696      10.527649      -2.009153       6.086861      26.513224     -83.510612    -131.255096     -64.566429     -64.618774     -24.037933      19.850115      -1.094444     -10.779631      21.069340      -9.023174      26.980169      14.989240     -37.380199       4.105182      -5.612248     -25.510096      80.483711      -0.242314    -106.691704       9.536721     -49.823185      31.780123      -0.125181      70.827644       0.084009     -13.376677       0.099991      -2.303708      -1.339069      -4.206274     -30.307640     -89.999443     -10.615613      89.993797     -92.781113      -3.748186     -82.231560     -25.983547       4.116113      70.495766    -359.969452     -32.927357    -359.996826      22.340845      -0.595199      -2.265511      -1.888778      -2.650146      -5.949068     -90.001183       2.023345      89.994644    -215.238358      67.111855     395.504242      89.157524      55.321068      89.662346     -10.099133       4.194406      26.232012      60.148701      87.184875     106.125519      -3.562066       0.989997     -14.439105    -233.001709      68.174461      65.503036     -90.909325     -53.381004      90.361374       8.472750     -22.889999       1.859917    -108.125900     -82.737572      80.566696       3.349316      -5.360698     -11.850312
      42.163597      10.493955      -2.045315       5.829356      26.569260     -83.574570    -131.587357     -64.465218     -64.995430     -24.037739      19.854618      -1.077430     -10.561838      21.078012      -9.051631      26.971994      15.116414     -37.182594       4.171872      -5.513544     -25.358206      80.490929      -0.060517    -106.969925       9.034806     -49.936054      31.777765      -0.123756      70.535149       0.082793     -13.385167       0.100580      -2.303662      -1.344676      -4.230642     -30.579767     -89.999786     -10.936106      89.993721     -92.741890      -3.714332     -82.250114     -25.755821       3.979682      70.539871    -359.970154     -32.333111    -359.997131      22.552729      -0.606860      -2.263748      -1.869195      -2.387554      -5.993767     -90.001160       1.954918      89.994644    -214.582153      67.182335     394.984467      89.169121      55.106152      89.669952     -10.017859       4.316547      26.149506      59.803703      87.173241     106.523201      -3.571825       0.979205     -14.336433    -232.421234      68.345154      64.973083     -90.909676     -53.309425      90.360603       8.361729     -22.586042       1.788021    -109.537247     -82.692680      78.819847       3.356057      -5.420279     -11.924735
      42.156422      10.461007      -2.081665       5.584519      26.617750     -83.630463    -131.892685     -64.355347     -65.335777     -24.040031      19.857309      -1.063901     -10.349530      21.085819      -9.086698      26.962608      15.240413     -36.986507       4.238203      -5.414880     -25.206165      80.500114       0.117865    -107.242477       8.547236     -50.047588      31.785473      -0.122238      70.246223       0.081464     -13.393401       0.101132      -2.303627      -1.348142      -4.249112     -30.839666     -90.000015     -11.251254      89.993690     -92.702370      -3.681157     -82.268921     -25.533913       3.833067      70.584709    -359.970825     -31.747187    -359.997375      22.763115      -0.618437      -2.261928      -1.849435      -2.121840      -6.047249     -90.001137       1.887641      89.994644    -213.951874      67.250153     394.486084      89.172447      54.891567      89.673981      -9.939505       4.434618      26.067036      59.435970      87.161156     106.942001      -3.581190       0.970021     -14.235631    -231.832382      68.531898      64.442352     -90.936508     -53.219574      90.369797       8.258201     -22.287241       1.720147    -110.811371     -82.647331      77.248734       3.362708      -5.477624     -11.999100
      42.149757      10.427933      -2.116917       5.342694      26.675060     -83.704880    -132.213760     -64.253738     -65.700378     -24.040472      19.858335      -1.057541     -10.140311      21.094440      -9.118616      26.953440      15.364567     -36.791649       4.304279      -5.314678     -25.053553      80.511818       0.294614    -107.511284       8.070642     -50.157742      31.801006      -0.120677      69.960434       0.080059     -13.401472       0.101639      -2.303600      -1.350282      -4.263634     -31.090885     -90.000191     -11.561113      89.993668     -92.660934      -3.651345     -82.287247     -25.315533       3.684645      70.630356    -359.971527     -31.157763    -359.997650      22.971294      -0.629849      -2.260057      -1.831254      -1.860452      -6.095237     -90.001122       1.821504      89.994629    -213.312592      67.322815     393.983215      89.189919      54.680626      89.683701      -9.863976       4.554239      25.986158      59.102924      87.149429     107.326210      -3.590806       0.959735     -14.135503    -231.279434      68.691605      63.936699     -90.921646     -53.152962      90.363274       8.163249     -21.990181       1.655663    -112.117218     -82.596878      75.674019       3.368948      -5.538022     -12.073754
      42.143559      10.395362      -2.151548       5.106918      26.731207     -83.779633    -132.523071     -64.149117     -66.050011     -24.041519      19.858492      -1.053792      -9.933769      21.103025      -9.153165      26.944006      15.487023     -36.599537       4.370064      -5.213543     -24.900810      80.526192       0.469294    -107.776550       7.605995     -50.267143      31.824778      -0.119107      69.677589       0.078644     -13.409364       0.102109      -2.303586      -1.351284      -4.275462     -31.334856     -90.000320     -11.865807      89.993668     -92.617928      -3.623797     -82.305603     -25.101198       3.534758      70.676262    -359.972137     -30.573048    -359.997925      23.177778      -0.641171      -2.258175      -1.812801      -1.591498      -6.145959     -90.001122       1.756466      89.994637    -212.684692      67.391724     393.489075      89.207588      54.474400      89.693237      -9.789547       4.671652      25.906181      58.768230      87.137657     107.711174      -3.600180       0.949402     -14.036471    -230.714417      68.858528      63.421509     -90.916031     -53.084751      90.360275       8.076186     -21.697218       1.593913    -113.395287     -82.542671      74.166779       3.375113      -5.596694     -12.147884
      42.137657      10.363251      -2.185701       4.876489      26.786205     -83.855377    -132.824402     -64.043434     -66.390137     -24.043491      19.858320      -1.050823      -9.730716      21.111486      -9.188895      26.934235      15.607574     -36.410568       4.435338      -5.112308     -24.748934      80.543388       0.642115    -108.039467       7.152888     -50.376587      31.855957      -0.117564      69.397614       0.077238     -13.417130       0.102575      -2.303570      -1.351497      -4.285279     -31.572191     -90.000427     -12.165385      89.993668     -92.573891      -3.597647     -82.324051     -24.891621       3.382057      70.723122    -359.972809     -29.993017    -359.998199      23.382673      -0.652381      -2.256265      -1.794079      -1.318155      -6.200158     -90.001099       1.692511      89.994637    -212.063965      67.458199     392.999786      89.225258      54.271770      89.702606      -9.715986       4.787158      25.826370      58.434898      87.125740     108.094299      -3.609510       0.938959     -13.938210    -230.143661      69.027679      62.901253     -90.914192     -53.015755      90.358719       7.997373     -21.407738       1.534744    -114.631409     -82.485977      72.740784       3.381160      -5.654540     -12.221364
      42.132038      10.331501      -2.219446       4.650520      26.840353     -83.932617    -133.119659     -63.937359     -66.723373     -24.046286      19.857948      -1.048454      -9.531191      21.119843      -9.224812      26.924150      15.726635     -36.224224       4.499945      -5.011557     -24.598669      80.563484       0.813539    -108.300621       6.710202     -50.486481      31.893515      -0.116017      69.120239       0.075804     -13.424773       0.103013      -2.303563      -1.350966      -4.293424     -31.803860     -90.000519     -12.459963      89.993675     -92.529144      -3.572527     -82.342583     -24.686880       3.225896      70.771309    -359.973389     -29.417130    -359.998444      23.585936      -0.663497      -2.254315      -1.775129      -1.042167      -6.257561     -90.001099       1.629626      89.994614    -211.448425      67.522545     392.513733      89.243324      54.072327      89.711952      -9.642993       4.901158      25.746840      58.105724      87.113724     108.473122      -3.618825       0.928346     -13.840514    -229.567963      69.197044      62.376251     -90.913887     -52.946587      90.357765       7.926237     -21.121298       1.477605    -115.827492     -82.427132      71.392220       3.387086      -5.711889     -12.294072
      42.126675      10.300027      -2.252846       4.428230      26.893780     -84.011490    -133.410034     -63.831272     -67.051323     -24.049829      19.857437      -1.046521      -9.335099      21.128109      -9.260371      26.913782      15.844503     -36.039974       4.563827      -4.911502     -24.450256      80.586578       0.983980    -108.560287       6.277100     -50.597012      31.936840      -0.114502      68.845428       0.074408     -13.432302       0.103451      -2.303558      -1.349852      -4.300126     -32.031036     -90.000580     -12.749594      89.993683     -92.483841      -3.548141     -82.361229     -24.486914       3.065516      70.821190    -359.973999     -28.844940    -359.998657      23.787598      -0.674538      -2.252355      -1.755937      -0.764387      -6.317938     -90.001091       1.567812      89.994598    -210.836899      67.584732     392.029724      89.262001      53.875854      89.721375      -9.570212       5.013945      25.667627      57.782028      87.101616     108.846497      -3.628181       0.917488     -13.743221    -228.986847      69.365807      61.845764     -90.914246     -52.877438      90.357056       7.862229     -20.837711       1.422153    -116.986359     -82.366371      70.115768       3.392881      -5.768816     -12.365870
      42.121548      10.268800      -2.285997       4.207349      26.946218     -84.092186    -133.689911     -63.732193     -67.369370     -24.056782      19.856403      -1.045363      -9.144886      21.136213      -9.295720      26.903131      15.961531     -35.857468       4.626876      -4.812483     -24.303946      80.612701       1.153548    -108.818512       5.853109     -50.708622      31.985338      -0.113008      68.573265       0.073025     -13.439758       0.103871      -2.303561      -1.348221      -4.305198     -32.254398     -90.000641     -13.034395      89.993683     -92.438423      -3.524240     -82.379967     -24.291616       2.900099      70.872963    -359.974579     -28.276127    -359.998871      23.987679      -0.685468      -2.250376      -1.736416      -0.484964      -6.381320     -90.001083       1.507011      89.994614    -210.225067      67.643936     391.543274      89.281357      53.681610      89.730888      -9.496778       5.125863      25.588694      57.465317      87.089432     109.213249      -3.637641       0.906300     -13.646074    -228.395233      69.533119      61.303967     -90.914711     -52.808628      90.356438       7.804738     -20.556883       1.368145    -118.110558     -82.303871      68.905594       3.398587      -5.825322     -12.436678
      42.116379      10.238239      -2.319680       3.991062      26.991911     -84.167213    -133.946472     -63.636074     -67.659447     -24.068443      19.854517      -1.044334      -8.962631      21.143286      -9.333343      26.891712      16.076464     -35.675941       4.689167      -4.715499     -24.160206      80.641724       1.321870    -109.074333       5.438039     -50.821487      32.038532      -0.111570      68.303650       0.071695     -13.447123       0.104288      -2.303563      -1.346077      -4.308689     -32.474216     -90.000702     -13.314421      89.993698     -92.393349      -3.499383     -82.399246     -24.101622       2.725307      70.926697    -359.975159     -27.715445    -359.998993      24.186440      -0.696345      -2.248378      -1.715817      -0.200874      -6.452207     -90.001076       1.447237      89.994614    -209.621643      67.697884     391.060089      89.292435      53.487213      89.737038      -9.421082       5.234239      25.508432      57.127983      87.076538     109.601143      -3.647081       0.896199     -13.548859    -227.771805      69.713249      60.736332     -90.938492     -52.723431      90.364388       7.752395     -20.279650       1.315270    -119.135612     -82.243805      67.827477       3.404298      -5.879668     -12.506235
      42.111629      10.207376      -2.352718       3.772623      27.044912     -84.258781    -134.222168     -63.548817     -67.977730     -24.078384      19.852171      -1.046645      -8.782743      21.151152      -9.365653      26.880713      16.192944     -35.493793       4.750799      -4.618911     -24.018257      80.673943       1.490392    -109.329063       5.029789     -50.934399      32.096088      -0.110149      68.036568       0.070379     -13.454381       0.104690      -2.303570      -1.343405      -4.310368     -32.691910     -90.000748     -13.589764      89.993713     -92.347458      -3.475544     -82.418411     -23.915152       2.544759      70.983475    -359.975708     -27.151661    -359.999146      24.383358      -0.707095      -2.246356      -1.695924       0.077685      -6.520124     -90.001068       1.388452      89.994598    -209.001343      67.753441     390.562622      89.316086      53.295795      89.747986      -9.344314       5.344810      25.429010      56.825287      87.063972     109.956161      -3.657050       0.884613     -13.450837    -227.171555      69.868935      60.180904     -90.925407     -52.659115      90.358681       7.705182     -20.003551       1.263764    -120.187698     -82.179405      66.739571       3.409725      -5.936708     -12.575194
      42.107185      10.176632      -2.385495       3.553802      27.096979     -84.349472    -134.489929     -63.460396     -68.286179     -24.088589      19.849911      -1.048802      -8.604333      21.158960      -9.399019      26.869627      16.309319     -35.312008       4.811862      -4.522617     -23.877573      80.709236       1.658642    -109.582382       4.629796     -51.047150      32.159454      -0.108765      67.771988       0.069096     -13.461506       0.105090      -2.303582      -1.340064      -4.310268     -32.907501     -90.000801     -13.860484      89.993713     -92.300911      -3.451824     -82.437889     -23.732388       2.356943      71.043114    -359.976227     -26.591232    -359.999237      24.578823      -0.717744      -2.244329      -1.675313       0.360421      -6.591589     -90.001068       1.330659      89.994598    -208.382996      67.803474     390.064087      89.339569      53.108353      89.758644      -9.265370       5.454735      25.350302      56.530582      87.051430     110.303795      -3.667074       0.872271     -13.352595    -226.544556      70.028976      59.600819     -90.920448     -52.593422      90.356033       7.662419     -19.730568       1.213086    -121.218399     -82.112770      65.694588       3.415137      -5.992257     -12.642899
      42.102852      10.146039      -2.418133       3.334950      27.148209     -84.440437    -134.752213     -63.372047     -68.588333     -24.099155      19.847809      -1.050424      -8.428049      21.166588      -9.432945      26.858330      16.425621     -35.130192       4.872257      -4.427262     -23.738724      80.747566       1.826501    -109.834633       4.238154     -51.160019      32.228462      -0.107444      67.509895       0.067866     -13.468540       0.105493      -2.303589      -1.336224      -4.308590     -33.120636     -90.000847     -14.126688      89.993713     -92.254028      -3.427788     -82.457756     -23.553680       2.160522      71.105896    -359.976746     -26.033884    -359.999359      24.772781      -0.728333      -2.242253      -1.654126       0.645659      -6.665900     -90.001053       1.273835      89.994591    -207.763428      67.849503     389.561646      89.362640      52.923878      89.769005      -9.184172       5.564077      25.271643      56.244202      87.038834     110.644012      -3.677284       0.859223     -13.253975    -225.899185      70.189354      59.002651     -90.918617     -52.527199      90.354561       7.623873     -19.460449       1.163718    -122.203697     -82.046104      64.711411       3.422417      -6.030695     -12.708660
      42.098621      10.115564      -2.450658       3.115892      27.198736     -84.532028    -135.009552     -63.283985     -68.884842     -24.110004      19.845781      -1.051752      -8.253895      21.174047      -9.467281      26.846823      16.541937     -34.947918       4.931967      -4.333024     -23.601908      80.788940       1.994027    -110.085709       3.854416     -51.272900      32.302742      -0.106160      67.250290       0.066678     -13.475467       0.105885      -2.303591      -1.331867      -4.305395     -33.331348     -90.000908     -14.388427      89.993729     -92.206963      -3.403195     -82.478027     -23.379044       1.954663      71.172081    -359.977295     -25.478027    -359.999420      24.964771      -0.738792      -2.240172      -1.632209       0.930910      -6.741971     -90.001045       1.217968      89.994598    -207.141891      67.891716     389.054749      89.385468      52.742176      89.779129      -9.100652       5.672919      25.193054      55.966969      87.026169     110.976067      -3.687687       0.845566     -13.154911    -225.236633      70.349281      58.387154     -90.918739     -52.460976      90.353828       7.588479     -19.193096       1.115098    -123.161179     -81.978256      63.769024       3.429704      -6.067683     -12.773403
      42.094448      10.085131      -2.483058       2.897494      27.249020     -84.625076    -135.263275     -63.196129     -69.177368     -24.121325      19.843674      -1.053226      -8.081989      21.181341      -9.502248      26.835152      16.658718     -34.764610       4.990983      -4.240036     -23.467226      80.833351       2.161317    -110.335770       3.478378     -51.385769      32.382275      -0.104934      66.993141       0.065543     -13.482306       0.106276      -2.303601      -1.327014      -4.300684     -33.539818     -90.000954     -14.645785      89.993721     -92.159859      -3.377837     -82.498695     -23.208488       1.737393      71.242142    -359.977783     -24.922514    -359.999451      25.154583      -0.749117      -2.238084      -1.609987       1.216046      -6.819679     -90.001045       1.163032      89.994583    -206.520309      67.931198     388.546661      89.409286      52.561588      89.789452      -9.016454       5.781190      25.115271      55.701374      87.013565     111.297195      -3.698231       0.831672     -13.055603    -224.561676      70.507813      57.758717     -90.918953     -52.395412      90.353127       7.555534     -18.928539       1.067422    -124.083649     -81.910004      62.871140       3.436932      -6.104260     -12.837172
      42.090389      10.054963      -2.515572       2.677983      27.294590     -84.708054    -135.493683     -63.103222     -69.439255     -24.133110      19.841438      -1.054392      -7.911753      21.188032      -9.540837      26.823162      16.775288     -34.580441       5.049401      -4.148449     -23.334549      80.880623       2.328031    -110.583984       3.110104     -51.498627      32.466972      -0.103731      66.738472       0.064430     -13.489029       0.106647      -2.303609      -1.321554      -4.294351     -33.746014     -90.000992     -14.898830      89.993729     -92.112007      -3.352121     -82.520035     -23.041286       1.510612      71.314911    -359.978333     -24.371552    -359.999451      25.342730      -0.759333      -2.235996      -1.587297       1.508599      -6.899646     -90.001038       1.109008      89.994576    -205.908844      67.962059     388.044922      89.427002      52.382278      89.797363      -8.930731       5.888126      25.037796      55.426956      87.000595     111.627525      -3.708723       0.818302     -12.956371    -223.823715      70.683968      57.074448     -90.951126     -52.320042      90.364090       7.524153     -18.665913       1.018397    -124.946632     -81.843361      62.042332       3.444192      -6.139482     -12.899876
      42.086182      10.024518      -2.548206       2.463256      27.344200     -84.808594    -135.749741     -63.018551     -69.736778     -24.146025      19.839033      -1.056199      -7.746463      21.194988      -9.573650      26.810854      16.892365     -34.394787       5.106960      -4.059000     -23.204842      80.930862       2.494295    -110.831581       2.749548     -51.611729      32.556583      -0.102561      66.486206       0.063347     -13.495697       0.107026      -2.303614      -1.315699      -4.286703     -33.949749     -90.001038     -15.147649      89.993729     -92.064339      -3.326035     -82.541649     -22.878574       1.274892      71.391014    -359.978851     -23.818148    -359.999481      25.529388      -0.769480      -2.233859      -1.564523       1.795808      -6.976147     -90.001045       1.055892      89.994583    -205.283051      68.000336     387.529755      89.453339      52.203434      89.808426      -8.842764       5.995946      24.960138      55.182545      86.987892     111.929672      -3.719754       0.803866     -12.856359    -223.160522      70.827156      56.453827     -90.933006     -52.253811      90.356720       7.495665     -18.408237       0.975283    -125.774918     -81.777664      61.248661       3.451191      -6.176226     -12.961808
      42.082287       9.993982      -2.580489       2.244333      27.394718     -84.909393    -135.998764     -62.933712     -70.025978     -24.157713      19.836239      -1.059981      -7.581649      21.202059      -9.606460      26.798677      17.010643     -34.207577       5.163995      -3.970218     -23.076904      80.984138       2.660600    -111.078026       2.395822     -51.724106      32.651386      -0.101398      66.236343       0.062282     -13.502229       0.107386      -2.303627      -1.309158      -4.277463     -34.151688     -90.001099     -15.392309      89.993729     -92.015724      -3.300314     -82.563644     -22.718216       1.031113      71.470711    -359.979340     -23.265564    -359.999481      25.714466      -0.779515      -2.231726      -1.541294       2.087486      -7.053560     -90.001030       1.003663      89.994568    -204.656052      68.031097     387.011139      89.481697      52.028751      89.820045      -8.752096       6.104199      24.883726      54.944881      86.975227     112.226006      -3.730873       0.788843     -12.755942    -222.449997      70.975502      55.786819     -90.925758     -52.191727      90.353317       7.467073     -18.152000       0.930646    -126.600014     -81.709114      60.458942       3.458190      -6.212152     -13.023003
      42.078438       9.963457      -2.612762       2.023711      27.444389     -85.009949    -136.242340     -62.848984     -70.308723     -24.169525      19.833536      -1.063367      -7.418442      21.208944      -9.639734      26.786232      17.129263     -34.019051       5.220433      -3.882570     -22.950821      81.040337       2.826565    -111.323433       2.049989     -51.836006      32.752125      -0.100279      65.988899       0.061254     -13.508655       0.107750      -2.303635      -1.302053      -4.266778     -34.351536     -90.001122     -15.632864      89.993736     -91.966492      -3.274373     -82.586205     -22.560886       0.778229      71.553741    -359.979828     -22.715092    -359.999481      25.898106      -0.789463      -2.229592      -1.517313       2.383140      -7.132387     -90.001030       0.952316      89.994560    -204.027893      68.056732     386.488098      89.509590      51.857327      89.831329      -8.657751       6.212103      24.807392      54.714275      86.962509     112.516434      -3.742197       0.773112     -12.654928    -221.712219      71.124817      55.093246     -90.923256     -52.128708      90.351677       7.439883     -17.898884       0.887195    -127.389259     -81.641022      59.706421       3.465125      -6.247500     -13.083345
      42.074238       9.934437      -2.646524       1.756067      27.486540     -85.116013    -136.374802     -62.897232     -70.490082     -24.166111      19.818705      -1.105580      -7.350319      21.210814      -9.675172      26.771568      17.249393     -33.827976       5.273961      -3.800677     -22.829573      81.096443       2.987191    -111.557068       1.703604     -51.956703      32.839214      -0.099236      65.744843       0.060295     -13.515656       0.108150      -2.303637      -1.296164      -4.252987     -34.548779     -90.001167     -15.869394      89.993767     -91.922203      -3.250311     -82.607414     -22.404757       0.519851      71.634476    -359.980347     -22.170767    -359.999481      26.079760      -0.799284      -2.227452      -1.493333       2.690425      -7.208647     -90.001030       0.901819      89.994568    -203.296249      68.052162     385.856018      89.534706      51.670246      89.841568      -8.543167       6.323077      24.728121      54.483196      86.948845     112.815071      -3.754828       0.757092     -12.549086    -220.814407      71.256317      54.224129     -90.922707     -52.071644      90.350822       7.415277     -17.649294       0.845296    -128.150146     -81.572548      58.979401       3.471995      -6.282337     -13.142730
      42.069958       9.905444      -2.681296       1.480304      27.525833     -85.223381    -136.519974     -62.946068     -70.686935     -24.161407      19.804802      -1.144288      -7.279998      21.212610      -9.702721      26.757526      17.369072     -33.635216       5.327596      -3.722211     -22.712034      81.153877       3.143682    -111.783188       1.360764     -52.077209      32.923721      -0.098204      65.502686       0.059366     -13.522175       0.108519      -2.303644      -1.288639      -4.236931     -34.744122     -90.001213     -16.101969      89.993782     -91.876343      -3.226855     -82.629524     -22.250824       0.258967      71.714455    -359.980835     -21.629398    -359.999573      26.259945      -0.809030      -2.225273      -1.468879       2.998919      -7.281718     -90.001038       0.852179      89.994576    -202.549515      68.039200     385.202820      89.557213      51.484421      89.850754      -8.415669       6.436101      24.647501      54.266903      86.934692     113.105362      -3.768548       0.740887     -12.438070    -219.877884      71.382607      53.313255     -90.922928     -52.013927      90.350235       7.390748     -17.402151       0.804311    -128.874054     -81.505211      58.286110       3.478777      -6.317053     -13.201514
      42.065887       9.876403      -2.716674       1.197751      27.560467     -85.321602    -136.653412     -62.988754     -70.866562     -24.156185      19.791239      -1.181303      -7.207703      21.214205      -9.729497      26.743589      17.488905     -33.440140       5.381279      -3.644805     -22.595905      81.213371       3.298934    -112.005638       1.024558     -52.195477      33.013271      -0.097175      65.262642       0.058431     -13.528378       0.108868      -2.303653      -1.279816      -4.219496     -34.937607     -90.001221     -16.330639      89.993805     -91.827721      -3.204035     -82.652740     -22.098030      -0.006427      71.795189    -359.981354     -21.091307    -359.999634      26.438772      -0.818692      -2.223098      -1.443591       3.309696      -7.355886     -90.001038       0.803371      89.994568    -201.805115      68.013817     384.544952      89.571854      51.303284      89.856918      -8.278881       6.549109      24.566191      54.047844      86.920006     113.401718      -3.782740       0.724544     -12.324377    -218.858292      71.520638      52.326279     -90.952812     -51.946480      90.360352       7.367126     -17.156769       0.762178    -129.544647     -81.440544      57.645374       3.485560      -6.350654     -13.259457
      42.061882       9.846766      -2.752465       0.916545      27.597893     -85.435448    -136.816803     -63.037529     -71.085190     -24.150688      19.777920      -1.218130      -7.139186      21.216269      -9.749502      26.729364      17.609747     -33.242607       5.434417      -3.568540     -22.481447      81.275246       3.453753    -112.226532       0.695509     -52.312103      33.108662      -0.096179      65.024826       0.057522     -13.534470       0.109200      -2.303655      -1.270392      -4.201115     -35.128689     -90.001228     -16.555489      89.993813     -91.778023      -3.181507     -82.676399     -21.947359      -0.277023      71.877953    -359.981842     -20.549648    -359.999664      26.616335      -0.828298      -2.220907      -1.418087       3.612507      -7.427014     -90.001022       0.755363      89.994568    -201.045486      67.991974     383.869049      89.593643      51.126522      89.865593      -8.134459       6.664136      24.484570      53.862774      86.905617     113.667358      -3.797723       0.706340     -12.208457    -217.909622      71.627388      51.397804     -90.935806     -51.889725      90.353630       7.343939     -16.916534       0.725980    -130.193924     -81.376564      57.017216       3.492102      -6.385817     -13.317113
      42.058266       9.817036      -2.788379       0.632441      27.635475     -85.551872    -136.981201     -63.084965     -71.304092     -24.144558      19.764015      -1.256704      -7.070010      21.218485      -9.768949      26.714926      17.731657     -33.042374       5.487257      -3.492305     -22.367474      81.339546       3.608794    -112.445709       0.373690     -52.426479      33.211288      -0.095210      64.789246       0.056648     -13.540409       0.109532      -2.303666      -1.260248      -4.181600     -35.317841     -90.001251     -16.776590      89.993828     -91.726555      -3.159657     -82.700745     -21.796963      -0.553376      71.962936    -359.982330     -20.008242    -359.999695      26.792414      -0.837820      -2.218699      -1.392011       3.918301      -7.499775     -90.001007       0.708163      89.994560    -200.288162      67.961266     383.190674      89.615479      50.955986      89.874146      -7.983159       6.778338      24.403019      53.669479      86.890762     113.942879      -3.812882       0.688246     -12.091374    -216.911530      71.735497      50.421860     -90.928993     -51.832565      90.350502       7.318778     -16.678265       0.688663    -130.829102     -81.311569      56.399784       3.498646      -6.419671     -13.374408
      42.054832       9.787173      -2.824505       0.346013      27.672173     -85.668655    -137.146194     -63.131302     -71.522743     -24.138472      19.750463      -1.294007      -7.000642      21.220657      -9.789185      26.700129      17.854437     -32.839764       5.539620      -3.416703     -22.254416      81.406258       3.763878    -112.663742       0.060233     -52.539326      33.321777      -0.094273      64.556007       0.055801     -13.546250       0.109868      -2.303672      -1.249543      -4.160943     -35.504650     -90.001289     -16.993975      89.993843     -91.676613      -3.137811     -82.724792     -21.648512      -0.833662      72.049591    -359.982788     -19.468702    -359.999695      26.967232      -0.847244      -2.216482      -1.365048       4.226088      -7.573159     -90.000999       0.661755      89.994545    -199.533066      67.923332     382.509247      89.635986      50.791538      89.882103      -7.824892       6.891900      24.320951      53.477806      86.875580     114.218521      -3.828335       0.669785     -11.973167    -215.882111      71.841324      49.415703     -90.926620     -51.773228      90.348976       7.295570     -16.451965       0.658188    -131.319168     -81.260841      55.918255       3.505378      -6.452106     -13.429657
      42.051517       9.757135      -2.860833       0.057334      27.708204     -85.786148    -137.312317     -63.176933     -71.741997     -24.132460      19.737211      -1.330191      -6.931185      21.222771      -9.810051      26.684927      17.978189     -32.634632       5.591453      -3.341934     -22.142582      81.475327       3.918883    -112.880661      -0.245118     -52.650883      33.439640      -0.093374      64.325066       0.054987     -13.552002       0.110191      -2.303677      -1.238317      -4.139184     -35.689011     -90.001297     -17.207714      89.993851     -91.628426      -3.115570     -82.748596     -21.501734      -1.118635      72.138184    -359.983276     -18.930470    -359.999695      27.140703      -0.856607      -2.214259      -1.337516       4.535055      -7.646579     -90.001007       0.616128      89.994545    -198.778915      67.878929     381.823761      89.655472      50.633038      89.889572      -7.659938       7.004883      24.238466      53.288227      86.860100     114.493721      -3.844105       0.650938     -11.853889    -214.827530      71.942734      48.384773     -90.926147     -51.712841      90.348099       7.272383     -16.229052       0.630619    -131.768341     -81.213516      55.465851       3.511868      -6.485266     -13.484601
      42.048313       9.726880      -2.897365      -0.233515      27.743715     -85.904732    -137.479980     -63.222115     -71.962364     -24.126501      19.724136      -1.365673      -6.861809      21.224827      -9.831277      26.669306      18.102856     -32.426960       5.642783      -3.268008     -22.032003      81.546753       4.073855    -113.096573      -0.542500     -52.761150      33.564766      -0.092466      64.096344       0.054174     -13.557671       0.110521      -2.303684      -1.226564      -4.116449     -35.871017     -90.001343     -17.417906      89.993858     -91.581688      -3.092891     -82.772224     -21.356379      -1.408677      72.228867    -359.983765     -18.393135    -359.999695      27.312782      -0.865876      -2.212021      -1.309551       4.845093      -7.719488     -90.000999       0.571258      89.994545    -198.025711      67.828415     381.134277      89.674271      50.480537      89.896759      -7.488420       7.117192      24.155577      53.100124      86.844299     114.769073      -3.860144       0.631861     -11.733642    -213.750641      72.038857      47.331535     -90.926239     -51.651890      90.347458       7.248316     -16.008650       0.604434    -132.196243     -81.167336      55.024918       3.518213      -6.518365     -13.539447
      42.045181       9.696296      -2.934149      -0.526936      27.778936     -86.024239    -137.649368     -63.267006     -72.184204     -24.120632      19.711262      -1.400421      -6.792280      21.226879      -9.853345      26.653418      18.229479     -32.215771       5.693484      -3.195508     -21.923216      81.620552       4.228908    -113.311485      -0.831728     -52.870632      33.697273      -0.091610      63.869953       0.053400     -13.563263       0.110824      -2.303696      -1.214303      -4.092468     -36.050747     -90.001366     -17.624557      89.993866     -91.541016      -3.070698     -82.793488     -21.215296      -1.699985      72.320091    -359.984222     -17.857986    -359.999695      27.483622      -0.875051      -2.209764      -1.280967       5.155230      -7.790935     -90.000992       0.527137      89.994530    -197.273941      67.771797     380.441467      89.692741      50.334000      89.903717      -7.310203       7.228935      24.072371      52.912899      86.828156     115.045128      -3.876473       0.612606     -11.612438    -212.651764      72.129356      46.256516     -90.926613     -51.590378      90.346909       7.223620     -15.790581       0.579326    -132.605301     -81.122185      54.596146       3.524440      -6.551233     -13.594163
      42.042038       9.665488      -2.971406      -0.823891      27.810978     -86.136803    -137.807938     -63.308441     -72.390968     -24.115065      19.698837      -1.433223      -6.722153      21.228552      -9.878045      26.636976      18.357258     -32.001209       5.743537      -3.125080     -21.816608      81.696518       4.383586    -113.524971      -1.112343     -52.979504      33.837219      -0.090769      63.645866       0.052643     -13.568681       0.111135      -2.303693      -1.202525      -4.067583     -36.228325     -90.001396     -17.827753      89.993881     -91.506508      -3.048445     -82.812561     -21.078577      -1.992999      72.411377    -359.984680     -17.326952    -359.999634      27.653149      -0.884163      -2.207506      -1.251802       5.467635      -7.861915     -90.000999       0.483764      89.994537    -196.528671      67.706627     379.749207      89.705284      50.193150      89.908501      -7.124800       7.339125      23.988140      52.719570      86.811462     115.328728      -3.893045       0.593457     -11.490341    -211.499268      72.222794      45.134167     -90.944061     -51.519394      90.352409       7.200649     -15.574211       0.554678    -132.972351     -81.081009      54.207607       3.530551      -6.583589     -13.648404
      42.039005       9.633965      -3.008873      -1.122482      27.846739     -86.262512    -137.987396     -63.354664     -72.624474     -24.109058      19.685736      -1.468503      -6.652923      21.230663      -9.900288      26.620520      18.488798     -31.781277       5.792954      -3.055804     -21.711782      81.774918       4.538915    -113.737427      -1.385929     -53.087254      33.984226      -0.089936      63.423962       0.051899     -13.574079       0.111440      -2.303702      -1.190760      -4.041755     -36.404617     -90.001434     -18.027552      89.993881     -91.479614      -3.027183     -82.828194     -20.946121      -2.287278      72.503716    -359.985138     -16.794201    -359.999573      27.821411      -0.893211      -2.205225      -1.222541       5.775471      -7.929615     -90.000984       0.441109      89.994537    -195.775543      67.639702     379.046021      89.725647      50.058079      89.915977      -6.932440       7.450146      23.904228      52.534657      86.794579     115.606003      -3.910026       0.574004     -11.366998    -210.377182      72.296349      44.033222     -90.934586     -51.459805      90.348343       7.175004     -15.360527       0.531327    -133.351486     -81.037659      53.800240       3.536566      -6.616263     -13.702913
      42.036102       9.601991      -3.046690      -1.425251      27.882029     -86.387962    -138.164841     -63.399700     -72.854469     -24.103008      19.672506      -1.503886      -6.582568      21.232674      -9.924669      26.603746      18.622862     -31.556608       5.841908      -2.987423     -21.607971      81.855652       4.694664    -113.948608      -1.650873     -53.193378      34.140430      -0.089141      63.204185       0.051178     -13.579359       0.111737      -2.303703      -1.178662      -4.014994     -36.579647     -90.001274     -18.224007      89.993988     -91.459290      -3.006502     -82.841080     -20.817148      -2.583595      72.596664    -359.985596     -16.262897    -359.999512      27.988327      -0.902190      -2.202934      -1.192869       6.085280      -7.996661     -90.000984       0.399165      89.994514    -195.027023      67.564629     378.341827      89.745461      49.929825      89.923180      -6.732129       7.559636      23.819527      52.344173      86.777176     115.890373      -3.927226       0.554663     -11.242709    -209.216675      72.366760      42.896008     -90.931107     -51.397930      90.346382       7.149828     -15.149081       0.508810    -133.712967     -80.995743      53.412285       3.542484      -6.648342     -13.757030
      42.033253       9.569517      -3.084930      -1.732495      27.916674     -86.513359    -138.341751     -63.444042     -73.082993     -24.097040      19.659361      -1.538761      -6.511666      21.234573      -9.950294      26.586693      18.759197     -31.327526       5.890455      -2.920039     -21.505358      81.939919       4.850394    -114.158432      -1.907039     -53.298519      34.305279      -0.088370      62.986557       0.050486     -13.584572       0.112025      -2.303713      -1.166271      -3.987455     -36.753075     -90.001167     -18.417171      89.994057     -91.445061      -2.986336     -82.851379     -20.691814      -2.881998      72.690414    -359.986053     -15.732557    -359.999451      28.153944      -0.911065      -2.200648      -1.162876       6.396305      -8.062236     -90.000977       0.357925      89.994514    -194.280014      67.482117     377.633484      89.764519      49.808250      89.930046      -6.523443       7.667907      23.733822      52.149563      86.759201     116.180687      -3.944757       0.535404     -11.117260    -208.026611      72.431496      41.730251     -90.930054     -51.334400      90.345314       7.125464     -14.939707       0.487006    -134.056198     -80.955582      53.044853       3.548305      -6.680135     -13.810755
      42.030457       9.536517      -3.123616      -2.044410      27.950863     -86.639305    -138.518616     -63.487778     -73.310669     -24.091105      19.646164      -1.573465      -6.440427      21.236364      -9.976763      26.569313      18.897774     -31.093880       5.938648      -2.853551     -21.403919      82.028519       5.005985    -114.366791      -2.154505     -53.402821      34.478657      -0.087606      62.771015       0.049801     -13.589714       0.112315      -2.303718      -1.153579      -3.959278     -36.924923     -90.001122     -18.607098      89.994118     -91.436531      -2.966741     -82.859207     -20.569920      -3.182547      72.785179    -359.986481     -15.202829    -359.999329      28.318260      -0.919862      -2.198344      -1.132564       6.708327      -8.126029     -90.000977       0.317382      89.994499    -193.533432      67.392212     376.919983      89.782982      49.693340      89.936653      -6.306121       7.774789      23.646999      51.949104      86.740570     116.478683      -3.962615       0.516352     -10.990609    -206.808914      72.489464      40.537537     -90.930313     -51.269592      90.344688       7.101885     -14.732254       0.465714    -134.383118     -80.917053      52.696426       3.554032      -6.711670     -13.864067
      42.027462       9.503124      -3.162730      -2.360830      27.981558     -86.758163    -138.681229     -63.527714     -73.519211     -24.084595      19.631668      -1.610719      -6.364264      21.237467     -10.009256      26.549225      19.038061     -30.850763       5.986075      -2.785512     -21.299706      82.096016       5.169360    -114.580696      -2.392362     -53.489067      34.676895      -0.086854      62.556992       0.049139     -13.594460       0.112578      -2.303718      -1.140618      -3.932074     -37.093327     -90.001099     -18.793854      89.994148     -91.434074      -2.948297     -82.864365     -20.448547      -3.487869      72.878471    -359.986938     -14.675223    -359.999237      28.481014      -0.928587      -2.196036      -1.102244       7.023605      -8.188810     -90.000969       0.277512      89.994507    -192.798737      67.292236     376.210114      89.795822      49.586407      89.941254      -6.080290       7.878722      23.558702      51.729343      86.720924     116.797188      -3.980606       0.498140     -10.863077    -205.513168      72.551460      39.272831     -90.955444     -51.197079      90.352768       7.079030     -14.525537       0.442791    -134.683426     -80.881416      52.379925       3.559754      -6.742236     -13.916843
      42.024612       9.469022      -3.202548      -2.678159      28.015478     -86.892418    -138.868927     -63.572819     -73.759239     -24.078573      19.617655      -1.646907      -6.296021      21.239088     -10.034280      26.531813      19.179836     -30.610189       6.034308      -2.719975     -21.199017      82.197479       5.323563    -114.784706      -2.624741     -53.595013      34.862175      -0.086131      62.346085       0.048495     -13.599732       0.112882      -2.303726      -1.128097      -3.902625     -37.261517     -90.001221     -18.977470      89.994110     -91.436119      -2.929590     -82.867683     -20.333422      -3.793244      72.975685    -359.987396     -14.145824    -359.999146      28.642998      -0.937277      -2.193709      -1.071022       7.336093      -8.247751     -90.000969       0.238304      89.994507    -192.047729      67.191460     375.481018      89.814789      49.484222      89.947945      -5.845424       7.980872      23.468206      51.510254      86.700584     117.117378      -3.999171       0.480255     -10.734200    -204.286957      72.588829      38.068768     -90.941071     -51.129913      90.347000       7.057246     -14.322507       0.423946    -134.968979     -80.847969      52.078499       3.565269      -6.773715     -13.969338
      42.022156       9.434351      -3.242676      -3.003820      28.050436     -87.027565    -139.053528     -63.616718     -73.994644     -24.072262      19.603336      -1.684041      -6.224784      21.240808     -10.061528      26.513454      19.325148     -30.362295       6.081800      -2.655417     -21.100523      82.303001       5.478408    -114.988434      -2.845990     -53.697598      35.061443      -0.085426      62.136902       0.047869     -13.604543       0.113157      -2.303738      -1.116421      -3.872920     -37.430435     -90.001396     -19.158039      89.994049     -91.443596      -2.911988     -82.868385     -20.220354      -4.100985      73.074173    -359.987823     -13.616510    -359.998993      28.803574      -0.945850      -2.191389      -1.039829       7.650276      -8.304871     -90.000977       0.199762      89.994476    -191.299210      67.079475     374.749023      89.835426      49.389858      89.955109      -5.600822       8.081100      23.376692      51.278072      86.679314     117.452492      -4.017998       0.463117     -10.604039    -203.002396      72.620262      36.808254     -90.935455     -51.064896      90.344269       7.035148     -14.120301       0.403737    -135.257553     -80.813522      51.776352       3.570771      -6.804645     -14.021412
      42.019623       9.399059      -3.283231      -3.334186      28.084238     -87.163208    -139.237473     -63.660011     -74.228462     -24.065517      19.588148      -1.723102      -6.149648      21.242210     -10.092507      26.492317      19.472824     -30.104988       6.128262      -2.589758     -21.000185      82.392303       5.640325    -115.198227      -3.054533     -53.784252      35.287907      -0.084735      61.929115       0.047261     -13.608898       0.113410      -2.303745      -1.104346      -3.844486     -37.596668     -90.001518     -19.335567      89.993996     -91.457626      -2.895412     -82.866203     -20.108082      -4.413058      73.171906    -359.988281     -13.087403    -359.998871      28.962704      -0.954335      -2.189070      -1.008837       7.965383      -8.359477     -90.000969       0.161861      89.994476    -190.554932      66.959160     374.013336      89.855309      49.304447      89.961975      -5.346303       8.177822      23.282967      51.029305      86.656937     117.805725      -4.037103       0.446748     -10.472784    -201.685242      72.645287      35.515663     -90.933762     -50.998333      90.342934       7.013993     -13.919867       0.383802    -135.531219     -80.780838      51.493294       3.576198      -6.835147     -14.072929
      42.017361       9.363226      -3.324373      -3.671236      28.118208     -87.300148    -139.421021     -63.702545     -74.460991     -24.059219      19.573498      -1.760363      -6.077340      21.243725     -10.121026      26.472855      19.621397     -29.848545       6.175555      -2.524684     -20.900919      82.507484       5.795898    -115.401047      -3.256183     -53.883656      35.509407      -0.084059      61.724091       0.046659     -13.613795       0.113672      -2.303746      -1.093196      -3.815278     -37.762104     -90.001625     -19.510126      89.993965     -91.474960      -2.879184     -82.862534     -20.000093      -4.725691      73.272598    -359.988739     -12.558060    -359.998688      29.120775      -0.962761      -2.186745      -0.977269       8.282652      -8.411397     -90.000969       0.124597      89.994492    -189.808838      66.829216     373.270477      89.874611      49.226212      89.968597      -5.081509       8.270816      23.186663      50.761982      86.633255     118.179283      -4.056523       0.431496     -10.340347    -200.336746      72.660248      34.193455     -90.933502     -50.929932      90.342102       6.993618     -13.721162       0.364090    -135.791397     -80.749771      51.226803       3.581571      -6.865305     -14.123933
      42.015121       9.326773      -3.366036      -4.013724      28.151735     -87.439171    -139.605682     -63.744865     -74.694183     -24.052591      19.558172      -1.799077      -6.002399      21.245018     -10.151863      26.450981      19.772387     -29.583281       6.221859      -2.459677     -20.801989      82.614578       5.956004    -115.608040      -3.445000     -53.971821      35.754116      -0.083393      61.520416       0.046079     -13.618121       0.113916      -2.303749      -1.081246      -3.786682     -37.925995     -90.001686     -19.681767      89.993958     -91.497627      -2.863967     -82.856529     -19.893013      -5.042176      73.373421    -359.989166     -12.028566    -359.998535      29.277452      -0.971129      -2.184400      -0.945884       8.600542      -8.460302     -90.000977       0.087956      89.994484    -189.063431      66.690521     372.521088      89.893715      49.156425      89.975113      -4.806236       8.359488      23.087555      50.473743      86.608154     118.575348      -4.076263       0.417539     -10.206752    -198.962784      72.665512      32.845726     -90.933823     -50.860756      90.341484       6.973799     -13.523942       0.344478    -136.038208     -80.720360      50.976280       3.586864      -6.895228     -14.174445
      42.013054       9.289979      -3.408393      -4.362840      28.183216     -87.573807    -139.777161     -63.783695     -74.909912     -24.045885      19.542288      -1.838407      -5.926768      21.245922     -10.184337      26.428568      19.924131     -29.314455       6.268281      -2.394462     -20.702576      82.729393       6.115530    -115.813614      -3.624045     -54.060066      36.008705      -0.082746      61.318890       0.045512     -13.622532       0.114159      -2.303755      -1.069529      -3.758154     -38.088291     -90.001740     -19.850531      89.993942     -91.523323      -2.849516     -82.849197     -19.787640      -5.361364      73.475098    -359.989594     -11.500450    -359.998383      29.432787      -0.979402      -2.182061      -0.913278       8.923923      -8.507600     -90.000969       0.051934      89.994476    -188.325363      66.539482     371.772034      89.907860      49.094513      89.979912      -4.520204       8.441813      22.984884      50.149590      86.581047     119.008560      -4.096171       0.405793     -10.072224    -197.509811      72.666954      31.426168     -90.956032     -50.783619      90.348389       6.953981     -13.327430       0.323237    -136.263321     -80.693680      50.751678       3.592171      -6.924189     -14.224424
      42.010944       9.252501      -3.451710      -4.711115      28.216190     -87.725479    -139.974258     -63.827511     -75.157280     -24.038889      19.525181      -1.880673      -5.856128      21.246935     -10.212600      26.405258      20.077431     -29.040520       6.314487      -2.329950     -20.604227      82.852875       6.274279    -116.018150      -3.793407     -54.148621      36.272655      -0.082106      61.119278       0.044952     -13.626950       0.114412      -2.303757      -1.057863      -3.729725     -38.249550     -90.001770     -20.016466      89.993950     -91.553429      -2.835478     -82.840149     -19.684412      -5.683698      73.578552    -359.990051     -10.971348    -359.998199      29.587194      -0.987631      -2.179699      -0.880336       9.245900      -8.550985     -90.000969       0.016505      89.994492    -187.575653      66.386032     371.004791      89.926788      49.039074      89.986305      -4.223115       8.517338      22.877443      49.798386      86.551926     119.470596      -4.116572       0.396332      -9.936564    -196.128448      72.647827      30.068737     -90.943565     -50.708424      90.343285       6.933515     -13.134102       0.305246    -136.467484     -80.670502      50.549030       3.597330      -6.953662     -14.274219
      42.009365       9.214281      -3.495245      -5.072225      28.251030     -87.877335    -140.168259     -63.870255     -75.400169     -24.031942      19.508770      -1.921539      -5.781938      21.248344     -10.241248      26.381889      20.232822     -28.762589       6.360888      -2.264861     -20.506056      82.989738       6.431760    -116.221718      -3.951929     -54.238724      36.546875      -0.081498      60.921627       0.044424     -13.631263       0.114661      -2.303770      -1.045991      -3.701034     -38.410988     -90.001816     -20.179628      89.993942     -91.587349      -2.822655     -82.829132     -19.583101      -6.007158      73.684334    -359.990509     -10.440779    -359.998016      29.740372      -0.995775      -2.177340      -0.847698       9.568548      -8.590373     -90.000999      -0.018355      89.994499    -186.826874      66.217789     370.232574      89.948524      48.993469      89.993622      -3.914402       8.588272      22.767141      49.425961      86.521049     119.955704      -4.137325       0.388506      -9.799556    -194.687042      72.616219      28.653322     -90.939056     -50.638050      90.340904       6.914406     -12.940961       0.285973    -136.677475     -80.646164      50.341644       3.602389      -6.983238     -14.323318
      42.008087       9.175445      -3.539379      -5.440928      28.286041     -88.030762    -140.360764     -63.912022     -75.640381     -24.025187      19.492548      -1.961578      -5.707710      21.249691     -10.270440      26.357622      20.389662     -28.480299       6.407075      -2.199722     -20.408587      83.139053       6.587798    -116.424576      -4.098264     -54.329807      36.832928      -0.080898      60.725834       0.043896     -13.635486       0.114894      -2.303772      -1.033966      -3.672419     -38.572384     -90.001839     -20.340065      89.993950     -91.624710      -2.810692     -82.816612     -19.483467      -6.332583      73.792107    -359.990906      -9.909530    -359.997833      29.892319      -1.003852      -2.174974      -0.815257       9.892863      -8.626339     -90.000999      -0.052613      89.994492    -186.078079      66.037926     369.453583      89.969604      48.957039      90.000710      -3.594013       8.651672      22.652540      49.020061      86.487907     120.475563      -4.158330       0.382944      -9.661522    -193.214706      72.572052      27.209238     -90.937668     -50.565552      90.339638       6.895761     -12.749491       0.266611    -136.878189     -80.622818      50.145042       3.607438      -7.012198     -14.371857
      42.007153       9.136049      -3.584161      -5.816774      28.321138     -88.186340    -140.552444     -63.953014     -75.878868     -24.018549      19.476385      -2.001167      -5.633605      21.251011     -10.299540      26.332190      20.547495     -28.193748       6.452963      -2.134696     -20.311850      83.300385       6.742137    -116.626671      -4.232311     -54.421619      37.130867      -0.080308      60.531918       0.043380     -13.639581       0.115123      -2.303775      -1.023059      -3.644590     -38.733658     -90.001854     -20.497808      89.993958     -91.663963      -2.800251     -82.803131     -19.384901      -6.657646      73.901154    -359.991364      -9.378086    -359.997620      30.042740      -1.011839      -2.172610      -0.783722      10.219877      -8.657671     -90.001007      -0.086285      89.994492    -185.330811      65.846504     368.669800      89.988434      48.927967      90.007027      -3.263775       8.710915      22.534597      48.584328      86.452370     121.027550      -4.179751       0.380336      -9.521825    -191.720078      72.513863      25.744555     -90.937637     -50.491093      90.338837       6.877138     -12.559572       0.247369    -137.069061     -80.600723      49.959057       3.612427      -7.040830     -14.419947
      42.006493       9.096144      -3.629483      -6.198742      28.356844     -88.345764    -140.745636     -63.993744     -76.118523     -24.011969      19.460136      -2.040741      -5.560184      21.252302     -10.328267      26.305624      20.706268     -27.903145       6.498580      -2.069686     -20.215921      83.473877       6.894762    -116.828568      -4.354176     -54.514053      37.440575      -0.079731      60.339703       0.042881     -13.643618       0.115347      -2.303779      -1.012165      -3.617617     -38.894310     -90.001877     -20.652912      89.993965     -91.705467      -2.790890     -82.788666     -19.287338      -6.983946      74.012199    -359.991821      -8.846420    -359.997406      30.192120      -1.019776      -2.170251      -0.752024      10.548296      -8.685583     -90.000992      -0.119389      89.994499    -184.586548      65.644035     367.883179      90.005112      48.905064      90.012589      -2.925326       8.766358      22.413624      48.133327      86.414932     121.597572      -4.201663       0.379970      -9.380120    -190.207565      72.441360      24.262808     -90.937935     -50.415813      90.338165       6.858284     -12.371042       0.228123    -137.249741     -80.579994      49.783657       3.617376      -7.069123     -14.467618
      42.005947       9.056074      -3.675689      -6.582902      28.391260     -88.507568    -140.933609     -64.032700     -76.350807     -24.005203      19.442741      -2.082206      -5.489434      21.253036     -10.357599      26.277378      20.865065     -27.608135       6.543796      -2.005359     -20.121176      83.658241       7.045529    -117.029938      -4.463950     -54.606647      37.761963      -0.079172      60.149166       0.042404     -13.647587       0.115582      -2.303782      -1.001200      -3.591621     -39.053967     -90.001884     -20.805420      89.993980     -91.748306      -2.782171     -82.773872     -19.190062      -7.312926      74.124588    -359.992249      -8.317135    -359.997192      30.340284      -1.027620      -2.167903      -0.720225      10.880704      -8.711278     -90.000999      -0.151956      89.994476    -183.850739      65.430450     367.098877      90.014542      48.886341      90.015724      -2.579334       8.814285      22.288189      47.650284      86.374840     122.201744      -4.223871       0.383075      -9.236829    -188.657928      72.358528      22.750515     -90.949677     -50.328583      90.341316       6.838872     -12.183918       0.208295    -137.397720     -80.564056      49.644810       3.622297      -7.096191     -14.514769
      42.005638       9.015379      -3.722482      -6.969945      28.428261     -88.683060    -141.137756     -64.074432     -76.602608     -23.997910      19.424025      -2.127063      -5.421618      21.253975     -10.384450      26.248011      21.025522     -27.307676       6.588850      -1.940894     -20.027136      83.854828       7.194866    -117.231247      -4.563306     -54.699409      38.093716      -0.078612      59.960304       0.041918     -13.651530       0.115804      -2.303792      -0.990271      -3.566566     -39.213207     -90.001923     -20.955387      89.993996     -91.793716      -2.774542     -82.757950     -19.092976      -7.644497      74.239761    -359.992676      -7.787201    -359.996979      30.487410      -1.035424      -2.165539      -0.688652      11.211178      -8.732334     -90.000999      -0.183979      89.994476    -183.118149      65.209602     366.311615      90.028824      48.872696      90.020454      -2.225353       8.858692      22.159365      47.159313      86.332741     122.816910      -4.246790       0.388713      -9.091542    -187.140045      72.257675      21.261509     -90.943535     -50.249889      90.338364       6.816818     -11.997973       0.189400    -137.544861     -80.548912      49.505867       3.627122      -7.124158     -14.562049
      42.005692       8.974058      -3.769406      -7.365944      28.467035     -88.859726    -141.339310     -64.115067     -76.850502     -23.990837      19.405907      -2.170386      -5.352893      21.254982     -10.412407      26.217710      21.187140     -27.003424       6.633796      -1.875823     -19.933620      84.065506       7.342230    -117.433235      -4.650675     -54.792736      38.437130      -0.078074      59.773129       0.041453     -13.655374       0.116015      -2.303796      -0.979164      -3.542295     -39.372452     -90.001953     -21.102829      89.993996     -91.841362      -2.768060     -82.740997     -18.996340      -7.977095      74.357780    -359.993134      -7.256674    -359.996765      30.633345      -1.043155      -2.163176      -0.657690      11.541381      -8.748475     -90.000992      -0.215450      89.994476    -182.394135      64.975525     365.527435      90.042160      48.866104      90.024910      -1.864009       8.899403      22.027966      46.662846      86.288925     123.440208      -4.270196       0.396093      -8.944344    -185.595825      72.141121      19.748943     -90.941681     -50.172886      90.336899       6.796763     -11.812985       0.170309    -137.688156     -80.534149      49.372036       3.631843      -7.152102     -14.608502
      42.005966       8.932153      -3.816570      -7.767845      28.506573     -89.038528    -141.541611     -64.155266     -77.098618     -23.983765      19.387573      -2.213845      -5.285749      21.256098     -10.437309      26.186199      21.349052     -26.697350       6.678170      -1.811139     -19.841839      84.287224       7.471290    -117.633995      -4.731476     -54.887772      38.794735      -0.077569      59.588051       0.040998     -13.659768       0.116257      -2.303811      -0.968504      -3.517164     -39.536667     -90.001976     -21.247808      89.994003     -91.891319      -2.761920     -82.723274     -18.900965      -8.310805      74.478271    -359.993561      -6.725362    -359.996521      30.777987      -1.050795      -2.160808      -0.627543      11.872081      -8.759392     -90.000992      -0.246405      89.994476    -181.679077      64.730400     364.746094      90.053261      48.865993      90.028618      -1.495882       8.935906      21.893858      46.158131      86.243187     124.074089      -4.294057       0.405462      -8.795486    -184.044144      72.009293      18.230227     -90.941345     -50.096230      90.336006       6.777131     -11.629326       0.151023    -137.826920     -80.519783      49.242558       3.636524      -7.179642     -14.654405
      42.007217       8.895758      -3.863028      -8.155402      28.553711     -89.240303    -141.733551     -64.193253     -77.333160     -23.974094      19.363098      -2.270919      -5.209450      21.257132     -10.464701      26.153540      21.507257     -26.398668       6.720217      -1.757103     -19.761650      84.519188       7.563731    -117.832008      -4.787772     -54.988937      39.179432      -0.077093      59.406055       0.040583     -13.664277       0.116521      -2.303830      -0.956419      -3.487051     -39.709095     -90.001999     -21.390364      89.994026     -91.916420      -2.762975     -82.712906     -18.798790      -8.627234      74.581535    -359.994263      -6.267241    -359.997559      30.899506      -1.058066      -2.159089      -0.695557      11.321918      -8.906800     -90.000999      -0.276834      89.994331    -180.956024      64.469292     363.955811      90.052048      48.870274      90.028145      -1.123839       8.950314      21.749233      45.555511      86.191124     124.804588      -4.317586       0.423398      -8.647111    -182.415375      71.858841      16.640244     -90.964226     -50.016003      90.343124       6.749725     -11.451243       0.132046    -137.956253     -80.505707      49.120407       3.641539      -7.203104     -14.700814
      42.009670       8.863199      -3.909642      -8.509158      28.602865     -89.481400    -141.959290     -64.236435     -77.608131     -23.963640      19.334038      -2.337389      -5.147333      21.256927     -10.490300      26.118980      21.656969     -26.107121       6.761766      -1.704066     -19.685537      84.761230       7.637597    -118.024849      -4.826847     -55.088482      39.579243      -0.076607      59.224571       0.040181     -13.668291       0.116743      -2.303835      -0.943584      -3.457727     -39.880009     -90.002022     -21.530537      89.994041     -91.916672      -2.763478     -82.713326     -18.687328      -8.955790      74.693306    -359.994751      -5.838860    -359.997986      31.028839      -1.065439      -2.156978      -0.743560      10.662137      -9.016765     -90.000908      -0.306742      89.994255    -180.244995      64.210823     363.171356      90.047951      48.875622      90.026711      -0.754476       8.941267      21.594799      44.875751      86.132957     125.609421      -4.340925       0.450844      -8.500874    -180.928680      71.695480      15.182537     -90.951241     -49.921799      90.337830       6.715634     -11.282310       0.119668    -137.957718     -80.513023      49.127941       3.646610      -7.224661     -14.747063
      42.013973       8.834380      -3.955275      -8.841386      28.656029     -89.741776    -142.196198     -64.281075     -77.895836     -23.952217      19.302214      -2.409873      -5.089506      21.257401     -10.509627      26.085510      21.804386     -25.833817       6.800280      -1.659119     -19.619099      85.013428       7.695502    -118.224602      -4.829821     -55.196346      40.007706      -0.076116      59.046638       0.039793     -13.671701       0.116951      -2.303828      -0.931497      -3.428139     -40.044758     -90.002037     -21.668367      89.994057     -91.892418      -2.775767     -82.719597     -18.572100      -9.231565      74.773430    -359.995575      -5.445301    -360.000122      31.119448      -1.071096      -2.156231      -0.933748      10.112861      -8.917965     -90.000671      -0.336263      89.994415    -179.568436      63.957584     362.426849      90.057732      48.872589      90.029922      -0.395241       8.926866      21.445824      44.244827      86.075172     126.363815      -4.364482       0.480167      -8.356136    -179.465866      71.515724      13.749693     -90.946594     -49.822647      90.335320       6.674231     -11.109765       0.105156    -137.962616     -80.521568      49.141922       3.651318      -7.246924     -14.794472
      42.019981       8.808772      -3.999871      -9.145371      28.706100     -90.005333    -142.430817     -64.324074     -78.179832     -23.941929      19.271761      -2.478483      -5.044320      21.257517     -10.526789      26.050901      21.942003     -25.576721       6.836558      -1.620599     -19.564440      85.269875       7.740353    -118.427696      -4.809915     -55.308689      40.451550      -0.075616      58.869011       0.039399     -13.675093       0.117131      -2.303812      -0.918693      -3.401178     -40.199905     -90.002060     -21.803879      89.994057     -91.849815      -2.788313     -82.733009     -18.456011      -9.492764      74.851456    -359.996246      -5.079581    -360.001709      31.204374      -1.076229      -2.155391      -1.113410       9.575349      -8.805602     -90.000565      -0.365304      89.994530    -178.943130      63.719673     361.745300      90.076035      48.849968      90.035957      -0.058644       8.910627      21.308777      43.675812      86.020058     127.051857      -4.387083       0.510337      -8.215672    -178.093170      71.332062      12.409325     -90.945374     -49.711071      90.333832       6.627849     -10.934764       0.089063    -137.947311     -80.535683      49.196056       3.655837      -7.269561     -14.842202
      42.026905       8.785506      -4.043049      -9.425877      28.753588     -90.267387    -142.659546     -64.365059     -78.455688     -23.932682      19.242943      -2.542320      -5.011158      21.256765     -10.544766      26.014969      22.071030     -25.333752       6.871141      -1.583210     -19.514429      85.526474       7.775239    -118.633804      -4.777361     -55.421074      40.903954      -0.075131      58.692177       0.039010     -13.678443       0.117324      -2.303804      -0.906216      -3.378236     -40.348400     -90.002068     -21.937138      89.994064     -91.796921      -2.798791     -82.751167     -18.340672      -9.748549      74.929794    -359.996796      -4.738278    -360.002869      31.288694      -1.081172      -2.154362      -1.265743       9.034925      -8.690821     -90.000488      -0.393853      89.994606    -178.359207      63.501144     361.115692      90.105606      48.810780      90.045807       0.255682       8.900346      21.183201      43.177197      85.968475     127.665405      -4.408978       0.539664      -8.080353    -176.806061      71.147697      11.155980     -90.945595     -49.591904      90.332764       6.581672     -10.760963       0.073495    -137.884995     -80.559219      49.316921       3.660263      -7.292904     -14.888815
      42.034603       8.765801      -4.084363      -9.685912      28.803492     -90.536171    -142.879761     -64.404007     -78.720390     -23.923168      19.213184      -2.607208      -4.983485      21.255066     -10.565814      25.978621      22.191542     -25.105021       6.904925      -1.544303     -19.466019      85.784813       7.802470    -118.842491      -4.736527     -55.532734      41.360970      -0.074627      58.516350       0.038596     -13.681797       0.117500      -2.303794      -0.894129      -3.358805     -40.492580     -90.002075     -22.068151      89.994064     -91.729279      -2.807775     -82.775833     -18.223087     -10.004982      75.012489    -359.997192      -4.441874    -360.003754      31.373360      -1.086155      -2.153120      -1.393388       8.487740      -8.571781     -90.000443      -0.421912      89.994698    -177.794601      63.296906     360.512238      90.146393      48.763680      90.059372       0.556342       8.894186      21.065697      42.727512      85.919228     128.227997      -4.430481       0.568525      -7.948483    -175.576324      70.957863       9.959523     -90.946251     -49.472675      90.331863       6.536315     -10.588739       0.058448    -137.799484     -80.587402      49.472900       3.668037      -7.292009     -14.932976
      42.043587       8.750424      -4.123754      -9.929151      28.855732     -90.801674    -143.064514     -64.436325     -78.941673     -23.913555      19.183121      -2.671604      -4.956591      21.251978     -10.595990      25.942011      22.301130     -24.892382       6.938536      -1.502191     -19.416368      86.046356       7.822367    -119.052628      -4.687874     -55.643311      41.822468      -0.074129      58.341869       0.038185     -13.684923       0.117656      -2.303788      -0.883592      -3.342275     -40.634472     -90.002090     -22.196983      89.994072     -91.643150      -2.814525     -82.809036     -18.100636     -10.263140      75.099571    -359.997528      -4.191911    -360.004395      31.459312      -1.091170      -2.151722      -1.495496       7.953911      -8.456919     -90.000404      -0.449502      89.994804    -177.257309      63.096664     359.941803      90.188042      48.714455      90.073158       0.846350       8.885497      20.951456      42.284321      85.869934     128.781250      -4.451325       0.599063      -7.819805    -174.317398      70.761299       8.743605     -90.978226     -49.351616      90.341507       6.490241     -10.416429       0.041566    -137.711060     -80.616333      49.640957       3.675729      -7.291262     -14.976560
      42.053364       8.737715      -4.161546     -10.148633      28.911886     -91.089981    -143.279144     -64.473183     -79.198570     -23.904289      19.153316      -2.735290      -4.939337      21.248785     -10.624054      25.905275      22.401596     -24.695435       6.971602      -1.456268     -19.365534      86.310356       7.836798    -119.266853      -4.631953     -55.752609      42.288578      -0.073652      58.168678       0.037787     -13.688206       0.117840      -2.303783      -0.873196      -3.328384     -40.773403     -90.002106     -22.323656      89.994057     -91.545662      -2.818826     -82.848251     -17.977152     -10.520401      75.190903    -359.997772      -3.977274    -360.004791      31.547852      -1.096260      -2.150159      -1.576475       7.430401      -8.343156     -90.000397      -0.476631      89.994896    -176.718552      62.911091     359.372375      90.240372      48.662701      90.090492       1.125825       8.874984      20.842951      41.881229      85.822273     129.292877      -4.472068       0.629834      -7.693604    -173.247559      70.560753       7.703264     -90.960686     -49.231834      90.334587       6.445807     -10.247738       0.027299    -137.604187     -80.647987      49.830494       3.683297      -7.290626     -15.019021
      42.064274       8.727162      -4.198126     -10.356121      28.969868     -91.381439    -143.485031     -64.508087     -79.444458     -23.894928      19.123344      -2.799102      -4.926892      21.245281     -10.653322      25.868761      22.494226     -24.512043       7.004510      -1.405569     -19.311659      86.578545       7.846584    -119.483269      -4.569536     -55.861237      42.759365      -0.073169      57.997143       0.037372     -13.691474       0.118017      -2.303781      -0.862547      -3.315370     -40.911098     -90.002113     -22.448196      89.994080     -91.441704      -2.821141     -82.891663     -17.853928     -10.774363      75.284637    -359.997955      -3.789988    -360.005005      31.638922      -1.101350      -2.148497      -1.640170       6.920186      -8.230949     -90.000381      -0.503297      89.994987    -176.204102      62.728294     358.828918      90.296440      48.610374      90.109009       1.397134       8.861587      20.737280      41.483223      85.774544     129.797211      -4.492247       0.662120      -7.569946    -172.194595      70.354019       6.680420     -90.954010     -49.114994      90.331238       6.399036     -10.078323       0.011517    -137.496735     -80.680016      50.023277       3.690878      -7.290092     -15.060960
      42.076035       8.717881      -4.233786     -10.556133      29.028229     -91.669991    -143.681625     -64.540924     -79.678703     -23.886187      19.094992      -2.858965      -4.919007      21.241482     -10.683664      25.832336      22.580103     -24.341007       7.037046      -1.350352     -19.254835      86.850914       7.852208    -119.702087      -4.499127     -55.969234      43.236542      -0.072698      57.827305       0.036968     -13.694746       0.118190      -2.303786      -0.851697      -3.302470     -41.048473     -90.002129     -22.570665      89.994072     -91.335754      -2.821300     -82.937515     -17.733227     -11.023617      75.379730    -359.998108      -3.623838    -360.005066      31.732311      -1.106546      -2.146736      -1.691391       6.415641      -8.116729     -90.000366      -0.529495      89.995071    -175.708176      62.547691     358.305176      90.353516      48.558846      90.127823       1.662665       8.846896      20.634584      41.105694      85.727455     130.279999      -4.512315       0.694425      -7.447971    -171.174301      70.142792       5.692828     -90.951988     -48.997253      90.329468       6.353321      -9.909758      -0.004026    -137.379166     -80.713562      50.228256       3.698469      -7.289646     -15.101874
      42.088451       8.709356      -4.268848     -10.751114      29.086487     -91.954956    -143.870834     -64.572113     -79.903717     -23.877998      19.068216      -2.915123      -4.915319      21.237535     -10.713989      25.795874      22.660450     -24.180309       7.069058      -1.291350     -19.195648      87.127136       7.854183    -119.923080      -4.420475     -56.076591      43.720467      -0.072245      57.659130       0.036579     -13.698031       0.118378      -2.303783      -0.840746      -3.289535     -41.185749     -90.002151     -22.691076      89.994057     -91.230927      -2.819529     -82.984444     -17.616060     -11.267670      75.475365    -359.998199      -3.474246    -360.005066      31.827620      -1.111791      -2.144929      -1.733747       5.913660      -7.999920     -90.000366      -0.555264      89.995132    -175.225998      62.368412     357.796448      90.410233      48.507233      90.146461       1.923713       8.831611      20.535126      40.749725      85.681107     130.740829      -4.532320       0.726772      -7.327084    -170.192535      69.927132       4.745444     -90.951759     -48.878304      90.328300       6.307669      -9.742438      -0.019358    -137.255951     -80.747620      50.437725       3.706046      -7.289263     -15.141964
      42.101376       8.701268      -4.303563     -10.942577      29.144445     -92.236298    -144.053589     -64.601860     -80.120628     -23.870251      19.042719      -2.968261      -4.915348      21.233503     -10.743905      25.759279      22.736298     -24.028025       7.100465      -1.229300     -19.134720      87.407005       7.852839    -120.145912      -4.333538     -56.183243      44.211246      -0.071786      57.492584       0.036192     -13.701334       0.118568      -2.303788      -0.829737      -3.276528     -41.323093     -90.002174     -22.809465      89.994049     -91.129242      -2.816100     -83.031456     -17.502878     -11.506215      75.570885    -359.998322      -3.338138    -360.004974      31.924496      -1.117037      -2.143090      -1.769622       5.414364      -7.881667     -90.000374      -0.580600      89.995163    -174.755478      62.189938     357.300598      90.466385      48.454918      90.164818       2.181277       8.816235      20.438705      40.414600      85.635414     131.180908      -4.552344       0.759256      -7.206894    -169.248840      69.707199       3.837484     -90.952324     -48.757713      90.327415       6.262377      -9.580696      -0.031481    -137.107651     -80.784615      50.669918       3.713706      -7.288973     -15.181084
      42.114670       8.693320      -4.338088     -11.131864      29.202019     -92.513969    -144.230850     -64.630348     -80.330597     -23.862867      19.018297      -3.018892      -4.918887      21.229445     -10.772979      25.722532      22.808674     -23.882441       7.131255      -1.164810     -19.072668      87.690498       7.848400    -120.370293      -4.238530     -56.288986      44.708702      -0.071349      57.327648       0.035814     -13.704651       0.118744      -2.303788      -0.818692      -3.263498     -41.460560     -90.002174     -22.925888      89.994057     -91.032074      -2.811261     -83.077797     -17.393942     -11.739370      75.666016    -359.998413      -3.212983    -360.004883      32.022675      -1.122332      -2.141214      -1.800929       4.915772      -7.761951     -90.000374      -0.605487      89.995209    -174.295944      62.012257     356.816528      90.522469      48.401726      90.183136       2.436417       8.801890      20.345438      40.101704      85.590576     131.599411      -4.572490       0.791686      -7.087005    -168.341125      69.483574       2.966200     -90.953079     -48.636574      90.326645       6.222817      -9.450272      -0.021680    -136.811981     -80.840576      51.045269       3.721826      -7.288949     -15.217600
      42.128273       8.685368      -4.372497     -11.320339      29.259398     -92.787857    -144.402435     -64.657593     -80.533478     -23.855774      18.994753      -3.067428      -4.925315      21.225370     -10.801180      25.685677      22.878393     -23.742256       7.161438      -1.098262     -19.009886      87.977859       7.841027    -120.596016      -4.135641     -56.393593      45.212749      -0.070922      57.164253       0.035453     -13.707963       0.118939      -2.303793      -0.807591      -3.250539     -41.598244     -90.002205     -23.040361      89.994049     -90.940056      -2.805300     -83.122963     -17.289286     -11.967197      75.760635    -359.998444      -3.096737    -360.004730      32.121937      -1.127685      -2.139300      -1.828925       4.416608      -7.640659     -90.000374      -0.629972      89.995255    -173.845978      61.834541     356.342926      90.578621      48.347420      90.201385       2.689670       8.788345      20.255096      39.810398      85.546547     131.997223      -4.592770       0.824057      -6.967158    -167.465775      69.255859       2.128127     -90.953926     -48.515015      90.325920       6.186450      -9.347452       0.008626    -136.380051     -80.912491      51.537109       3.729888      -7.289012     -15.252376
      42.142208       8.677516      -4.406888     -11.512850      29.315046     -93.045326    -144.547928     -64.680550     -80.705063     -23.849483      18.973845      -3.109958      -4.931193      21.221069     -10.830910      25.648350      22.944086     -23.607821       7.190917      -1.031191     -18.947380      88.268089       7.830503    -120.822495      -4.023167     -56.496857      45.724525      -0.070484      57.002380       0.035089     -13.711244       0.119127      -2.303795      -0.795937      -3.237641     -41.735630     -90.002228     -23.152912      89.994041     -90.853302      -2.797959     -83.166901     -17.189905     -12.188682      75.853149    -359.998535      -2.988022    -360.004608      32.221867      -1.133035      -2.137402      -1.854759       3.919578      -7.519724     -90.000366      -0.654036      89.995300    -173.409424      61.651287     355.884918      90.626579      48.293118      90.216896       2.942220       8.773973      20.165649      39.529221      85.502518     132.385559      -4.613183       0.856816      -6.847298    -166.565826      69.022049       1.279582     -90.977890     -48.382946      90.332718       6.153421      -9.263782       0.052918    -135.812805     -80.998619      52.137554       3.737750      -7.289099     -15.285717
      42.156582       8.672441      -4.441188     -11.685796      29.377218     -93.337036    -144.720459     -64.707504     -80.908539     -23.840963      18.946314      -3.166439      -4.937047      21.216747     -10.863636      25.610306      23.011009     -23.474644       7.218652      -0.966092     -18.888575      88.559074       7.818207    -121.051651      -3.900532     -56.600189      46.244534      -0.070074      56.842503       0.034740     -13.714526       0.119308      -2.303797      -0.784780      -3.224313     -41.872272     -90.002235     -23.263573      89.994041     -90.767937      -2.792267     -83.209549     -17.091238     -12.403465      75.937302    -359.998657      -2.932037    -360.004944      32.314545      -1.138463      -2.135610      -1.850948       3.631518      -7.474448     -90.000427      -0.677684      89.995186    -172.953583      61.472843     355.410065      90.680870      48.232067      90.234329       3.191089       8.751822      20.076641      39.237072      85.457100     132.784821      -4.633386       0.893399      -6.728051    -165.772293      68.784279       0.516355     -90.965103     -48.261967      90.327675       6.110994      -9.210869       0.119036    -135.111694     -81.096916      52.832371       3.745754      -7.289161     -15.320032
      42.171944       8.669591      -4.475222     -11.848541      29.440844     -93.631653    -144.889557     -64.733620     -81.107796     -23.833183      18.921572      -3.217670      -4.937884      21.212370     -10.904809      25.570776      23.073128     -23.344931       7.244891      -0.907396     -18.837402      88.847427       7.802794    -121.280899      -3.765805     -56.703091      46.771824      -0.069661      56.684017       0.034404     -13.717670       0.119491      -2.303794      -0.773633      -3.211575     -42.005756     -90.002243     -23.372387      89.994041     -90.685959      -2.788314     -83.250397     -16.997744     -12.603270      76.013069    -359.998688      -2.891644    -360.005127      32.410091      -1.143709      -2.133793      -1.835555       3.440883      -7.468267     -90.000465      -0.700924      89.995148    -172.519119      61.290825     354.957092      90.731331      48.170372      90.250473       3.436000       8.718765      19.983749      38.920822      85.408867     133.206528      -4.653467       0.934507      -6.610485    -164.998230      68.541611      -0.222424     -90.960342     -48.133034      90.325127       6.067019      -9.178889       0.202343    -134.227722     -81.213356      53.680035       3.753489      -7.289177     -15.354009
      42.187988       8.669410      -4.509287     -11.998384      29.504211     -93.931694    -145.069946     -64.761322     -81.320221     -23.826229      18.900497      -3.262068      -4.930645      21.208801     -10.949550      25.528879      23.129587     -23.219732       7.268243      -0.862510     -18.801430      89.124886       7.785116    -121.512154      -3.614259     -56.807152      47.307896      -0.069240      56.527512       0.034073     -13.720601       0.119647      -2.303782      -0.762501      -3.199481     -42.132259     -90.002274     -23.479389      89.994034     -90.611992      -2.786429     -83.286423     -16.912884     -12.769697      76.071877    -359.998810      -2.884889    -360.005859      32.495522      -1.148589      -2.132361      -1.800730       3.417255      -7.516727     -90.000534      -0.723766      89.995079    -172.097885      61.106068     354.516785      90.774826      48.106880      90.264259       3.678089       8.673717      19.886343      38.576653      85.357368     133.654648      -4.673456       0.980269      -6.494373    -164.258362      68.295181      -0.926452     -90.959152     -47.995491      90.323669       6.019279      -9.168778       0.302988    -133.150391     -81.346893      54.692924       3.761082      -7.289137     -15.388177
      42.204258       8.669112      -4.543731     -12.147403      29.562185     -94.224854    -145.267700     -64.791321     -81.552567     -23.820671      18.883799      -3.297342      -4.925471      21.206516     -10.980971      25.487398      23.182125     -23.101826       7.290275      -0.826020     -18.777821      89.395767       7.765967    -121.745117      -3.453717     -56.912773      47.845127      -0.068822      56.372356       0.033748     -13.723379       0.119809      -2.303776      -0.751382      -3.187507     -42.252529     -90.002281     -23.584591      89.994034     -90.549583      -2.785614     -83.317314     -16.845602     -12.914578      76.120880    -359.998840      -2.886478    -360.006226      32.583447      -1.153442      -2.130811      -1.767584       3.393914      -7.559803     -90.000580      -0.746215      89.995026    -171.692841      60.919945     354.089417      90.813812      48.041870      90.276512       3.919085       8.626360      19.789013      38.241436      85.305313     134.094345      -4.693724       1.027371      -6.378472    -163.559586      68.046692      -1.590698     -90.959366     -47.851109      90.322632       5.969587      -9.170625       0.414208    -131.920837     -81.490501      55.833370       3.768513      -7.289040     -15.422598
      42.220604       8.668695      -4.578446     -12.297460      29.616364     -94.512329    -145.477310     -64.822670     -81.798187     -23.815889      18.869606      -3.327181      -4.920907      21.205400     -11.000460      25.446058      23.232132     -22.989689       7.310936      -0.796011     -18.764095      89.661018       7.746473    -121.980293      -3.286536     -57.019421      48.383163      -0.068408      56.218769       0.033411     -13.726089       0.119959      -2.303768      -0.741747      -3.176057     -42.369705     -90.002304     -23.688040      89.994019     -90.497917      -2.785276     -83.343178     -16.793642     -13.045215      76.161705    -359.998871      -2.895358    -360.006378      32.672600      -1.158295      -2.129163      -1.737945       3.371269      -7.599089     -90.000618      -0.768299      89.994972    -171.297577      60.731529     353.669922      90.849121      47.974850      90.287506       4.159406       8.578178      19.692524      37.916981      85.253006     134.524277      -4.714268       1.075555      -6.262374    -162.895355      67.794785      -2.221941     -90.960373     -47.702423      90.321770       5.917720      -9.181235       0.532822    -130.573120     -81.638168      57.071480       3.775797      -7.288863     -15.457548
      42.237015       8.668141      -4.613308     -12.449495      29.668198     -94.795311    -145.690903     -64.854065     -82.047836     -23.811749      18.857117      -3.353154      -4.917575      21.204737     -11.013307      25.404819      23.279463     -22.880360       7.331295      -0.767769     -18.755079      89.924355       7.726974    -122.215172      -3.119731     -57.124973      48.917931      -0.068008      56.066132       0.033076     -13.728910       0.120114      -2.303768      -0.732540      -3.165066     -42.486874     -90.002319     -23.789751      89.994011     -90.453857      -2.785523     -83.365074     -16.752039     -13.164374      76.198120    -359.998871      -2.910385    -360.006470      32.761902      -1.163123      -2.127501      -1.711866       3.349064      -7.636646     -90.000641      -0.790013      89.994934    -170.909363      60.540413     353.256683      90.881927      47.905586      90.297653       4.398808       8.530001      19.597279      37.604572      85.200592     134.943207      -4.735056       1.124699      -6.146058    -162.261841      67.538704      -2.823911     -90.961334     -47.551258      90.320908       5.864330      -9.198345       0.656740    -129.127518     -81.786308      58.392265       3.782933      -7.288613     -15.493054
      42.253593       8.667589      -4.648260     -12.609949      29.717867     -95.057564    -145.871841     -64.880379     -82.258530     -23.808554      18.847513      -3.372504      -4.910445      21.203415     -11.028906      25.362938      23.324200     -22.772142       7.351361      -0.739371     -18.746937      90.186043       7.707380    -122.447563      -2.953988     -57.227657      49.450798      -0.067615      55.914906       0.032734     -13.731731       0.120273      -2.303770      -0.723306      -3.153677     -42.605881     -90.002342     -23.889757      89.994011     -90.412659      -2.784224     -83.386215     -16.713451     -13.278048      76.232391    -359.998840      -2.928773    -360.006500      32.851139      -1.167883      -2.125823      -1.688708       3.327833      -7.673295     -90.000656      -0.811346      89.994904    -170.533493      60.340488     352.858124      90.903763      47.836132      90.304184       4.638690       8.481056      19.501692      37.299271      85.147598     135.355988      -4.756145       1.174678      -6.029405    -161.583664      67.273544      -3.453473     -90.993561     -47.388386      90.329910       5.812957      -9.215226       0.780584    -127.597336     -81.932549      59.791149       3.789823      -7.288294     -15.528611
      42.270042       8.666598      -4.683558     -12.761937      29.768171     -95.342178    -146.094101     -64.911858     -82.517235     -23.804586      18.834881      -3.398440      -4.908733      21.203003     -11.036922      25.320368      23.370050     -22.662001       7.370554      -0.711829     -18.741705      90.446304       7.687799    -122.680077      -2.788391     -57.327698      49.982578      -0.067237      55.765362       0.032408     -13.734675       0.120435      -2.303776      -0.716508      -3.142622     -42.727177     -90.002350     -23.988092      89.993996     -90.375595      -2.782889     -83.405312     -16.676235     -13.388014      76.266098    -359.998810      -2.950430    -360.006500      32.940041      -1.172625      -2.124146      -1.668112       3.307116      -7.709409     -90.000664      -0.832335      89.994865    -170.149185      60.148216     352.449738      90.936874      47.759640      90.314301       4.875306       8.434797      19.410322      37.014149      85.095482     135.750122      -4.777419       1.225909      -5.912450    -161.042191      67.013557      -3.973488     -90.976486     -47.237499      90.323273       5.756042      -9.242562       0.911970    -125.994720     -82.075142      61.252235       3.796801      -7.287908     -15.565571
      42.286625       8.665542      -4.718773     -12.919220      29.819592     -95.621826    -146.307541     -64.941650     -82.765030     -23.800791      18.823071      -3.422586      -4.903937      21.202616     -11.045913      25.277647      23.415993     -22.551165       7.389425      -0.684715     -18.738588      90.708336       7.667171    -122.911880      -2.620805     -57.425396      50.515270      -0.066865      55.617100       0.032090     -13.737639       0.120608      -2.303788      -0.709596      -3.129857     -42.848133     -90.002373     -24.084780      89.993988     -90.341858      -2.781046     -83.422920     -16.640799     -13.494225      76.298988    -359.998779      -2.974838    -360.006500      33.028572      -1.177307      -2.122501      -1.649976       3.287824      -7.745460     -90.000679      -0.852980      89.994827    -169.775757      59.950134     352.053162      90.969681      47.681324      90.324242       5.110949       8.388087      19.319433      36.736950      85.043076     136.137115      -4.798900       1.278257      -5.795491    -160.493576      66.744926      -4.495912     -90.969978     -47.084473      90.319969       5.700833      -9.271579       1.044798    -124.320251     -82.213394      62.786919       3.803553      -7.287455     -15.602529
      42.303379       8.664464      -4.754115     -13.076219      29.868868     -95.886803    -146.490860     -64.966675     -82.977158     -23.797466      18.811792      -3.444951      -4.900553      21.201256     -11.059630      25.233908      23.460518     -22.439489       7.407748      -0.657622     -18.736561      90.969696       7.645597    -123.140755      -2.453336     -57.519966      51.046917      -0.066511      55.469379       0.031783     -13.740617       0.120767      -2.303797      -0.700847      -3.108781     -42.955818     -90.002380     -24.179844      89.993973     -90.310890      -2.778271     -83.439575     -16.606886     -13.597208      76.330200    -359.998779      -3.001429    -360.006500      33.116608      -1.181959      -2.120857      -1.634171       3.270126      -7.781551     -90.000687      -0.873275      89.994781    -169.351288      59.742737     351.614716      90.964806      47.605328      90.322044       5.345402       8.339972      19.234688      36.495510      84.993118     136.490646      -4.820714       1.330138      -5.677964    -159.987228      66.477875      -4.970530     -90.967934     -46.922871      90.318062       5.644948      -9.303370       1.178898    -122.555000     -82.348114      64.418327       3.810183      -7.286932     -15.639849
      42.320293       8.663200      -4.789515     -13.238171      29.918339     -96.144966    -146.665436     -64.990311     -83.178787     -23.794579      18.802380      -3.463579      -4.894960      21.199833     -11.074321      25.189627      23.503889     -22.327953       7.425665      -0.630205     -18.735134      91.231384       7.622853    -123.367653      -2.284636     -57.611279      51.579006      -0.066143      55.322803       0.031471     -13.743609       0.120937      -2.303809      -0.689991      -3.079367     -43.048672     -90.002403     -24.273327      89.993973     -90.282394      -2.774723     -83.455238     -16.574753     -13.696758      76.360161    -359.998718      -3.030294    -360.006500      33.204220      -1.186601      -2.119194      -1.620332       3.253623      -7.817602     -90.000702      -0.893232      89.994751    -168.937592      59.532982     351.189056      90.963249      47.526184      90.320885       5.580079       8.296025      19.149607      36.260990      84.942863     136.838318      -4.842833       1.381990      -5.559844    -159.495178      66.206093      -5.428561     -90.968117     -46.760563      90.316849       5.591888      -9.336838       1.314451    -120.723907     -82.476791      66.122704       3.816738      -7.286399     -15.676985
      42.337337       8.661787      -4.824919     -13.403655      29.968725     -96.399704    -146.834076     -65.012901     -83.373322     -23.791861      18.793669      -3.480852      -4.887676      21.198511     -11.089111      25.144850      23.546566     -22.216354       7.443107      -0.602589     -18.734844      91.494057       7.598842    -123.593407      -2.113715     -57.699192      52.112690      -0.065801      55.177635       0.031180     -13.746599       0.121104      -2.303819      -0.677341      -3.043085     -43.128944     -90.002434     -24.365244      89.993980     -90.256302      -2.770784     -83.469818     -16.544186     -13.792737      76.389351    -359.998718      -3.061231    -360.006500      33.291538      -1.191201      -2.117548      -1.608065       3.238416      -7.853740     -90.000710      -0.912849      89.994736    -168.530991      59.320431     350.772736      90.963348      47.443905      90.320213       5.813604       8.254439      19.066156      36.037502      84.892784     137.176193      -4.865205       1.434679      -5.441381    -159.018585      65.929871      -5.870256     -90.968803     -46.598328      90.315781       5.540384      -9.371348       1.450065    -118.846634     -82.597488      67.880661       3.823226      -7.285834     -15.714129
      42.354504       8.660219      -4.860363     -13.570476      30.019579     -96.650970    -146.994827     -65.034073     -83.558456     -23.789251      18.785116      -3.497748      -4.880171      21.197105     -11.104501      25.099426      23.588568     -22.104387       7.460019      -0.574830     -18.735802      91.757484       7.573445    -123.817902      -1.940320     -57.783237      52.648350      -0.065456      55.034157       0.030893     -13.749564       0.121273      -2.303822      -0.663581      -3.003089     -43.201962     -90.002441     -24.455614      89.993973     -90.232445      -2.766573     -83.483368     -16.514948     -13.885385      76.417786    -359.998688      -3.094048    -360.006500      33.378529      -1.195795      -2.115884      -1.597222       3.224581      -7.890018     -90.000717      -0.932135      89.994713    -168.128525      59.106915     350.362000      90.963692      47.360508      90.319633       6.046829       8.215573      18.984112      35.826057      84.843048     137.503235      -4.887847       1.487548      -5.322631    -158.557983      65.651520      -6.294410     -90.969925     -46.434452      90.314842       5.490229      -9.406740       1.585623    -116.920067     -82.710205      69.696930       3.829618      -7.285247     -15.751217
      42.371700       8.658585      -4.895874     -13.746338      30.071119     -96.887817    -147.130081     -65.051872     -83.713806     -23.787205      18.778698      -3.509986      -4.867883      21.195335     -11.122632      25.053391      23.629084     -21.992479       7.476569      -0.546729     -18.737408      92.022125       7.546578    -124.040619      -1.764612     -57.863422      53.185944      -0.065120      54.891895       0.030619     -13.752494       0.121433      -2.303829      -0.648584      -2.958632     -43.266563     -90.002472     -24.544477      89.993965     -90.210190      -2.761614     -83.496429     -16.487238     -13.975496      76.445351    -359.998657      -3.128586    -360.006470      33.465080      -1.200366      -2.114232      -1.587288       3.211984      -7.926793     -90.000725      -0.951116      89.994667    -167.773590      58.890965     349.995728      90.977257      47.277264      90.323265       6.283481       8.178386      18.897509      35.603916      84.791092     137.841232      -4.910819       1.541098      -5.203553    -158.017715      65.360718      -6.778299     -91.006363     -46.260948      90.324760       5.445880      -9.438012       1.717580    -114.945145     -82.814606      71.574715       3.835868      -7.284663     -15.787414
      42.390469       8.656844      -4.931244     -13.891234      30.139257     -97.121765    -147.189407     -65.058167     -83.788528     -23.782619      18.764528      -3.546851      -4.870205      21.193233     -11.162900      25.008440      23.677444     -21.872967       7.492965      -0.521164     -18.743843      92.299454       7.519554    -124.269814      -1.578995     -57.945637      53.735214      -0.064799      54.751556       0.030339     -13.755712       0.121615      -2.303840      -0.633163      -2.909008     -43.326290     -90.002495     -24.631847      89.993958     -90.190033      -2.760480     -83.507347     -16.455988     -14.059861      76.473656    -359.998627      -3.169905    -360.006500      33.551353      -1.204975      -2.112585      -1.574046       3.211246      -7.963880     -90.000732      -0.969755      89.994644    -167.364517      58.696194     349.629242      90.969940      47.165676      90.320030       6.495191       8.148272      18.825590      35.424805      84.743828     138.133423      -4.932936       1.593629      -5.085281    -157.656021      65.110275      -7.077753     -90.987122     -46.086437      90.317513       5.395282      -9.477209       1.854672    -112.924553     -82.910912      73.502762       3.842245      -7.284028     -15.824900
      42.410393       8.655026      -4.964757     -14.033396      30.214808     -97.320114    -147.159439     -65.052551     -83.760033     -23.780222      18.756466      -3.572093      -4.880097      21.187674     -11.234222      24.965649      23.733259     -21.749052       7.509420      -0.500046     -18.761471      92.604836       7.487457    -124.509224      -1.367677     -58.030689      54.311432      -0.064489      54.612381       0.030067     -13.758759       0.121789      -2.303854      -0.616030      -2.852569     -43.385204     -90.002525     -24.717768      89.993958     -90.176750      -2.759308     -83.514206     -16.426767     -14.141378      76.503632    -359.998566      -3.216223    -360.006592      33.637161      -1.209581      -2.110954      -1.561509       3.208205      -8.000233     -90.000740      -0.988090      89.994614    -166.978394      58.514839     349.343018      90.968163      47.004601      90.318123       6.650748       8.139040      18.766228      35.263237      84.700920     138.393768      -4.952366       1.647332      -4.980009    -157.311783      64.872627      -7.332074     -90.979645     -45.910130      90.313850       5.352024      -9.512680       1.989235    -110.947021     -82.995132      75.397858       3.848473      -7.283407     -15.861231
      42.429031       8.652864      -4.996813     -14.179327      30.284000     -97.509506    -147.148087     -65.049805     -83.749626     -23.779089      18.751303      -3.586922      -4.896386      21.181532     -11.293480      24.920744      23.788624     -21.628824       7.522818      -0.482143     -18.789257      92.908058       7.451375    -124.753456      -1.144675     -58.108368      54.896126      -0.064174      54.474068       0.029828     -13.761512       0.121944      -2.303853      -0.597819      -2.796575     -43.435154     -90.002541     -24.802248      89.993958     -90.169716      -2.754681     -83.518318     -16.404852     -14.218768      76.535675    -359.998535      -3.259675    -360.006531      33.723122      -1.214082      -2.109289      -1.554327       3.196605      -8.035785     -90.000740      -1.006117      89.994606    -166.609863      58.333641     349.074829      90.968315      46.834610      90.316772       6.786686       8.135813      18.712481      35.114372      84.660324     138.635864      -4.970802       1.702016      -4.882585    -156.975418      64.634270      -7.587677     -90.977234     -45.743893      90.311844       5.311979      -9.544890       2.119562    -109.017143     -83.067703      77.251205       3.854635      -7.282796     -15.897197
      42.446499       8.650826      -5.027445     -14.324027      30.354023     -97.697006    -147.135635     -65.047226     -83.736359     -23.777348      18.742880      -3.604713      -4.919919      21.173384     -11.348715      24.876467      23.850595     -21.506958       7.535010      -0.462868     -18.822302      93.212074       7.414390    -125.003571      -0.923823     -58.181293      55.477707      -0.063866      54.337029       0.029588     -13.764426       0.122114      -2.303852      -0.580252      -2.742613     -43.478802     -90.002541     -24.885305      89.993958     -90.160820      -2.706957     -83.539726     -16.329475     -14.320498      76.597389    -359.998505      -3.302434    -360.006897      33.806519      -1.218639      -2.107770      -1.544590       3.172118      -8.070561     -90.000732      -1.023845      89.994583    -166.249084      58.152702     348.814392      90.969238      46.664299      90.315681       6.913168       8.133914      18.661179      34.971928      84.620705     138.868530      -4.988745       1.756421      -4.788805    -156.643372      64.395874      -7.844008     -90.976990     -45.587372      90.310608       5.274517      -9.575667       2.247136    -107.112473     -83.130371      79.084435       3.860764      -7.282173     -15.932858
      42.462875       8.648482      -5.057223     -14.467133      30.425480     -97.881340    -147.112213     -65.043465     -83.710182     -23.774731      18.732399      -3.626380      -4.940878      21.164970     -11.409602      24.826937      23.913376     -21.374969       7.544676      -0.445355     -18.859459      93.508553       7.376739    -125.252052      -0.708535     -58.247444      56.053352      -0.063567      54.201088       0.029362     -13.767550       0.122285      -2.303844      -0.563766      -2.690068     -43.518757     -90.002556     -24.966980      89.993965     -90.153564      -2.604563     -83.578552     -16.190046     -14.481767      76.678894    -359.998505      -3.335351    -360.007019      33.890297      -1.223174      -2.106146      -1.536163       3.126591      -8.103885     -90.000740      -1.041273      89.994576    -165.891663      57.974010     348.556549      90.970398      46.497478      90.314667       7.036598       8.134441      18.612041      34.842777      84.582573     139.086746      -5.006563       1.808499      -4.696720    -156.316406      64.159874      -8.097454     -90.977516     -45.437733      90.309639       5.238923      -9.604074       2.371845    -105.225006     -83.184242      80.904655       3.866843      -7.281553     -15.968266
      42.479176       8.645828      -5.087313     -14.607986      30.490580     -98.058662    -147.104919     -65.042137     -83.702805     -23.772524      18.724840      -3.643111      -4.960064      21.158403     -11.460217      24.775354      23.972708     -21.244278       7.552198      -0.435826     -18.906116      93.787201       7.337757    -125.493347      -0.491451     -58.310699      56.622410      -0.063251      54.067108       0.029137     -13.770357       0.122434      -2.303835      -0.546194      -2.637989     -43.552135     -90.002563     -25.047279      89.993965     -90.148682      -2.500348     -83.614784     -16.055870     -14.636851      76.749321    -359.998505      -3.360554    -360.007111      33.970501      -1.227445      -2.104644      -1.536937       3.064247      -8.128914     -90.000740      -1.058432      89.994553    -165.553558      57.799286     348.314972      90.971542      46.327900      90.313683       7.158790       8.136084      18.562870      34.714325      84.544258     139.303955      -5.024346       1.860629      -4.605269    -156.010696      63.929832      -8.331795     -90.978317     -45.283798      90.308754       5.202515      -9.631209       2.494847    -103.331581     -83.230606      82.738106       3.872854      -7.280904     -16.003696
      42.495579       8.643861      -5.117245     -14.754430      30.554018     -98.214722    -147.056290     -65.035851     -83.647377     -23.770260      18.717453      -3.658139      -4.976391      21.150869     -11.510850      24.724831      24.029085     -21.117601       7.560334      -0.425442     -18.952936      94.061539       7.298124    -125.730179      -0.280861     -58.370953      57.181637      -0.062942      53.934063       0.028897     -13.773021       0.122587      -2.303821      -0.528375      -2.586754     -43.584202     -90.002586     -25.126251      89.993958     -90.149353      -2.394432     -83.646919     -15.928028     -14.785462      76.812325    -359.998505      -3.393136    -360.007172      34.050949      -1.231719      -2.103105      -1.533396       3.009757      -8.152066     -90.000748      -1.075282      89.994545    -165.242111      57.617508     348.100891      90.963356      46.160263      90.309769       7.281340       8.134850      18.510084      34.563972      84.503448     139.541565      -5.041805       1.914323      -4.514899    -155.593079      63.684097      -8.655001     -91.040565     -45.124268      90.326210       5.165182      -9.650276       2.610342    -101.474640     -83.268990      84.543602       3.878762      -7.280205     -16.039324
      42.511410       8.640924      -5.147563     -14.881649      30.613758     -98.399773    -147.071518     -65.037170     -83.665916     -23.767633      18.706980      -3.679688      -5.006422      21.144356     -11.550152      24.673222      24.085123     -20.990677       7.567526      -0.415114     -19.001886      94.328880       7.259397    -125.965836      -0.075972     -58.427460      57.733616      -0.062629      53.802193       0.028655     -13.775814       0.122740      -2.303822      -0.511026      -2.535987     -43.615730     -90.002602     -25.203884      89.993950     -90.156311      -2.289500     -83.673836     -15.804757     -14.925450      76.870506    -359.998474      -3.429099    -360.007263      34.129669      -1.236019      -2.101577      -1.531588       2.953284      -8.173480     -90.000748      -1.091848      89.994560    -164.918045      57.453945     347.868652      90.969856      45.987194      90.310425       7.399856       8.135748      18.459814      34.438263      84.464394     139.755157      -5.059848       1.967328      -4.424718    -155.371094      63.474102      -8.816525     -91.007423     -44.960049      90.315201       5.131865      -9.683452       2.736067     -99.483810     -83.301163      86.491127       3.884794      -7.279609     -16.073740
      42.527603       8.638213      -5.177551     -15.008977      30.675140     -98.584373    -147.078735     -65.037712     -83.675415     -23.764162      18.694656      -3.705124      -5.035912      21.138210     -11.587781      24.622147      24.140673     -20.864998       7.574765      -0.404391     -19.051950      94.595802       7.220077    -126.199913       0.125735     -58.481792      58.280479      -0.062332      53.671642       0.028413     -13.778606       0.122890      -2.303821      -0.493693      -2.484606     -43.647846     -90.002617     -25.280235      89.993935     -90.166931      -2.186525     -83.697235     -15.685369     -15.056343      76.925667    -359.998474      -3.465959    -360.007355      34.208050      -1.240232      -2.100068      -1.529915       2.896866      -8.194145     -90.000755      -1.108144      89.994545    -164.603180      57.287636     347.646362      90.975487      45.814384      90.310837       7.516133       8.135853      18.410196      34.306210      84.424866     139.973969      -5.077462       2.021012      -4.335770    -155.123550      63.255985      -9.003724     -90.992821     -44.804317      90.309692       5.094231      -9.712577       2.857951     -97.565956     -83.325111      88.368439       3.890626      -7.278914     -16.108753
      42.543896       8.635440      -5.207184     -15.137041      30.736364     -98.761452    -147.075241     -65.036896     -83.672409     -23.761028      18.683254      -3.728409      -5.067639      21.131886     -11.624095      24.571583      24.194998     -20.742577       7.581898      -0.392663     -19.102877      94.863289       7.179746    -126.433220       0.326637     -58.533108      58.825127      -0.062036      53.542294       0.028174     -13.781328       0.123043      -2.303823      -0.476063      -2.432525     -43.680412     -90.002625     -25.355289      89.993935     -90.183365      -2.082091     -83.717590     -15.571336     -15.183434      76.978256    -359.998413      -3.506382    -360.007324      34.287937      -1.244493      -2.098456      -1.528178       2.837085      -8.213264     -90.000755      -1.124166      89.994514    -164.295639      57.120441     347.431732      90.978241      45.644295      90.310379       7.631941       8.136229      18.360058      34.177467      84.385391     140.188919      -5.095119       2.073628      -4.247488    -154.868088      63.037277      -9.193787     -90.987312     -44.647873      90.306885       5.058573      -9.740240       2.978357     -95.652641     -83.341667      90.248451       3.896444      -7.278237     -16.143240
      42.560223       8.632569      -5.236558     -15.265090      30.797215     -98.932854    -147.064606     -65.035149     -83.661064     -23.758165      18.672632      -3.749894      -5.101774      21.125422     -11.658932      24.520937      24.247885     -20.622873       7.588573      -0.379893     -19.154427      95.130577       7.138637    -126.665749       0.526640     -58.581059      59.367935      -0.061738      53.414162       0.027937     -13.784033       0.123199      -2.303831      -0.458372      -2.380074     -43.712936     -90.002640     -25.429098      89.993935     -90.204880      -1.976668     -83.735016     -15.461981     -15.306601      77.028435    -359.998413      -3.549600    -360.007294      34.368034      -1.248759      -2.096813      -1.527256       2.774269      -8.231149     -90.000755      -1.139916      89.994507    -163.993103      56.953106     347.222412      90.978615      45.476246      90.309196       7.747355       8.137315      18.309858      34.051403      84.345901     140.400787      -5.112783       2.125497      -4.159674    -154.614288      62.819519      -9.379273     -90.985855     -44.490768      90.305344       5.023872      -9.766850       3.097192     -93.758194     -83.350815      92.114761       3.902225      -7.277568     -16.177341
      42.576481       8.629637      -5.265615     -15.392871      30.859255     -99.101479    -147.050751     -65.032982     -83.645874     -23.755369      18.661751      -3.771334      -5.140838      21.119036     -11.688595      24.472021      24.300972     -20.508430       7.595184      -0.367208     -19.208933      95.403488       7.095653    -126.902618       0.732314     -58.627510      59.914700      -0.061452      53.287201       0.027706     -13.786665       0.123351      -2.303833      -0.440531      -2.327466     -43.745644     -90.002647     -25.501661      89.993942     -90.216270      -1.894289     -83.751991     -15.376207     -15.418491      77.079506    -359.998383      -3.592914    -360.007263      34.445858      -1.252897      -2.095220      -1.529151       2.710457      -8.245412     -90.000771      -1.155410      89.994507    -163.696304      56.785908     347.019012      90.979439      45.310230      90.308205       7.862330       8.138975      18.259575      33.926849      84.306313     140.610794      -5.130455       2.176896      -4.072352    -154.363617      62.602119      -9.559893     -90.985817     -44.334579      90.304222       4.989881      -9.792755       3.214582     -91.891312     -83.352814      93.957092       3.907970      -7.276908     -16.211098
      42.592506       8.626686      -5.294297     -15.519835      30.923265     -99.268005    -147.032593     -65.030251     -83.625687     -23.752552      18.650768      -3.792822      -5.182731      21.112684     -11.716466      24.422461      24.354519     -20.393995       7.600688      -0.356955     -19.271397      95.679962       7.051702    -127.144188       0.943208     -58.671673      60.466217      -0.061178      53.161316       0.027482     -13.789370       0.123503      -2.303838      -0.423002      -2.275146     -43.778351     -90.002663     -25.573013      89.993927     -90.214180      -1.839624     -83.768433     -15.313234     -15.511824      77.130798    -359.998322      -3.634392    -360.007111      34.524960      -1.257015      -2.093594      -1.530623       2.651240      -8.256867     -90.000778      -1.170629      89.994499    -163.403763      56.618954     346.820129      90.980438      45.146957      90.307281       7.977078       8.140872      18.209280      33.804386      84.266693     140.818344      -5.148138       2.227592      -3.985455    -154.116531      62.385254      -9.735666     -90.986633     -44.180424      90.303375       4.956419      -9.817987       3.330611     -90.053719     -83.347900      95.772491       3.913663      -7.276251     -16.244543
      42.608471       8.623638      -5.322769     -15.645687      30.987543     -99.432518    -147.011719     -65.027214     -83.602448     -23.749777      18.640121      -3.813799      -5.225596      21.106325     -11.744748      24.371258      24.407438     -20.278042       7.605050      -0.347170     -19.336678      95.954674       7.007156    -127.384613       1.152367     -58.712170      61.015560      -0.060897      53.036728       0.027251     -13.792170       0.123656      -2.303834      -0.405856      -2.222912     -43.810589     -90.002670     -25.643185      89.993927     -90.213600      -1.787844     -83.782814     -15.254086     -15.598072      77.180260    -359.998260      -3.677296    -360.006958      34.605419      -1.261241      -2.091944      -1.531085       2.591952      -8.267929     -90.000771      -1.185608      89.994476    -163.117584      56.453110     346.627197      90.982201      44.984955      90.306625       8.091198       8.143201      18.158844      33.683338      84.226959     141.024078      -5.165802       2.277806      -3.899039    -153.875671      62.169933      -9.904866     -90.987419     -44.026947      90.302551       4.923040      -9.842582       3.445430     -88.245453     -83.336472      97.560394       3.919314      -7.275587     -16.277729
      42.624546       8.621044      -5.351064     -15.779741      31.052256     -99.574089    -146.943726     -65.018387     -83.524506     -23.747240      18.631001      -3.831064      -5.263594      21.098837     -11.779028      24.319313      24.458696     -20.162079       7.609031      -0.337054     -19.402758      96.228951       6.961481    -127.622383       1.359547     -58.749126      61.562202      -0.060633      52.913383       0.027039     -13.794947       0.123810      -2.303840      -0.388735      -2.170523     -43.842606     -90.002678     -25.712160      89.993919     -90.215141      -1.737101     -83.795555     -15.198796     -15.681635      77.227531    -359.998199      -3.720973    -360.006897      34.685860      -1.265407      -2.090324      -1.531376       2.531449      -8.278769     -90.000778      -1.200342      89.994484    -162.850143      56.278145     346.455994      90.971191      44.826664      90.302094       8.206549       8.142430      18.105371      33.544758      84.185036     141.246216      -5.183156       2.329051      -3.813403    -153.521835      61.935734     -10.159838     -91.052849     -43.868603      90.320396       4.888071      -9.857941       3.551890     -86.511787     -83.319641      99.276482       3.924861      -7.274876     -16.311075
      42.640060       8.617395      -5.379928     -15.893929      31.112976     -99.745178    -146.937912     -65.016930     -83.518745     -23.744530      18.619183      -3.854096      -5.315453      21.092144     -11.805590      24.265184      24.510115     -20.042877       7.611661      -0.327258     -19.471107      96.498116       6.915818    -127.858711       1.562814     -58.781818      62.104458      -0.060374      52.791256       0.026835     -13.797849       0.123969      -2.303841      -0.372080      -2.118445     -43.873913     -90.002693     -25.780006      89.993927     -90.218643      -1.688304     -83.806564     -15.145461     -15.760202      77.273178    -359.998138      -3.767715    -360.006775      34.766193      -1.269653      -2.088641      -1.532682       2.470654      -8.288986     -90.000771      -1.214817      89.994476    -162.565445      56.120724     346.262207      90.973007      44.663006      90.301483       8.318571       8.143242      18.054321      33.430737      84.145035     141.444611      -5.201160       2.379506      -3.727749    -153.357132      61.741379     -10.261708     -91.017990     -43.703999      90.309303       4.856153      -9.888085       3.669523     -84.657387     -83.293846     101.116768       3.930542      -7.274270     -16.343283
      42.655567       8.613913      -5.408356     -16.009172      31.175306     -99.914917    -146.925461     -65.015083     -83.505829     -23.740503      18.604954      -3.882619      -5.360681      21.085665     -11.834874      24.206869      24.563974     -19.911539       7.612536      -0.319568     -19.544628      96.752647       6.871646    -128.090958       1.756914     -58.807804      62.637062      -0.060112      52.670746       0.026643     -13.800950       0.124146      -2.303829      -0.356169      -2.067007     -43.903004     -90.002708     -25.846693      89.993927     -90.223801      -1.641786     -83.816223     -15.092225     -15.838992      77.316475    -359.998138      -3.815789    -360.006744      34.845638      -1.273848      -2.087015      -1.534375       2.409559      -8.299511     -90.000771      -1.229051      89.994476    -162.295074      55.962807     346.082031      90.978699      44.499786      90.302017       8.428906       8.145062      18.003674      33.310295      84.104492     141.648422      -5.218732       2.430271      -3.642998    -153.165161      61.538380     -10.391998     -91.002571     -43.550797      90.303749       4.819242      -9.913475       3.782933     -82.920700     -83.263962     102.836937       3.936017      -7.273561     -16.376122
      42.668392       8.610519      -5.435360     -16.114574      31.230637    -100.069870    -146.902664     -65.012558     -83.481644     -23.734125      18.584667      -3.922536      -5.387424      21.077320     -11.876628      24.132286      24.624825     -19.737335       7.606883      -0.320178     -19.629408      96.936073       6.836398    -128.302887       1.905580     -58.819233      63.115448      -0.059858      52.552799       0.026509     -13.804658       0.124355      -2.303798      -0.343005      -2.021043     -43.919891     -90.002731     -25.912277      89.993912     -90.227989      -1.602251     -83.825989     -15.033783     -15.927099      77.352905    -359.998138      -3.862716    -360.006653      34.922554      -1.277872      -2.085457      -1.538145       2.351573      -8.311146     -90.000786      -1.243051      89.994469    -162.046707      55.817142     345.916626      90.980049      44.343002      90.301308       8.532345       8.147124      17.954033      33.191463      84.064377     141.847382      -5.235814       2.478989      -3.560213    -152.976486      61.351048     -10.523551     -90.996536     -43.403473      90.300972       4.794951      -9.936128       3.891637     -81.266098     -83.226990     104.577377       3.938480      -7.272397     -16.403292
      42.677605       8.607295      -5.460174     -16.205303      31.277069    -100.210762    -146.875702     -65.009995     -83.452324     -23.725859      18.557854      -3.972848      -5.400312      21.067282     -11.925545      24.049976      24.688591     -19.540504       7.598563      -0.324880     -19.715776      97.057938       6.807431    -128.490784       2.001515     -58.827362      63.521244      -0.059586      52.436409       0.026366     -13.808166       0.124549      -2.303759      -0.330361      -1.980780     -43.928585     -90.002731     -25.976768      89.993927     -90.229057      -1.569142     -83.836845     -14.969175     -16.022068      77.385262    -359.998108      -3.906785    -360.006561      34.998241      -1.281841      -2.083921      -1.542451       2.295350      -8.323463     -90.000793      -1.256820      89.994469    -161.816345      55.688026     345.761047      90.975586      44.193382      90.298912       8.621826       8.150326      17.907423      33.075939      84.025581     142.037247      -5.251917       2.524732      -3.481529    -152.801331      61.186199     -10.652280     -90.994598     -43.266399      90.299484       4.772915      -9.956280       3.996608     -79.653084     -83.184212     106.281136       3.943582      -7.271981     -16.430117
      42.683655       8.604607      -5.482524     -16.279491      31.315758    -100.343109    -146.850845     -65.007965     -83.424652     -23.716326      18.525581      -4.031176      -5.402822      21.056011     -11.979618      23.965446      24.752571     -19.333767       7.590251      -0.331450     -19.801586      97.129585       6.784914    -128.657745       2.049323     -58.836136      63.859440      -0.059300      52.321117       0.026205     -13.811228       0.124712      -2.303732      -0.316968      -1.943960     -43.934460     -90.002731     -26.040171      89.993919     -90.225983      -1.541185     -83.849060     -14.898410     -16.119797      77.414207    -359.998077      -3.950663    -360.006592      35.072704      -1.285796      -2.082422      -1.543549       2.255908      -8.338213     -90.000809      -1.270347      89.994476    -161.600449      55.575119     345.612427      90.966888      44.050831      90.295357       8.694299       8.153831      17.864094      32.962711      83.988281     142.217834      -5.266767       2.567585      -3.408331    -152.639420      61.042637     -10.780508     -90.994286     -43.142067      90.298553       4.751917      -9.974663       4.098921     -78.100693     -83.136810     107.921158       3.948439      -7.271523     -16.456604
      42.687160       8.601789      -5.502546     -16.340782      31.346992    -100.465912    -146.832611     -65.006805     -83.403870     -23.706377      18.490267      -4.093136      -5.400005      21.044264     -12.034044      23.881691      24.815298     -19.124865       7.583220      -0.338444     -19.885796      97.161705       6.768939    -128.807861       2.056502     -58.846992      64.140396      -0.059003      52.206871       0.026005     -13.813884       0.124863      -2.303710      -0.302476      -1.908377     -43.940784     -90.002754     -26.102520      89.993919     -90.219986      -1.516757     -83.862488     -14.824063     -16.222248      77.443024    -359.998047      -3.982486    -360.006439      35.149384      -1.289724      -2.080821      -1.546625       2.205151      -8.350548     -90.000801      -1.283658      89.994484    -161.400253      55.477940     345.472046      90.956718      43.916443      90.291451       8.750672       8.159431      17.824717      32.857265      83.953194     142.384094      -5.280500       2.606825      -3.340599    -152.488647      60.918880     -10.908573     -90.994629     -43.030804      90.297882       4.733221      -9.989130       4.197439     -76.627945     -83.086105     109.477829       3.952908      -7.270945     -16.482855
      42.688911       8.599159      -5.520440     -16.390060      31.372835    -100.582962    -146.821976     -65.006592     -83.391319     -23.696312      18.453117      -4.157056      -5.392862      21.032320     -12.089087      23.799700      24.875702     -18.917965       7.577713      -0.344997     -19.967588      97.162529       6.759458    -128.944290       2.030068     -58.860268      64.374260      -0.058716      52.093769       0.025798     -13.816228       0.124995      -2.303693      -0.286923      -1.872434     -43.949230     -90.002762     -26.163826      89.993919     -90.211159      -1.494763     -83.876984     -14.746738     -16.326794      77.470940    -359.997986      -4.007196    -360.006226      35.227123      -1.293627      -2.079191      -1.549822       2.157097      -8.361600     -90.000801      -1.296743      89.994492    -161.212662      55.393776     345.337982      90.946190      43.790081      90.287514       8.793088       8.165939      17.788431      32.757137      83.919922     142.539154      -5.293197       2.642815      -3.277825    -152.345825      60.811031     -11.037913     -90.995125     -42.931755      90.297356       4.716733     -10.000645       4.292612     -75.239967     -83.032845     110.945618       3.956990      -7.270270     -16.508875
      42.689663       8.597617      -5.536480     -16.438078      31.395914    -100.676811    -146.773682     -65.001717     -83.334610     -23.686302      18.415787      -4.219608      -5.375326      21.019264     -12.150775      23.719936      24.932297     -18.715883       7.573914      -0.350295     -20.045582      97.139694       6.755838    -129.068634       1.976511     -58.875774      64.570351      -0.058446      51.981873       0.025586     -13.818336       0.125123      -2.303693      -0.270303      -1.835064     -43.960598     -90.002785     -26.224102      89.993919     -90.198769      -1.473827     -83.893181     -14.666702     -16.433958      77.496826    -359.997955      -4.032201    -360.006134      35.303703      -1.297540      -2.077633      -1.549199       2.123584      -8.375462     -90.000809      -1.309608      89.994499    -161.046539      55.309917     345.223785      90.922997      43.673599      90.279915       8.826343       8.169003      17.751314      32.641487      83.885757     142.704010      -5.304685       2.677347      -3.219412    -152.092041      60.693233     -11.257921     -91.061035     -42.838791      90.315300       4.700286     -10.001623       4.377643     -73.980995     -82.979828     112.280045       3.960719      -7.269460     -16.535156
      42.689075       8.594909      -5.552246     -16.457825      31.409925    -100.797760    -146.793106     -65.004745     -83.356438     -23.676331      18.374529      -4.288959      -5.371791      21.007093     -12.203932      23.641031      24.986526     -18.515976       7.570934      -0.354596     -20.120335      97.096291       6.758587    -129.184082       1.900205     -58.893013      64.735931      -0.058186      51.871277       0.025376     -13.820419       0.125242      -2.303691      -0.253212      -1.795899     -43.974819     -90.002785     -26.283369      89.993912     -90.183525      -1.455123     -83.910675     -14.584382     -16.543152      77.523155    -359.997894      -4.048056    -360.005890      35.382378      -1.301539      -2.075916      -1.550791       2.079579      -8.386373     -90.000816      -1.322247      89.994499    -160.867126      55.251968     345.085754      90.910454      43.557381      90.275536       8.851329       8.172182      17.718344      32.551044      83.854927     142.840851      -5.316157       2.708074      -3.163918    -152.019714      60.628811     -11.338087     -91.025055     -42.742737      90.304626       4.688191     -10.015374       4.472063     -72.647346     -82.917824     113.694054       3.964154      -7.268668     -16.560059
      42.688526       8.592472      -5.566305     -16.479252      31.427019    -100.914001    -146.809509     -65.007751     -83.375389     -23.666191      18.334322      -4.357313      -5.359745      20.995783     -12.259420      23.564608      25.039856     -18.319803       7.569345      -0.357773     -20.192286      97.041710       6.765613    -129.293716       1.808999     -58.912651      64.879906      -0.057928      51.762074       0.025151     -13.822410       0.125356      -2.303694      -0.235345      -1.754178     -43.992416     -90.002800     -26.341648      89.993896     -90.167183      -1.437243     -83.928421     -14.500011     -16.654423      77.549568    -359.997864      -4.058826    -360.005646      35.462105      -1.305546      -2.074208      -1.551802       2.037632      -8.396940     -90.000809      -1.334676      89.994514    -160.701523      55.196301     344.958984      90.905357      43.450264      90.273392       8.871904       8.179146      17.687460      32.462494      83.825157     142.973236      -5.326945       2.735962      -3.110526    -151.916077      60.556759     -11.451303     -91.008606     -42.669109      90.299423       4.675760     -10.022005       4.560319     -71.479057     -82.859520     114.931145       3.967262      -7.267726     -16.585493
      42.687847       8.590612      -5.578869     -16.498621      31.444111    -101.023323    -146.822266     -65.010246     -83.389946     -23.656752      18.296545      -4.421011      -5.342789      20.984406     -12.318003      23.489857      25.090361     -18.129925       7.568409      -0.359344     -20.261017      96.976662       6.776235    -129.397644       1.706105     -58.933189      65.006264      -0.057674      51.654045       0.024947     -13.824244       0.125468      -2.303702      -0.216582      -1.710405     -44.012157     -90.002792     -26.398941      89.993889     -90.149590      -1.419190     -83.946625     -14.414840     -16.765762      77.574539    -359.997833      -4.073052    -360.005493      35.540649      -1.309605      -2.072551      -1.550752       2.009949      -8.409679     -90.000816      -1.346911      89.994507    -160.542877      55.143539     344.837402      90.900200      43.351086      90.271301       8.887956       8.186847      17.658770      32.378269      83.796677     143.097885      -5.337109       2.760481      -3.059536    -151.796646      60.485840     -11.578310     -91.001923     -42.604626      90.297073       4.665767     -10.025627       4.645000     -70.409286     -82.801979     116.064629       3.969993      -7.266689     -16.610771
      42.686855       8.588594      -5.590257     -16.518070      31.459995    -101.123604    -146.835129     -65.012665     -83.404503     -23.648273      18.261871      -4.478779      -5.324053      20.973185     -12.376091      23.416769      25.138031     -17.946896       7.568033      -0.359005     -20.325974      96.902977       6.790154    -129.497055       1.593871     -58.954315      65.118385      -0.057435      51.547215       0.024740     -13.825982       0.125575      -2.303702      -0.197220      -1.665245     -44.033302     -90.002815     -26.455282      89.993896     -90.132095      -1.400665     -83.964882     -14.330555     -16.879248      77.600143    -359.997772      -4.078906    -360.005280      35.620827      -1.313673      -2.070807      -1.551958       1.971990      -8.419833     -90.000816      -1.358928      89.994507    -160.390991      55.094383     344.720581      90.895279      43.259190      90.269333       8.900900       8.197377      17.632883      32.300926      83.769730     143.213058      -5.346788       2.781948      -3.010734    -151.673996      60.418610     -11.707841     -90.999527     -42.547676      90.295975       4.658478     -10.025456       4.725811     -69.426567     -82.745529     117.107048       3.972349      -7.265544     -16.635918
      42.685703       8.586689      -5.600679     -16.535759      31.475370    -101.218529    -146.848099     -65.015030     -83.419182     -23.640474      18.229441      -4.532465      -5.303625      20.961979     -12.434998      23.345129      25.183088     -17.770216       7.568065      -0.356746     -20.387051      96.822250       6.807105    -129.592697       1.474081     -58.975964      65.218803      -0.057202      51.441601       0.024545     -13.827680       0.125680      -2.303708      -0.177489      -1.618963     -44.055611     -90.002831     -26.510674      89.993881     -90.114365      -1.381803     -83.983231     -14.246414     -16.993166      77.625519    -359.997742      -4.081228    -360.005035      35.701382      -1.317697      -2.069091      -1.552548       1.935372      -8.429304     -90.000816      -1.370741      89.994514    -160.243362      55.048290     344.606171      90.890106      43.173950      90.267326       8.911708       8.209702      17.609098      32.224735      83.743370     143.324432      -5.356007       2.802140      -2.964169    -151.552155      60.355095     -11.836740     -90.998787     -42.496681      90.295418       4.652852     -10.023211       4.803864     -68.511696     -82.689674     118.078140       3.974396      -7.264312     -16.660915
      42.684502       8.585205      -5.610333     -16.550358      31.490795    -101.311707    -146.861267     -65.017319     -83.434258     -23.633068      18.198259      -4.584022      -5.281245      20.950758     -12.495396      23.274687      25.225508     -17.599504       7.568410      -0.352484     -20.444054      96.737465       6.825723    -129.683212       1.346748     -58.999378      65.306099      -0.056969      51.337303       0.024355     -13.829450       0.125785      -2.303711      -0.157759      -1.571712     -44.078819     -90.002838     -26.565145      89.993866     -90.095497      -1.362681     -84.002052     -14.161594     -17.106745      77.649689    -359.997711      -4.088178    -360.004944      35.780651      -1.321810      -2.067395      -1.551601       1.912169      -8.441239     -90.000824      -1.382354      89.994507    -160.096832      55.004421     344.491669      90.884384      43.093880      90.265205       8.920226       8.222372      17.586342      32.147106      83.717239     143.435226      -5.364784       2.821384      -2.919250    -151.430710      60.294472     -11.965815     -90.998627     -42.450172      90.295036       4.647979     -10.020244       4.879969     -67.654724     -82.634254     118.988182       3.976206      -7.263027     -16.685741
      42.683163       8.583419      -5.619373     -16.564400      31.505119    -101.399956    -146.876785     -65.019791     -83.451981     -23.626314      18.169209      -4.631724      -5.259202      20.939592     -12.555096      23.205597      25.265923     -17.434240       7.569137      -0.346342     -20.497234      96.649078       6.846263    -129.770844       1.215257     -59.023346      65.385498      -0.056753      51.234138       0.024171     -13.831135       0.125890      -2.303719      -0.137612      -1.523525     -44.102982     -90.002861     -26.618711      89.993858     -90.077415      -1.343217     -84.020538     -14.077756     -17.221647      77.674507    -359.997711      -4.086481    -360.004730      35.861473      -1.325836      -2.065647      -1.551965       1.879018      -8.450476     -90.000824      -1.393788      89.994507    -159.955688      54.963562     344.380707      90.879196      43.018555      90.263283       8.926210       8.236764      17.565004      32.073292      83.691849     143.540726      -5.373310       2.839305      -2.875627    -151.312241      60.237568     -12.092472     -90.998825     -42.407925      90.294800       4.644317     -10.014803       4.953520     -66.847504     -82.579468     119.845833       3.977760      -7.261670     -16.710403
      42.681839       8.582572      -5.628220     -16.579197      31.518707    -101.474922    -146.858505     -65.017906     -83.430428     -23.619587      18.139826      -4.679031      -5.233525      20.927101     -12.620186      23.137606      25.303698     -17.273817       7.570321      -0.338419     -20.546412      96.558105       6.868621    -129.855301       1.080603     -59.047390      65.459129      -0.056538      51.132046       0.023990     -13.832773       0.125979      -2.303720      -0.117134      -1.474506     -44.127987     -90.002861     -26.671366      89.993858     -90.058022      -1.323107     -84.039886     -13.992817     -17.338766      77.698196    -359.997711      -4.088876    -360.004700      35.940407      -1.329896      -2.063987      -1.550766       1.858055      -8.462436     -90.000824      -1.405030      89.994499    -159.825256      54.916622     344.282318      90.859062      42.945583      90.257019       8.930142       8.244268      17.540689      31.972239      83.663406     143.670166      -5.380883       2.859344      -2.833992    -151.098175      60.165352     -12.291043     -91.055557     -42.356640      90.310249       4.637515     -10.003285       5.019512     -66.086197     -82.524910     120.658012       3.979134      -7.260263     -16.735056
      42.679905       8.580489      -5.638742     -16.567934      31.522402    -101.579620    -146.893906     -65.022110     -83.471138     -23.612467      18.104338      -4.736292      -5.227454      20.914623     -12.678362      23.068991      25.340330     -17.112101       7.571524      -0.329678     -20.592222      96.463142       6.893587    -129.936310       0.941455     -59.071144      65.527069      -0.056341      51.031151       0.023821     -13.834554       0.126082      -2.303722      -0.096930      -1.424792     -44.153709     -90.002861     -26.723146      89.993866     -90.036491      -1.304661     -84.060448     -13.905965     -17.457876      77.722313    -359.997681      -4.085409    -360.004547      36.019997      -1.333930      -2.062248      -1.551619       1.827928      -8.472061     -90.000832      -1.416080      89.994492    -159.682510      54.890079     344.162872      90.845673      42.865788      90.252724       8.931643       8.248596      17.516411      31.878334      83.634789     143.791885      -5.389050       2.882722      -2.794134    -151.034210      60.139790     -12.375420     -91.024078     -42.291866      90.301193       4.628316     -10.005486       5.097369     -65.179604     -82.457924     121.622871       3.980689      -7.258942     -16.759079
      42.678577       8.578794      -5.647893     -16.566877      31.533047    -101.680588    -146.927094     -65.026657     -83.509911     -23.605392      18.072678      -4.788466      -5.211005      20.903067     -12.739344      23.002083      25.377327     -16.953812       7.573148      -0.319970     -20.636061      96.369354       6.918899    -130.016968       0.803299     -59.095242      65.593315      -0.056133      50.931404       0.023654     -13.836228       0.126167      -2.303729      -0.076264      -1.374105     -44.180298     -90.002876     -26.774061      89.993851     -90.015282      -1.285834     -84.080566     -13.818203     -17.576050      77.746315    -359.997681      -4.085540    -360.004486      36.098797      -1.338006      -2.060548      -1.551717       1.809814      -8.482975     -90.000832      -1.426942      89.994507    -159.546478      54.858646     344.051697      90.842484      42.791256      90.251411       8.932930       8.258526      17.494099      31.794138      83.607788     143.904205      -5.397117       2.903302      -2.754080    -150.939331      60.097004     -12.488813     -91.009789     -42.248074      90.296883       4.621487     -10.002165       5.170806     -64.395805     -82.397461     122.455101       3.981931      -7.257538     -16.782938
      42.677307       8.576943      -5.656053     -16.571115      31.544621    -101.770744    -146.954971     -65.030563     -83.542336     -23.599230      18.045097      -4.833578      -5.192186      20.891687     -12.799955      22.936403      25.412813     -16.801151       7.574830      -0.308884     -20.677654      96.274536       6.944647    -130.096359       0.665612     -59.118649      65.657318      -0.055930      50.832611       0.023488     -13.837755       0.126267      -2.303730      -0.055091      -1.323256     -44.206665     -90.002892     -26.824125      89.993858     -89.995880      -1.265917     -84.099815     -13.732695     -17.694693      77.770798    -359.997650      -4.080808    -360.004333      36.178486      -1.342050      -2.058796      -1.552881       1.782682      -8.492648     -90.000839      -1.437619      89.994499    -159.416077      54.826977     343.946045      90.840599      42.723343      90.250504       8.933451       8.272159      17.473944      31.719255      83.582458     144.006622      -5.404987       2.920484      -2.714323    -150.831406      60.051479     -12.610232     -91.004066     -42.211338      90.295013       4.616977      -9.994855       5.240333     -63.690620     -82.340492     123.203514       3.983403      -7.253776     -16.805861
      42.676067       8.575551      -5.663443     -16.574684      31.556751    -101.856453    -146.979996     -65.034058     -83.571396     -23.593632      18.019875      -4.874610      -5.171685      20.880014     -12.861957      22.871635      25.446255     -16.654385       7.576384      -0.296285     -20.716431      96.177284       6.971288    -130.174164       0.527255     -59.141418      65.718025      -0.055727      50.734795       0.023333     -13.839217       0.126341      -2.303731      -0.033773      -1.272795     -44.232441     -90.002892     -26.873344      89.993851     -89.976723      -1.245292     -84.118858     -13.647888     -17.811041      77.794411    -359.997650      -4.079550    -360.004272      36.257122      -1.346127      -2.057083      -1.553306       1.766346      -8.503384     -90.000839      -1.448117      89.994507    -159.286942      54.795628     343.841309      90.837227      42.660362      90.249176       8.932386       8.286128      17.454285      31.644707      83.557480     144.107422      -5.412546       2.936196      -2.675485    -150.720688      60.006435     -12.732491     -91.001907     -42.178185      90.294189       4.613052      -9.986925       5.307947     -63.032894     -82.284904     123.900696       3.985302      -7.247290     -16.827557
      42.674679       8.573912      -5.670348     -16.579414      31.568192    -101.936607    -147.005295     -65.037529     -83.600609     -23.588554      17.996552      -4.912190      -5.151947      20.868498     -12.921916      22.807997      25.478121     -16.512850       7.578024      -0.282179     -20.752314      96.078499       6.998863    -130.250717       0.388377     -59.163891      65.775970      -0.055534      50.637993       0.023182     -13.840652       0.126426      -2.303730      -0.012438      -1.222665     -44.257927     -90.002907     -26.921741      89.993851     -89.959145      -1.223866     -84.137207     -13.564934     -17.928047      77.818436    -359.997650      -4.073514    -360.004150      36.336525      -1.350171      -2.055337      -1.554194       1.741026      -8.512910     -90.000839      -1.458442      89.994514    -159.160248      54.765575     343.738403      90.833420      42.601036      90.247772       8.930059       8.302193      17.436090      31.574322      83.533302     144.203186      -5.419930       2.950650      -2.637431    -150.610855      59.963200     -12.853336     -91.001114     -42.148453      90.293762       4.609700      -9.976854       5.372996     -62.419800     -82.231049     124.550385       3.987201      -7.240174     -16.848820
      42.673279       8.572671      -5.676822     -16.582119      31.579826    -102.016319    -147.030945     -65.041054     -83.630249     -23.583700      17.973986      -4.948376      -5.131542      20.856771     -12.982498      22.745277      25.508425     -16.376099       7.579661      -0.266682     -20.785437      95.978012       7.027334    -130.325958       0.248874     -59.186131      65.831055      -0.055347      50.542233       0.023035     -13.842078       0.126515      -2.303731       0.008881      -1.172778     -44.283283     -90.002914     -26.969336      89.993843     -89.941666      -1.202056     -84.155411     -13.482179     -18.043089      77.841675    -359.997650      -4.071223    -360.004089      36.414780      -1.354216      -2.053646      -1.554475       1.725996      -8.523535     -90.000839      -1.468597      89.994514    -159.034119      54.736134     343.635651      90.828842      42.543922      90.246170       8.926047       8.317641      17.417934      31.502731      83.509109     144.299118      -5.427089       2.964645      -2.600230    -150.502625      59.921009     -12.973122     -91.000801     -42.120884      90.293495       4.606321      -9.967123       5.437210     -61.831215     -82.177383     125.173599       3.989098      -7.232678     -16.869635
      42.671741       8.571136      -5.683038     -16.585304      31.590549    -102.092941    -147.058441     -65.044739     -83.661896     -23.579132      17.952290      -4.982887      -5.112545      20.845247     -13.040659      22.683624      25.537601     -16.243492       7.581438      -0.249902     -20.815960      95.876854       7.056550    -130.400177       0.109370     -59.208164      65.884209      -0.055169      50.447502       0.022884     -13.843487       0.126591      -2.303730       0.030220      -1.122921     -44.308678     -90.002914     -27.016125      89.993843     -89.925697      -1.179667     -84.172928     -13.400968     -18.158936      77.865288    -359.997650      -4.064414    -360.003937      36.493637      -1.358207      -2.051918      -1.555202       1.702084      -8.532925     -90.000839      -1.478578      89.994507    -158.910675      54.708195     343.534698      90.824646      42.488686      90.244682       8.920759       8.334547      17.400932      31.434685      83.485527     144.390869      -5.434113       2.977859      -2.563725    -150.395752      59.880604     -13.092077     -91.000725     -42.095665      90.293312       4.603079      -9.955734       5.499516     -61.271133     -82.124680     125.766281       3.990973      -7.224782     -16.890110
      42.669868       8.570334      -5.690536     -16.578503      31.595304    -102.168655    -147.064880     -65.045372     -83.668762     -23.574125      17.925737      -5.023585      -5.098436      20.831547     -13.102782      22.621763      25.564768     -16.111183       7.583369      -0.232438     -20.843651      95.773888       7.087018    -130.471161      -0.032031     -59.229481      65.934669      -0.054988      50.353794       0.022741     -13.844974       0.126670      -2.303733       0.051369      -1.073032     -44.334278     -90.002914     -27.062134      89.993851     -89.908043      -1.157309     -84.191689     -13.317896     -18.278109      77.887718    -359.997620      -4.059833    -360.003967      36.570366      -1.362096      -2.050271      -1.555408       1.687821      -8.543971     -90.000839      -1.488391      89.994514    -158.792999      54.677094     343.440369      90.798889      42.425629      90.236984       8.911937       8.335956      17.377106      31.329073      83.456573     144.517288      -5.440395       2.997259      -2.528948    -150.232239      59.837936     -13.247335     -91.035942     -42.036850      90.302750       4.595439      -9.946240       5.560191     -60.618443     -82.060539     126.463806       3.992743      -7.217187     -16.909647
      42.668034       8.568422      -5.698360     -16.565908      31.598969    -102.263542    -147.112930     -65.051453     -83.724274     -23.568499      17.897127      -5.068690      -5.090781      20.819584     -13.157853      22.560417      25.593010     -15.977969       7.585496      -0.214810     -20.869738      95.672119       7.117956    -130.541519      -0.172877     -59.251019      65.984413      -0.054807      50.261238       0.022598     -13.846504       0.126764      -2.303737       0.072418      -1.022638     -44.360523     -90.002922     -27.107372      89.993835     -89.890366      -1.135865     -84.210312     -13.234138     -18.397554      77.911011    -359.997620      -4.052155    -360.003876      36.647480      -1.366030      -2.048571      -1.556278       1.665805      -8.554161     -90.000839      -1.498037      89.994507    -158.670181      54.657909     343.335571      90.794487      42.360897      90.235413       8.903566       8.346286      17.357319      31.250175      83.430611     144.618668      -5.447536       3.015622      -2.494410    -150.157181      59.813450     -13.349080     -91.015915     -42.001232      90.296967       4.585578      -9.939989       5.626189     -59.986923     -81.998718     127.131500       3.994641      -7.210224     -16.930189
      42.667084       8.566937      -5.705300     -16.561604      31.604836    -102.350197    -147.158112     -65.057281     -83.776802     -23.563843      17.875162      -5.104418      -5.076571      20.809383     -13.211946      22.500380      25.614241     -15.854064       7.588362      -0.193983     -20.888859      95.604248       7.127342    -130.573212      -0.347110     -59.299511      65.956772      -0.054677      50.173016       0.022528     -13.850271       0.126987      -2.303724       0.087245      -0.972824     -44.383526     -90.002937     -27.151854      89.993828     -89.869858      -1.114575     -84.230553     -13.154037     -18.513037      77.931572    -359.997620      -4.047761    -360.003845      36.723583      -1.369984      -2.046880      -1.556962       1.653536      -8.564861     -90.000847      -1.507522      89.994507    -158.553482      54.634396     343.238312      90.793411      42.299698      90.234802       8.895867       8.359681      17.338730      31.178120      83.405930     144.713470      -5.454545       3.031181      -2.459454    -150.064896      59.778828     -13.460885     -91.007416     -41.970894      90.294403       4.578796      -9.931267       5.689592     -59.421429     -81.940956     127.728500       3.996410      -7.202444     -16.949797
      42.666813       8.565148      -5.712023     -16.563318      31.608740    -102.426674    -147.207062     -65.063698     -83.833519     -23.560719      17.861053      -5.127760      -5.059304      20.799129     -13.267284      22.440577      25.629360     -15.737489       7.591417      -0.168972     -20.897594      95.577156       7.111308    -130.568329      -0.539239     -59.380054      65.856339      -0.054513      50.085655       0.022406     -13.853280       0.127159      -2.303725       0.103181      -0.920189     -44.407803     -90.002937     -27.195580      89.993851     -89.847130      -1.094535     -84.252106     -13.077519     -18.628447      77.950691    -359.997620      -4.035846    -360.003662      36.800777      -1.373846      -2.045145      -1.557676       1.632102      -8.573327     -90.000839      -1.516855      89.994499    -158.440094      54.608860     343.145264      90.790298      42.240433      90.233650       8.888527       8.376214      17.321543      31.111235      83.382133     144.803284      -5.461484       3.045543      -2.424500    -149.971344      59.742306     -13.568966     -91.004219     -41.940239      90.293289       4.567719      -9.915934       5.747022     -58.986294     -81.894012     128.184296       3.997783      -7.194872     -16.966379
      42.666504       8.563866      -5.718554     -16.563875      31.613277    -102.502769    -147.252655     -65.069649     -83.886238     -23.557678      17.847263      -5.150280      -5.039826      20.787920     -13.325607      22.381706      25.643852     -15.624739       7.594506      -0.142117     -20.902546      95.553925       7.095134    -130.564056      -0.723382     -59.461483      65.756691      -0.054329      49.996838       0.022273     -13.855065       0.127264      -2.303726       0.123325      -0.867728     -44.434361     -90.002953     -27.238583      89.993851     -89.824112      -1.074833     -84.273582     -13.000127     -18.742445      77.969368    -359.997650      -4.030788    -360.003632      36.876625      -1.377807      -2.043453      -1.558022       1.621668      -8.584165     -90.000839      -1.526021      89.994507    -158.323959      54.582012     343.050293      90.784470      42.182022      90.231697       8.880991       8.391837      17.304253      31.040997      83.357895     144.896042      -5.468241       3.060303      -2.389893    -149.876526      59.705032     -13.677260     -91.003120     -41.909622      90.292801       4.554621      -9.902016       5.803250     -58.576836     -81.848099     128.611649       3.999238      -7.186569     -16.982780
      42.666050       8.562581      -5.724976     -16.563826      31.617397    -102.577019    -147.296524     -65.075294     -83.936882     -23.554777      17.833633      -5.172252      -5.020733      20.776352     -13.383766      22.323996      25.657591     -15.515806       7.597782      -0.113785     -20.904692      95.533302       7.080109    -130.560043      -0.903772     -59.543835      65.655518      -0.054148      49.908169       0.022143     -13.856573       0.127342      -2.303729       0.144134      -0.816856     -44.460411     -90.002960     -27.280870      89.993843     -89.802376      -1.055027     -84.294281     -12.923544     -18.855549      77.988029    -359.997620      -4.023965    -360.003632      36.952408      -1.381691      -2.041753      -1.558159       1.610833      -8.594360     -90.000847      -1.535051      89.994507    -158.209839      54.555759     342.956879      90.777596      42.124660      90.229477       8.873032       8.406797      17.286575      30.973389      83.334084     144.985855      -5.474959       3.075073      -2.355660    -149.784042      59.669106     -13.783044     -91.002548     -41.878914      90.292473       4.541378      -9.888548       5.859206     -58.164757     -81.800934     129.041183       4.000661      -7.178257     -16.998838
      42.665417       8.560978      -5.731414     -16.564547      31.620678    -102.648697    -147.338943     -65.080711     -83.985756     -23.551910      17.819658      -5.194447      -5.003043      20.764860     -13.439640      22.267332      25.670862     -15.409921       7.601254      -0.084296     -20.904556      95.515213       7.066532    -130.556381      -1.081655     -59.627243      65.552620      -0.053969      49.820030       0.022012     -13.858006       0.127414      -2.303726       0.164874      -0.767397     -44.485714     -90.002968     -27.322447      89.993851     -89.782257      -1.034914     -84.314148     -12.848231     -18.969496      78.007072    -359.997620      -4.013152    -360.003540      37.028656      -1.385551      -2.040042      -1.558641       1.591605      -8.603292     -90.000847      -1.543923      89.994499    -158.097778      54.530220     342.864990      90.770363      42.067909      90.227158       8.865108       8.422178      17.269115      30.910400      83.310982     145.071014      -5.481664       3.089822      -2.321724    -149.692139      59.634380     -13.887844     -91.002563     -41.847942      90.292274       4.528059      -9.874533       5.914235     -57.755573     -81.753189     129.467346       4.002052      -7.169887     -17.014606
      42.664425       8.560122      -5.739548     -16.553389      31.616819    -102.721115    -147.357132     -65.082672     -84.006218     -23.548323      17.798830      -5.225620      -4.991586      20.750710     -13.499882      22.210178      25.682688     -15.302641       7.604853      -0.054482     -20.902182      95.496262       7.055963    -130.551544      -1.259210     -59.709877      65.449081      -0.053797      49.732464       0.021882     -13.859439       0.127498      -2.303727       0.185378      -0.719001     -44.510651     -90.002975     -27.363335      89.993851     -89.759727      -1.015501     -84.335640     -12.770307     -19.086332      78.025368    -359.997650      -4.004886    -360.003510      37.102596      -1.389309      -2.038433      -1.559059       1.581006      -8.613657     -90.000847      -1.552640      89.994492    -157.991699      54.502178     342.779694      90.740028      42.001179      90.218246       8.854145       8.420171      17.243759      30.810877      83.282227     145.190125      -5.487722       3.111629      -2.289290    -149.542526      59.598125     -14.030607     -91.038589     -41.780991      90.301865       4.507391      -9.862382       5.968185     -57.255680     -81.693352     129.995529       4.003314      -7.162209     -17.029266
      42.663620       8.558391      -5.747688     -16.539272      31.614029    -102.811668    -147.415146     -65.089821     -84.073250     -23.544151      17.777023      -5.259790      -4.983450      20.738523     -13.554063      22.153793      25.695868     -15.195035       7.608656      -0.024605     -20.898581      95.480385       7.046602    -130.547531      -1.435044     -59.793533      65.344505      -0.053626      49.645775       0.021753     -13.860927       0.127581      -2.303730       0.205572      -0.670991     -44.535503     -90.002960     -27.403524      89.993858     -89.737549      -0.996808     -84.356667     -12.691762     -19.201542      78.043968    -359.997650      -3.997596    -360.003510      37.176476      -1.393142      -2.036765      -1.559237       1.571564      -8.624348     -90.000847      -1.561222      89.994492    -157.878891      54.484016     342.683258      90.733131      41.934235      90.216011       8.844987       8.428735      17.222698      30.739380      83.256729     145.283447      -5.494790       3.131629      -2.256588    -149.482330      59.577713     -14.118318     -91.018150     -41.740433      90.295990       4.486503      -9.854528       6.028090     -56.776157     -81.636719     130.494156       4.004666      -7.155056     -17.044880
      42.663040       8.556522      -5.754578     -16.535810      31.616253    -102.890717    -147.464050     -65.096054     -84.129677     -23.540419      17.758644      -5.288670      -4.970713      20.727177     -13.605391      22.099737      25.710871     -15.092962       7.612495       0.005084     -20.896271      95.471329       7.036045    -130.546417      -1.604654     -59.879696      65.240105      -0.053462      49.559994       0.021631     -13.862366       0.127667      -2.303729       0.225849      -0.623299     -44.559780     -90.002975     -27.443052      89.993851     -89.720215      -0.975717     -84.375069     -12.616246     -19.314728      78.063385    -359.997650      -3.987737    -360.003418      37.251331      -1.396961      -2.035034      -1.558700       1.553774      -8.634171     -90.000839      -1.569643      89.994507    -157.771133      54.461945     342.593506      90.730705      41.874855      90.215073       8.837303       8.442602      17.204201      30.677649      83.233139     145.367538      -5.501708       3.147824      -2.223207    -149.401749      59.547161     -14.217319     -91.009361     -41.708725      90.293343       4.470745      -9.842817       6.084450     -56.356232     -81.585144     130.929367       4.005921      -7.147008     -17.059896
      42.662376       8.555243      -5.760577     -16.532341      31.620777    -102.965576    -147.506287     -65.101440     -84.178284     -23.536865      17.740896      -5.316164      -4.956922      20.715696     -13.656377      22.046530      25.726938     -14.994541       7.615687       0.033817     -20.897549      95.466774       7.024602    -130.547195      -1.769617     -59.968822      65.133430      -0.053290      49.474876       0.021508     -13.863736       0.127739      -2.303731       0.246085      -0.576428     -44.583107     -90.002983     -27.481916      89.993843     -89.706589      -0.952440     -84.391403     -12.542227     -19.424080      78.082047    -359.997650      -3.983585    -360.003418      37.325233      -1.400779      -2.033343      -1.558121       1.544361      -8.644815     -90.000839      -1.577923      89.994514    -157.664093      54.439091     342.504852      90.726936      41.820793      90.213783       8.828638       8.456299      17.186134      30.615448      83.209824     145.451111      -5.508318       3.162456      -2.190281    -149.315094      59.514996     -14.319061     -91.005722     -41.681038      90.292160       4.456521      -9.831324       6.139554     -55.964092     -81.535294     131.334778       4.007202      -7.138438     -17.074564
      42.661606       8.554036      -5.766295     -16.527920      31.624523    -103.037422    -147.546707     -65.106529     -84.224640     -23.533539      17.723743      -5.342414      -4.944177      20.704195     -13.706350      21.993608      25.741924     -14.898814       7.618567       0.062827     -20.898159      95.462166       7.014365    -130.547623      -1.934048     -60.057983      65.024498      -0.053137      49.390240       0.021389     -13.865027       0.127803      -2.303730       0.266311      -0.530641     -44.605972     -90.002983     -27.520123      89.993858     -89.694359      -0.928592     -84.407043     -12.469893     -19.532003      78.100006    -359.997620      -3.979168    -360.003357      37.398796      -1.404509      -2.031692      -1.556673       1.535352      -8.655766     -90.000847      -1.586064      89.994522    -157.559189      54.417107     342.417816      90.721283      41.768658      90.211952       8.818552       8.469614      17.168299      30.552658      83.186607     145.534332      -5.514726       3.176594      -2.158074    -149.228043      59.484371     -14.420358     -91.004509     -41.653732      90.291641       4.442253      -9.819578       6.193614     -55.583977     -81.485802     131.727417       4.008491      -7.129647     -17.089046
      42.660763       8.552827      -5.771821     -16.523275      31.627810    -103.107330    -147.586609     -65.111534     -84.270332     -23.530336      17.706976      -5.367915      -4.932068      20.692848     -13.755034      21.941244      25.756021     -14.805728       7.621367       0.092269     -20.897449      95.457588       7.005376    -130.547760      -2.098304     -60.147110      64.913521      -0.052977      49.306263       0.021263     -13.866310       0.127879      -2.303726       0.286352      -0.485687     -44.628483     -90.002983     -27.557692      89.993866     -89.683105      -0.904404     -84.422112     -12.398896     -19.638758      78.117378    -359.997620      -3.974686    -360.003357      37.471977      -1.408258      -2.030011      -1.555466       1.526846      -8.666429     -90.000854      -1.594090      89.994514    -157.455765      54.395741     342.331848      90.715034      41.717888      90.209976       8.807576       8.483104      17.150730      30.490814      83.163559     145.616104      -5.521038       3.190387      -2.126459    -149.141479      59.454754     -14.521005     -91.004105     -41.627266      90.291344       4.428261      -9.807508       6.246877     -55.213745     -81.436577     132.109406       4.009765      -7.120697     -17.103308
      42.659805       8.551309      -5.777260     -16.519808      31.630438    -103.174400    -147.626297     -65.116486     -84.315750     -23.527235      17.690525      -5.392784      -4.921167      20.681881     -13.801346      21.889540      25.769596     -14.714734       7.624195       0.122123     -20.895470      95.453491       6.997529    -130.547806      -2.262170     -60.236099      64.801216      -0.052826      49.223000       0.021145     -13.867604       0.127956      -2.303727       0.306216      -0.441261     -44.650848     -90.002983     -27.594641      89.993866     -89.673187      -0.879851     -84.436600     -12.329386     -19.746046      78.134911    -359.997620      -3.966516    -360.003235      37.545620      -1.411991      -2.028322      -1.555704       1.510413      -8.675058     -90.000847      -1.601961      89.994514    -157.354095      54.375107     342.247162      90.708954      41.668282      90.208084       8.796357       8.497834      17.133892      30.431614      83.140945     145.695084      -5.527313       3.203737      -2.095174    -149.055038      59.426109     -14.621164     -91.004066     -41.601639      90.291176       4.414532      -9.794225       6.298737     -54.857571     -81.388260     132.476547       4.011039      -7.111526     -17.117407
      42.658489       8.550570      -5.784238     -16.504654      31.626514    -103.242516    -147.643127     -65.118240     -84.334404     -23.523497      17.667482      -5.426063      -4.916376      20.668303     -13.851947      21.837292      25.782360     -14.621709       7.627029       0.151486     -20.892805      95.448265       6.991640    -130.546997      -2.426611     -60.324013      64.688347      -0.052674      49.140423       0.021024     -13.868984       0.128030      -2.303723       0.325725      -0.397260     -44.673153     -90.002991     -27.630960      89.993858     -89.661125      -0.855537     -84.452637     -12.257099     -19.856157      78.152092    -359.997620      -3.961295    -360.003265      37.616909      -1.415568      -2.026762      -1.555046       1.501509      -8.685648     -90.000854      -1.609708      89.994507    -157.257797      54.351933     342.168518      90.680267      41.609375      90.199768       8.781882       8.495462      17.109404      30.337347      83.112762     145.806473      -5.532914       3.223889      -2.065364    -148.913040      59.395367     -14.757387     -91.039024     -41.541023      90.300461       4.393989      -9.782622       6.349219     -54.424774     -81.327950     132.931381       4.012230      -7.102602     -17.130512
      42.657288       8.548958      -5.791203     -16.486090      31.623421    -103.328949    -147.700745     -65.125175     -84.400604     -23.519220      17.643591      -5.462146      -4.915002      20.656803     -13.897014      21.785320      25.796652     -14.526892       7.629901       0.180196     -20.890108      95.444710       6.986428    -130.546692      -2.590356     -60.412060      64.574913      -0.052515      49.058720       0.020899     -13.870414       0.128109      -2.303731       0.345000      -0.353233     -44.695679     -90.002991     -27.666677      89.993851     -89.648682      -0.832015     -84.468681     -12.183602     -19.965851      78.169708    -359.997650      -3.956663    -360.003265      37.688053      -1.419243      -2.025132      -1.554362       1.493412      -8.696382     -90.000862      -1.617328      89.994499    -157.154449      54.338768     342.078217      90.674759      41.550308      90.197998       8.768796       8.503426      17.089308      30.270357      83.087959     145.892624      -5.539462       3.242006      -2.035424    -148.855896      59.381008     -14.843178     -91.018929     -41.507153      90.294746       4.372991      -9.774554       6.405166     -54.014526     -81.271881     133.354462       4.013511      -7.094265     -17.144707
      42.656502       8.547482      -5.797084     -16.476162      31.624393    -103.405975    -147.750549     -65.131332     -84.457909     -23.515482      17.624107      -5.491924      -4.907705      20.645884     -13.942571      21.734510      25.810438     -14.435925       7.632846       0.209349     -20.886776      95.442383       6.981182    -130.546829      -2.751649     -60.499027      64.462440      -0.052366      48.977608       0.020788     -13.871658       0.128177      -2.303732       0.364765      -0.309303     -44.718021     -90.002998     -27.701796      89.993835     -89.637810      -0.807883     -84.483727     -12.112490     -20.073032      78.186852    -359.997650      -3.952434    -360.003235      37.759163      -1.422916      -2.023485      -1.553947       1.485687      -8.706741     -90.000862      -1.624828      89.994499    -157.056549      54.321976     341.994812      90.672943      41.497219      90.197281       8.756673       8.515202      17.071106      30.209681      83.064621     145.972733      -5.545814       3.256971      -2.005013    -148.779282      59.356789     -14.939966     -91.010696     -41.480038      90.292297       4.356185      -9.763505       6.458132     -53.653351     -81.220673     133.725143       4.014713      -7.085227     -17.158329
      42.655785       8.546151      -5.802559     -16.467184      31.625351    -103.478050    -147.796783     -65.137047     -84.510918     -23.512156      17.606436      -5.518659      -4.900288      20.634924     -13.987550      21.684378      25.822958     -14.348732       7.635650       0.239117     -20.882177      95.439491       6.976480    -130.546646      -2.912337     -60.584797      64.349312      -0.052219      48.897133       0.020675     -13.872852       0.128249      -2.303731       0.384530      -0.266110     -44.739586     -90.002998     -27.736330      89.993843     -89.628098      -0.783207     -84.498070     -12.043493     -20.178291      78.203300    -359.997650      -3.948210    -360.003204      37.830059      -1.426502      -2.021875      -1.553601       1.478043      -8.716739     -90.000862      -1.632190      89.994507    -156.960541      54.304794     341.913452      90.669167      41.447010      90.196045       8.743972       8.527246      17.053453      30.149076      83.041512     146.052155      -5.551939       3.271068      -1.974931    -148.698074      59.331947     -15.038106     -91.007248     -41.453495      90.291161       4.339806      -9.751824       6.509464     -53.313839     -81.171181     134.072861       4.015950      -7.075796     -17.171797
      42.655045       8.544887      -5.807765     -16.458748      31.626169    -103.546921    -147.841431     -65.142540     -84.561989     -23.509081      17.589861      -5.543524      -4.892937      20.624018     -14.031661      21.634924      25.834454     -14.264743       7.638359       0.269505     -20.876104      95.436089       6.972425    -130.546158      -3.073036     -60.669785      64.234932      -0.052072      48.817364       0.020565     -13.874056       0.128313      -2.303729       0.404076      -0.223672     -44.760555     -90.003006     -27.770290      89.993843     -89.619339      -0.758169     -84.511864     -11.976102     -20.282135      78.219200    -359.997650      -3.944080    -360.003174      37.900620      -1.430090      -2.020245      -1.553329       1.470471      -8.726539     -90.000862      -1.639431      89.994492    -156.865662      54.287575     341.833191      90.664299      41.398659      90.194489       8.730659       8.539694      17.036177      30.089415      83.018623     146.130219      -5.557968       3.284668      -1.945290    -148.615768      59.307262     -15.136056     -91.005920     -41.427986      90.290627       4.323868      -9.739644       6.559752     -52.988476     -81.122711     134.405518       4.017196      -7.066163     -17.185097
      42.654228       8.543415      -5.812796     -16.451958      31.626757    -103.612320    -147.884995     -65.147873     -84.611725     -23.506184      17.574059      -5.567039      -4.886084      20.613411     -14.073895      21.586155      25.845327     -14.183291       7.641072       0.300453     -20.868628      95.432701       6.968926    -130.545532      -3.233553     -60.754143      64.119675      -0.051921      48.738312       0.020455     -13.875273       0.128387      -2.303731       0.423427      -0.181777     -44.781242     -90.003021     -27.803684      89.993835     -89.611916      -0.732743     -84.524979     -11.910412     -20.386389      78.235214    -359.997650      -3.936552    -360.003082      37.971653      -1.433641      -2.018583      -1.554275       1.455043      -8.734431     -90.000854      -1.646550      89.994484    -156.771973      54.270504     341.753998      90.659302      41.351906      90.192924       8.717175       8.553524      17.019726      30.032633      82.996223     146.205261      -5.563956       3.297672      -1.915939    -148.533051      59.282837     -15.233541     -91.005577     -41.403881      90.290367       4.308446      -9.726270       6.608604     -52.678856     -81.075653     134.721436       4.018440      -7.056356     -17.198271
      42.653568       8.542462      -5.817479     -16.443945      31.628250    -103.677856    -147.927185     -65.153030     -84.659966     -23.503382      17.558962      -5.589583      -4.877733      20.602575     -14.117321      21.538044      25.855196     -14.105144       7.643683       0.332090     -20.859636      95.428741       6.965869    -130.544632      -3.394127     -60.837738      64.003105      -0.051779      48.659916       0.020343     -13.876474       0.128456      -2.303729       0.442673      -0.140421     -44.801598     -90.003021     -27.836514      89.993828     -89.604324      -0.707246     -84.538040     -11.845081     -20.488167      78.250473    -359.997650      -3.933916    -360.003082      38.041359      -1.437209      -2.016971      -1.554394       1.447259      -8.744020     -90.000862      -1.653553      89.994499    -156.678207      54.253071     341.674866      90.653999      41.306946      90.191277       8.703156       8.566641      17.003006      29.975088      82.973778     146.280533      -5.569821       3.310318      -1.886984    -148.452133      59.258064     -15.329350     -91.005615     -41.382362      90.290253       4.283185      -9.705235       6.651733     -52.511806     -81.047417     134.878082       4.018815      -7.049267     -17.205639
      42.652927       8.541557      -5.822009     -16.435274      31.629452    -103.742027    -147.968964     -65.158089     -84.707657     -23.500723      17.544304      -5.611351      -4.870030      20.591776     -14.160073      21.490677      25.864262     -14.029823       7.646310       0.364395     -20.849064      95.424446       6.963331    -130.543472      -3.554621     -60.920567      63.885647      -0.051646      48.582256       0.020242     -13.877666       0.128521      -2.303726       0.461807      -0.099486     -44.821678     -90.003021     -27.868788      89.993828     -89.597603      -0.681564     -84.550568     -11.781117     -20.588503      78.265182    -359.997620      -3.931435    -360.003082      38.110809      -1.440725      -2.015359      -1.554639       1.440038      -8.753510     -90.000854      -1.660431      89.994522    -156.586014      54.236389     341.596741      90.648491      41.263580      90.189590       8.688784       8.579363      16.986353      29.917418      82.951347     146.355453      -5.575607       3.322765      -1.858476    -148.372971      59.234612     -15.423205     -91.005577     -41.362076      90.290154       4.246413      -9.679358       6.687900     -52.483311     -81.036911     134.879059       4.018636      -7.042726     -17.209105
      42.652203       8.541048      -5.826951     -16.428701      31.629202    -103.795197    -147.981506     -65.159721     -84.721588     -23.497910      17.528263      -5.634224      -4.861312      20.579611     -14.205406      21.443815      25.872551     -13.955644       7.649146       0.397014     -20.837116      95.419930       6.961552    -130.542053      -3.714717     -61.002277      63.768593      -0.051508      48.505249       0.020135     -13.878866       0.128588      -2.303727       0.480823      -0.058901     -44.841763     -90.003036     -27.900524      89.993820     -89.591187      -0.655734     -84.563072     -11.717512     -20.689518      78.279503    -359.997650      -3.927589    -360.003082      38.179485      -1.444129      -2.013808      -1.554739       1.432501      -8.762850     -90.000854      -1.667204      89.994514    -156.503967      54.213451     341.531189      90.628044      41.217930      90.183723       8.673278       8.584438      16.965969      29.837900      82.925636     146.450546      -5.580733       3.338620      -1.830772    -148.216827      59.194626     -15.571515     -91.055359     -41.327072      90.303490       4.204527      -9.649288       6.717639     -52.460384     -81.025841     134.874969       4.018307      -7.036490     -17.211214
      42.651112       8.540006      -5.833475     -16.400543      31.620890    -103.876816    -148.036621     -65.165764     -84.784317     -23.494469      17.504948      -5.667712      -4.867429      20.567427     -14.246893      21.396019      25.881474     -13.877316       7.651771       0.428735     -20.825163      95.414566       6.960923    -130.540115      -3.875822     -61.083160      63.650887      -0.051374      48.429058       0.020029     -13.880239       0.128653      -2.303729       0.499222      -0.018593     -44.862000     -90.003044     -27.931732      89.993813     -89.583374      -0.630951     -84.576454     -11.651483     -20.791840      78.293854    -359.997650      -3.925671    -360.003052      38.247150      -1.447619      -2.012224      -1.554976       1.426625      -8.773265     -90.000862      -1.673858      89.994514    -156.407974      54.206173     341.444733      90.616402      41.164303      90.180298       8.656530       8.586520      16.944851      29.770729      82.900513     146.534149      -5.586824       3.356524      -1.803712    -148.180481      59.195400     -15.635450     -91.027359     -41.287132      90.295792       4.151830      -9.628245       6.756402     -52.422123     -81.013054     134.878448       4.017446      -7.033270     -17.209810
      42.650654       8.538985      -5.838678     -16.386063      31.620026    -103.950996    -148.089081     -65.172073     -84.844559     -23.491194      17.487097      -5.694488      -4.863879      20.556694     -14.288344      21.349697      25.890827     -13.802098       7.654643       0.460781     -20.812567      95.411644       6.959620    -130.539215      -4.033822     -61.163284      63.535313      -0.051236      48.353527       0.019923     -13.881441       0.128723      -2.303729       0.518091       0.021908     -44.882381     -90.003044     -27.962414      89.993820     -89.577011      -0.605861     -84.588745     -11.587242     -20.891972      78.307999    -359.997650      -3.923926    -360.003052      38.314816      -1.451097      -2.010645      -1.555341       1.420799      -8.783282     -90.000854      -1.680402      89.994507    -156.317383      54.192638     341.366272      90.614235      41.116478      90.179543       8.641693       8.596128      16.926779      29.711668      82.877182     146.610428      -5.592783       3.371469      -1.776036    -148.120636      59.177769     -15.717474     -91.014954     -41.264042      90.292259       4.108094      -9.607363       6.793981     -52.383106     -81.000114     134.881744       4.016702      -7.029049     -17.209745
      42.650356       8.538079      -5.843266     -16.374966      31.620354    -104.017693    -148.134933     -65.177597     -84.897079     -23.488411      17.472050      -5.717011      -4.858676      20.546057     -14.329553      21.304176      25.899061     -13.730888       7.657411       0.493505     -20.798815      95.408409       6.958253    -130.538223      -4.190431     -61.241901      63.420403      -0.051102      48.278561       0.019824     -13.882547       0.128793      -2.303731       0.537129       0.061926     -44.902153     -90.003036     -27.992592      89.993835     -89.571938      -0.580202     -84.600174     -11.525435     -20.989767      78.321373    -359.997650      -3.922379    -360.003021      38.382359      -1.454534      -2.009063      -1.555697       1.415165      -8.793031     -90.000870      -1.686833      89.994514    -156.230484      54.178089     341.291840      90.611671      41.073292      90.178680       8.627102       8.607095      16.909611      29.654745      82.854462     146.684235      -5.598554       3.384670      -1.748374    -148.051437      59.157143     -15.803699     -91.009827     -41.243824      90.290726       4.067687      -9.586508       6.831006     -52.345116     -80.986992     134.883667       4.015917      -7.024946     -17.209373
      42.650032       8.537269      -5.847614     -16.363970      31.620268    -104.080673    -148.177643     -65.182686     -84.945854     -23.485880      17.457933      -5.737836      -4.853899      20.535402     -14.369934      21.259247      25.906153     -13.662988       7.660031       0.526918     -20.783607      95.404366       6.957157    -130.536850      -4.346858     -61.319405      63.304905      -0.050975      48.204247       0.019728     -13.883648       0.128853      -2.303730       0.556000       0.101202     -44.921219     -90.003036     -28.022247      89.993828     -89.567825      -0.554219     -84.611031     -11.465379     -21.085917      78.334099    -359.997650      -3.920889    -360.002991      38.449657      -1.457959      -2.007454      -1.556056       1.409755      -8.802629     -90.000870      -1.693162      89.994499    -156.144867      54.163689     341.218597      90.607162      41.032181      90.177277       8.612000       8.618058      16.892752      29.597536      82.831871     146.757828      -5.604170       3.397359      -1.721091    -147.980896      59.137047     -15.889708     -91.007530     -41.224144      90.289986       4.027890      -9.566248       6.867766     -52.307293     -80.973701     134.885025       4.015139      -7.021013     -17.208820
      42.649643       8.536508      -5.851866     -16.352842      31.619787    -104.141678    -148.218475     -65.187523     -84.992386     -23.483452      17.444101      -5.758039      -4.849519      20.524723     -14.409638      21.214890      25.912495     -13.597518       7.662583       0.560897     -20.766994      95.399750       6.956396    -130.535217      -4.503335     -61.396038      63.188663      -0.050840      48.130623       0.019628     -13.884773       0.128907      -2.303730       0.574624       0.139836     -44.939919     -90.003044     -28.051422      89.993828     -89.564438      -0.528087     -84.621429     -11.406436     -21.181038      78.346321    -359.997650      -3.919515    -360.002930      38.516582      -1.461343      -2.005874      -1.556395       1.404459      -8.812133     -90.000870      -1.699383      89.994499    -156.060211      54.149307     341.146271      90.601143      40.991875      90.175476       8.596370       8.628632      16.875866      29.540155      82.809219     146.831207      -5.609705       3.410017      -1.694201    -147.909744      59.117371     -15.975397     -91.007057     -41.204144      90.289742       3.988211      -9.546332       6.904251     -52.269928     -80.960312     134.885635       4.014305      -7.017348     -17.207933
      42.649212       8.535766      -5.856059     -16.341511      31.619011    -104.201630    -148.258392     -65.192230     -85.037827     -23.481075      17.430321      -5.778065      -4.845479      20.514076     -14.448710      21.171062      25.918312     -13.533985       7.665132       0.595327     -20.749144      95.394852       6.955931    -130.533386      -4.659712     -61.471859      63.071915      -0.050710      48.057655       0.019530     -13.885909       0.128973      -2.303731       0.593075       0.178000     -44.958450     -90.003059     -28.080103      89.993828     -89.561691      -0.501898     -84.631439     -11.348365     -21.275303      78.358109    -359.997650      -3.918348    -360.002899      38.583096      -1.464699      -2.004292      -1.556737       1.399316      -8.821604     -90.000870      -1.705491      89.994507    -155.976440      54.135151     341.074585      90.594566      40.952133      90.173538       8.580404       8.639001      16.858986      29.482962      82.786606     146.904175      -5.615199       3.422644      -1.667625    -147.839554      59.098335     -16.060017     -91.006889     -41.184200      90.289566       3.948651      -9.526845       6.940623     -52.232635     -80.946823     134.885925       4.013430      -7.013918     -17.206833
      42.648766       8.535032      -5.860210     -16.329960      31.618011    -104.260925    -148.297668     -65.196823     -85.082527     -23.478704      17.416498      -5.798077      -4.841779      20.503469     -14.487198      21.127781      25.923723     -13.472156       7.667674       0.630140     -20.730167      95.389816       6.955694    -130.531479      -4.815658     -61.546822      62.955082      -0.050581      47.985359       0.019435     -13.887042       0.129047      -2.303730       0.611414       0.215825     -44.976849     -90.003059     -28.108301      89.993828     -89.559479      -0.475670     -84.641075     -11.291024     -21.368780      78.369530    -359.997650      -3.917393    -360.002869      38.649181      -1.468042      -2.002738      -1.557075       1.394295      -8.831046     -90.000862      -1.711509      89.994514    -155.893616      54.121281     341.003601      90.587784      40.912868      90.171524       8.564264       8.649192      16.842123      29.426167      82.764015     146.976578      -5.620654       3.435230      -1.641312    -147.770432      59.079853     -16.143549     -91.006699     -41.164326      90.289413       3.909157      -9.507773       6.976912     -52.195560     -80.933319     134.885727       4.012531      -7.010681     -17.205595
      42.648235       8.534686      -5.864738     -16.321014      31.616013    -104.309563    -148.308151     -65.198174     -85.094032     -23.476173      17.401384      -5.819095      -4.836474      20.491526     -14.528526      21.084900      25.928617     -13.410877       7.670375       0.665044     -20.710220      95.384613       6.955890    -130.529388      -4.970844     -61.620567      62.839272      -0.050454      47.913696       0.019334     -13.888164       0.129110      -2.303730       0.629684       0.253380     -44.995266     -90.003059     -28.136023      89.993820     -89.557281      -0.449346     -84.650826     -11.233663     -21.463268      78.380753    -359.997650      -3.915235    -360.002838      38.714504      -1.471235      -2.001230      -1.557281       1.388838      -8.840380     -90.000862      -1.717427      89.994514    -155.820435      54.100925     340.944916      90.566536      40.871208      90.165512       8.547198       8.652101      16.821592      29.349377      82.738281     147.067444      -5.625522       3.450985      -1.615649    -147.626083      59.043995     -16.279987     -91.055466     -41.130093      90.302383       3.865969      -9.483647       7.007054     -52.165672     -80.919952     134.880783       4.011526      -7.007509     -17.203579
      42.647331       8.533720      -5.870690     -16.292912      31.606461    -104.384521    -148.360352     -65.203751     -85.153290     -23.473129      17.379778      -5.849421      -4.844685      20.479778     -14.565873      21.041077      25.934202     -13.345443       7.672843       0.698955     -20.690578      95.378525       6.956940    -130.526794      -5.126793     -61.693363      62.723190      -0.050336      47.842762       0.019241     -13.889441       0.129180      -2.303732       0.647398       0.290651     -45.013657     -90.003067     -28.163294      89.993805     -89.553680      -0.424007     -84.661461     -11.173925     -21.559074      78.392082    -359.997650      -3.914805    -360.002838      38.778816      -1.474503      -1.999698      -1.557798       1.384620      -8.850510     -90.000862      -1.723233      89.994530    -155.733566      54.095470     340.865845      90.555252      40.822338      90.162277       8.529334       8.653728      16.801054      29.287493      82.713676     147.144608      -5.631382       3.468182      -1.590410    -147.597000      59.047703     -16.335915     -91.028076     -41.093231      90.294891       3.814205      -9.467634       7.045937     -52.123516     -80.905647     134.882446       4.010190      -7.006706     -17.199419
      42.647099       8.532784      -5.875327     -16.277819      31.603868    -104.452103    -148.408569     -65.209465     -85.208534     -23.470158      17.363298      -5.873669      -4.842235      20.469242     -14.604167      20.998011      25.939796     -13.282948       7.675195       0.734135     -20.668844      95.371628       6.958028    -130.523788      -5.281635     -61.764145      62.608521      -0.050209      47.772465       0.019146     -13.890499       0.129243      -2.303735       0.665749       0.328218     -45.032181     -90.003059     -28.190105      89.993820     -89.568764      -0.368135     -84.666946     -11.090615     -21.656263      78.399765    -359.997650      -3.916316    -360.003021      38.843662      -1.477877      -1.998208      -1.555879       1.378633      -8.863367     -90.000854      -1.728951      89.994514    -155.651657      54.084251     340.794098      90.553040      40.779446      90.161530       8.513325       8.662928      16.783693      29.232912      82.690880     147.215134      -5.637061       3.482213      -1.564554    -147.545303      59.033859     -16.409136     -91.015785     -41.072586      90.291397       3.771874      -9.451260       7.083514     -52.082596     -80.891724     134.883484       4.009107      -7.004454     -17.197426
      42.647228       8.531982      -5.879516     -16.263617      31.600950    -104.513618    -148.449020     -65.214180     -85.254715     -23.467556      17.348227      -5.895529      -4.839941      20.458588     -14.642128      20.956499      25.944044     -13.226636       7.677727       0.772279     -20.641644      95.362541       6.959812    -130.519775      -5.436047     -61.832214      62.495575      -0.050090      47.702759       0.019057     -13.891429       0.129293      -2.303733       0.684487       0.365664     -45.050331     -90.003067     -28.216467      89.993813     -89.605789      -0.276280     -84.667511     -10.982824     -21.763340      78.403114    -359.997650      -3.920733    -360.003357      38.904709      -1.481092      -1.996861      -1.555405       1.369968      -8.879978     -90.000847      -1.734571      89.994522    -155.573944      54.073204     340.726349      90.548958      40.740330      90.160301       8.496720       8.672119      16.766872      29.177755      82.668343     147.285522      -5.642456       3.495016      -1.538976    -147.485153      59.019028     -16.486206     -91.010689     -41.052471      90.289879       3.731717      -9.434632       7.120400     -52.043495     -80.878006     134.883377       4.008123      -7.002048     -17.195862
      42.647396       8.531234      -5.883584     -16.249302      31.597555    -104.572472    -148.487473     -65.218590     -85.298431     -23.465174      17.333813      -5.916149      -4.839267      20.448030     -14.678652      20.916100      25.947437     -13.174280       7.680404       0.811686     -20.612087      95.353760       6.961636    -130.515930      -5.589256     -61.899117      62.383827      -0.049968      47.633663       0.018969     -13.892408       0.129343      -2.303733       0.702906       0.402439     -45.068020     -90.003082     -28.242386      89.993805     -89.641747      -0.183771     -84.669548     -10.875788     -21.872013      78.407631    -359.997681      -3.925356    -360.003632      38.963219      -1.484135      -1.995569      -1.556926       1.360996      -8.896123     -90.000862      -1.740096      89.994507    -155.497467      54.061913     340.659912      90.542473      40.702354      90.158401       8.479387       8.680553      16.749952      29.121761      82.645683     147.356216      -5.647720       3.507824      -1.513849    -147.422470      59.004345     -16.563669     -91.008881     -41.031181      90.289230       3.691958      -9.417899       7.156723     -52.005871     -80.864403     134.882401       4.007154      -6.999694     -17.194387
      42.647533       8.530491      -5.887593     -16.235016      31.593840    -104.629936    -148.525024     -65.222885     -85.341049     -23.462860      17.319569      -5.936354      -4.839359      20.437599     -14.714160      20.876272      25.950191     -13.124343       7.683007       0.851900     -20.580870      95.344902       6.963542    -130.512039      -5.741845     -61.965069      62.272472      -0.049852      47.565193       0.018881     -13.893435       0.129400      -2.303734       0.720985       0.438536     -45.085369     -90.003075     -28.267872      89.993820     -89.675438      -0.092041     -84.673187     -10.768952     -21.980383      78.413559    -359.997711      -3.929792    -360.003784      39.020710      -1.487087      -1.994278      -1.558660       1.352068      -8.912022     -90.000870      -1.745536      89.994507    -155.421814      54.050629     340.594238      90.535027      40.664909      90.156242       8.461669       8.688745      16.733034      29.065897      82.623047     147.426559      -5.652955       3.520616      -1.489051    -147.359467      58.989960     -16.640856     -91.008156     -41.009560      90.288902       3.652408      -9.401113       7.192701     -51.969025     -80.850967     134.880981       4.006205      -6.997403     -17.193035
      42.647625       8.529744      -5.891562     -16.220715      31.589930    -104.686539    -148.561874     -65.227074     -85.382874     -23.460556      17.305304      -5.956496      -4.839859      20.427242     -14.749010      20.836912      25.952513     -13.076247       7.685535       0.892718     -20.548275      95.335907       6.965514    -130.508072      -5.893914     -62.030125      62.161320      -0.049739      47.497349       0.018796     -13.894474       0.129459      -2.303732       0.738843       0.474105     -45.102512     -90.003075     -28.292929      89.993813     -89.707214      -0.001322     -84.677994     -10.662271     -22.088163      78.420555    -359.997711      -3.933971    -360.003876      39.077557      -1.489998      -1.992982      -1.560371       1.343149      -8.927689     -90.000862      -1.750877      89.994514    -155.346970      54.039490     340.529205      90.527168      40.627842      90.153992       8.443741       8.696790      16.716164      29.010485      82.600464     147.496277      -5.658159       3.533391      -1.464501    -147.296234      58.975868     -16.717903     -91.008057     -40.987850      90.288727       3.613118      -9.384312       7.228370     -51.932930     -80.837669     134.879166       4.005275      -6.995160     -17.191824
      42.647335       8.529232      -5.896812     -16.200560      31.580784    -104.740257    -148.577347     -65.228615     -85.399910     -23.457933      17.286409      -5.981932      -4.844659      20.414742     -14.786981      20.797113      25.954601     -13.025817       7.688097       0.933161     -20.515089      95.326103       6.968265    -130.503616      -6.045842     -62.093845      62.051361      -0.049618      47.430122       0.018703     -13.895604       0.129519      -2.303733       0.756317       0.509280     -45.119633     -90.003067     -28.317562      89.993820     -89.736069       0.088370     -84.684814     -10.553367     -22.198967      78.428627    -359.997742      -3.936700    -360.003998      39.133144      -1.492752      -1.991732      -1.562048       1.334015      -8.943402     -90.000862      -1.756139      89.994514    -155.276077      54.025154     340.469421      90.500084      40.583435      90.146431       8.424128       8.692384      16.693417      28.932959      82.573685     147.586487      -5.662994       3.551285      -1.440910    -147.181808      58.957153     -16.827623     -91.039749     -40.937901      90.297089       3.564616      -9.362881       7.259242     -51.904804     -80.824043     134.871490       4.003857      -6.994476     -17.187229
      42.647324       8.528211      -5.901753     -16.180132      31.573898    -104.808395    -148.626724     -65.234222     -85.456161     -23.454954      17.267962      -6.008127      -4.849486      20.404276     -14.821089      20.757727      25.957949     -12.974733       7.690669       0.973251     -20.481794      95.317787       6.970600    -130.499832      -6.196202     -62.157173      61.942493      -0.049507      47.363586       0.018621     -13.896726       0.129581      -2.303734       0.773712       0.544432     -45.136906     -90.003075     -28.341803      89.993813     -89.763069       0.176563     -84.692398     -10.443748     -22.309303      78.437759    -359.997742      -3.940532    -360.004059      39.188393      -1.495598      -1.990420      -1.564501       1.325545      -8.959264     -90.000862      -1.761302      89.994499    -155.197250      54.017899     340.398529      90.495750      40.540436      90.145142       8.406664       8.699409      16.675760      28.880608      82.550728     147.653931      -5.668668       3.566542      -1.416739    -147.143585      58.951786     -16.891972     -91.021568     -40.915962      90.292053       3.519789      -9.348868       7.296816     -51.862919     -80.810677     134.872925       4.002927      -6.992905     -17.186274
      42.647602       8.527302      -5.905836     -16.164814      31.569897    -104.868866    -148.669052     -65.239059     -85.504471     -23.452421      17.252844      -6.029814      -4.850940      20.394226     -14.855226      20.719284      25.960604     -12.927457       7.693205       1.013991     -20.447712      95.309769       6.972340    -130.496262      -6.344322     -62.219097      61.835205      -0.049393      47.297558       0.018534     -13.897696       0.129625      -2.303734       0.791500       0.579350     -45.153812     -90.003075     -28.365612      89.993820     -89.790459       0.264350     -84.699471     -10.336604     -22.416658      78.446747    -359.997742      -3.944340    -360.004059      39.243786      -1.498410      -1.989103      -1.566138       1.316960      -8.974614     -90.000862      -1.766388      89.994507    -155.123932      54.008598     340.333832      90.492531      40.502865      90.144173       8.389645       8.707996      16.659370      28.828920      82.528503     147.720337      -5.673956       3.579272      -1.392318    -147.090912      58.939976     -16.962547     -91.013649     -40.896183      90.289772       3.480308      -9.333625       7.333028     -51.825428     -80.797485     134.871613       4.002011      -6.991022     -17.185402
      42.647839       8.526476      -5.909765     -16.149426      31.565353    -104.925865    -148.707809     -65.243446     -85.548485     -23.450092      17.238487      -6.050093      -4.852978      20.384029     -14.888960      20.681314      25.962368     -12.882722       7.695595       1.055240     -20.412495      95.300919       6.974155    -130.492355      -6.491973     -62.279789      61.728088      -0.049278      47.232071       0.018452     -13.898648       0.129689      -2.303736       0.809170       0.613573     -45.170105     -90.003082     -28.389050      89.993813     -89.817787       0.351741     -84.706406     -10.231006     -22.522598      78.455467    -359.997772      -3.947922    -360.004059      39.298973      -1.501208      -1.987772      -1.567589       1.308363      -8.989789     -90.000862      -1.771380      89.994514    -155.052872      53.999329     340.271271      90.486938      40.466652      90.142540       8.371989       8.715607      16.642883      28.775963      82.506157     147.787491      -5.679093       3.591851      -1.368276    -147.032883      58.928101     -17.035591     -91.010437     -40.875134      90.288750       3.441636      -9.320306       7.368626     -51.794327     -80.784744     134.866592       4.001492      -6.987598     -17.186808
      42.647980       8.525671      -5.913631     -16.134209      31.560392    -104.980850    -148.744461     -65.247604     -85.589989     -23.447842      17.224331      -6.069837      -4.855284      20.373791     -14.922214      20.643774      25.963570     -12.839696       7.697914       1.096846     -20.376244      95.291451       6.976088    -130.488190      -6.639464     -62.339539      61.620750      -0.049169      47.167198       0.018371     -13.899613       0.129743      -2.303734       0.826613       0.647186     -45.186066     -90.003090     -28.412079      89.993813     -89.844978       0.438638     -84.713249     -10.126420     -22.627739      78.463997    -359.997742      -3.951452    -360.004059      39.353798      -1.503978      -1.986458      -1.568992       1.299819      -9.004822     -90.000877      -1.776288      89.994492    -154.982895      53.990078     340.209778      90.480263      40.430969      90.140610       8.353889       8.722844      16.626417      28.723175      82.483810     147.854218      -5.684193       3.604566      -1.344574    -146.971863      58.916187     -17.110300     -91.009460     -40.853619      90.288353       3.403608      -9.309417       7.403366     -51.770237     -80.772461     134.857529       4.001465      -6.982218     -17.191374
      42.647968       8.525226      -5.917769     -16.122255      31.554768    -105.024734    -148.752991     -65.248718     -85.599190     -23.445484      17.209333      -6.089928      -4.855485      20.362206     -14.958316      20.606567      25.964319     -12.797220       7.700328       1.138536     -20.339146      95.281570       6.978345    -130.483765      -6.786497     -62.398216      61.514084      -0.049054      47.102890       0.018290     -13.900587       0.129797      -2.303734       0.843902       0.680394     -45.201900     -90.003090     -28.434725      89.993805     -89.871834       0.525266     -84.720306     -10.021963     -22.733980      78.472443    -359.997742      -3.953735    -360.004028      39.407948      -1.506603      -1.985198      -1.570231       1.290794      -9.019768     -90.000862      -1.781118      89.994499    -154.921844      53.974384     340.159973      90.459724      40.393276      90.134895       8.334715       8.723298      16.606609      28.653078      82.458557     147.936829      -5.688740       3.620252      -1.321533    -146.837036      58.886421     -17.236515     -91.056084     -40.818687      90.300697       3.363494      -9.297097       7.431366     -51.762520     -80.760841     134.838684       4.002105      -6.973765     -17.199787
      42.647617       8.524147      -5.923039     -16.095007      31.543016    -105.091713    -148.801346     -65.253784     -85.653793     -23.442816      17.189367      -6.117034      -4.866438      20.351076     -14.990815      20.568579      25.965797     -12.751087       7.702544       1.179285     -20.302441      95.270943       6.981190    -130.478928      -6.934194     -62.456150      61.407040      -0.048953      47.039268       0.018213     -13.901707       0.129857      -2.303732       0.860656       0.713258     -45.217747     -90.003098     -28.456982      89.993813     -89.896408       0.610360     -84.728554      -9.915552     -22.841591      78.481346    -359.997742      -3.957404    -360.004028      39.461399      -1.509343      -1.983903      -1.572740       1.282913      -9.035135     -90.000870      -1.785861      89.994507    -154.844345      53.971310     340.088165      90.449760      40.350311      90.132111       8.315879       8.725080      16.587891      28.600492      82.435150     148.003571      -5.694284       3.636450      -1.298650    -146.810608      58.893448     -17.287508     -91.029213     -40.785156      90.293449       3.317239      -9.292221       7.466202     -51.745895     -80.748642     134.824707       4.002774      -6.966719     -17.208538
      42.647823       8.523148      -5.927128     -16.079046      31.537868    -105.151505    -148.844772     -65.258736     -85.703278     -23.440248      17.173969      -6.138861      -4.869196      20.341185     -15.023208      20.531908      25.967594     -12.707920       7.704944       1.220308     -20.265287      95.262123       6.983201    -130.474960      -7.078909     -62.513340      61.302315      -0.048841      46.976219       0.018128     -13.902654       0.129910      -2.303735       0.877852       0.746218     -45.233746     -90.003098     -28.478886      89.993813     -89.921791       0.695109     -84.735901      -9.811231     -22.946901      78.490105    -359.997742      -3.961168    -360.003998      39.514980      -1.512065      -1.982586      -1.574184       1.274848      -9.050204     -90.000870      -1.790536      89.994484    -154.773041      53.963741     340.024414      90.448372      40.313435      90.131645       8.299047       8.733587      16.572220      28.553032      82.413353     148.065735      -5.699551       3.649635      -1.275132    -146.763123      58.884460     -17.354557     -91.017395     -40.766953      90.290146       3.278899      -9.286880       7.498542     -51.731449     -80.737038     134.810165       4.004012      -6.957464     -17.221298
      42.648075       8.522273      -5.930977     -16.062946      31.532454    -105.207489    -148.883759     -65.263084     -85.747513     -23.437952      17.159542      -6.159035      -4.872405      20.331165     -15.055400      20.495708      25.968506     -12.667313       7.707215       1.261732     -20.227409      95.252640       6.985157    -130.470734      -7.222679     -62.569157      61.198227      -0.048742      46.913639       0.018056     -13.903543       0.129966      -2.303733       0.895101       0.778714     -45.249214     -90.003105     -28.500418      89.993813     -89.947670       0.779550     -84.742722      -9.708910     -23.050299      78.498260    -359.997711      -3.964739    -360.003967      39.568554      -1.514764      -1.981268      -1.575488       1.266763      -9.064964     -90.000870      -1.795135      89.994507    -154.705444      53.956192     339.964111      90.444489      40.278465      90.130516       8.281466       8.740695      16.556479      28.502892      82.391312     148.129913      -5.704551       3.662476      -1.251867    -146.707687      58.874531     -17.425449     -91.012367     -40.747040      90.288681       3.241181      -9.281737       7.528856     -51.722160     -80.725723     134.792816       4.005606      -6.947171     -17.236185
      42.648251       8.521448      -5.934736     -16.046904      31.526648    -105.261253    -148.920532     -65.267174     -85.789124     -23.435772      17.145489      -6.178426      -4.875937      20.321068     -15.087192      20.459890      25.968847     -12.628407       7.709386       1.303440     -20.188683      95.242531       6.987234    -130.466232      -7.366208     -62.624016      61.094067      -0.048632      46.851631       0.017976     -13.904442       0.130013      -2.303731       0.912164       0.810635     -45.264259     -90.003105     -28.521584      89.993820     -89.973839       0.863653     -84.749214      -9.607876     -23.152803      78.505974    -359.997711      -3.968285    -360.003937      39.621861      -1.517423      -1.979967      -1.576703       1.258762      -9.079649     -90.000877      -1.799648      89.994499    -154.639328      53.948509     339.905334      90.438942      40.244049      90.128914       8.263188       8.747087      16.540607      28.452326      82.369194     148.194138      -5.709499       3.675454      -1.229016    -146.648071      58.864265     -17.498703     -91.010834     -40.726330      90.288124       3.203691      -9.276954       7.557481     -51.717163     -80.714752     134.773224       4.007538      -6.935815     -17.253294
      42.648354       8.520636      -5.938447     -16.030788      31.520565    -105.314041    -148.956497     -65.271156     -85.829735     -23.433634      17.131496      -6.197604      -4.879686      20.310993     -15.118537      20.424446      25.968843     -12.590769       7.711501       1.345323     -20.149246      95.232010       6.989400    -130.461533      -7.509479     -62.678062      60.989799      -0.048527      46.790215       0.017900     -13.905354       0.130070      -2.303732       0.929053       0.842103     -45.279037     -90.003120     -28.542397      89.993813     -90.000122       0.947328     -84.755424      -9.507820     -23.254652      78.513359    -359.997711      -3.971857    -360.003906      39.674866      -1.520088      -1.978673      -1.577864       1.250833      -9.094260     -90.000870      -1.804093      89.994499    -154.573914      53.940990     339.847168      90.432861      40.209957      90.127197       8.244558       8.753276      16.524826      28.402311      82.347130     148.257584      -5.714418       3.688463      -1.206470    -146.587860      58.854263     -17.572208     -91.010086     -40.705608      90.287834       3.166357      -9.272504       7.584688     -51.715332     -80.704071     134.752060       4.009789      -6.923614     -17.272390
      42.648430       8.519830      -5.942124     -16.014616      31.514343    -105.366287    -148.991913     -65.275078     -85.869736     -23.431515      17.117479      -6.216730      -4.883576      20.300943     -15.149529      20.389406      25.968647     -12.554205       7.713578       1.387340     -20.109171      95.221306       6.991649    -130.456741      -7.652254     -62.731319      60.885727      -0.048422      46.729362       0.017821     -13.906263       0.130120      -2.303730       0.945815       0.873209     -45.293751     -90.003120     -28.562860      89.993805     -90.026466       1.030528     -84.761429      -9.408607     -23.355915      78.520462    -359.997711      -3.975492    -360.003876      39.727577      -1.522705      -1.977386      -1.578925       1.243046      -9.108857     -90.000885      -1.808452      89.994499    -154.509171      53.933609     339.789520      90.426613      40.176151      90.125397       8.225785       8.759293      16.509130      28.352585      82.325119     148.320663      -5.719303       3.701489      -1.184149    -146.527359      58.844429     -17.645800     -91.009804     -40.684944      90.287651       3.129148      -9.268291       7.610526     -51.716091     -80.693619     134.729736       4.012312      -6.910670     -17.293308
      42.648491       8.519028      -5.945779     -15.998343      31.507998    -105.418236    -149.027130     -65.278954     -85.909477     -23.429403      17.103430      -6.235843      -4.887620      20.290936     -15.180210      20.354742      25.968281     -12.518540       7.715632       1.429432     -20.068563      95.210503       6.993948    -130.451874      -7.794427     -62.783756      60.782017      -0.048322      46.669056       0.017747     -13.907164       0.130169      -2.303729       0.962489       0.904031     -45.308346     -90.003120     -28.582985      89.993797     -90.052803       1.113216     -84.767227      -9.310194     -23.456625      78.527298    -359.997711      -3.979167    -360.003845      39.779999      -1.525327      -1.976095      -1.579939       1.235440      -9.123420     -90.000877      -1.812731      89.994514    -154.445068      53.926411     339.732391      90.420319      40.142578      90.123619       8.206937       8.765140      16.493517      28.303427      82.303162     148.383057      -5.724154       3.714532      -1.162008    -146.466888      58.834778     -17.719284     -91.009727     -40.664371      90.287514       3.091746      -9.263910       7.634935     -51.722000     -80.683853     134.703064       4.015062      -6.897199     -17.315649
      42.648220       8.518428      -5.950424     -15.978362      31.497643    -105.465820    -149.041351     -65.280357     -85.925049     -23.427130      17.086004      -6.258515      -4.894400      20.278955     -15.214081      20.319702      25.967827     -12.480612       7.717714       1.470864     -20.028023      95.198975       6.996862    -130.446579      -7.936337     -62.834995      60.679386      -0.048226      46.609306       0.017677     -13.908129       0.130226      -2.303731       0.978884       0.934547     -45.322906     -90.003120     -28.602768      89.993797     -90.078003       1.195488     -84.773811      -9.210497     -23.560068      78.534218    -359.997711      -3.981871    -360.003845      39.831402      -1.527839      -1.974857      -1.581032       1.227665      -9.138109     -90.000870      -1.816961      89.994507    -154.384750      53.915749     339.680481      90.397026      40.103455      90.117203       8.186785       8.760332      16.472752      28.237185      82.277710     148.461151      -5.728749       3.731735      -1.140700    -146.355469      58.818836     -17.825430     -91.040497     -40.619930      90.295609       3.047118      -9.256527       7.653563     -51.746143     -80.674858     134.661774       4.017828      -6.883235     -17.337732
      42.648254       8.517385      -5.954700     -15.957971      31.489504    -105.527313    -149.089294     -65.285614     -85.979446     -23.424580      17.069229      -6.281629      -4.901166      20.269121     -15.243893      20.285086      25.968445     -12.442315       7.719818       1.511814     -19.987743      95.188766       6.999374    -130.441879      -8.076693     -62.885914      60.577759      -0.048131      46.550186       0.017603     -13.909071       0.130282      -2.303732       0.995247       0.965036     -45.337605     -90.003120     -28.622225      89.993805     -90.102577       1.276656     -84.780357      -9.110947     -23.662474      78.541435    -359.997681      -3.985752    -360.003845      39.882675      -1.530454      -1.973591      -1.582149       1.220413      -9.152931     -90.000870      -1.821106      89.994514    -154.315704      53.911640     339.616882      90.395271      40.066025      90.116684       8.168656       8.766964      16.457386      28.192942      82.255997     148.519547      -5.734018       3.746162      -1.118755    -146.319565      58.816658     -17.886049     -91.022705     -40.602531      90.290749       3.003468      -9.251320       7.676118     -51.780838     -80.669899     134.600845       4.020653      -6.870597     -17.360718
      42.648560       8.516479      -5.958424     -15.940627      31.483276    -105.583054    -149.130371     -65.290085     -86.026115     -23.422344      17.054722      -6.301760      -4.905891      20.259439     -15.273956      20.251202      25.968544     -12.406721       7.721877       1.553088     -19.947063      95.178825       7.001523    -130.437347      -8.214969     -62.935623      60.477901      -0.048027      46.491501       0.017528     -13.909895       0.130324      -2.303731       1.011916       0.995377     -45.352032     -90.003120     -28.641352      89.993805     -90.127899       1.357514     -84.786171      -9.013696     -23.762383      78.548096    -359.997681      -3.989623    -360.003815      39.934185      -1.533026      -1.972312      -1.583173       1.213146      -9.167346     -90.000885      -1.825194      89.994507    -154.252136      53.905914     339.559204      90.392929      40.032295      90.115982       8.150916       8.773354      16.442432      28.146553      82.234444     148.579544      -5.738896       3.758958      -1.096658    -146.270691      58.809227     -17.952030     -91.015137     -40.584442      90.288589       2.961450      -9.243815       7.696239     -51.830841     -80.666710     134.524338       4.023410      -6.857950     -17.383310
      42.648823       8.515649      -5.962034     -15.923302      31.476667    -105.636131    -149.168701     -65.294250     -86.069481     -23.420267      17.040846      -6.320745      -4.911045      20.249619     -15.303779      20.217653      25.968054     -12.372837       7.723806       1.594567     -19.905773      95.168274       7.003728    -130.432556      -8.352662     -62.984283      60.378407      -0.047928      46.433342       0.017457     -13.910708       0.130369      -2.303730       1.028453       1.025180     -45.365974     -90.003136     -28.660168      89.993797     -90.153610       1.438086     -84.791580      -8.917931     -23.861197      78.554253    -359.997681      -3.993428    -360.003754      39.985443      -1.535573      -1.971053      -1.584006       1.206097      -9.181703     -90.000877      -1.829212      89.994522    -154.190826      53.900002     339.503845      90.388443      39.999294      90.114693       8.132380       8.778693      16.427212      28.099094      82.212708     148.640152      -5.743669       3.771843      -1.074958    -146.216461      58.801159     -18.020874     -91.012299     -40.565067      90.287697       2.919041      -9.235404       7.715055     -51.887527     -80.664368     134.441208       4.026189      -6.845373     -17.405979
      42.649002       8.514847      -5.965586     -15.906014      31.469738    -105.687729    -149.205566     -65.298233     -86.111107     -23.418251      17.027149      -6.339289      -4.916426      20.239771     -15.333250      20.184420      25.967211     -12.340138       7.725633       1.636171     -19.863903      95.157288       7.006027    -130.427551      -8.490031     -63.032112      60.278900      -0.047834      46.375710       0.017388     -13.911531       0.130418      -2.303730       1.044798       1.054482     -45.379627     -90.003128     -28.678656      89.993805     -90.179512       1.518302     -84.796715      -8.823210     -23.959345      78.560036    -359.997681      -3.997267    -360.003723      40.036419      -1.538095      -1.969783      -1.584796       1.199127      -9.196001     -90.000870      -1.833156      89.994499    -154.130539      53.894093     339.449432      90.382927      39.966602      90.113129       8.113379       8.783681      16.411953      28.051847      82.190987     148.700287      -5.748414       3.784775      -1.053576    -146.160263      58.793079     -18.090775     -91.011368     -40.545265      90.287315       2.876404      -9.226398       7.732999     -51.947964     -80.662567     134.354324       4.028975      -6.832878     -17.428692
      42.649136       8.514053      -5.969105     -15.888702      31.462614    -105.738609    -149.241760     -65.302132     -86.151939     -23.416260      17.013447      -6.357726      -4.921964      20.229940     -15.362364      20.151503      25.966156     -12.308359       7.727421       1.677840     -19.821543      95.146042       7.008396    -130.422440      -8.626966     -63.079216      60.179539      -0.047740      46.318619       0.017321     -13.912363       0.130459      -2.303729       1.061006       1.083408     -45.393124     -90.003136     -28.696848      89.993797     -90.205467       1.598067     -84.801628      -8.729316     -24.056953      78.565559    -359.997650      -4.001148    -360.003693      40.087093      -1.540614      -1.968524      -1.585585       1.192208      -9.210211     -90.000870      -1.837037      89.994514    -154.070816      53.888313     339.395569      90.377037      39.934116      90.111481       8.094159       8.788537      16.396784      28.005135      82.169327     148.759720      -5.753134       3.797690      -1.032436    -146.103729      58.785206     -18.160780     -91.010979     -40.525433      90.287102       2.833650      -9.217029       7.750325     -52.011154     -80.661171     134.264633       4.031763      -6.820491     -17.451454
      42.648926       8.513454      -5.973529     -15.868413      31.451757    -105.784492    -149.256866     -65.303642     -86.168495     -23.414139      16.996693      -6.379229      -4.929787      20.218185     -15.394616      20.118250      25.965036     -12.274487       7.729215       1.718889     -19.779274      95.134064       7.011361    -130.416870      -8.763755     -63.125252      60.081001      -0.047650      46.262051       0.017255     -13.913260       0.130506      -2.303731       1.076911       1.111982     -45.406605     -90.003120     -28.714706      89.993797     -90.230431       1.677484     -84.807243      -8.634264     -24.157185      78.571106    -359.997681      -4.004102    -360.003662      40.136776      -1.543061      -1.967325      -1.586398       1.185148      -9.224570     -90.000877      -1.840849      89.994514    -154.014832      53.878941     339.346985      90.354599      39.896469      90.105331       8.073636       8.783299      16.376640      27.942726      82.144363     148.833527      -5.757618       3.814519      -1.012106    -145.996323      58.770473     -18.263395     -91.041283     -40.482700      90.295036       2.786029      -9.206337       7.763587     -52.072735     -80.657707     134.182129       4.034595      -6.807333     -17.474125
      42.648991       8.512420      -5.977589     -15.847545      31.442974    -105.844086    -149.305374     -65.308838     -86.223434     -23.411743      16.980490      -6.401252      -4.937692      20.208580     -15.422758      20.085430      25.964952     -12.240368       7.731021       1.759497     -19.737242      95.123283       7.013940    -130.411880      -8.899187     -63.171059      59.983227      -0.047559      46.206055       0.017188     -13.914130       0.130555      -2.303731       1.092780       1.140515     -45.420212     -90.003128     -28.732298      89.993797     -90.254822       1.755798     -84.812798      -8.539420     -24.256262      78.576935    -359.997681      -4.008244    -360.003632      40.186405      -1.545573      -1.966078      -1.587246       1.178557      -9.239020     -90.000877      -1.844602      89.994499    -153.949722      53.875938     339.286407      90.353088      39.860527      90.104881       8.055034       8.789318      16.361950      27.901186      82.123108     148.888657      -5.762715       3.828562      -0.991162    -145.963272      58.769783     -18.321083     -91.023598     -40.466091      90.290230       2.740400      -9.198809       7.781749     -52.135193     -80.656799     134.091049       4.037469      -6.795389     -17.497513
      42.649307       8.511526      -5.981176     -15.829395      31.435860    -105.898254    -149.346695     -65.313255     -86.270256     -23.409622      16.966244      -6.420705      -4.943791      20.199064     -15.451196      20.053288      25.964388     -12.208683       7.732809       1.800382     -19.694860      95.112747       7.016206    -130.407013      -9.032617     -63.215736      59.887222      -0.047473      46.150509       0.017123     -13.914891       0.130596      -2.303730       1.108925       1.168924     -45.433643     -90.003136     -28.749580      89.993790     -90.279877       1.833781     -84.817680      -8.446724     -24.352982      78.582230    -359.997650      -4.012362    -360.003601      40.236248      -1.548072      -1.964828      -1.588070       1.171879      -9.253044     -90.000877      -1.848287      89.994514    -153.890060      53.871452     339.231659      90.350716      39.827831      90.104172       8.036849       8.794803      16.347466      27.857096      82.101875     148.945831      -5.767440       3.841185      -0.970082    -145.917145      58.764019     -18.384439     -91.016220     -40.448315      90.288124       2.696658      -9.189712       7.798347     -52.205761     -80.656693     133.992294       4.040277      -6.783365     -17.520475
      42.649574       8.510703      -5.984665     -15.811316      31.428398    -105.949814    -149.385056     -65.317314     -86.313591     -23.407656      16.952589      -6.439099      -4.950244      20.189400     -15.479483      20.021469      25.963295     -12.178500       7.734465       1.841429     -19.651945      95.101692       7.018549    -130.401917      -9.165419     -63.259438      59.791626      -0.047375      46.095436       0.017053     -13.915649       0.130635      -2.303730       1.124948       1.196855     -45.446644     -90.003136     -28.766581      89.993797     -90.305222       1.911475     -84.822235      -8.355382     -24.448744      78.587074    -359.997650      -4.016412    -360.003571      40.285835      -1.550549      -1.963576      -1.588908       1.165121      -9.266892     -90.000877      -1.851916      89.994507    -153.832718      53.866783     339.179321      90.346283      39.795788      90.102921       8.017959       8.799255      16.332693      27.812170      82.080482     149.003418      -5.772089       3.853911      -0.949357    -145.865311      58.757507     -18.450911     -91.013573     -40.429134      90.287277       2.653112      -9.180166       7.814291     -52.277416     -80.656662     133.893158       4.043097      -6.771350     -17.543425
      42.649769       8.509901      -5.988105     -15.793300      31.420647    -106.000031    -149.422089     -65.321236     -86.355324     -23.405741      16.939066      -6.457126      -4.956916      20.179708     -15.507423      19.989925      25.961905     -12.149364       7.736030       1.882565     -19.608540      95.090240       7.020959    -130.396637      -9.297881     -63.302399      59.696087      -0.047286      46.040882       0.016989     -13.916418       0.130683      -2.303730       1.140787       1.224321     -45.459358     -90.003120     -28.783285      89.993805     -90.330750       1.988826     -84.826523      -8.265000     -24.543905      78.591606    -359.997650      -4.020508    -360.003540      40.335125      -1.552981      -1.962346      -1.589751       1.158385      -9.280659     -90.000885      -1.855482      89.994507    -153.776306      53.862156     339.127838      90.340988      39.764004      90.101440       7.998653       8.803398      16.317902      27.767519      82.059097     149.060486      -5.776701       3.866670      -0.928927    -145.811844      58.751026     -18.518261     -91.012482     -40.409554      90.286858       2.609775      -9.170425       7.829901     -52.348724     -80.656631     133.794800       4.045927      -6.759381     -17.566368
      42.649921       8.509107      -5.991517     -15.775290      31.412720    -106.049591    -149.458466     -65.325073     -86.396263     -23.403828      16.925528      -6.475079      -4.963710      20.170040     -15.535055      19.958681      25.960344     -12.121028       7.737545       1.923732     -19.564720      95.078583       7.023439    -130.391251      -9.429878     -63.344662      59.600735      -0.047195      45.986835       0.016923     -13.917189       0.130719      -2.303731       1.156491       1.251441     -45.471939     -90.003151     -28.799728      89.993782     -90.356300       2.065709     -84.830635      -8.175395     -24.638563      78.595917    -359.997620      -4.024633    -360.003510      40.384132      -1.555427      -1.961119      -1.590594       1.151716      -9.294353     -90.000877      -1.858991      89.994514    -153.720444      53.857601     339.076843      90.335342      39.732376      90.099884       7.979187       8.807410      16.303171      27.723169      82.037773     149.117142      -5.781293       3.879432      -0.908708    -145.757828      58.744640     -18.585867     -91.012001     -40.389854      90.286613       2.566650      -9.160586       7.845269     -52.419811     -80.656601     133.696991       4.048763      -6.747453     -17.589296
      42.650047       8.508315      -5.994911     -15.757236      31.404694    -106.098778    -149.494370     -65.328857     -86.436691     -23.401936      16.911934      -6.493042      -4.970610      20.160397     -15.562426      19.927750      25.958670     -12.093364       7.739036       1.964886     -19.520565      95.066803       7.025957    -130.385773      -9.561243     -63.386230      59.505768      -0.047105      45.933273       0.016858     -13.917955       0.130768      -2.303731       1.172092       1.278269     -45.484425     -90.003143     -28.815889      89.993797     -90.381844       2.142150     -84.834610      -8.086494     -24.732748      78.599991    -359.997620      -4.028811    -360.003448      40.432884      -1.557842      -1.959901      -1.591424       1.145078      -9.307978     -90.000885      -1.862430      89.994514    -153.665146      53.853191     339.026306      90.329613      39.700912      90.098274       7.959666       8.811276      16.288513      27.679304      82.016525     149.173218      -5.785865       3.892188      -0.888666    -145.703613      58.738392     -18.653524     -91.011818     -40.370106      90.286438       2.523685      -9.150693       7.860439     -52.490791     -80.656616     133.599533       4.051595      -6.735592     -17.612225
      42.650169       8.507521      -5.998293     -15.739124      31.396553    -106.147728    -149.530090     -65.332581     -86.476875     -23.400040      16.898291      -6.511023      -4.977640      20.150787     -15.589546      19.897120      25.956919     -12.066298       7.740479       2.006006     -19.476109      95.054985       7.028501    -130.380280      -9.691875     -63.427109      59.411362      -0.047018      45.880207       0.016797     -13.918716       0.130809      -2.303730       1.187618       1.304868     -45.496807     -90.003159     -28.831776      89.993782     -90.407318       2.218119     -84.838432      -7.998273     -24.826473      78.603874    -359.997620      -4.033041    -360.003418      40.481361      -1.560247      -1.958685      -1.592255       1.138479      -9.321528     -90.000885      -1.865821      89.994499    -153.610397      53.848938     338.976166      90.323883      39.669579      90.096703       7.940133       8.815042      16.273930      27.635792      81.995323     149.228897      -5.790415       3.904919      -0.868770    -145.649490      58.732304     -18.721050     -91.011703     -40.350327      90.286285       2.480861      -9.140761       7.875427     -52.561661     -80.656700     133.502441       4.054429      -6.723781     -17.635159
      42.649982       8.506911      -6.002504     -15.718651      31.385080    -106.191483    -149.545059     -65.334053     -86.493233     -23.398060      16.881952      -6.531614      -4.986502      20.139301     -15.619826      19.866131      25.955153     -12.037105       7.741942       2.046446     -19.431913      95.042557       7.031562    -130.374374      -9.822149     -63.466965      59.317966      -0.046934      45.827618       0.016734     -13.919534       0.130859      -2.303731       1.202877       1.331161     -45.509155     -90.003151     -28.847385      89.993782     -90.431854       2.293767     -84.842926      -7.908917     -24.922792      78.607834    -359.997620      -4.036389    -360.003418      40.528831      -1.562546      -1.957528      -1.593035       1.131796      -9.335294     -90.000877      -1.869166      89.994507    -153.559433      53.840996     338.931488      90.302376      39.633499      90.090836       7.919431       8.809255      16.254560      27.577993      81.970955     149.297623      -5.794764       3.921348      -0.849595    -145.545105      58.718712     -18.820780     -91.041801     -40.308815      90.294159       2.433971      -9.129552       7.886712     -52.628391     -80.654472     133.415070       4.057286      -6.711234     -17.657904
      42.650070       8.505877      -6.006351     -15.697411      31.375557    -106.248871    -149.593430     -65.339104     -86.547905     -23.395830      16.866137      -6.552759      -4.995612      20.130005     -15.645957      19.835529      25.954384     -12.007680       7.743396       2.086444     -19.388041      95.031281       7.034217    -130.369049      -9.950982     -63.506588      59.225437      -0.046849      45.775589       0.016670     -13.920325       0.130900      -2.303735       1.218109       1.357405     -45.521576     -90.003151     -28.862761      89.993790     -90.455788       2.368358     -84.847404      -7.819791     -25.017811      78.612106    -359.997620      -4.040877    -360.003357      40.576313      -1.564937      -1.956331      -1.593907       1.125517      -9.349094     -90.000877      -1.872440      89.994514    -153.498993      53.839298     338.874481      90.301277      39.599148      90.090515       7.900591       8.814510      16.240679      27.539873      81.950287     149.348755      -5.799667       3.934960      -0.829826    -145.514252      58.719593     -18.875879     -91.024330     -40.292583      90.289406       2.389383      -9.121838       7.903122     -52.693939     -80.654411     133.321808       4.060197      -6.699811     -17.681293
      42.650406       8.504982      -6.009810     -15.678496      31.367466    -106.301270    -149.634537     -65.343369     -86.594391     -23.393833      16.852003      -6.571707      -5.003165      20.120722     -15.672458      19.805536      25.953215     -11.980317       7.744831       2.126638     -19.343914      95.020287       7.036637    -130.363892     -10.077806     -63.545185      59.134796      -0.046766      45.723946       0.016610     -13.921010       0.130942      -2.303733       1.233594       1.383537     -45.533833     -90.003159     -28.877869      89.993782     -90.480225       2.442553     -84.851318      -7.732620     -25.110680      78.615906    -359.997620      -4.045311    -360.003357      40.623985      -1.567304      -1.955112      -1.594766       1.119139      -9.362468     -90.000877      -1.875657      89.994507    -153.443970      53.836197     338.823273      90.299026      39.567535      90.089859       7.882211       8.818922      16.226791      27.498936      81.929512     149.402267      -5.804221       3.947377      -0.809927    -145.470367      58.715523     -18.936861     -91.017181     -40.274700      90.287369       2.346290      -9.112741       7.918221     -52.766369     -80.654999     133.222229       4.063047      -6.688220     -17.704315
      42.650692       8.504149      -6.013184     -15.659706      31.359049    -106.351219    -149.672867     -65.347328     -86.637596     -23.391968      16.838438      -6.589647      -5.011053      20.111282     -15.698875      19.775791      25.951597     -11.954216       7.746143       2.166935     -19.299389      95.008827       7.039090    -130.358490     -10.203921     -63.582867      59.044678      -0.046686      45.672764       0.016552     -13.921694       0.130979      -2.303733       1.248949       1.409189     -45.545731     -90.003159     -28.892714      89.993782     -90.504944       2.516495     -84.854942      -7.646682     -25.202700      78.619316    -359.997620      -4.049679    -360.003326      40.671394      -1.569649      -1.953906      -1.595569       1.112715      -9.375709     -90.000870      -1.878822      89.994514    -153.391281      53.832996     338.774414      90.294998      39.536465      90.088737       7.863168       8.822371      16.212624      27.457336      81.908600     149.456024      -5.808717       3.959904      -0.790336    -145.421432      58.710777     -19.000546     -91.014282     -40.255516      90.286453       2.303439      -9.103312       7.932875     -52.838631     -80.655540     133.123550       4.065891      -6.676664     -17.727318
      42.650906       8.503342      -6.016513     -15.641038      31.350380    -106.399796    -149.709625     -65.351120     -86.678894     -23.390148      16.824999      -6.607246      -5.019087      20.101791     -15.725047      19.746300      25.949732     -11.928989       7.747350       2.207260     -19.254482      94.997009       7.041608    -130.352921     -10.329670     -63.619858      58.954674      -0.046601      45.622044       0.016492     -13.922387       0.131034      -2.303728       1.264134       1.434425     -45.557312     -90.003174     -28.907314      89.993782     -90.529755       2.590066     -84.858368      -7.561608     -25.294199      78.622459    -359.997620      -4.054061    -360.003296      40.718517      -1.571984      -1.952716      -1.596353       1.106381      -9.388872     -90.000870      -1.881937      89.994514    -153.339584      53.829742     338.726563      90.290024      39.505600      90.087364       7.843756       8.825471      16.198395      27.415771      81.887680     149.509537      -5.813182       3.972497      -0.771035    -145.369949      58.705776     -19.065725     -91.013435     -40.235775      90.286118       2.260889      -9.093687       7.947256     -52.909939     -80.655975     133.026443       4.068746      -6.665136     -17.750290
      42.651058       8.502532      -6.019832     -15.622729      31.341583    -106.447792    -149.746017     -65.354874     -86.719734     -23.388334      16.811527      -6.624756      -5.027013      20.092375     -15.750799      19.717054      25.947746     -11.904356       7.748507       2.247557     -19.209297      94.984985       7.044187    -130.347244     -10.454916     -63.656208      58.864922      -0.046521      45.571800       0.016434     -13.923088       0.131067      -2.303733       1.279180       1.459337     -45.568764     -90.003166     -28.921675      89.993782     -90.554535       2.663203     -84.861649      -7.477232     -25.385212      78.625374    -359.997620      -4.058530    -360.003265      40.765392      -1.574315      -1.951518      -1.597133       1.100132      -9.402004     -90.000870      -1.885002      89.994514    -153.287582      53.826267     338.678558      90.284019      39.474407      90.085693       7.825856       8.818897      16.179640      27.449829      81.885971     149.488754      -5.817638       3.990062      -0.751931    -145.317993      58.700600     -19.131271     -91.012909     -40.216045      90.285843       2.218687      -9.083970       7.961532     -52.979774     -80.656311     132.931168       4.071592      -6.653637     -17.773239
      42.651188       8.501721      -6.023133     -15.604403      31.332687    -106.495445    -149.781860     -65.358543     -86.759956     -23.386513      16.797960      -6.642332      -5.035002      20.082979     -15.776349      19.688068      25.945694     -11.880239       7.749632       2.287801     -19.163860      94.972855       7.046806    -130.341507     -10.579546     -63.691929      58.775589      -0.046445      45.522018       0.016380     -13.923781       0.131109      -2.303731       1.294122       1.483965     -45.580135     -90.003166     -28.935793      89.993774     -90.579239       2.735847     -84.864838      -7.393471     -25.475805      78.628159    -359.997589      -4.063010    -360.003235      40.812004      -1.576626      -1.950334      -1.597898       1.093861      -9.415044     -90.000877      -1.888019      89.994514    -153.235931      53.822781     338.630890      90.277733      39.443287      90.083954       7.807684       8.812068      16.160425      27.482939      81.883774     149.468826      -5.822221       4.006420      -0.733042    -145.265686      58.695477     -19.197025     -91.012726     -40.196243      90.285683       2.176643      -9.074194       7.975636     -53.049007     -80.656624     132.836777       4.074449      -6.642180     -17.796190
      42.651257       8.501251      -6.026593     -15.589872      31.324125    -106.533295    -149.792694     -65.359833     -86.771751     -23.384626      16.784159      -6.659676      -5.040259      20.072346     -15.804761      19.659346      25.943533     -11.856108       7.750838       2.327846     -19.118269      94.960739       7.049566    -130.335724     -10.703173     -63.726852      58.687424      -0.046362      45.472668       0.016320     -13.924465       0.131145      -2.303728       1.308999       1.508379     -45.591476     -90.003151     -28.949671      89.993782     -90.603844       2.808383     -84.868050      -7.309780     -25.567535      78.630875    -359.997589      -4.066411    -360.003204      40.858025      -1.578809      -1.949207      -1.598332       1.087468      -9.428146     -90.000877      -1.890984      89.994514    -153.192291      53.812634     338.594269      90.258568      39.410194      90.078766       7.788806       8.797693      16.137321      27.511698      81.881508     149.452164      -5.826322       4.026205      -0.714595    -145.146088      58.671135     -19.308996     -91.057289     -40.164280      90.297249       2.132285      -9.060090       7.983650     -53.138779     -80.658554     132.724579       4.077333      -6.629860     -17.819052
      42.651058       8.500150      -6.030734     -15.563660      31.310738    -106.589714    -149.840408     -65.364395     -86.825272     -23.382692      16.767166      -6.681385      -5.054008      20.062515     -15.829762      19.629990      25.941988     -11.829244       7.751819       2.367011     -19.073383      94.948051       7.052638    -130.329605     -10.827192     -63.761257      58.598862      -0.046287      45.423828       0.016264     -13.925248       0.131186      -2.303729       1.323463       1.532465     -45.602711     -90.003166     -28.963326      89.993774     -90.626938       2.879791     -84.872017      -7.224976     -25.659843      78.633812    -359.997620      -4.071290    -360.003174      40.903511      -1.581119      -1.948025      -1.599125       1.081975      -9.441626     -90.000877      -1.893891      89.994507    -153.133148      53.813835     338.536957      90.251854      39.375027      90.076942       7.770309       8.788710      16.117012      27.546171      81.878563     149.431259      -5.831459       4.043543      -0.696216    -145.125031      58.682163     -19.353189     -91.032074     -40.138084      90.290565       2.088407      -9.054646       8.001060     -53.177528     -80.654678     132.663132       4.080221      -6.618776     -17.842093
      42.651344       8.499190      -6.034162     -15.544119      31.301855    -106.642578    -149.884552     -65.368896     -86.875137     -23.380688      16.752672      -6.700593      -5.062600      20.053585     -15.854459      19.601597      25.940720     -11.804325       7.752946       2.406244     -19.028399      94.936768       7.055164    -130.324188     -10.948550     -63.795143      58.512592      -0.046212      45.375423       0.016207     -13.925902       0.131221      -2.303731       1.338263       1.556650     -45.614037     -90.003166     -28.976757      89.993774     -90.650482       2.950671     -84.875397      -7.141779     -25.750046      78.636681    -359.997589      -4.076008    -360.003143      40.949276      -1.583406      -1.946847      -1.599787       1.076305      -9.454672     -90.000877      -1.896755      89.994499    -153.078674      53.811684     338.485626      90.249817      39.343231      90.076378       7.753216       8.783685      16.098883      27.577282      81.875725     149.413742      -5.836115       4.059343      -0.677363    -145.087616      58.680431     -19.410131     -91.020973     -40.121429      90.287498       2.046251      -9.046120       8.015826     -53.246040     -80.655304     132.568527       4.083084      -6.607606     -17.865126
      42.651661       8.498327      -6.037469     -15.524810      31.292833    -106.692245    -149.924210     -65.372879     -86.919777     -23.378862      16.738968      -6.718521      -5.071395      20.044420     -15.879391      19.573496      25.938971     -11.780770       7.753978       2.445575     -18.983133      94.925194       7.057667    -130.318649     -11.068767     -63.828083      58.427414      -0.046130      45.327400       0.016152     -13.926527       0.131249      -2.303730       1.353078       1.580562     -45.625053     -90.003181     -28.989946      89.993782     -90.674332       3.021287     -84.878441      -7.059988     -25.839066      78.639107    -359.997589      -4.080631    -360.003113      40.994915      -1.585660      -1.945678      -1.600363       1.070553      -9.467513     -90.000877      -1.899565      89.994514    -153.028107      53.809361     338.438171      90.245735      39.312405      90.075249       7.735684       8.777043      16.080196      27.607288      81.872871     149.396896      -5.840649       4.075210      -0.658661    -145.042542      58.677193     -19.470907     -91.016266     -40.102760      90.286102       2.004321      -9.037064       8.029918     -53.316025     -80.656052     132.473236       4.085953      -6.596374     -17.888100
      42.651917       8.497502      -6.040724     -15.505673      31.283545    -106.740128    -149.961700     -65.376656     -86.961876     -23.377119      16.725552      -6.735855      -5.080376      20.035147     -15.904204      19.545591      25.936947     -11.758072       7.754911       2.484933     -18.937557      94.913246       7.060237    -130.312927     -11.188431     -63.860310      58.342560      -0.046056      45.279831       0.016098     -13.927156       0.131283      -2.303731       1.367722       1.604025     -45.635788     -90.003174     -29.002916      89.993774     -90.698357       3.091579     -84.881264      -6.979136     -25.927534      78.641243    -359.997559      -4.085243    -360.003082      41.040306      -1.587880      -1.944519      -1.600931       1.064822      -9.480279     -90.000877      -1.902338      89.994514    -152.979080      53.806931     338.392273      90.240395      39.281860      90.073776       7.717681       8.769757      16.061281      27.637079      81.869980     149.379959      -5.845151       4.091159      -0.640243    -144.993637      58.673389     -19.533884     -91.014626     -40.083183      90.285538       1.962671      -9.027761       8.043692     -53.384968     -80.656670     132.379684       4.088828      -6.585127     -17.911041
      42.652111       8.496687      -6.043950     -15.486554      31.274054    -106.787140    -149.998215     -65.380318     -87.002831     -23.375399      16.712164      -6.753040      -5.089491      20.025858     -15.928782      19.517921      25.934784     -11.736029       7.755763       2.524274     -18.891703      94.901062       7.062836    -130.307068     -11.307640     -63.891945      58.257935      -0.045978      45.232677       0.016040     -13.927791       0.131321      -2.303728       1.382215       1.627141     -45.646339     -90.003181     -29.015669      89.993767     -90.722420       3.161500     -84.883934      -6.899004     -26.015539      78.643150    -359.997559      -4.089875    -360.003052      41.085415      -1.590102      -1.943363      -1.601503       1.059050      -9.492957     -90.000877      -1.905050      89.994514    -152.930695      53.804604     338.346985      90.234543      39.251465      90.072189       7.699420       8.762302      16.042377      27.666645      81.867065     149.363129      -5.849637       4.107088      -0.622041    -144.943588      58.669659     -19.597517     -91.013931     -40.063347      90.285240       1.921292      -9.018365       8.057330     -53.452847     -80.657211     132.287643       4.091704      -6.573923     -17.933958
      42.652271       8.495878      -6.047156     -15.467440      31.264433    -106.833656    -150.034088     -65.383904     -87.043007     -23.373688      16.698738      -6.770202      -5.098689      20.016581     -15.953184      19.490496      25.932541     -11.714483       7.756575       2.563560     -18.845640      94.888741       7.065485    -130.301132     -11.426295     -63.922997      58.173630      -0.045900      45.185955       0.015987     -13.928426       0.131364      -2.303728       1.396594       1.649976     -45.656780     -90.003174     -29.028208      89.993767     -90.746376       3.230937     -84.886497      -6.819500     -26.103144      78.644920    -359.997559      -4.094532    -360.003021      41.130272      -1.592300      -1.942211      -1.602073       1.053324      -9.505576     -90.000885      -1.907720      89.994514    -152.882874      53.802349     338.302155      90.228462      39.221222      90.070541       7.681065       8.754714      16.023512      27.696037      81.864151     149.346329      -5.854106       4.122985      -0.603997    -144.892731      58.665928     -19.661636     -91.013863     -40.043339      90.285095       1.880165      -9.008902       8.070826     -53.519859     -80.657707     132.196869       4.094582      -6.562744     -17.956842
      42.652367       8.495401      -6.050506     -15.452210      31.255247    -106.870430    -150.045258     -65.385185     -87.055145     -23.371887      16.685146      -6.787040      -5.105075      20.006063     -15.980411      19.463320      25.930204     -11.692945       7.757457       2.602658     -18.799438      94.876404       7.068253    -130.295151     -11.544002     -63.953327      58.090431      -0.045833      45.139660       0.015937     -13.929049       0.131398      -2.303728       1.410903       1.672588     -45.667210     -90.003174     -29.040545      89.993767     -90.770294       3.300262     -84.889091      -6.740095     -26.191893      78.646645    -359.997528      -4.098119    -360.002991      41.174541      -1.594414      -1.941115      -1.602469       1.047259      -9.518136     -90.000877      -1.910363      89.994514    -152.842880      53.793461     338.268341      90.209671      39.189014      90.065483       7.661986       8.739688      16.000809      27.722170      81.861443     149.331741      -5.858099       4.142325      -0.586375    -144.775589      58.642761     -19.771202     -91.058075     -40.011383      90.296555       1.836841      -8.995117       8.078291     -53.607292     -80.659744     132.088333       4.097479      -6.550747     -17.979609
      42.652187       8.494291      -6.054473     -15.425756      31.241381    -106.925232    -150.093033     -65.389679     -87.108673     -23.370075      16.668545      -6.807952      -5.119720      19.996422     -16.004213      19.435526      25.928461     -11.668805       7.758123       2.640921     -18.753952      94.863495       7.071323    -130.288834     -11.662136     -63.983204      58.006741      -0.045758      45.093830       0.015881     -13.929772       0.131434      -2.303729       1.424799       1.694881     -45.677505     -90.003174     -29.052654      89.993774     -90.792740       3.368498     -84.892410      -6.659632     -26.281120      78.648590    -359.997528      -4.103184    -360.002991      41.218311      -1.596633      -1.939979      -1.603242       1.041851      -9.531021     -90.000885      -1.912941      89.994514    -152.787521      53.795815     338.213867      90.203651      39.155190      90.063881       7.643314       8.730468      15.981133      27.754766      81.858269     149.312164      -5.863119       4.158994      -0.568832    -144.755920      58.655067     -19.813879     -91.032738     -39.985863      90.289841       1.794407      -8.989813       8.095100     -53.643009     -80.656075     132.031204       4.100378      -6.540004     -18.002512
      42.652485       8.493331      -6.057791     -15.405437      31.231730    -106.976852    -150.137360     -65.394058     -87.158623     -23.368174      16.654182      -6.826696      -5.129533      19.987631     -16.027706      19.408636      25.926987     -11.646504       7.758952       2.679256     -18.708353      94.851921       7.073880    -130.283203     -11.777740     -64.012634      57.925224      -0.045688      45.048397       0.015828     -13.930368       0.131470      -2.303728       1.439019       1.717270     -45.687912     -90.003181     -29.064583      89.993774     -90.815552       3.436177     -84.895180      -6.580706     -26.368259      78.650490    -359.997528      -4.108060    -360.002930      41.262402      -1.598823      -1.938823      -1.603874       1.036282      -9.543502     -90.000885      -1.915485      89.994522    -152.736435      53.794926     338.164948      90.201759      39.124390      90.063339       7.625979       8.724752      15.963460      27.784296      81.855324     149.295670      -5.867639       4.174321      -0.550832    -144.720108      58.654892     -19.869143     -91.021629     -39.969131      90.286781       1.753227      -8.981544       8.109268     -53.709263     -80.656898     131.940247       4.103265      -6.529114     -18.025455
      42.652817       8.492466      -6.061008     -15.385503      31.221973    -107.025230    -150.176849     -65.397926     -87.202980     -23.366432      16.640593      -6.844200      -5.139455      19.978571     -16.051502      19.382040      25.925093     -11.625443       7.759686       2.717678     -18.662491      94.840126       7.076438    -130.277451     -11.892146     -64.041168      57.844887      -0.045618      45.003338       0.015782     -13.930940       0.131497      -2.303729       1.453246       1.739401     -45.698090     -90.003181     -29.076313      89.993767     -90.838661       3.503573     -84.897659      -6.503103     -26.454304      78.651993    -359.997528      -4.112846    -360.002899      41.306362      -1.600984      -1.937686      -1.604415       1.030738      -9.555792     -90.000877      -1.917989      89.994514    -152.689331      53.793758     338.120117      90.197800      39.094383      90.062256       7.608292       8.717382      15.945168      27.813301      81.852417     149.279312      -5.872049       4.189764      -0.532964    -144.676254      58.652939     -19.928513     -91.017159     -39.950283      90.285469       1.712275      -8.972710       8.122773     -53.776794     -80.657799     131.848831       4.106143      -6.518153     -18.048340
      42.653076       8.491632      -6.064177     -15.365757      31.211969    -107.071922    -150.214310     -65.401604     -87.244965     -23.364763      16.627274      -6.861160      -5.149551      19.969414     -16.075188      19.355623      25.922935     -11.605149       7.760313       2.756110     -18.616379      94.828003       7.079045    -130.271545     -12.006010     -64.069077      57.764904      -0.045546      44.958672       0.015731     -13.931518       0.131535      -2.303728       1.467306       1.761136     -45.707962     -90.003189     -29.087830      89.993767     -90.861900       3.570660     -84.899940      -6.426380     -26.539856      78.653214    -359.997528      -4.117619    -360.002838      41.350060      -1.603119      -1.936561      -1.604964       1.025209      -9.568011     -90.000885      -1.920453      89.994499    -152.643707      53.792522     338.076782      90.192719      39.064598      90.060883       7.590168       8.709423      15.926662      27.842167      81.849518     149.262863      -5.876433       4.205300      -0.515360    -144.628922      58.650486     -19.989889     -91.015457     -39.930607      90.284897       1.671578      -8.963656       8.136001     -53.843220     -80.658585     131.759140       4.109027      -6.507190     -18.071194
      42.653278       8.490813      -6.067317     -15.346072      31.201786    -107.117744    -150.250671     -65.405159     -87.285645     -23.363115      16.613962      -6.877986      -5.159743      19.960236     -16.098684      19.329422      25.920670     -11.585412       7.760856       2.794511     -18.570045      94.815643       7.081686    -130.265503     -12.119434     -64.096420      57.685108      -0.045478      44.914421       0.015684     -13.932098       0.131565      -2.303728       1.481218       1.782526     -45.717686     -90.003181     -29.099171      89.993774     -90.885132       3.637387     -84.902077      -6.350313     -26.624998      78.654266    -359.997528      -4.122412    -360.002838      41.393513      -1.605251      -1.935439      -1.605511       1.019719      -9.580162     -90.000893      -1.922863      89.994476    -152.598755      53.791348     338.034027      90.187111      39.034958      90.059372       7.571802       8.701246      15.908141      27.871000      81.846649     149.246262      -5.880804       4.220839      -0.497957    -144.579956      58.647919     -20.052269     -91.014977     -39.910591      90.284637       1.631134      -8.954487       8.149069     -53.908546     -80.659271     131.671036       4.111903      -6.496262     -18.094021
      42.653446       8.489995      -6.070443     -15.326364      31.191479    -107.163185    -150.286591     -65.408676     -87.325813     -23.361486      16.600592      -6.894798      -5.170013      19.951078     -16.122002      19.303434      25.918343     -11.566121       7.761352       2.832857     -18.523520      94.803169       7.084373    -130.259399     -12.232300     -64.123238      57.605652      -0.045408      44.870583       0.015637     -13.932683       0.131600      -2.303729       1.495018       1.803660     -45.727299     -90.003181     -29.110313      89.993774     -90.908325       3.703674     -84.904121      -6.274831     -26.709734      78.655144    -359.997528      -4.127232    -360.002808      41.436718      -1.607370      -1.934317      -1.606051       1.014234      -9.592241     -90.000885      -1.925234      89.994484    -152.554276      53.790306     337.991699      90.181381      39.005428      90.057823       7.553338       8.693001      15.889679      27.899656      81.843773     149.229767      -5.885154       4.236332      -0.480710    -144.530701      58.645485     -20.114813     -91.014748     -39.890514      90.284454       1.590912      -8.945266       8.162032     -53.973053     -80.659943     131.584076       4.114785      -6.485376     -18.116816
      42.653309       8.489343      -6.074203     -15.305518      31.178659    -107.202759    -150.302536     -65.410141     -87.343185     -23.359819      16.585258      -6.913279      -5.181226      19.940159     -16.148285      19.277161      25.916039     -11.545086       7.761844       2.870614     -18.477327      94.790123       7.087438    -130.252930     -12.344887     -64.149292      57.526913      -0.045340      44.827133       0.015588     -13.933318       0.131632      -2.303727       1.508572       1.824517     -45.736851     -90.003181     -29.121277      89.993774     -90.930817       3.769819     -84.906693      -6.198370     -26.796906      78.656128    -359.997528      -4.131247    -360.002808      41.479027      -1.609406      -1.933253      -1.606597       1.008541      -9.604491     -90.000893      -1.927580      89.994476    -152.513336      53.785458     337.954742      90.161064      38.972061      90.052414       7.533965       8.674944      15.866119      27.927361      81.840988     149.213272      -5.889381       4.255579      -0.464113    -144.433121      58.634449     -20.208288     -91.043579     -39.851418      90.291901       1.547871      -8.934393       8.171481     -54.032101     -80.658363     131.507645       4.117685      -6.473723     -18.139215
      42.653442       8.488302      -6.077606     -15.283276      31.167379    -107.255501    -150.350998     -65.414818     -87.397606     -23.357931      16.570261      -6.932472      -5.193114      19.931471     -16.170465      19.251284      25.914555     -11.524058       7.762329       2.908017     -18.431417      94.778046       7.090140    -130.246948     -12.456275     -64.175293      57.448753      -0.045266      44.784138       0.015532     -13.933923       0.131659      -2.303729       1.522105       1.845307     -45.746475     -90.003189     -29.132051      89.993774     -90.952751       3.834915     -84.909210      -6.122276     -26.882467      78.657394    -359.997498      -4.136305    -360.002747      41.521458      -1.611542      -1.932142      -1.607212       1.003184      -9.616684     -90.000893      -1.929879      89.994469    -152.462616      53.786591     337.905182      90.159798      38.940689      90.052071       7.515847       8.669110      15.848899      27.957642      81.838013     149.195770      -5.894016       4.271132      -0.446988    -144.405411      58.638725     -20.259167     -91.026871     -39.835484      90.287407       1.507145      -8.927167       8.185774     -54.090580     -80.658745     131.425644       4.120603      -6.463178     -18.162224
      42.653790       8.487396      -6.080779     -15.262611      31.157085    -107.304276    -150.392441     -65.418800     -87.444168     -23.356205      16.556396      -6.950196      -5.203971      19.922657     -16.193142      19.225891      25.912769     -11.504508       7.762836       2.945549     -18.385338      94.766266       7.092708    -130.241119     -12.565796     -64.200500      57.372475      -0.045198      44.741474       0.015487     -13.934452       0.131691      -2.303729       1.535828       1.866044     -45.756042     -90.003181     -29.142637      89.993782     -90.975029       3.899587     -84.911346      -6.047760     -26.966257      78.658287    -359.997498      -4.141253    -360.002716      41.564053      -1.613622      -1.931017      -1.607768       0.997691      -9.628501     -90.000893      -1.932138      89.994492    -152.416809      53.786579     337.860809      90.156937      38.911121      90.051285       7.498289       8.661778      15.831283      27.986170      81.835175     149.179626      -5.898347       4.286094      -0.429746    -144.366119      58.638638     -20.315474     -91.019691     -39.817390      90.285393       1.466896      -8.918763       8.199050     -54.155964     -80.659836     131.337112       4.123488      -6.452486     -18.184999
      42.654087       8.486547      -6.083896     -15.242274      31.146574    -107.350700    -150.430771     -65.422485     -87.487076     -23.354576      16.543037      -6.967059      -5.214952      19.913645     -16.215931      19.200684      25.910681     -11.485831       7.763225       2.983111     -18.339016      94.754166       7.095315    -130.235123     -12.674567     -64.224983      57.296825      -0.045132      44.699169       0.015440     -13.934985       0.131719      -2.303730       1.549428       1.886434     -45.765312     -90.003197     -29.153057      89.993759     -90.997520       3.964030     -84.913261      -5.974223     -27.049450      78.658867    -359.997467      -4.146166    -360.002686      41.606411      -1.615682      -1.929911      -1.608288       0.992212      -9.640230     -90.000885      -1.934355      89.994499    -152.373474      53.786381     337.819000      90.152496      38.881878      90.050102       7.480266       8.653393      15.813213      28.014593      81.832359     149.163300      -5.902644       4.301235      -0.412734    -144.321259      58.637428     -20.374878     -91.016983     -39.797890      90.284531       1.426844      -8.909965       8.211879     -54.221035     -80.660881     131.249664       4.126369      -6.441781     -18.207743
      42.654324       8.485716      -6.086980     -15.222058      31.135864    -107.395973    -150.467682     -65.426018     -87.528320     -23.352991      16.529778      -6.983642      -5.226035      19.904568     -16.238571      19.175648      25.908428     -11.467733       7.763535       3.020648     -18.292479      94.741829       7.097969    -130.229019     -12.782893     -64.248955      57.221424      -0.045069      44.657257       0.015394     -13.935523       0.131750      -2.303729       1.562877       1.906489     -45.774372     -90.003189     -29.163303      89.993759     -91.020042       4.027498     -84.914680      -5.901379     -27.132233      78.659248    -359.997467      -4.151079    -360.002655      41.648502      -1.617744      -1.928808      -1.608808       0.986738      -9.651913     -90.000885      -1.936539      89.994499    -152.331100      53.786201     337.778137      90.147385      38.852772      90.048714       7.461942       8.644702      15.795065      28.042933      81.829552     149.146851      -5.906925       4.316417      -0.395939    -144.274109      58.635960     -20.435658     -91.015991     -39.777897      90.284142       1.387039      -8.901017       8.224521     -54.284721     -80.661797     131.164108       4.129261      -6.431073     -18.230438
      42.654510       8.484891      -6.090045     -15.201867      31.125011    -107.440643    -150.503799     -65.429459     -87.568626     -23.351414      16.516466      -7.000183      -5.237202      19.895512     -16.261036      19.150816      25.906096     -11.450058       7.763782       3.058119     -18.245804      94.729309       7.100635    -130.222809     -12.890758     -64.272408      57.146252      -0.045003      44.615719       0.015348     -13.936064       0.131780      -2.303729       1.576191       1.926253     -45.783268     -90.003197     -29.173370      89.993774     -91.042511       4.091197     -84.916359      -5.829104     -27.214657      78.659508    -359.997467      -4.156003    -360.002625      41.690369      -1.619787      -1.927718      -1.609340       0.981247      -9.663499     -90.000893      -1.938687      89.994507    -152.289276      53.786133     337.737762      90.141968      38.823753      90.047272       7.443460       8.635869      15.776945      28.071268      81.826767     149.130341      -5.911185       4.331591      -0.379313    -144.226044      58.634518     -20.497021     -91.015656     -39.757729      90.283936       1.347476      -8.891995       8.237056     -54.347183     -80.662628     131.080139       4.132161      -6.420373     -18.253094
      42.654675       8.484063      -6.093098     -15.181663      31.114080    -107.485062    -150.539581     -65.432854     -87.608543     -23.349836      16.503092      -7.016766      -5.248437      19.886463     -16.283329      19.126186      25.903736     -11.432748       7.764002       3.095512     -18.199007      94.716743       7.103336    -130.216537     -12.998003     -64.295387      57.071514      -0.044938      44.574558       0.015302     -13.936599       0.131812      -2.303728       1.589417       1.945783     -45.792114     -90.003189     -29.183273      89.993782     -91.064880       4.154467     -84.917976      -5.757355     -27.296698      78.659653    -359.997467      -4.160935    -360.002594      41.732006      -1.621824      -1.926626      -1.609856       0.975793      -9.675021     -90.000885      -1.940799      89.994499    -152.247833      53.786152     337.697693      90.136475      38.794849      90.045822       7.424955       8.626951      15.758883      28.099403      81.823982     149.113937      -5.915426       4.346725      -0.362821    -144.177551      58.633091     -20.558661     -91.015633     -39.737465      90.283821       1.308075      -8.882949       8.249488     -54.408901     -80.663445     130.997223       4.135069      -6.409674     -18.275711
      42.654537       8.483400      -6.096745     -15.160551      31.100809    -107.523483    -150.555527     -65.434296     -87.625893     -23.348259      16.487919      -7.034791      -5.260438      19.875679     -16.308578      19.101267      25.901384     -11.413742       7.764211       3.132324     -18.152582      94.703613       7.106389    -130.209930     -13.104986     -64.317650      56.997433      -0.044874      44.533756       0.015256     -13.937185       0.131850      -2.303727       1.602402       1.965058     -45.800877     -90.003204     -29.193010      89.993767     -91.086578       4.217630     -84.920105      -5.684640     -27.381124      78.659935    -359.997467      -4.165080    -360.002594      41.772758      -1.623791      -1.925586      -1.610393       0.970158      -9.686712     -90.000885      -1.942874      89.994499    -152.210037      53.782398     337.663116      90.116745      38.762344      90.040573       7.405542       8.608501      15.735808      28.126669      81.821259     149.097473      -5.919560       4.365480      -0.346955    -144.081177      58.622791     -20.650930     -91.044388     -39.698803      90.291237       1.266155      -8.872169       8.258433     -54.464989     -80.662010     130.924927       4.137993      -6.398206     -18.297905
      42.654655       8.482347      -6.100038     -15.137859      31.088945    -107.575073    -150.604126     -65.438896     -87.680374     -23.346478      16.473017      -7.053578      -5.273263      19.867159     -16.329689      19.076704      25.899851     -11.394754       7.764409       3.168792     -18.106461      94.691414       7.109091    -130.203796     -13.210876     -64.339867      56.923809      -0.044814      44.493374       0.015212     -13.937745       0.131881      -2.303726       1.615366       1.984253     -45.809708     -90.003197     -29.202587      89.993767     -91.107681       4.279747     -84.922226      -5.612248     -27.463915      78.660522    -359.997467      -4.170273    -360.002563      41.813675      -1.625826      -1.924502      -1.611014       0.964737      -9.698310     -90.000900      -1.944916      89.994507    -152.162323      53.784657     337.615692      90.115906      38.731861      90.040352       7.387325       8.602204      15.719134      28.156364      81.818375     149.080093      -5.924058       4.380539      -0.330594    -144.054413      58.628296     -20.700764     -91.027618     -39.682957      90.286736       1.226520      -8.865068       8.272188     -54.520607     -80.662514     130.847092       4.140934      -6.387889     -18.320692
      42.654972       8.481423      -6.103141     -15.116583      31.077976    -107.622993    -150.645920     -65.442810     -87.727219     -23.344807      16.459093      -7.071141      -5.285167      19.858480     -16.351305      19.052610      25.898075     -11.377053       7.764626       3.205353     -18.060225      94.679512       7.111671    -130.197800     -13.314955     -64.361382      56.852024      -0.044750      44.453320       0.015169     -13.938233       0.131909      -2.303728       1.628498       2.003420     -45.818481     -90.003189     -29.211998      89.993767     -91.128967       4.341421     -84.924080      -5.541233     -27.545074      78.660866    -359.997437      -4.175369    -360.002533      41.854729      -1.627838      -1.923418      -1.611555       0.959156      -9.709563     -90.000900      -1.946932      89.994484    -152.119263      53.785809     337.573242      90.113319      38.702892      90.039642       7.369695       8.594263      15.701960      28.184355      81.815636     149.064072      -5.928260       4.395121      -0.314098    -144.015686      58.629345     -20.756550     -91.020531     -39.664822      90.284737       1.187076      -8.856786       8.284919     -54.583324     -80.663757     130.762451       4.143848      -6.377363     -18.343248
      42.655224       8.480552      -6.106201     -15.095679      31.066788    -107.668633    -150.684525     -65.446411     -87.770340     -23.343229      16.445602      -7.087912      -5.297140      19.849602     -16.373062      19.028656      25.896036     -11.360035       7.764741       3.241891     -18.013845      94.667320       7.114271    -130.191666     -13.418332     -64.382248      56.780827      -0.044694      44.413605       0.015130     -13.938725       0.131937      -2.303726       1.641504       2.022252     -45.827011     -90.003197     -29.221256      89.993767     -91.150360       4.402835     -84.925758      -5.471072     -27.625742      78.660957    -359.997437      -4.180430    -360.002502      41.895546      -1.629822      -1.922342      -1.612073       0.953444      -9.720702     -90.000893      -1.948909      89.994484    -152.078735      53.786770     337.533417      90.109245      38.674110      90.038582       7.351635       8.585290      15.684324      28.212280      81.812897     149.047821      -5.932442       4.409902      -0.297816    -143.970917      58.629108     -20.815874     -91.018066     -39.645237      90.283951       1.147827      -8.848079       8.297210     -54.645462     -80.664917     130.679169       4.146769      -6.366748     -18.365757
      42.655403       8.479690      -6.109234     -15.074856      31.055384    -107.713333    -150.722000     -65.449905     -87.812141     -23.341684      16.432137      -7.104498      -5.309240      19.840685     -16.394650      19.004852      25.893894     -11.343450       7.764760       3.278366     -17.967346      94.654884       7.116905    -130.185394     -13.521297     -64.402626      56.709797      -0.044628      44.374249       0.015082     -13.939226       0.131964      -2.303726       1.654360       2.040758     -45.835331     -90.003204     -29.230362      89.993759     -91.171730       4.463904     -84.927353      -5.401484     -27.706068      78.660934    -359.997437      -4.185495    -360.002441      41.936096      -1.631810      -1.921270      -1.612593       0.947669      -9.731758     -90.000893      -1.950850      89.994499    -152.039063      53.787838     337.494385      90.104698      38.645386      90.037361       7.333266       8.576093      15.666663      28.240128      81.810158     149.031525      -5.936625       4.424696      -0.281740    -143.924179      58.628731     -20.876524     -91.016960     -39.625282      90.283554       1.108792      -8.839214       8.309343     -54.706059     -80.665962     130.597900       4.149705      -6.356144     -18.388218
      42.655533       8.478829      -6.112251     -15.054020      31.043827    -107.757599    -150.759003     -65.453331     -87.853333     -23.340141      16.418585      -7.121109      -5.321422      19.831768     -16.416059      18.981220      25.891735     -11.327182       7.764730       3.314753     -17.920769      94.642349       7.119554    -130.179092     -13.623758     -64.422585      56.639038      -0.044566      44.335255       0.015037     -13.939730       0.131992      -2.303727       1.667097       2.058998     -45.843552     -90.003197     -29.239309      89.993767     -91.192955       4.524560     -84.928902      -5.332357     -27.786062      78.660851    -359.997437      -4.190567    -360.002411      41.976429      -1.633775      -1.920195      -1.613125       0.941835      -9.742727     -90.000900      -1.952751      89.994514    -151.999847      53.789028     337.455750      90.099937      38.616676      90.036110       7.314752       8.566787      15.649042      28.267958      81.807449     149.015121      -5.940781       4.439494      -0.265825    -143.876343      58.628296     -20.938000     -91.016541     -39.605190      90.283295       1.069951      -8.830256       8.321360     -54.765686     -80.666954     130.517960       4.152645      -6.345532     -18.410645
      42.655304       8.478108      -6.115860     -15.031312      31.029737    -107.796455    -150.776230     -65.454803     -87.872070     -23.338652      16.403461      -7.138902      -5.334450      19.820383     -16.442610      18.956898      25.890238     -11.307374       7.764651       3.350216     -17.875143      94.629333       7.122637    -130.172440     -13.726864     -64.442085      56.567879      -0.044509      44.296623       0.014996     -13.940353       0.132023      -2.303727       1.679362       2.076889     -45.851685     -90.003204     -29.248096      89.993759     -91.207443       4.569233     -84.931000      -5.275433     -27.864313      78.660919    -359.997437      -4.194774    -360.002319      42.015808      -1.635641      -1.919142      -1.614092       0.936044      -9.752610     -90.000893      -1.954629      89.994514    -151.964813      53.787312     337.422699      90.081062      38.584591      90.031113       7.294842       8.547508      15.626276      28.294544      81.804817     148.998810      -5.944778       4.458028      -0.250662    -143.779541      58.619579     -21.031425     -91.044914     -39.566509      90.290611       1.028158      -8.819428       8.329826     -54.818871     -80.665695     130.449432       4.155621      -6.334157     -18.432730
      42.655296       8.476990      -6.119178     -15.008264      31.017490    -107.848282    -150.825195     -65.459358     -87.926903     -23.336922      16.388817      -7.157257      -5.347079      19.811047     -16.465809      18.932823      25.889948     -11.286475       7.764634       3.384971     -17.830345      94.617447       7.125306    -130.166367     -13.828757     -64.461601      56.497299      -0.044453      44.258381       0.014955     -13.940924       0.132052      -2.303726       1.691678       2.094785     -45.859978     -90.003189     -29.256754      89.993767     -91.219093       4.608036     -84.933365      -5.222195     -27.938459      78.661644    -359.997406      -4.199996    -360.002258      42.056244      -1.637650      -1.918045      -1.614756       0.930593      -9.761802     -90.000893      -1.956473      89.994507    -151.919281      53.790516     337.376770      90.081284      38.553860      90.031181       7.276874       8.540792      15.609961      28.323933      81.801994     148.981537      -5.949223       4.472826      -0.234863    -143.750961      58.625290     -21.083313     -91.028496     -39.550713      90.286217       0.988851      -8.812253       8.343075     -54.872009     -80.666382     130.375031       4.158609      -6.323917     -18.455351
      42.655495       8.475998      -6.122322     -14.987255      31.006435    -107.896469    -150.867081     -65.463226     -87.973831     -23.335312      16.375288      -7.174218      -5.358167      19.801460     -16.489845      18.909157      25.889681     -11.266249       7.764691       3.419576     -17.785845      94.606102       7.127761    -130.160599     -13.928624     -64.480408      56.428799      -0.044394      44.220417       0.014915     -13.941401       0.132082      -2.303726       1.704242       2.112697     -45.868259     -90.003204     -29.265261      89.993767     -91.229683       4.642553     -84.935287      -5.173785     -28.009460      78.661987    -359.997375      -4.205194    -360.002106      42.097305      -1.639618      -1.916916      -1.615191       0.924995      -9.770296     -90.000908      -1.958291      89.994507    -151.877869      53.792114     337.335571      90.080032      38.524426      90.030830       7.259797       8.532858      15.593286      28.351763      81.799286     148.965652      -5.953392       4.487136      -0.218779    -143.710754      58.625877     -21.140787     -91.021545     -39.532780      90.284256       0.949860      -8.803905       8.355332     -54.931976     -80.667763     130.294098       4.161565      -6.313468     -18.477736
      42.655651       8.475052      -6.125442     -14.966852      30.995293    -107.942574    -150.905869     -65.466789     -88.017174     -23.333794      16.362236      -7.190367      -5.369098      19.791584     -16.514242      18.885557      25.889389     -11.246161       7.764670       3.453952     -17.741577      94.594673       7.130200    -130.154739     -14.027563     -64.498581      56.361164      -0.044334      44.182758       0.014872     -13.941878       0.132113      -2.303725       1.716711       2.130316     -45.876270     -90.003197     -29.273621      89.993782     -91.239326       4.673378     -84.936897      -5.129410     -28.078707      78.661926    -359.997375      -4.210432    -360.002014      42.138443      -1.641593      -1.915804      -1.615516       0.919428      -9.778387     -90.000900      -1.960071      89.994492    -151.838684      53.793343     337.296783      90.077522      38.494984      90.030174       7.242485       8.524119      15.576203      28.379505      81.796585     148.949692      -5.957561       4.501641      -0.202824    -143.664978      58.624954     -21.201487     -91.018860     -39.513496      90.283424       0.911052      -8.795151       8.367194     -54.991497     -80.669090     130.214355       4.164528      -6.302990     -18.500063
      42.655724       8.474119      -6.128546     -14.946725      30.984022    -107.987762    -150.943253     -65.470222     -88.058846     -23.332319      16.349228      -7.206316      -5.379940      19.781590     -16.538666      18.862022      25.889153     -11.226080       7.764558       3.488087     -17.697508      94.583138       7.132614    -130.148865     -14.126011     -64.516273      56.293785      -0.044280      44.145443       0.014837     -13.942361       0.132143      -2.303727       1.729037       2.147585     -45.884060     -90.003204     -29.281841      89.993767     -91.248070       4.700833     -84.938248      -5.088490     -28.146488      78.661568    -359.997345      -4.215737    -360.001923      42.179630      -1.643573      -1.914678      -1.615799       0.913804      -9.786110     -90.000893      -1.961837      89.994507    -151.800308      53.794506     337.258881      90.074585      38.465420      90.029388       7.224975       8.515182      15.559079      28.407339      81.793877     148.933517      -5.961722       4.516213      -0.187028    -143.616837      58.623486     -21.263752     -91.017815     -39.493763      90.283028       0.872432      -8.786236       8.378896     -55.049709     -80.670303     130.136398       4.167501      -6.292508     -18.522345
      42.655746       8.473186      -6.131645     -14.926746      30.972668    -108.032547    -150.979965     -65.473564     -88.099709     -23.330851      16.336113      -7.222294      -5.390719      19.771559     -16.563017      18.838593      25.889029     -11.205935       7.764404       3.521969     -17.653646      94.571594       7.135030    -130.142975     -14.223890     -64.533569      56.226780      -0.044220      44.108437       0.014797     -13.942839       0.132177      -2.303727       1.741241       2.164591     -45.891670     -90.003204     -29.289928      89.993752     -91.255936       4.725222     -84.939384      -5.050582     -28.212942      78.661003    -359.997345      -4.221129    -360.001801      42.220913      -1.645539      -1.913559      -1.616038       0.908063      -9.793471     -90.000900      -1.963551      89.994492    -151.762329      53.795643     337.221344      90.071480      38.435776      90.028572       7.207389       8.506205      15.541991      28.435019      81.791191     148.917465      -5.965872       4.530796      -0.171364    -143.567337      58.621746     -21.327044     -91.017540     -39.473846      90.282822       0.833976      -8.777217       8.390469     -55.106842     -80.671471     130.059891       4.170474      -6.282038     -18.544590
      42.655746       8.472250      -6.134744     -14.906825      30.961250    -108.077202    -151.016357     -65.476845     -88.140182     -23.329386      16.322886      -7.238379      -5.401502      19.761513     -16.587265      18.815300      25.889032     -11.185766       7.764217       3.555610     -17.609987      94.560127       7.137429    -130.137085     -14.321120     -64.550438      56.160236      -0.044162      44.071762       0.014756     -13.943317       0.132200      -2.303726       1.753350       2.181359     -45.899204     -90.003204     -29.297878      89.993767     -91.262970       4.746845     -84.940361      -5.015376     -28.278185      78.660271    -359.997345      -4.226580    -360.001709      42.262253      -1.647549      -1.912423      -1.616230       0.902307      -9.800509     -90.000908      -1.965253      89.994499    -151.724640      53.796833     337.184082      90.068443      38.406052      90.027771       7.189824       8.497213      15.524954      28.462694      81.788513     148.901382      -5.970014       4.545372      -0.155784    -143.517212      58.619854     -21.390875     -91.017563     -39.453861      90.282715       0.795680      -8.768147       8.401961     -55.163185     -80.672615     129.984436       4.173451      -6.271576     -18.566797
      42.655407       8.471454      -6.138435     -14.884577      30.946936    -108.116806    -151.034164     -65.478348     -88.159584     -23.327930      16.307362      -7.256415      -5.414131      19.749676     -16.614317      18.791603      25.889124     -11.163628       7.763991       3.588556     -17.566975      94.548004       7.140139    -130.130829     -14.418387     -64.566643      56.093887      -0.044107      44.035385       0.014717     -13.943844       0.132230      -2.303726       1.765193       2.197796     -45.906609     -90.003204     -29.305695      89.993767     -91.268661       4.766177     -84.941757      -4.981176     -28.344950      78.659599    -359.997345      -4.231252    -360.001617      42.302944      -1.649474      -1.911342      -1.616405       0.896328      -9.807427     -90.000908      -1.966912      89.994492    -151.691299      53.795467     337.152405      90.051216      38.372711      90.023247       7.170662       8.478021      15.502682      28.489071      81.785904     148.885391      -5.973989       4.563783      -0.140964    -143.419510      58.610119     -21.485748     -91.045776     -39.415085      90.289963       0.754130      -8.757347       8.409982     -55.213371     -80.671555     129.919968       4.176475      -6.260303     -18.588694
      42.655346       8.470267      -6.141831     -14.861634      30.934170    -108.169083    -151.083572     -65.482758     -88.214775     -23.326221      16.292135      -7.275168      -5.427062      19.740088     -16.637390      18.768257      25.890169     -11.141071       7.763820       3.620997     -17.524508      94.537041       7.142520    -130.125153     -14.514393     -64.582916      56.028328      -0.044050      43.999382       0.014676     -13.944345       0.132256      -2.303723       1.777027       2.214188     -45.914143     -90.003212     -29.313389      89.993767     -91.273209       4.782807     -84.943123      -4.948769     -28.409416      78.659241    -359.997345      -4.236980    -360.001526      42.344135      -1.651503      -1.910199      -1.616370       0.890509      -9.814215     -90.000908      -1.968552      89.994507    -151.647705      53.799301     337.107880      90.052849      38.341030      90.023674       7.153253       8.471253      15.486831      28.518251      81.783127     148.868317      -5.978393       4.578430      -0.125616    -143.390015      58.615673     -21.539093     -91.029190     -39.399132      90.285545       0.715021      -8.750170       8.422813     -55.263630     -80.672493     129.849487       4.179488      -6.250240     -18.611156
      42.655514       8.469224      -6.145004     -14.840815      30.922722    -108.217522    -151.125961     -65.486565     -88.262177     -23.324638      16.278177      -7.292385      -5.438548      19.730381     -16.660959      18.745356      25.891043     -11.119740       7.763693       3.653489     -17.482073      94.526588       7.144733    -130.119766     -14.608398     -64.598557      55.964844      -0.043995      43.963627       0.014637     -13.944766       0.132282      -2.303724       1.789052       2.230580     -45.921635     -90.003204     -29.320944      89.993759     -91.277733       4.797588     -84.943985      -4.919403     -28.471609      78.658424    -359.997314      -4.242668    -360.001465      42.385696      -1.653515      -1.909053      -1.616468       0.884642      -9.820338     -90.000908      -1.970165      89.994499    -151.608002      53.801365     337.067993      90.052773      38.310921      90.023651       7.136623       8.463315      15.470662      28.545786      81.780472     148.852661      -5.982507       4.592527      -0.110021    -143.348969      58.615925     -21.597717     -91.022285     -39.381145      90.283592       0.676482      -8.741833       8.434639     -55.321247     -80.674126     129.772003       4.182467      -6.239969     -18.633310
      42.655636       8.468236      -6.148137     -14.820469      30.911144    -108.263802    -151.165298     -65.490074     -88.305992     -23.323156      16.264673      -7.308822      -5.450043      19.720463     -16.684639      18.722557      25.891701     -11.098945       7.763442       3.685912     -17.439629      94.515984       7.146957    -130.114273     -14.701609     -64.613632      55.902092      -0.043938      43.928177       0.014596     -13.945196       0.132303      -2.303724       1.800936       2.246636     -45.928879     -90.003212     -29.328381      89.993752     -91.282082       4.810824     -84.944580      -4.892251     -28.532885      78.657265    -359.997284      -4.248315    -360.001373      42.427109      -1.655517      -1.907926      -1.616016       0.878609      -9.826526     -90.000900      -1.971744      89.994484    -151.570602      53.803131     337.030579      90.051308      38.280903      90.023262       7.119643       8.454453      15.454049      28.573271      81.777824     148.836823      -5.986607       4.606811      -0.094575    -143.302444      58.614765     -21.659433     -91.019699     -39.361774      90.282799       0.638106      -8.733120       8.446074     -55.378338     -80.675697     129.695709       4.185463      -6.229606     -18.655405
      42.655689       8.467263      -6.151245     -14.800261      30.899370    -108.309097    -151.203293     -65.493431     -88.348244     -23.321703      16.251167      -7.325099      -5.461604      19.710493     -16.708178      18.699848      25.892290     -11.078428       7.763090       3.718225     -17.397182      94.505180       7.149207    -130.108688     -14.794390     -64.628281      55.839535      -0.043888      43.893028       0.014563     -13.945641       0.132325      -2.303723       1.812656       2.262355     -45.935917     -90.003220     -29.335690      89.993759     -91.286148       4.822582     -84.944969      -4.866822     -28.593340      78.655907    -359.997284      -4.253985    -360.001312      42.468475      -1.657486      -1.906792      -1.615868       0.872529      -9.832293     -90.000908      -1.973309      89.994476    -151.534058      53.804939     336.994019      90.049286      38.250862      90.022728       7.102392       8.445338      15.437360      28.600723      81.775200     148.820862      -5.990697       4.621139      -0.079328    -143.253662      58.613270     -21.722633     -91.018761     -39.341972      90.282425       0.599921      -8.724262       8.457341     -55.434021     -80.677147     129.621307       4.188466      -6.219231     -18.677450
      42.655689       8.466291      -6.154337     -14.780087      30.887461    -108.353981    -151.240631     -65.496750     -88.389702     -23.320261      16.237530      -7.341444      -5.473247      19.700527     -16.731522      18.677263      25.892885     -11.058139       7.762688       3.750435     -17.354733      94.494324       7.151473    -130.103058     -14.886758     -64.642570      55.777157      -0.043831      43.858189       0.014526     -13.946086       0.132344      -2.303724       1.824243       2.277811     -45.942802     -90.003212     -29.342873      89.993759     -91.289879       4.832985     -84.945251      -4.842822     -28.653114      78.654434    -359.997284      -4.259680    -360.001251      42.509758      -1.659479      -1.905669      -1.616035       0.866455      -9.837675     -90.000893      -1.974835      89.994476    -151.497971      53.806828     336.957855      90.047066      38.220821      90.022156       7.084972       8.436141      15.420691      28.627947      81.772552     148.805023      -5.994767       4.635476      -0.064225    -143.203812      58.611664     -21.786665     -91.018478     -39.321999      90.282227       0.561906      -8.715297       8.468502     -55.488701     -80.678558     129.548203       4.191474      -6.208838     -18.699451
      42.655666       8.465315      -6.157422     -14.759892      30.875458    -108.398705    -151.277710     -65.500015     -88.430870     -23.318808      16.223736      -7.357909      -5.484986      19.690590     -16.754665      18.654842      25.893511     -11.038033       7.762257       3.782515     -17.312305      94.483444       7.153729    -130.097397     -14.978554     -64.656502      55.715179      -0.043783      43.823635       0.014490     -13.946531       0.132372      -2.303724       1.835725       2.293026     -45.949631     -90.003212     -29.349941      89.993767     -91.293282       4.842185     -84.945442      -4.820058     -28.712240      78.652893    -359.997284      -4.265384    -360.001190      42.550957      -1.661464      -1.904549      -1.616189       0.860276      -9.842857     -90.000908      -1.976345      89.994469    -151.462158      53.808826     336.921906      90.044868      38.190796      90.021561       7.067519       8.426894      15.404081      28.655195      81.769936     148.789093      -5.998825       4.649782      -0.049245    -143.153442      58.610073     -21.851135     -91.018394     -39.301971      90.282097       0.524041      -8.706306       8.479600     -55.542500     -80.679939     129.476242       4.194491      -6.198485     -18.721415
      42.655281       8.464491      -6.161086     -14.737405      30.860659    -108.438904    -151.297684     -65.501648     -88.452591     -23.317358      16.207695      -7.376294      -5.498411      19.678928     -16.780449      18.632019      25.894205     -11.016114       7.761779       3.813996     -17.270424      94.471878       7.156292    -130.091354     -15.070518     -64.669853      55.653191      -0.043733      43.789379       0.014454     -13.947036       0.132406      -2.303724       1.846924       2.307908     -45.956318     -90.003212     -29.356892      89.993767     -91.295799       4.850574     -84.946098      -4.796900     -28.773647      78.651535    -359.997284      -4.270296    -360.001129      42.591202      -1.663378      -1.903488      -1.616334       0.853753      -9.848172     -90.000908      -1.977815      89.994461    -151.430588      53.808212     336.891418      90.028801      38.156853      90.017357       7.048355       8.407481      15.382206      28.681170      81.767403     148.773239      -6.002713       4.667957      -0.035002    -143.055893      58.599976     -21.946728     -91.046448     -39.263405      90.289284       0.482753      -8.695836       8.487304     -55.590511     -80.679146     129.414780       4.197554      -6.187306     -18.743111
      42.655144       8.463270      -6.164447     -14.714152      30.847282    -108.491707    -151.348907     -65.506126     -88.509689     -23.315655      16.191750      -7.395603      -5.512212      19.669596     -16.802141      18.609568      25.895842     -10.993849       7.761352       3.845029     -17.229025      94.461433       7.158528    -130.085892     -15.161353     -64.683319      55.591763      -0.043680      43.755459       0.014417     -13.947509       0.132433      -2.303727       1.858111       2.322756     -45.963146     -90.003220     -29.363731      89.993759     -91.297585       4.857501     -84.946785      -4.774286     -28.833244      78.650574    -359.997253      -4.276209    -360.001068      42.631874      -1.665378      -1.902353      -1.617291       0.847484      -9.852897     -90.000908      -1.979281      89.994476    -151.388931      53.812931     336.848206      90.031723      38.124584      90.018120       7.030777       8.400545      15.366841      28.709955      81.764702     148.756226      -6.007005       4.682292      -0.020313    -143.025436      58.605503     -22.001806     -91.029991     -39.247700      90.284889       0.444071      -8.688841       8.499777     -55.638729     -80.680344     129.347260       4.200605      -6.177332     -18.765320
      42.655258       8.462196      -6.167575     -14.693012      30.835278    -108.540604    -151.393265     -65.509987     -88.559158     -23.314083      16.177181      -7.413287      -5.524580      19.660141     -16.824318      18.587603      25.897238     -10.973004       7.760985       3.876199     -17.187521      94.451469       7.160596    -130.080658     -15.250204     -64.696220      55.532421      -0.043627      43.721790       0.014380     -13.947904       0.132460      -2.303728       1.869511       2.337632     -45.969971     -90.003212     -29.370449      89.993767     -91.299667       4.863709     -84.947052      -4.753640     -28.891058      78.649277    -359.997253      -4.282033    -360.001007      42.672680      -1.667355      -1.901233      -1.617751       0.841035      -9.857508     -90.000908      -1.980709      89.994469    -151.350769      53.815746     336.809296      90.032661      38.094032      90.018372       7.013984       8.392419      15.351140      28.737013      81.762123     148.740677      -6.011030       4.696090      -0.005372    -142.983261      58.605652     -22.062176     -91.023254     -39.229939      90.283028       0.406021      -8.680688       8.511219     -55.694061     -80.682190     129.272934       4.203628      -6.167121     -18.787203
      42.655308       8.461187      -6.170642     -14.672496      30.823326    -108.587860    -151.435806     -65.513680     -88.606461     -23.312588      16.163118      -7.430148      -5.536722      19.650581     -16.846498      18.565748      25.898449     -10.952774       7.760492       3.907363     -17.145964      94.441406       7.162669    -130.075378     -15.338332     -64.708649      55.473640      -0.043580      43.688393       0.014347     -13.948311       0.132479      -2.303725       1.880757       2.352202     -45.976532     -90.003212     -29.377054      89.993752     -91.301956       4.869433     -84.947052      -4.734225     -28.948606      78.647713    -359.997223      -4.287826    -360.001007      42.713017      -1.669293      -1.900123      -1.618191       0.834437      -9.862173     -90.000908      -1.982110      89.994469    -151.314423      53.818096     336.772491      90.032623      38.063339      90.018364       6.996804       8.383636      15.335086      28.763971      81.759544     148.725021      -6.015029       4.709993       0.009424    -142.936050      58.603951     -22.125713     -91.020576     -39.211266      90.282188       0.368175      -8.672357       8.522366     -55.749382     -80.683990     129.199249       4.206658      -6.156836     -18.809023
      42.655296       8.460201      -6.173673     -14.652424      30.811342    -108.634247    -151.477295     -65.517281     -88.652504     -23.311121      16.149080      -7.446815      -5.548639      19.641010     -16.868460      18.544006      25.899620     -10.932881       7.759901       3.938449     -17.104395      94.431221       7.164733    -130.070068     -15.426037     -64.720757      55.415005      -0.043525      43.655289       0.014312     -13.948731       0.132497      -2.303727       1.891840       2.366472     -45.982880     -90.003220     -29.383553      89.993752     -91.304306       4.874641     -84.946869      -4.715673     -29.005924      78.645996    -359.997223      -4.293555    -360.000977      42.752937      -1.671219      -1.899049      -1.617590       0.827769      -9.867443     -90.000908      -1.983504      89.994469    -151.278839      53.820236     336.736542      90.032310      38.032478      90.018265       6.979308       8.374771      15.319006      28.790825      81.756973     148.709290      -6.019008       4.723886       0.024021    -142.886292      58.601295     -22.190937     -91.019669     -39.192204      90.281830       0.330676      -8.664010       8.533407     -55.803108     -80.685616     129.127594       4.209683      -6.146522     -18.830750
      42.655258       8.459225      -6.176681     -14.632753      30.799410    -108.680222    -151.518356     -65.520836     -88.698006     -23.309668      16.135077      -7.463360      -5.560308      19.631472     -16.890228      18.522423      25.900766     -10.913309       7.759268       3.969464     -17.062784      94.421051       7.166802    -130.064728     -15.513201     -64.732529      55.356724      -0.043479      43.622437       0.014276     -13.949155       0.132520      -2.303723       1.902803       2.380472     -45.989155     -90.003212     -29.389938      89.993767     -91.306732       4.879384     -84.946510      -4.697899     -29.063055      78.644127    -359.997192      -4.299296    -360.000946      42.792419      -1.673107      -1.897970      -1.617157       0.821508      -9.872716     -90.000908      -1.984855      89.994469    -151.243546      53.822155     336.701019      90.032005      38.001503      90.018181       6.961722       8.366014      15.303020      28.817600      81.754417     148.693619      -6.022984       4.737763       0.038504    -142.835693      58.598080     -22.256660     -91.019371     -39.173050      90.281662       0.293563      -8.655729       8.544415     -55.855804     -80.687126     129.057373       4.212704      -6.136250     -18.852392
      42.655163       8.458248      -6.179672     -14.613194      30.787504    -108.726440    -151.560196     -65.524429     -88.744362     -23.308222      16.120960      -7.480004      -5.571835      19.622032     -16.911722      18.500965      25.901989     -10.893871       7.758592       4.000355     -17.021240      94.410904       7.168856    -130.059402     -15.599906     -64.744034      55.298637      -0.043431      43.589882       0.014246     -13.949580       0.132547      -2.303725       1.913645       2.394267     -45.995289     -90.003220     -29.396215      89.993752     -91.309067       4.883616     -84.946083      -4.680623     -29.120026      78.642273    -359.997192      -4.305087    -360.000946      42.831501      -1.674974      -1.896908      -1.616932       0.815296      -9.877889     -90.000908      -1.986193      89.994476    -151.208115      53.824017     336.665375      90.031982      37.970318      90.018181       6.944088       8.357406      15.287150      28.844381      81.751884     148.677856      -6.026940       4.751581       0.052882    -142.784409      58.594486     -22.323282     -91.019234     -39.154163      90.281509       0.256665      -8.647507       8.555367     -55.907837     -80.688614     128.988007       4.215733      -6.125973     -18.873964
      42.654671       8.457401      -6.183159     -14.591558      30.773018    -108.768181    -151.585846     -65.526543     -88.772377     -23.306782      16.104710      -7.498405      -5.584923      19.610971     -16.935644      18.479107      25.903339     -10.872720       7.757830       4.030680     -16.980280      94.400055       7.171145    -130.053680     -15.686945     -64.755066      55.240177      -0.043382      43.557598       0.014210     -13.950068       0.132569      -2.303724       1.924195       2.407731     -46.001221     -90.003220     -29.402384      89.993767     -91.310829       4.887724     -84.946114      -4.662338     -29.179932      78.640671    -359.997192      -4.310081    -360.000916      42.869041      -1.676764      -1.895941      -1.616883       0.808434      -9.883173     -90.000908      -1.987507      89.994469    -151.177170      53.823566     336.635315      90.019012      37.935505      90.014793       6.924600       8.339266      15.266291      28.870005      81.749405     148.662048      -6.030739       4.769037       0.066510    -142.686707      58.582397     -22.421101     -91.046494     -39.118320      90.288467       0.216854      -8.637432       8.562836     -55.954338     -80.688065     128.928665       4.218796      -6.114934     -18.895256
      42.654434       8.456191      -6.186309     -14.569748      30.760212    -108.822464    -151.643066     -65.531410     -88.835999     -23.305101      16.088667      -7.517581      -5.597745      19.602379     -16.955318      18.457653      25.905546     -10.851461       7.757136       4.060621     -16.939785      94.390282       7.173083    -130.048538     -15.772935     -64.766281      55.182079      -0.043338      43.525627       0.014176     -13.950515       0.132591      -2.303724       1.934761       2.421142     -46.007313     -90.003212     -29.408455      89.993774     -91.311981       4.890819     -84.946167      -4.644247     -29.237673      78.639580    -359.997192      -4.316151    -360.000916      42.907322      -1.678640      -1.894915      -1.617142       0.801823      -9.888282     -90.000916      -1.988799      89.994484    -151.135498      53.827618     336.592316      90.024803      37.902096      90.016304       6.906559       8.333687      15.252064      28.898087      81.746803     148.645355      -6.034883       4.782601       0.080570    -142.654190      58.584713     -22.479361     -91.030457     -39.104530      90.284225       0.180000      -8.631257       8.575112     -56.000546     -80.689209     128.864120       4.221838      -6.105035     -18.916918
      42.654427       8.455112      -6.189313     -14.549486      30.748398    -108.873322    -151.693481     -65.535675     -88.892052     -23.303537      16.073612      -7.535563      -5.609513      19.593561     -16.975578      18.436647      25.907602     -10.831306       7.756502       4.090631     -16.899239      94.381012       7.174933    -130.043640     -15.857087     -64.777008      55.125919      -0.043287      43.493881       0.014142     -13.950901       0.132611      -2.303727       1.945497       2.434570     -46.013432     -90.003227     -29.414417      89.993752     -91.313454       4.893599     -84.945908      -4.627408     -29.294060      78.638252    -359.997192      -4.322033    -360.000885      42.945545      -1.680474      -1.893883      -1.617233       0.795067      -9.893167     -90.000908      -1.990070      89.994492    -151.097198      53.830048     336.553345      90.028320      37.869919      90.017204       6.889306       8.326550      15.237215      28.924496      81.744293     148.630081      -6.038761       4.795839       0.094834    -142.609879      58.582165     -22.543406     -91.024010     -39.088291      90.282440       0.143280      -8.623892       8.586345     -56.053909     -80.691040     128.792755       4.224864      -6.094910     -18.938335
      42.654366       8.454080      -6.192290     -14.529819      30.736547    -108.922470    -151.741577     -65.539742     -88.945404     -23.302055      16.059010      -7.552794      -5.621112      19.584553     -16.995985      18.415705      25.909544     -10.811521       7.755776       4.120569     -16.858728      94.371689       7.176785    -130.038696     -15.940487     -64.787338      55.070400      -0.043244      43.462391       0.014110     -13.951291       0.132639      -2.303723       1.956089       2.447751     -46.019333     -90.003227     -29.420284      89.993752     -91.315216       4.896283     -84.945442      -4.611263     -29.350420      78.636703    -359.997192      -4.327866    -360.000854      42.983185      -1.682310      -1.892889      -1.617403       0.788230      -9.898080     -90.000916      -1.991316      89.994492    -151.060760      53.832096     336.516479      90.030792      37.837593      90.017845       6.871800       8.318720      15.221929      28.950901      81.741791     148.614655      -6.042642       4.809244       0.108987    -142.560425      58.578018     -22.610577     -91.021454     -39.070957      90.281670       0.106802      -8.616189       8.597214     -56.106682     -80.692772     128.722626       4.227884      -6.084749     -18.959677
      42.654236       8.453061      -6.195242     -14.510451      30.724615    -108.970863    -151.788773     -65.543701     -88.997650     -23.300594      16.044426      -7.569869      -5.632586      19.575508     -17.016272      18.394838      25.911480     -10.791919       7.754959       4.150398     -16.818275      94.362289       7.178626    -130.033722     -16.023500     -64.797348      55.015007      -0.043195      43.431160       0.014081     -13.951698       0.132664      -2.303724       1.966528       2.460631     -46.025047     -90.003235     -29.426056      89.993752     -91.317085       4.898782     -84.944870      -4.595514     -29.406738      78.635117    -359.997162      -4.333659    -360.000854      43.020344      -1.684101      -1.891876      -1.617683       0.781341      -9.902998     -90.000908      -1.992544      89.994499    -151.025055      53.834011     336.480408      90.032936      37.805061      90.018387       6.854021       8.310751      15.206564      28.977331      81.739296     148.599091      -6.046512       4.822729       0.122972    -142.508545      58.573196     -22.679449     -91.020493     -39.053295      90.281311       0.070597      -8.608345       8.607905     -56.158443     -80.694405     128.653946       4.230906      -6.074593     -18.980949
      42.654064       8.452046      -6.198174     -14.491230      30.712629    -109.019005    -151.835739     -65.547607     -89.049591     -23.299154      16.029739      -7.586965      -5.643971      19.566498     -17.036379      18.374100      25.913454     -10.772481       7.754086       4.180098     -16.777889      94.352867       7.180450    -130.028763     -16.106018     -64.807106      54.959858      -0.043148      43.400185       0.014049     -13.952107       0.132691      -2.303723       1.976849       2.473267     -46.030666     -90.003235     -29.431732      89.993752     -91.318985       4.901070     -84.944214      -4.580061     -29.462933      78.633507    -359.997162      -4.339419    -360.000854      43.057114      -1.685873      -1.890886      -1.618043       0.774382      -9.907894     -90.000908      -1.993750      89.994514    -150.989609      53.835884     336.444641      90.035057      37.772392      90.018936       6.836086       8.302814      15.191220      29.003630      81.736816     148.583527      -6.050366       4.836218       0.136808    -142.455566      58.568039     -22.749235     -91.020149     -39.035576      90.281105       0.034673      -8.600453       8.618478     -56.209312     -80.695976     128.586502       4.233925      -6.064445     -19.002136
      42.653801       8.451329      -6.201178     -14.474669      30.700932    -109.058556    -151.860031     -65.549751     -89.076096     -23.297670      16.014677      -7.603971      -5.653391      19.556234     -17.058918      18.353493      25.915401     -10.753007       7.753234       4.209620     -16.737606      94.343361       7.182328    -130.023712     -16.187946     -64.816437      54.905231      -0.043102      43.369465       0.014016     -13.952508       0.132710      -2.303725       1.987087       2.485680     -46.036205     -90.003227     -29.437319      89.993752     -91.321060       4.903484     -84.943535      -4.564446     -29.520710      78.631989    -359.997162      -4.343946    -360.000824      43.092796      -1.687511      -1.889943      -1.618194       0.766828      -9.912708     -90.000908      -1.994926      89.994499    -150.962662      53.832737     336.419922      90.025391      37.737957      90.016411       6.816821       8.287558      15.172024      29.026829      81.734550     148.569916      -6.053763       4.853168       0.150261    -142.342575      58.544277     -22.860231     -91.060898     -39.007034      90.291451      -0.003412      -8.587899       8.623097     -56.280308     -80.698898     128.501129       4.237016      -6.053316     -19.023148
      42.653248       8.450027      -6.204489     -14.450292      30.685823    -109.114044    -151.921661     -65.554649     -89.144203     -23.296232      15.997753      -7.623480      -5.668625      19.547400     -17.077759      18.332420      25.917923     -10.731647       7.752206       4.238467     -16.698130      94.333458       7.184310    -130.018448     -16.270678     -64.825729      54.849258      -0.043053      43.339024       0.013984     -13.952991       0.132739      -2.303723       1.996950       2.497757     -46.041534     -90.003235     -29.442808      89.993744     -91.321976       4.905288     -84.943443      -4.547882     -29.578550      78.630890    -359.997162      -4.350236    -360.000824      43.128193      -1.689315      -1.888983      -1.619104       0.759860      -9.918036     -90.000900      -1.996101      89.994507    -150.920685      53.838577     336.375702      90.030289      37.702763      90.017685       6.797740       8.279871      15.156769      29.056202      81.731857     148.551376      -6.058093       4.866576       0.163388    -142.314880      58.552479     -22.914024     -91.037369     -38.987232      90.285385      -0.038641      -8.583918       8.636944     -56.299007     -80.696609     128.467957       4.240006      -6.043637     -19.044153
      42.653168       8.448886      -6.207421     -14.429698      30.673645    -109.167503    -151.978592     -65.559311     -89.207367     -23.294661      15.981883      -7.642221      -5.680702      19.539133     -17.096373      18.312105      25.920637     -10.711664       7.751372       4.267387     -16.658537      94.324699       7.185995    -130.013779     -16.351183     -64.834839      54.795422      -0.043008      43.308830       0.013952     -13.953364       0.132767      -2.303725       2.007097       2.509943     -46.047115     -90.003235     -29.448204      89.993744     -91.323196       4.906688     -84.942986      -4.532303     -29.634258      78.629852    -359.997162      -4.356072    -360.000824      43.164143      -1.691073      -1.887991      -1.619675       0.752828      -9.922906     -90.000908      -1.997248      89.994492    -150.881149      53.841667     336.335114      90.036438      37.669563      90.019287       6.779866       8.273989      15.142811      29.082174      81.729431     148.536179      -6.061872       4.879440       0.176944    -142.273697      58.550594     -22.978010     -91.027138     -38.972946      90.282639      -0.074116      -8.577202       8.648148     -56.349060     -80.698334     128.400528       4.243025      -6.033706     -19.065187
      42.653141       8.447830      -6.210323     -14.409974      30.661678    -109.218338    -152.031158     -65.563583     -89.265579     -23.293194      15.966866      -7.659777      -5.692443      19.530516     -17.115582      18.291979      25.923162     -10.692276       7.750508       4.296303     -16.618900      94.316116       7.187706    -130.009201     -16.430498     -64.843491      54.742897      -0.042961      43.278854       0.013918     -13.953740       0.132786      -2.303725       2.017195       2.522000     -46.052601     -90.003220     -29.453505      89.993767     -91.324776       4.908137     -84.942322      -4.517467     -29.689674      78.628540    -359.997162      -4.361818    -360.000793      43.199554      -1.692751      -1.887056      -1.620156       0.745788      -9.927828     -90.000908      -1.998374      89.994499    -150.844437      53.843895     336.297791      90.040649      37.636547      90.020355       6.762141       8.266698      15.128016      29.108015      81.727005     148.520981      -6.065638       4.892526       0.190533    -142.225113      58.546066     -23.045723     -91.023125     -38.956650      90.281479      -0.109518      -8.569957       8.658770     -56.400627     -80.700165     128.332245       4.246045      -6.023663     -19.086136
      42.653046       8.446798      -6.213206     -14.390725      30.649647    -109.267830    -152.081879     -65.567680     -89.321617     -23.291780      15.952120      -7.676866      -5.704019      19.521749     -17.134903      18.271900      25.925615     -10.673109       7.749538       4.325135     -16.579275      94.307419       7.189432    -130.004547     -16.509270     -64.851799      54.690769      -0.042916      43.249126       0.013891     -13.954129       0.132800      -2.303728       2.027130       2.533794     -46.057873     -90.003235     -29.458725      89.993759     -91.326569       4.909589     -84.941505      -4.502977     -29.745106      78.627075    -359.997162      -4.367537    -360.000793      43.234417      -1.694424      -1.886122      -1.620720       0.738808      -9.932821     -90.000908      -1.999491      89.994476    -150.809021      53.845898     336.261902      90.044182      37.603439      90.021248       6.744254       8.259069      15.112967      29.133963      81.724571     148.505554      -6.069407       4.905738       0.204000    -142.173447      58.540623     -23.115221     -91.021492     -38.939678      90.280952      -0.144655      -8.562508       8.669166     -56.450939     -80.701851     128.265732       4.249066      -6.013581     -19.107002
      42.652901       8.445775      -6.216071     -14.371722      30.637554    -109.316681    -152.131683     -65.571709     -89.376572     -23.290400      15.937359      -7.693850      -5.715480      19.512953     -17.154154      18.251902      25.928053     -10.654092       7.748498       4.353860     -16.539690      94.298660       7.191167    -129.999863     -16.587620     -64.859833      54.638840      -0.042871      43.219650       0.013860     -13.954521       0.132822      -2.303725       2.036932       2.545327     -46.062996     -90.003227     -29.463844      89.993759     -91.328415       4.910966     -84.940628      -4.488681     -29.800478      78.625603    -359.997162      -4.373277    -360.000793      43.268867      -1.696061      -1.885195      -1.621368       0.731739      -9.937833     -90.000908      -2.000586      89.994492    -150.774124      53.847843     336.226593      90.047508      37.570263      90.022087       6.726213       8.251399      15.097880      29.159870      81.722168     148.490082      -6.073168       4.918998       0.217340    -142.120255      58.534763     -23.185749     -91.020874     -38.922485      90.280685      -0.179506      -8.554965       8.679420     -56.500084     -80.703438     128.200760       4.252087      -6.003494     -19.127796
      42.652641       8.445046      -6.218975     -14.355596      30.625940    -109.356796    -152.158981     -65.574020     -89.406311     -23.288975      15.922379      -7.710569      -5.724833      19.502954     -17.175779      18.232037      25.930439     -10.635111       7.747467       4.382434     -16.500175      94.289764       7.192919    -129.995087     -16.665447     -64.867462      54.587341      -0.042828      43.190388       0.013828     -13.954909       0.132842      -2.303725       2.046645       2.556635     -46.068024     -90.003227     -29.468878      89.993752     -91.330490       4.912571     -84.939728      -4.474177     -29.857401      78.624184    -359.997162      -4.377846    -360.000763      43.302193      -1.697606      -1.884333      -1.621780       0.724112      -9.942783     -90.000908      -2.001665      89.994492    -150.747833      53.844734     336.202454      90.039230      37.535427      90.019936       6.706841       8.236627      15.079009      29.182676      81.719940     148.476578      -6.076495       4.935634       0.230307    -142.008255      58.510147     -23.296396     -91.060921     -38.894756      90.290833      -0.216211      -8.542746       8.683747     -56.569077     -80.706284     128.118210       4.255159      -5.992434     -19.148359
      42.652103       8.443748      -6.222140     -14.331943      30.610931    -109.411858    -152.221970     -65.578865     -89.475769     -23.287611      15.905646      -7.729594      -5.739820      19.494364     -17.193760      18.211742      25.933285     -10.614555       7.746250       4.410431     -16.461329      94.280342       7.194779    -129.990036     -16.744165     -64.875023      54.534393      -0.042789      43.161400       0.013800     -13.955366       0.132869      -2.303722       2.056004       2.567577     -46.072823     -90.003242     -29.473854      89.993744     -91.331505       4.913681     -84.939362      -4.458793     -29.914160      78.623161    -359.997162      -4.384203    -360.000793      43.335316      -1.699256      -1.883428      -1.622933       0.716985      -9.948226     -90.000900      -2.002722      89.994492    -150.707031      53.850777     336.159241      90.045677      37.500481      90.021606       6.687738       8.229788      15.064300      29.211561      81.717316     148.458237      -6.080712       4.948532       0.242936    -141.979736      58.517555     -23.351267     -91.037636     -38.876518      90.284836      -0.249835      -8.538838       8.697262     -56.585617     -80.704094     128.087875       4.258142      -5.982858     -19.168941
      42.652008       8.442604      -6.224986     -14.311473      30.598560    -109.465324    -152.280655     -65.583481     -89.540718     -23.286118      15.889768      -7.748087      -5.752051      19.486282     -17.211634      18.192165      25.936337     -10.595219       7.745223       4.438500     -16.422356      94.272003       7.196393    -129.985550     -16.820858     -64.882454      54.483414      -0.042743      43.132637       0.013771     -13.955739       0.132896      -2.303724       2.065607       2.578651     -46.077854     -90.003235     -29.478722      89.993752     -91.332825       4.914437     -84.938675      -4.444207     -29.968962      78.622208    -359.997131      -4.390091    -360.000793      43.368938      -1.700905      -1.882515      -1.623705       0.709826      -9.953262     -90.000900      -2.003752      89.994484    -150.668396      53.854084     336.119385      90.052559      37.467167      90.023369       6.669701       8.224058      15.050561      29.237062      81.714958     148.443146      -6.084382       4.961166       0.255967    -141.938080      58.515308     -23.415897     -91.027649     -38.862610      90.282150      -0.284185      -8.532334       8.708095     -56.633717     -80.705826     128.023331       4.261163      -5.972960     -19.189568
      42.651947       8.441540      -6.227804     -14.291840      30.586376    -109.516167    -152.334854     -65.587723     -89.600594     -23.284710      15.874688      -7.765489      -5.763816      19.477772     -17.230221      18.172691      25.939146     -10.576296       7.744148       4.466539     -16.383373      94.263718       7.198533    -129.980942     -16.900602     -64.890625      54.429104      -0.042690      43.109673       0.013716     -13.954385       0.132841      -2.303728       2.089263       2.614224     -46.095268     -90.003220     -29.483522      89.993759     -91.334435       4.915308     -84.937828      -4.430102     -30.023664      78.621010    -359.997131      -4.395827    -360.000763      43.402046      -1.702491      -1.881597      -1.624393       0.702696      -9.958428     -90.000908      -2.004781      89.994476    -150.632599      53.856617     336.082703      90.057556      37.434074      90.024635       6.651810       8.216953      15.035970      29.262436      81.712585     148.428055      -6.088056       4.974003       0.269016    -141.889481      58.510624     -23.483957     -91.023506     -38.846767      90.280975      -0.318426      -8.525350       8.718402     -56.682835     -80.707596     127.958427       4.264186      -5.962957     -19.210096
      42.651817       8.440503      -6.230600     -14.272706      30.574154    -109.565521    -152.386765     -65.591812     -89.657814     -23.283354      15.859831      -7.782460      -5.775437      19.469135     -17.248871      18.153337      25.941877     -10.557719       7.743001       4.494521     -16.344347      94.255302       7.200818    -129.976257     -16.980623     -64.898788      54.374443      -0.042645      43.086727       0.013675     -13.953329       0.132802      -2.303727       2.111861       2.651804     -46.113934     -90.003227     -29.488241      89.993759     -91.336227       4.916223     -84.936882      -4.416304     -30.078341      78.619720    -359.997131      -4.401562    -360.000763      43.434643      -1.704023      -1.880717      -1.625141       0.695613      -9.963627     -90.000908      -2.005762      89.994469    -150.598129      53.858898     336.047546      90.061737      37.400936      90.025688       6.633765       8.209460      15.021093      29.287844      81.710213     148.412811      -6.091721       4.986989       0.281937    -141.837463      58.504906     -23.553965     -91.022072     -38.830173      90.280495      -0.352401      -8.518097       8.728416     -56.731071     -80.709259     127.894966       4.267201      -5.952911     -19.230547
      42.651642       8.439474      -6.233381     -14.253787      30.561834    -109.614189    -152.437698     -65.595757     -89.713905     -23.282011      15.844959      -7.799345      -5.786991      19.460497     -17.267426      18.134077      25.944588     -10.539367       7.741799       4.522426     -16.305304      94.246880       7.203096    -129.971558     -17.060190     -64.906937      54.320007      -0.042604      43.063614       0.013640     -13.952438       0.132758      -2.303730       2.134052       2.691200     -46.132294     -90.003227     -29.492876      89.993767     -91.338120       4.917137     -84.935860      -4.402686     -30.132927      78.618370    -359.997131      -4.407301    -360.000763      43.466835      -1.705548      -1.879824      -1.625947       0.688595      -9.968901     -90.000908      -2.006757      89.994461    -150.564209      53.861164     336.013000      90.065636      37.367748      90.026688       6.615578       8.201886      15.006153      29.313259      81.707855     148.397476      -6.095378       5.000038       0.294737    -141.783981      58.498840     -23.624922     -91.021667     -38.813316      90.280289      -0.386101      -8.510737       8.738297     -56.778042     -80.710815     127.833138       4.270219      -5.942863     -19.250919
      42.651440       8.438444      -6.236146     -14.234973      30.549477    -109.662598    -152.488297     -65.599678     -89.769531     -23.280680      15.830024      -7.816238      -5.798529      19.451868     -17.285837      18.114950      25.947319     -10.521188       7.740561       4.550248     -16.266266      94.238518       7.205315    -129.966904     -17.139063     -64.914963      54.266102      -0.042568      43.040428       0.013613     -13.951641       0.132725      -2.303737       2.156020       2.731922     -46.150356     -90.003235     -29.497429      89.993767     -91.340042       4.918000     -84.934799      -4.389186     -30.187374      78.617004    -359.997131      -4.413075    -360.000763      43.498631      -1.707063      -1.878968      -1.626762       0.681619      -9.974195     -90.000908      -2.007715      89.994453    -150.530563      53.863430     335.978668      90.069527      37.334583      90.027664       6.597316       8.194337      14.991236      29.338552      81.705498     148.382187      -6.099027       5.013079       0.307421    -141.729980      58.492641     -23.696230     -91.021568     -38.796429      90.280167      -0.419559      -8.503350       8.748100     -56.824310     -80.712303     127.772270       4.273228      -5.932878     -19.271212
      42.650902       8.437552      -6.239126     -14.216086      30.535799    -109.704796    -152.522232     -65.602249     -89.806435     -23.279415      15.814137      -7.833538      -5.810362      19.441935     -17.306269      18.095636      25.949961     -10.502328       7.739254       4.577757     -16.227556      94.229477       7.207603    -129.961884     -17.218203     -64.922447      54.211838      -0.042534      43.017624       0.013585     -13.950867       0.132685      -2.303736       2.177685       2.771233     -46.168571     -90.003227     -29.501900      89.993774     -91.341919       4.919252     -84.933952      -4.375000     -30.244255      78.615768    -359.997131      -4.418269    -360.000793      43.528881      -1.708496      -1.878150      -1.626341       0.674187      -9.979854     -90.000908      -2.008677      89.994446    -150.502762      53.863434     335.951447      90.063126      37.299435      90.026016       6.577288       8.179547      14.972305      29.363338      81.703194     148.366318      -6.102602       5.028842       0.319429    -141.632843      58.476795     -23.796103     -91.047325     -38.766808      90.286720      -0.453615      -8.493599       8.754670     -56.863987     -80.711876     127.722038       4.276231      -5.922305     -19.291065
      42.650639       8.436348      -6.241908     -14.195168      30.522701    -109.759186    -152.585510     -65.607071     -89.876236     -23.277969      15.797932      -7.852088      -5.823237      19.434156     -17.322943      18.076674      25.953176     -10.483589       7.737988       4.605061     -16.189007      94.221230       7.209628    -129.957306     -17.296326     -64.930153      54.158112      -0.042494      42.994770       0.013555     -13.950162       0.132646      -2.303741       2.199207       2.811837     -46.186543     -90.003227     -29.506304      89.993767     -91.343292       4.919798     -84.933159      -4.360822     -30.298876      78.614914    -359.997101      -4.424301    -360.000763      43.559975      -1.710049      -1.877299      -1.624400       0.667200      -9.985600     -90.000908      -2.009625      89.994446    -150.463852      53.867989     335.910675      90.072075      37.265751      90.028290       6.558585       8.175024      14.959243      29.389187      81.700821     148.350662      -6.106319       5.041392       0.331799    -141.597733      58.477261     -23.857363     -91.032150     -38.754768      90.282730      -0.486336      -8.488081       8.765679     -56.904476     -80.713036     127.666153       4.279248      -5.912675     -19.311300
      42.650578       8.435256      -6.244636     -14.175175      30.510267    -109.810753    -152.642319     -65.611336     -89.938911     -23.276609      15.782513      -7.869727      -5.835497      19.426008     -17.340506      18.058058      25.956312     -10.465571       7.736789       4.632417     -16.150354      94.213440       7.211589    -129.952972     -17.372797     -64.937500      54.106293      -0.042465      42.972149       0.013532     -13.949417       0.132607      -2.303745       2.220887       2.852730     -46.204506     -90.003227     -29.510641      89.993767     -91.344986       4.920299     -84.932137      -4.347348     -30.352520      78.613815    -359.997101      -4.430223    -360.000763      43.590977      -1.711515      -1.876468      -1.622506       0.660195      -9.991343     -90.000900      -2.010542      89.994476    -150.428070      53.871166     335.873596      90.078232      37.232929      90.029861       6.540546       8.168398      14.945107      29.413984      81.698540     148.335785      -6.109865       5.053887       0.344295    -141.551880      58.473503     -23.924006     -91.025902     -38.739952      90.281029      -0.519411      -8.481481       8.775814     -56.951519     -80.714821     127.604050       4.282262      -5.902805     -19.331408
      42.650482       8.434205      -6.247356     -14.155940      30.497894    -109.860321    -152.695938     -65.615372     -89.997925     -23.275301      15.767612      -7.886610      -5.847484      19.417597     -17.358435      18.039511      25.959333     -10.447804       7.735520       4.659715     -16.111698      94.205650       7.213532    -129.948624     -17.448452     -64.944473      54.055328      -0.042431      42.949749       0.013509     -13.948697       0.132581      -2.303748       2.242466       2.893504     -46.222446     -90.003227     -29.514893      89.993774     -91.346970       4.920947     -84.930977      -4.334238     -30.406137      78.612503    -359.997101      -4.436141    -360.000763      43.621433      -1.712955      -1.875636      -1.621027       0.653239      -9.997203     -90.000908      -2.011448      89.994492    -150.394257      53.873840     335.838776      90.083214      37.200077      90.031113       6.522496       8.161040      14.930435      29.438904      81.696228     148.320694      -6.113441       5.066594       0.356726    -141.501343      58.468098     -23.993046     -91.023544     -38.723900      90.280312      -0.552299      -8.474551       8.785583     -56.998108     -80.716522     127.543007       4.285262      -5.892911     -19.351429
      42.650330       8.433169      -6.250063     -14.137074      30.485464    -109.908913    -152.748077     -65.619270     -90.055222     -23.274031      15.752817      -7.903253      -5.859329      19.409090     -17.376415      18.021019      25.962324     -10.430173       7.734179       4.686913     -16.073082      94.197784       7.215439    -129.944260     -17.523626     -64.951172      54.004711      -0.042396      42.927578       0.013485     -13.947998       0.132541      -2.303747       2.263881       2.934022     -46.240341     -90.003235     -29.519081      89.993767     -91.349052       4.921603     -84.929764      -4.321265     -30.459738      78.611160    -359.997101      -4.442096    -360.000763      43.651470      -1.714383      -1.874821      -1.620015       0.646351     -10.003131     -90.000908      -2.012345      89.994484    -150.361206      53.876385     335.804840      90.087784      37.167145      90.032265       6.504369       8.153561      14.915630      29.463831      81.693916     148.305542      -6.117020       5.079385       0.369066    -141.448975      58.462124     -24.063131     -91.022606     -38.707436      90.279984      -0.584910      -8.467492       8.795201     -57.043488     -80.718094     127.483551       4.288264      -5.883018     -19.371378
      42.650135       8.432135      -6.252753     -14.118397      30.473005    -109.957047    -152.799530     -65.623116     -90.111702     -23.272749      15.737988      -7.919844      -5.871110      19.400570     -17.394331      18.002609      25.965332     -10.412655       7.732791       4.714012     -16.034502      94.189873       7.217311    -129.939850     -17.598377     -64.957611      53.954361      -0.042371      42.905598       0.013468     -13.947322       0.132506      -2.303750       2.285135       2.974264     -46.258183     -90.003220     -29.523190      89.993774     -91.351181       4.922246     -84.928490      -4.308366     -30.513218      78.609795    -359.997101      -4.448060    -360.000732      43.681133      -1.715789      -1.874007      -1.619316       0.639486     -10.009072     -90.000908      -2.013232      89.994476    -150.328522      53.878887     335.771240      90.092216      37.134228      90.033371       6.486172       8.146087      14.900835      29.488716      81.691628     148.290344      -6.120589       5.092200       0.381291    -141.395935      58.455940     -24.133589     -91.022209     -38.690872      90.279770      -0.617274      -8.460406       8.804732     -57.087639     -80.719574     127.425621       4.291261      -5.873114     -19.391233
      42.649612       8.431241      -6.255625     -14.100021      30.459402    -109.998604    -152.833939     -65.625656     -90.148994     -23.271563      15.722342      -7.936685      -5.882908      19.390770     -17.414217      17.984016      25.968227     -10.394550       7.731322       4.740834     -15.996218      94.181259       7.219265    -129.935089     -17.673397     -64.963600      53.903580      -0.042338      42.883770       0.013442     -13.946700       0.132468      -2.303747       2.306072       3.014025     -46.275883     -90.003227     -29.527246      89.993767     -91.353294       4.923278     -84.927414      -4.294849     -30.568983      78.608521    -359.997101      -4.453450    -360.000793      43.709332      -1.717105      -1.873239      -1.618879       0.632096     -10.015245     -90.000900      -2.014087      89.994499    -150.302048      53.879196     335.745148      90.086884      37.099522      90.031990       6.466284       8.131776      14.882173      29.513132      81.689346     148.274612      -6.124113       5.107568       0.392874    -141.300049      58.439735     -24.232473     -91.047630     -38.662376      90.286240      -0.649975      -8.450791       8.811049     -57.125416     -80.719238     127.377930       4.294249      -5.862657     -19.410666
      42.649353       8.430041      -6.258317     -14.079323      30.446190    -110.052238    -152.897324     -65.630302     -90.218758     -23.270197      15.706306      -7.954834      -5.895925      19.383060     -17.430466      17.965757      25.971664     -10.376586       7.729886       4.767466     -15.958064      94.173302       7.221043    -129.930695     -17.747789     -64.969772      53.852978      -0.042300      42.862186       0.013416     -13.946081       0.132431      -2.303750       2.326893       3.053513     -46.293613     -90.003235     -29.531225      89.993774     -91.354950       4.923629     -84.926384      -4.281315     -30.622505      78.607635    -359.997101      -4.459670    -360.000763      43.738384      -1.718503      -1.872444      -1.618965       0.625104     -10.021231     -90.000908      -2.014939      89.994484    -150.264404      53.884010     335.705414      90.096199      37.066307      90.034355       6.447653       8.127302      14.869257      29.538450      81.687050     148.259155      -6.127715       5.119866       0.404798    -141.265488      58.440258     -24.292978     -91.032593     -38.650555      90.282280      -0.681597      -8.445486       8.821737     -57.164055     -80.720428     127.324722       4.297252      -5.853070     -19.430475
      42.649284       8.428950      -6.260957     -14.059453      30.433619    -110.103157    -152.954346     -65.634422     -90.281525     -23.268892      15.690999      -7.972141      -5.908389      19.374990     -17.447569      17.947834      25.974998     -10.359303       7.728523       4.794139     -15.919837      94.165779       7.222783    -129.926483     -17.820799     -64.975624      53.803967      -0.042274      42.840813       0.013396     -13.945426       0.132397      -2.303751       2.347844       3.093112     -46.311302     -90.003235     -29.535145      89.993774     -91.356934       4.923999     -84.925125      -4.268441     -30.675192      78.606499    -359.997101      -4.465765    -360.000763      43.767258      -1.719927      -1.871640      -1.618822       0.618373     -10.027203     -90.000908      -2.015766      89.994484    -150.229813      53.887489     335.669281      90.102692      37.033894      90.035988       6.429602       8.120659      14.855204      29.562773      81.684814     148.244400      -6.131168       5.132146       0.416815    -141.220337      58.436661     -24.358810     -91.026337     -38.635971      90.280586      -0.713582      -8.439114       8.831568     -57.209061     -80.722191     127.265533       4.300249      -5.843277     -19.450144
      42.649178       8.427901      -6.263590     -14.040362      30.421120    -110.152054    -153.008087     -65.638306     -90.340546     -23.267660      15.676198      -7.988709      -5.920564      19.366653     -17.465050      17.929989      25.978237     -10.342254       7.727106       4.820753     -15.881607      94.158272       7.224538    -129.922287     -17.893063     -64.981155      53.755718      -0.042240      42.819672       0.013375     -13.944795       0.132362      -2.303751       2.368693       3.132607     -46.328903     -90.003227     -29.538994      89.993774     -91.359192       4.924494     -84.923744      -4.255897     -30.727856      78.605179    -359.997101      -4.471865    -360.000763      43.795631      -1.721250      -1.870881      -1.618800       0.611659     -10.033248     -90.000908      -2.016594      89.994469    -150.197098      53.890427     335.635345      90.107948      37.001423      90.037308       6.411557       8.113298      14.840603      29.587173      81.682556     148.229523      -6.134650       5.144644       0.428773    -141.170578      58.431374     -24.426973     -91.023972     -38.620144      90.279861      -0.745384      -8.432426       8.841052     -57.253666     -80.723862     127.207314       4.303238      -5.833441     -19.469719
      42.649025       8.426867      -6.266215     -14.021653      30.408575    -110.199951    -153.060165     -65.642067     -90.397652     -23.266439      15.661497      -8.005033      -5.932569      19.358213     -17.482605      17.912189      25.981438     -10.325320       7.725613       4.847275     -15.843410      94.150658       7.226263    -129.918060     -17.964912     -64.986420      53.707764      -0.042211      42.798710       0.013351     -13.944192       0.132316      -2.303751       2.389362       3.171882     -46.346451     -90.003227     -29.542770      89.993767     -91.361565       4.925034     -84.922295      -4.243480     -30.780500      78.603790    -359.997101      -4.477985    -360.000763      43.823578      -1.722576      -1.870114      -1.618986       0.604967     -10.039358     -90.000900      -2.017397      89.994484    -150.165192      53.893215     335.602356      90.112724      36.968899      90.038521       6.393441       8.105786      14.825865      29.611687      81.680321     148.214417      -6.138139       5.157239       0.440648    -141.118851      58.425465     -24.496231     -91.023148     -38.603855      90.279549      -0.776962      -8.425601       8.850350     -57.296894     -80.725395     127.150841       4.306217      -5.823594     -19.489223
      42.648830       8.425838      -6.268824     -14.003166      30.396002    -110.247284    -153.111282     -65.645752     -90.453667     -23.265234      15.646771      -8.021309      -5.944465      19.349747     -17.500137      17.894476      25.984659     -10.308501       7.724074       4.873702     -15.805243      94.142990       7.227990    -129.913757     -18.036331     -64.991455      53.660091      -0.042181      42.777931       0.013332     -13.943609       0.132291      -2.303754       2.409877       3.210912     -46.364010     -90.003235     -29.546490      89.993759     -91.363960       4.925554     -84.920815      -4.231134     -30.833055      78.602386    -359.997101      -4.484135    -360.000763      43.851158      -1.723883      -1.869361      -1.619317       0.598265     -10.045496     -90.000900      -2.018190      89.994476    -150.133682      53.895935     335.569763      90.117310      36.936386      90.039658       6.375274       8.098237      14.811109      29.636164      81.678078     148.199326      -6.141618       5.169883       0.452424    -141.066193      58.419258     -24.566021     -91.023041     -38.587391      90.279427      -0.808310      -8.418714       8.859525     -57.339310     -80.726868     127.095406       4.309205      -5.813755     -19.508654
      42.648621       8.424805      -6.271420     -13.984706      30.383390    -110.294472    -153.162292     -65.649391     -90.509506     -23.264040      15.632003      -8.037595      -5.956330      19.341295     -17.517597      17.876867      25.987904     -10.291816       7.722503       4.900037     -15.767111      94.135300       7.229701    -129.909485     -18.107330     -64.996284      53.612679      -0.042153      42.757336       0.013313     -13.943049       0.132250      -2.303753       2.430248       3.249755     -46.381489     -90.003227     -29.550144      89.993782     -91.366417       4.926071     -84.919312      -4.218830     -30.885473      78.600975    -359.997101      -4.490300    -360.000763      43.878399      -1.725190      -1.868624      -1.619741       0.591643     -10.051658     -90.000908      -2.018973      89.994446    -150.102310      53.898743     335.537292      90.121964      36.903961      90.040825       6.357065       8.090767      14.796396      29.660500      81.675842     148.184311      -6.145083       5.182493       0.464112    -141.013763      58.413177     -24.635616     -91.022774     -38.571003      90.279266      -0.839415      -8.411847       8.868665     -57.380898     -80.728287     127.041000       4.312191      -5.803939     -19.528002
      42.648411       8.423776      -6.274002     -13.966299      30.370764    -110.341454    -153.212967     -65.652985     -90.564972     -23.262857      15.617200      -8.053881      -5.968169      19.332853     -17.534998      17.859386      25.991163     -10.275253       7.720922       4.926268     -15.729033      94.127625       7.231390    -129.905197     -18.177841     -65.000885      53.565639      -0.042124      42.736904       0.013290     -13.942501       0.132228      -2.303753       2.450480       3.288392     -46.398914     -90.003227     -29.553734      89.993774     -91.368896       4.926548     -84.917770      -4.206585     -30.937738      78.599594    -359.997101      -4.496490    -360.000732      43.905331      -1.726454      -1.867914      -1.620241       0.584974     -10.057857     -90.000908      -2.019735      89.994469    -150.071182      53.901562     335.505005      90.126579      36.871620      90.041969       6.338882       8.083246      14.781672      29.684809      81.673630     148.169281      -6.148529       5.195096       0.475714    -140.961014      58.406998     -24.705351     -91.022774     -38.554585      90.279175      -0.870329      -8.404968       8.877711     -57.422287     -80.729721     126.986969       4.315173      -5.794132     -19.547274
      42.647888       8.422887      -6.276731     -13.948489      30.357262    -110.381821    -153.246826     -65.655365     -90.601555     -23.261740      15.601764      -8.070230      -5.979839      19.323185     -17.554270      17.841751      25.994293     -10.258229       7.719272       4.952268     -15.691200      94.119301       7.233158    -129.900574     -18.248531     -65.005058      53.518269      -0.042096      42.716606       0.013274     -13.942007       0.132197      -2.303754       2.470432       3.326640     -46.416180     -90.003235     -29.557268      89.993774     -91.371414       4.927473     -84.916389      -4.193807     -30.992239      78.598244    -359.997101      -4.502133    -360.000732      43.930824      -1.727683      -1.867235      -1.620812       0.577802     -10.064326     -90.000900      -2.020492      89.994469    -150.046539      53.902298     335.480438      90.122231      36.837769      90.040833       6.319145       8.069417      14.763291      29.708765      81.671402     148.153641      -6.151967       5.210009       0.486727    -140.866592      58.390530     -24.802872     -91.047997     -38.527405      90.285561      -0.901327      -8.395482       8.883706     -57.457382     -80.729454     126.942810       4.318125      -5.783857     -19.566133
      42.647640       8.421701      -6.279297     -13.928064      30.343939    -110.434151    -153.309326     -65.659698     -90.670143     -23.260469      15.585899      -8.087905      -5.992959      19.315559     -17.570034      17.824436      25.997919     -10.241386       7.717645       4.978106     -15.653472      94.111618       7.234780    -129.896271     -18.318676     -65.009399      53.471035      -0.042063      42.696499       0.013254     -13.941516       0.132175      -2.303755       2.490257       3.364695     -46.433483     -90.003235     -29.560751      89.993767     -91.373459       4.927711     -84.915054      -4.181039     -31.044460      78.597267    -359.997070      -4.508548    -360.000732      43.957199      -1.728970      -1.866483      -1.621754       0.571009     -10.070621     -90.000900      -2.021230      89.994446    -150.010651      53.907455     335.442169      90.131775      36.805401      90.043243       6.300645       8.064898      14.750501      29.733320      81.669174     148.138519      -6.155438       5.222005       0.498076    -140.832718      58.391266     -24.862101     -91.033234     -38.515713      90.281715      -0.931521      -8.390421       8.893968     -57.493351     -80.730614     126.893333       4.321105      -5.774402     -19.585340
      42.647568       8.420619      -6.281823     -13.908423      30.331242    -110.483894    -153.365677     -65.663582     -90.732018     -23.259256      15.570751      -8.104793      -6.005588      19.307568     -17.586636      17.807447      26.001482     -10.225166       7.716090       5.003987     -15.615668      94.104370       7.236383    -129.892212     -18.387403     -65.013474      53.425426      -0.042031      42.676609       0.013228     -13.941000       0.132146      -2.303755       2.510215       3.402934     -46.450752     -90.003235     -29.564163      89.993759     -91.375847       4.927972     -84.913506      -4.168897     -31.095884      78.596039    -359.997070      -4.514876    -360.000732      43.983402      -1.730196      -1.865771      -1.622359       0.564311     -10.076860     -90.000908      -2.021961      89.994446    -149.977753      53.911266     335.407471      90.138466      36.773746      90.044914       6.282618       8.058163      14.736512      29.756987      81.667023     148.123993      -6.158784       5.234029       0.509503    -140.788574      58.387913     -24.926538     -91.027130     -38.501308      90.280037      -0.962090      -8.384315       8.903385     -57.535778     -80.732361     126.837791       4.324075      -5.764698     -19.604410
      42.647472       8.419577      -6.284344     -13.889537      30.318611    -110.531654    -153.418823     -65.667213     -90.790207     -23.258112      15.556116      -8.120933      -6.017898      19.299288     -17.603655      17.790512      26.004944     -10.209160       7.714477       5.029825     -15.577843      94.097130       7.238026    -129.888138     -18.455648     -65.017311      53.380310      -0.042000      42.657200       0.013207     -13.940433       0.132120      -2.303757       2.530169       3.439786     -46.467979     -90.003220     -29.567513      89.993774     -91.378487       4.928380     -84.911827      -4.157046     -31.147312      78.594620    -359.997070      -4.521198    -360.000732      44.009136      -1.731415      -1.865068      -1.622999       0.557774     -10.083207     -90.000908      -2.022674      89.994453    -149.946686      53.914555     335.374908      90.143898      36.742012      90.046257       6.264627       8.050699      14.721979      29.780920      81.664841     148.109131      -6.162165       5.246266       0.520876    -140.739914      58.382851     -24.993256     -91.024864     -38.485668      90.279358      -0.992456      -8.377911       8.912464     -57.577728     -80.733994     126.783279       4.327042      -5.754965     -19.623390
      42.647312       8.418551      -6.286853     -13.871057      30.305969    -110.578384    -153.470230     -65.670746     -90.846420     -23.256977      15.541578      -8.136841      -6.029992      19.290915     -17.620752      17.773609      26.008331     -10.193259       7.712779       5.055577     -15.540048      94.089813       7.239808    -129.883987     -18.524660     -65.021324      53.334141      -0.041972      42.639610       0.013179     -13.939474       0.132082      -2.303764       2.550571       3.468763     -46.485317     -90.003242     -29.570829      89.993767     -91.381218       4.928811     -84.910110      -4.145278     -31.198732      78.593147    -359.997070      -4.527516    -360.000732      44.034470      -1.732606      -1.864358      -1.623756       0.551310     -10.089638     -90.000908      -2.023374      89.994469    -149.916336      53.917660     335.343201      90.148849      36.710239      90.047493       6.246569       8.043120      14.707334      29.804790      81.662651     148.094284      -6.165540       5.258585       0.532160    -140.689468      58.377190     -25.060894     -91.024078     -38.469601      90.279060      -1.022585      -8.371381       8.921351     -57.618568     -80.735512     126.730225       4.330002      -5.745205     -19.642284
      42.647114       8.417530      -6.289346     -13.852747      30.293276    -110.624580    -153.520813     -65.674187     -90.901695     -23.255854      15.527013      -8.152699      -6.041984      19.282515     -17.637810      17.756792      26.011700     -10.177508       7.711044       5.081254     -15.502256      94.082451       7.241691    -129.879776     -18.594107     -65.025490      53.287289      -0.041946      42.622940       0.013149     -13.938323       0.132017      -2.303770       2.571157       3.493939     -46.502548     -90.003227     -29.574074      89.993782     -91.384018       4.929252     -84.908340      -4.133601     -31.250038      78.591637    -359.997070      -4.533856    -360.000732      44.059429      -1.733787      -1.863683      -1.624555       0.544929     -10.096114     -90.000900      -2.024068      89.994469    -149.886322      53.920757     335.311829      90.153610      36.678505      90.048676       6.228455       8.035532      14.692676      29.828682      81.660477     148.079346      -6.168905       5.270935       0.543345    -140.638397      58.371365     -25.128853     -91.023819     -38.453434      90.278900      -1.052470      -8.364815       8.930146     -57.658348     -80.736931     126.678497       4.332954      -5.735505     -19.661104
      42.646908       8.416512      -6.291823     -13.834494      30.280540    -110.670494    -153.570938     -65.677574     -90.956429     -23.254734      15.512400      -8.168565      -6.053909      19.274124     -17.654799      17.740084      26.015060     -10.161917       7.709281       5.106856     -15.464480      94.075127       7.243700    -129.875549     -18.664261     -65.029953      53.239456      -0.041914      42.607811       0.013115     -13.936839       0.131959      -2.303779       2.592138       3.512432     -46.519783     -90.003227     -29.577271      89.993797     -91.386833       4.929677     -84.906563      -4.121963     -31.301258      78.590141    -359.997070      -4.540205    -360.000732      44.084099      -1.734926      -1.863026      -1.625380       0.538659     -10.102651     -90.000900      -2.024760      89.994461    -149.856552      53.923916     335.280670      90.158325      36.646866      90.049850       6.210299       8.027934      14.678025      29.852507      81.658333     148.064423      -6.172258       5.283261       0.554449    -140.587204      58.365566     -25.196821     -91.023727     -38.437263      90.278778      -1.082130      -8.358263       8.938877     -57.697464     -80.738319     126.627625       4.335907      -5.725826     -19.679831
      42.646618       8.415778      -6.294304     -13.819169      30.268602    -110.708397    -153.600235     -65.679680     -90.988037     -23.253576      15.497739      -8.184046      -6.063622      19.264648     -17.673853      17.723536      26.018316     -10.146549       7.707548       5.132393     -15.426676      94.067780       7.245817    -129.871277     -18.734879     -65.034599      53.190983      -0.041885      42.593925       0.013083     -13.935068       0.131884      -2.303792       2.613478       3.525760     -46.536808     -90.003227     -29.580416      89.993797     -91.390045       4.930490     -84.904686      -4.110151     -31.354017      78.588638    -359.997070      -4.545442    -360.000732      44.107655      -1.736014      -1.862396      -1.625689       0.531998     -10.109240     -90.000908      -2.025426      89.994476    -149.835312      53.922287     335.260559      90.152489      36.613514      90.048309       6.190938       8.013712      14.659763      29.873478      81.656334     148.051315      -6.175225       5.298747       0.565305    -140.482910      58.340847     -25.300541     -91.061668     -38.411518      90.288315      -1.113402      -8.347292       8.941961     -57.756695     -80.740883     126.558571       4.338904      -5.715218     -19.698307
      42.646114       8.414527      -6.296864     -13.797909      30.253855    -110.758064    -153.660660     -65.683594     -91.053955     -23.252537      15.482072      -8.200885      -6.078043      19.256643     -17.689491      17.706724      26.021700     -10.130541       7.705635       5.157646     -15.389196      94.059921       7.248032    -129.866745     -18.806849     -65.039528      53.140560      -0.041856      42.580917       0.013051     -13.933178       0.131787      -2.303805       2.634741       3.535273     -46.553425     -90.003235     -29.583502      89.993790     -91.392365       4.930901     -84.903221      -4.097989     -31.405865      78.587372    -359.997040      -4.552446    -360.000763      44.131340      -1.737182      -1.861738      -1.627277       0.525845     -10.116156     -90.000900      -2.026094      89.994461    -149.801392      53.929741     335.223145      90.162392      36.582333      90.050827       6.172301       8.008889      14.646494      29.900240      81.653976     148.033676      -6.179006       5.309692       0.575856    -140.455124      58.347736     -25.353855     -91.039566     -38.398064      90.282707      -1.140508      -8.343583       8.954076     -57.764271     -80.739182     126.540428       4.341769      -5.706306     -19.716795
      42.645992       8.413423      -6.299265     -13.777966      30.240824    -110.807671    -153.718536     -65.687378     -91.117355     -23.251381      15.466687      -8.217847      -6.090949      19.248953     -17.705183      17.690506      26.025274     -10.115426       7.703888       5.182967     -15.351535      94.053062       7.250158    -129.862717     -18.877741     -65.044830      53.091171      -0.041835      42.568733       0.013017     -13.931063       0.131693      -2.303818       2.656474       3.542256     -46.569813     -90.003220     -29.586529      89.993797     -91.394943       4.931062     -84.901520      -4.086273     -31.456268      78.586174    -359.997040      -4.558906    -360.000732      44.155396      -1.738341      -1.861068      -1.628208       0.519779     -10.122785     -90.000908      -2.026742      89.994461    -149.768723      53.934490     335.188080      90.170197      36.551510      90.052742       6.154107       8.002891      14.633149      29.923306      81.651894     148.019394      -6.182217       5.321319       0.586712    -140.416306      58.346455     -25.414577     -91.030251     -38.384995      90.280228      -1.169730      -8.338037       8.963412     -57.803604     -80.740845     126.488632       4.344710      -5.696806     -19.735336
      42.645905       8.412382      -6.301660     -13.758869      30.228029    -110.854950    -153.772186     -65.690895     -91.176025     -23.250284      15.452012      -8.233866      -6.103526      19.240917     -17.721476      17.674435      26.028698     -10.100690       7.702137       5.208291     -15.313802      94.046463       7.252292    -129.858780     -18.947989     -65.050148      53.042507      -0.041809      42.557232       0.012988     -13.928821       0.131573      -2.303831       2.678448       3.547365     -46.585804     -90.003227     -29.589514      89.993790     -91.397835       4.931369     -84.899658      -4.074987     -31.506512      78.584740    -359.997040      -4.565309    -360.000732      44.179001      -1.739443      -1.860424      -1.628964       0.513858     -10.129510     -90.000908      -2.027386      89.994476    -149.738495      53.938400     335.155914      90.176094      36.520741      90.054222       6.136046       7.995550      14.618908      29.946545      81.649780     148.004807      -6.185465       5.333159       0.597551    -140.371140      58.342663     -25.478420     -91.026390     -38.370121      90.279129      -1.198904      -8.332030       8.972262     -57.843971     -80.742538     126.436333       4.347649      -5.687186     -19.753790
      42.645763       8.411366      -6.304049     -13.740346      30.215261    -110.900803    -153.823486     -65.694260     -91.232010     -23.249218      15.437600      -8.249466      -6.115869      19.232714     -17.737947      17.658411      26.032047     -10.086132       7.700322       5.233566     -15.276046      94.039871       7.254405    -129.854874     -19.017900     -65.055473      52.994091      -0.041789      42.546238       0.012961     -13.926500       0.131455      -2.303842       2.700487       3.551039     -46.601387     -90.003227     -29.592461      89.993797     -91.400879       4.931738     -84.897713      -4.063914     -31.556713      78.583160    -359.997040      -4.571733    -360.000732      44.202179      -1.740571      -1.859794      -1.629789       0.508064     -10.136333     -90.000908      -2.028003      89.994492    -149.709366      53.941952     335.125061      90.181198      36.489887      90.055481       6.117967       7.987893      14.604387      29.969862      81.647667     147.990097      -6.188731       5.345150       0.608320    -140.323151      58.337772     -25.543676     -91.024933     -38.354492      90.278671      -1.227862      -8.325863       8.980864     -57.883133     -80.744087     126.385681       4.350571      -5.677566     -19.772150
      42.645576       8.410359      -6.306428     -13.722130      30.202465    -110.945900    -153.873489     -65.697510     -91.286507     -23.248165      15.423235      -8.264922      -6.128057      19.224455     -17.754435      17.642450      26.035357     -10.071708       7.698456       5.258777     -15.238283      94.033302       7.256486    -129.850983     -19.087467     -65.060806      52.945847      -0.041772      42.535652       0.012935     -13.924129       0.131327      -2.303856       2.722544       3.553709     -46.616463     -90.003235     -29.595339      89.993790     -91.404007       4.932154     -84.895721      -4.052934     -31.606852      78.581528    -359.997040      -4.578183    -360.000732      44.225029      -1.741640      -1.859165      -1.630658       0.502412     -10.143235     -90.000908      -2.028623      89.994507    -149.680725      53.945404     335.094788      90.185951      36.458992      90.056656       6.099857       7.980180      14.589807      29.993143      81.645546     147.975372      -6.191999       5.357199       0.619011    -140.273972      58.332500     -25.609545     -91.024460     -38.338589      90.278473      -1.256588      -8.319612       8.989329     -57.921268     -80.745506     126.336357       4.353494      -5.667943     -19.790434
      42.645374       8.409358      -6.308794     -13.704075      30.189644    -110.990562    -153.922775     -65.700706     -91.340195     -23.247118      15.408849      -8.280354      -6.140161      19.216190     -17.770880      17.626589      26.038652     -10.057424       7.696554       5.283927     -15.200520      94.026756       7.258500    -129.847107     -19.156679     -65.066116      52.897820      -0.041751      42.525394       0.012910     -13.921718       0.131202      -2.303867       2.744587       3.555645     -46.631126     -90.003212     -29.598171      89.993797     -91.407181       4.932550     -84.893692      -4.042031     -31.656889      78.579857    -359.997009      -4.584648    -360.000732      44.247574      -1.742695      -1.858513      -1.631574       0.496826     -10.150243     -90.000900      -2.029231      89.994476    -149.652374      53.948814     335.064850      90.190620      36.428177      90.057777       6.081729       7.972467      14.575228      30.016329      81.643448     147.960678      -6.195257       5.369248       0.629615    -140.224442      58.327084     -25.675516     -91.024353     -38.322617      90.278343      -1.285067      -8.313375       8.997700     -57.958656     -80.746872     126.287987       4.356413      -5.658359     -19.808620
      42.644878       8.408503      -6.311250     -13.687329      30.176363    -111.028198    -153.954956     -65.702797     -91.374725     -23.246141      15.394084      -8.295552      -6.151604      19.206781     -17.789043      17.610630      26.041754     -10.042913       7.694592       5.308910     -15.162914      94.019661       7.260528    -129.842972     -19.226009     -65.071167      52.849487      -0.041735      42.515324       0.012892     -13.919305       0.131068      -2.303880       2.766477       3.556975     -46.645267     -90.003220     -29.600950      89.993797     -91.410461       4.933415     -84.891762      -4.030727     -31.709082      78.578232    -359.997040      -4.590619    -360.000763      44.268677      -1.743669      -1.857975      -1.632490       0.490795     -10.157478     -90.000900      -2.029829      89.994484    -149.630920      53.950272     335.043030      90.187531      36.396202      90.056984       6.062320       7.959412      14.557370      30.039534      81.641319     147.945175      -6.198539       5.383243       0.639689    -140.134018      58.310608     -25.769091     -91.049095     -38.297867      90.284584      -1.313054      -8.304282       9.003223     -57.989250     -80.746696     126.249641       4.359307      -5.648355     -19.826433
      42.644650       8.407362      -6.313574     -13.667418      30.162914    -111.077599    -154.015091     -65.706596     -91.440430     -23.245050      15.378778      -8.312169      -6.164875      19.199347     -17.803881      17.594975      26.045256     -10.028688       7.692644       5.333812     -15.125290      94.013145       7.262403    -129.839157     -19.294785     -65.076515      52.801331      -0.041716      42.505535       0.012870     -13.916868       0.130938      -2.303892       2.788334       3.557938     -46.659081     -90.003227     -29.603689      89.993797     -91.413284       4.933596     -84.889900      -4.019485     -31.758856      78.576897    -359.997009      -4.597313    -360.000732      44.290726      -1.744736      -1.857362      -1.633734       0.485202     -10.164536     -90.000908      -2.030411      89.994469    -149.598053      53.956020     335.007324      90.197037      36.365753      90.059334       6.044014       7.954796      14.544869      30.062841      81.639244     147.930542      -6.201762       5.394616       0.650104    -140.103149      58.312317     -25.824326     -91.034485     -38.286549      90.280785      -1.340752      -8.299779       9.012821     -58.021179     -80.747841     126.205833       4.362235      -5.639079     -19.844524
      42.644585       8.406316      -6.315871     -13.648174      30.150032    -111.124695    -154.069550     -65.710022     -91.499924     -23.243999      15.364098      -8.328100      -6.177722      19.191544     -17.819532      17.579617      26.048685     -10.015009       7.690761       5.358764     -15.087567      94.007103       7.264238    -129.835571     -19.362291     -65.081772      52.754597      -0.041701      42.496040       0.012849     -13.914362       0.130800      -2.303901       2.810368       3.558692     -46.672550     -90.003220     -29.606384      89.993797     -91.416420       4.933780     -84.887833      -4.008781     -31.807962      78.575356    -359.997009      -4.603909    -360.000732      44.312637      -1.745767      -1.856745      -1.634588       0.479858     -10.171640     -90.000908      -2.030979      89.994461    -149.568130      53.960419     334.975067      90.203537      36.335812      90.060944       6.026015       7.947793      14.531024      30.085436      81.637199     147.916290      -6.204891       5.406104       0.660532    -140.062027      58.309845     -25.884964     -91.028503     -38.272518      90.279160      -1.368878      -8.294226       9.021569     -58.059864     -80.749550     126.155701       4.365155      -5.629573     -19.862507
      42.644482       8.405310      -6.318167     -13.629701      30.137257    -111.169884    -154.120789     -65.713226     -91.555779     -23.242992      15.349895      -8.343358      -6.190241      19.183472     -17.835569      17.564314      26.052017     -10.001532       7.688837       5.383678     -15.049814      94.001129       7.266035    -129.832047     -19.429073     -65.086899      52.708611      -0.041689      42.486774       0.012832     -13.911846       0.130667      -2.303913       2.832372       3.559257     -46.685650     -90.003204     -29.609028      89.993797     -91.419807       4.934105     -84.885651      -3.998357     -31.857048      78.573624    -359.997009      -4.610518    -360.000732      44.334087      -1.746796      -1.856142      -1.635436       0.474670     -10.178878     -90.000908      -2.031540      89.994453    -149.539841      53.964268     334.944855      90.208824      36.305744      90.062248       6.008075       7.940115      14.516648      30.108318      81.635147     147.901718      -6.208056       5.417802       0.670915    -140.016632      58.305683     -25.947725     -91.026161     -38.257290      90.278481      -1.396837      -8.288406       9.029981     -58.097748     -80.751114     126.106865       4.368061      -5.620012     -19.880407
      42.644333       8.404317      -6.320458     -13.611686      30.124477    -111.214035    -154.170303     -65.716316     -91.609657     -23.242010      15.335807      -8.358371      -6.202544      19.175316     -17.851690      17.549046      26.055292      -9.988154       7.686850       5.408530     -15.012064      93.995125       7.267790    -129.828506     -19.495375     -65.091919      52.662975      -0.041669      42.477707       0.012813     -13.909333       0.130538      -2.303924       2.854292       3.559673     -46.698383     -90.003204     -29.611629      89.993805     -91.423264       4.934460     -84.883423      -3.988046     -31.906096      78.571800    -359.996979      -4.617154    -360.000732      44.355179      -1.747779      -1.855555      -1.636352       0.469580     -10.186195     -90.000908      -2.032095      89.994453    -149.512253      53.967888     334.915497      90.213631      36.275612      90.063408       5.990112       7.932331      14.502158      30.131165      81.633087     147.887146      -6.211241       5.429583       0.681225    -139.969574      58.300861     -26.011284     -91.025276     -38.241638      90.278160      -1.424556      -8.282491       9.038218     -58.134457     -80.752541     126.059532       4.370955      -5.610476     -19.898212
      42.644154       8.403331      -6.322739     -13.593900      30.111692    -111.257645    -154.218781     -65.719330     -91.662384     -23.241020      15.321732      -8.373312      -6.214715      19.167114     -17.867804      17.533873      26.058573      -9.974919       7.684824       5.433328     -14.974302      93.989113       7.269496    -129.824966     -19.561260     -65.096848      52.617619      -0.041657      42.468796       0.012796     -13.906816       0.130400      -2.303934       2.876126       3.559968     -46.710720     -90.003212     -29.614180      89.993797     -91.426781       4.934808     -84.881157      -3.977803     -31.955044      78.569969    -359.996979      -4.623803    -360.000732      44.375977      -1.748780      -1.854966      -1.637287       0.464632     -10.193595     -90.000908      -2.032637      89.994461    -149.484955      53.971420     334.886475      90.218185      36.245510      90.064529       5.972148       7.924536      14.487651      30.153997      81.631035     147.872543      -6.214415       5.441396       0.691462    -139.921783      58.295746     -26.075180     -91.025070     -38.225811      90.278015      -1.452054      -8.276544       9.046329     -58.170261     -80.753883     126.013290       4.373855      -5.600919     -19.915926
      42.643959       8.402348      -6.325009     -13.576245      30.098906    -111.300911    -154.266769     -65.722290     -91.714493     -23.240049      15.307642      -8.388232      -6.226801      19.158916     -17.883863      17.518795      26.061836      -9.961835       7.682769       5.458064     -14.936540      93.983139       7.271164    -129.821457     -19.626699     -65.101692      52.572575      -0.041643      42.460064       0.012782     -13.904301       0.130266      -2.303946       2.897878       3.560148     -46.722633     -90.003212     -29.616705      89.993797     -91.430351       4.935151     -84.878853      -3.967657     -32.003826      78.568085    -359.996979      -4.630484    -360.000732      44.396450      -1.749732      -1.854408      -1.638212       0.459817     -10.201031     -90.000900      -2.033173      89.994461    -149.457916      53.974934     334.857727      90.222694      36.215481      90.065620       5.954182       7.916760      14.473155      30.176666      81.628967     147.858063      -6.217585       5.453199       0.701633    -139.873856      58.290585     -26.139019     -91.025009     -38.209953      90.277908      -1.479327      -8.270608       9.054371     -58.205452     -80.755180     125.967842       4.376749      -5.591382     -19.933556
      42.643692       8.401647      -6.327292     -13.561510      30.087000    -111.336525    -154.294540     -65.724113     -91.744331     -23.239037      15.293525      -8.402744      -6.236649      19.149660     -17.901915      17.503864      26.065012      -9.948929       7.680748       5.482736     -14.898768      93.977119       7.272796    -129.817917     -19.691545     -65.106331      52.528076      -0.041631      42.451447       0.012765     -13.901772       0.130127      -2.303954       2.919565       3.560269     -46.734219     -90.003220     -29.619169      89.993797     -91.434326       4.935894     -84.876442      -3.957355     -32.054188      78.566147    -359.997009      -4.636147    -360.000732      44.415848      -1.750586      -1.853920      -1.638616       0.454574     -10.208563     -90.000908      -2.033696      89.994461    -149.439255      53.973747     334.839905      90.216911      36.183537      90.064133       5.935113       7.902467      14.455053      30.196745      81.627090     147.845230      -6.220388       5.468134       0.711605    -139.774796      58.266308     -26.237177     -91.062187     -38.184780      90.287193      -1.508258      -8.260377       9.056907     -58.260559     -80.757584     125.904251       4.379692      -5.580915     -19.950943
      42.643253       8.400449      -6.329583     -13.541641      30.072630    -111.382591    -154.351395     -65.727478     -91.806023     -23.238157      15.278769      -8.418204      -6.250670      19.141870     -17.916727      17.488712      26.068239      -9.935664       7.678553       5.507210     -14.861221      93.970543       7.274415    -129.814117     -19.756966     -65.110916      52.482506      -0.041617      42.442902       0.012752     -13.899314       0.129996      -2.303965       2.940892       3.560234     -46.745335     -90.003220     -29.621605      89.993797     -91.437546       4.936258     -84.874359      -3.946936     -32.103424      78.564384    -359.996979      -4.643573    -360.000763      44.435417      -1.751567      -1.853390      -1.640297       0.449790     -10.216378     -90.000908      -2.034224      89.994484    -149.408585      53.981522     334.805450      90.227554      36.154720      90.066788       5.917037       7.898333      14.442365      30.222555      81.624847     147.827957      -6.223995       5.478164       0.721321    -139.749146      58.273308     -26.287275     -91.040619     -38.173168      90.281754      -1.532427      -8.256954       9.068430     -58.264027     -80.756020     125.891426       4.382477      -5.572275     -19.968342
      42.643173       8.399386      -6.331774     -13.522409      30.059610    -111.429291    -154.406723     -65.730766     -91.866364     -23.237167      15.264062      -8.434028      -6.263658      19.134356     -17.931620      17.474085      26.071659      -9.923105       7.676499       5.531735     -14.823512      93.964867       7.275936    -129.810776     -19.820980     -65.115601      52.438396      -0.041607      42.434574       0.012732     -13.896799       0.129855      -2.303974       2.962377       3.560281     -46.756298     -90.003220     -29.623989      89.993797     -91.440987       4.936358     -84.872070      -3.936880     -32.151302      78.562660    -359.996979      -4.650443    -360.000763      44.455372      -1.752488      -1.852818      -1.641272       0.445056     -10.223935     -90.000900      -2.034731      89.994492    -149.378769      53.986565     334.772919      90.235039      36.125671      90.068642       5.899159       7.892123      14.429193      30.244583      81.622864     147.814041      -6.227002       5.489260       0.731311    -139.713852      58.272839     -26.343412     -91.031311     -38.160351      90.279297      -1.559262      -8.252026       9.077117     -58.299450     -80.757599     125.845009       4.385357      -5.562921     -19.985788
      42.643112       8.398384      -6.333964     -13.504021      30.046852    -111.473732    -154.457779     -65.733810     -91.921944     -23.236223      15.250035      -8.448986      -6.276267      19.126461     -17.947145      17.459572      26.074970      -9.910842       7.674440       5.556264     -14.785760      93.959351       7.277443    -129.807526     -19.884092     -65.120140      52.395267      -0.041588      42.426437       0.012718     -13.894271       0.129722      -2.303982       2.983866       3.560349     -46.766937     -90.003212     -29.626331      89.993805     -91.444733       4.936575     -84.869606      -3.927204     -32.199043      78.560677    -359.996979      -4.657257    -360.000732      44.474918      -1.753422      -1.852279      -1.642061       0.440512     -10.231580     -90.000908      -2.035236      89.994484    -149.351349      53.990738     334.743286      90.240639      36.096619      90.069992       5.881389       7.884561      14.415080      30.266798      81.620865     147.799805      -6.230067       5.500581       0.741266    -139.672089      58.269711     -26.402809     -91.027542     -38.145714      90.278244      -1.586030      -8.246643       9.085324     -58.335785     -80.759186     125.798271       4.388232      -5.553478     -20.003134
      42.642994       8.397408      -6.336154     -13.486268      30.034151    -111.516762    -154.506317     -65.736702     -91.974709     -23.235298      15.236269      -8.463527      -6.288549      19.118370     -17.962921      17.445082      26.078220      -9.898648       7.672318       5.580719     -14.748028      93.953819       7.278902    -129.804276     -19.946722     -65.124527      52.352505      -0.041570      42.418850       0.012696     -13.891434       0.129567      -2.303989       3.001775       3.561351     -46.777439     -90.003212     -29.628637      89.993805     -91.448616       4.936871     -84.867073      -3.917665     -32.246799      78.558617    -359.996979      -4.664097    -360.000732      44.494087      -1.754339      -1.851758      -1.642887       0.436149     -10.239335     -90.000908      -2.035729      89.994469    -149.324936      53.994518     334.714935      90.245415      36.067432      90.071144       5.863621       7.876690      14.400698      30.289082      81.618858     147.785477      -6.233166       5.512056       0.751166    -139.627441      58.265392     -26.463669     -91.026230     -38.130322      90.277832      -1.612566      -8.241106       9.093287     -58.371078     -80.760605     125.753006       4.391098      -5.544014     -20.020370
      42.642838       8.396443      -6.338335     -13.468852      30.021454    -111.559013    -154.553543     -65.739525     -92.025955     -23.234398      15.222545      -8.477940      -6.300652      19.110237     -17.978680      17.430656      26.081440      -9.886593       7.670159       5.605114     -14.710297      93.948257       7.280415    -129.801010     -20.009295     -65.128899      52.309677      -0.041554      42.411686       0.012678     -13.888642       0.129415      -2.303999       3.017970       3.562429     -46.787655     -90.003204     -29.630894      89.993813     -91.452560       4.937178     -84.864525      -3.908218     -32.294456      78.556488    -359.996948      -4.670958    -360.000732      44.512901      -1.755199      -1.851269      -1.643730       0.431873     -10.247144     -90.000900      -2.036222      89.994469    -149.298981      53.998127     334.687134      90.249832      36.038212      90.072220       5.845866       7.868777      14.386265      30.311520      81.616867     147.770950      -6.236258       5.523595       0.761006    -139.581757      58.260639     -26.524981     -91.025871     -38.114685      90.277641      -1.638868      -8.235510       9.101114     -58.405296     -80.761909     125.709068       4.393963      -5.534567     -20.037531
      42.642593       8.395761      -6.340532     -13.454460      30.009634    -111.593506    -154.580444     -65.741241     -92.054749     -23.233444      15.208774      -8.491943      -6.310449      19.101038     -17.996378      17.416361      26.084545      -9.874714       7.668014       5.629453     -14.672545      93.942596       7.281923    -129.797668     -20.071678     -65.133148      52.266975      -0.041544      42.404839       0.012665     -13.885817       0.129262      -2.304009       3.032911       3.563495     -46.797569     -90.003204     -29.633127      89.993805     -91.456909       4.937899     -84.861862      -3.898613     -32.343746      78.554321    -359.996979      -4.676777    -360.000732      44.530628      -1.755976      -1.850810      -1.644050       0.427270     -10.255087     -90.000900      -2.036698      89.994484    -149.281403      53.997036     334.670349      90.244003      36.006950      90.070702       5.827003       7.854428      14.368234      30.331165      81.615013     147.758301      -6.238997       5.538274       0.770662    -139.485352      58.236599     -26.620279     -91.062675     -38.089783      90.286812      -1.666791      -8.225644       9.103448     -58.458996     -80.764267     125.647423       4.396879      -5.524177     -20.054432
      42.642166       8.394583      -6.342735     -13.435009      29.995325    -111.638275    -154.636063     -65.744377     -92.115005     -23.232630      15.194326      -8.506922      -6.324364      19.093321     -18.010872      17.401840      26.087698      -9.862464       7.665686       5.653597     -14.635002      93.936356       7.283482    -129.794037     -20.134914     -65.137413      52.222897      -0.041530      42.398235       0.012649     -13.883023       0.129106      -2.304018       3.046472       3.564433     -46.807129     -90.003204     -29.635321      89.993805     -91.460510       4.938230     -84.859520      -3.888896     -32.391930      78.552315    -359.996979      -4.684348    -360.000763      44.548546      -1.756887      -1.850324      -1.645651       0.423268     -10.263336     -90.000900      -2.037168      89.994484    -149.252029      54.004883     334.637085      90.254570      35.978817      90.073341       5.809081       7.850230      14.355630      30.356585      81.612808     147.741165      -6.242525       5.548077       0.780038    -139.461288      58.243912     -26.668337     -91.041122     -38.078312      90.281387      -1.689930      -8.222515       9.114703     -58.461002     -80.762688     125.636658       4.399634      -5.515613     -20.071335
      42.642094       8.393539      -6.344835     -13.416189      29.982376    -111.683624    -154.690094     -65.747467     -92.173798     -23.231695      15.179926      -8.522268      -6.337235      19.085890     -18.025410      17.387833      26.091017      -9.850968       7.663507       5.677809     -14.597285      93.930939       7.284958    -129.790817     -20.197002     -65.141846      52.179970      -0.041522      42.391991       0.012636     -13.880130       0.128950      -2.304025       3.059209       3.565469     -46.816593     -90.003197     -29.637474      89.993813     -91.463936       4.938182     -84.857185      -3.879327     -32.438515      78.550507    -359.996948      -4.691202    -360.000763      44.566994      -1.757758      -1.849795      -1.652336       0.437491     -10.261032     -90.000893      -2.037638      89.994553    -149.223465      54.009972     334.605713      90.261887      35.950516      90.075119       5.791327       7.843961      14.342542      30.378130      81.610886     147.727448      -6.245467       5.558939       0.789682    -139.427444      58.243668     -26.722527     -91.032013     -38.065613      90.278984      -1.715713      -8.217861       9.123100     -58.495060     -80.764214     125.592232       4.402475      -5.506369     -20.088276
      42.642040       8.392559      -6.346935     -13.398157      29.969667    -111.726776    -154.739822     -65.750305     -92.227829     -23.230820      15.166177      -8.536782      -6.349760      19.078066     -18.040594      17.373962      26.094244      -9.839774       7.661333       5.702028     -14.559508      93.925735       7.286454    -129.787720     -20.258387     -65.146187      52.137844      -0.041513      42.386101       0.012620     -13.877185       0.128799      -2.304032       3.071059       3.566503     -46.825832     -90.003204     -29.639603      89.993813     -91.468117       4.938436     -84.854462      -3.870334     -32.485374      78.548294    -359.996948      -4.698076    -360.000763      44.584656      -1.758566      -1.849295      -1.653572       0.439900     -10.269613     -90.000900      -2.038093      89.994514    -149.197159      54.014225     334.577148      90.267296      35.922203      90.076439       5.773680       7.836315      14.328518      30.399912      81.608925     147.713379      -6.248465       5.570019       0.799283    -139.387421      58.240894     -26.779747     -91.028191     -38.051140      90.277908      -1.741430      -8.212797       9.131052     -58.529743     -80.765717     125.547752       4.405306      -5.497018     -20.105124
      42.641949       8.391603      -6.349035     -13.380785      29.957031    -111.768471    -154.787079     -65.753006     -92.279083     -23.229952      15.152699      -8.550875      -6.361966      19.070076     -18.055967      17.360130      26.097368      -9.828722       7.659096       5.726202     -14.521716      93.920471       7.287946    -129.784576     -20.319443     -65.150436      52.095989      -0.041502      42.380535       0.012607     -13.874209       0.128635      -2.304040       3.081980       3.567467     -46.834801     -90.003204     -29.641685      89.993820     -91.472176       4.938649     -84.851799      -3.861417     -32.531921      78.546043    -359.996948      -4.705022    -360.000763      44.602264      -1.759362      -1.848808      -1.655861       0.445702     -10.273857     -90.000893      -2.038542      89.994545    -149.171860      54.018051     334.549835      90.271858      35.893780      90.077545       5.756077       7.828384      14.314223      30.421816      81.606941     147.699173      -6.251474       5.581255       0.808834    -139.344604      58.236904     -26.838331     -91.026833     -38.035912      90.277473      -1.766949      -8.207573       9.138751     -58.563477     -80.767067     125.504593       4.408135      -5.487682     -20.121878
      42.641853       8.390670      -6.351129     -13.364096      29.944475    -111.808754    -154.831421     -65.755539     -92.327057     -23.229092      15.139331      -8.564735      -6.373762      19.061964     -18.071491      17.346375      26.100410      -9.817863       7.656835       5.750349     -14.483849      93.915161       7.289458    -129.781403     -20.380199     -65.154594      52.054394      -0.041492      42.375237       0.012594     -13.871199       0.128473      -2.304048       3.092061       3.568357     -46.843544     -90.003197     -29.643734      89.993813     -91.476563       4.938886     -84.848930      -3.852869     -32.578136      78.543549    -359.996948      -4.711984    -360.000732      44.619404      -1.760165      -1.848328      -1.656457       0.447702     -10.282638     -90.000893      -2.038983      89.994514    -149.147461      54.021519     334.523651      90.275864      35.865471      90.078491       5.738559       7.820405      14.299861      30.443766      81.604980     147.684906      -6.254507       5.592553       0.818341    -139.301788      58.232533     -26.896006     -91.026398     -38.020199      90.277290      -1.792190      -8.202363       9.146336     -58.596123     -80.768288     125.462761       4.410957      -5.478344     -20.138525
      42.641800       8.389762      -6.353216     -13.348063      29.932146    -111.847824    -154.873367     -65.757957     -92.372383     -23.228262      15.126307      -8.578169      -6.385088      19.053741     -18.087183      17.332756      26.103270      -9.807379       7.654553       5.774517     -14.445770      93.909790       7.291020    -129.778183     -20.440535     -65.158607      52.013306      -0.041484      42.370213       0.012579     -13.868150       0.128305      -2.304057       3.101384       3.569207     -46.852047     -90.003212     -29.645750      89.993813     -91.480881       4.939017     -84.846077      -3.844615     -32.623547      78.540901    -359.996918      -4.718978    -360.000732      44.636471      -1.760986      -1.847872      -1.658777       0.456717     -10.287100     -90.000893      -2.039412      89.994545    -149.123322      54.024464     334.498047      90.279190      35.837448      90.079292       5.721365       7.812459      14.285445      30.465773      81.603020     147.670639      -6.257549       5.603864       0.827860    -139.260269      58.228031     -26.951649     -91.026237     -38.004154      90.277153      -1.817156      -8.197320       9.153892     -58.628040     -80.769402     125.421806       4.413763      -5.469015     -20.155075
      42.641747       8.388858      -6.355303     -13.332192      29.919893    -111.886482    -154.914566     -65.760300     -92.416931     -23.227449      15.113394      -8.591480      -6.396260      19.045496     -18.102942      17.319218      26.106071      -9.797058       7.652238       5.798666     -14.407615      93.904396       7.292604    -129.774948     -20.500580     -65.162544      51.972462      -0.041476      42.365448       0.012569     -13.865083       0.128149      -2.304065       3.109966       3.570026     -46.860283     -90.003212     -29.647730      89.993828     -91.485428       4.939190     -84.843102      -3.836549     -32.668926      78.538101    -359.996918      -4.726088    -360.000732      44.653236      -1.761783      -1.847413      -1.658379       0.457577     -10.296241     -90.000893      -2.039838      89.994537    -149.099258      54.027309     334.472595      90.282326      35.809616      90.080040       5.704355       7.804505      14.271018      30.487772      81.601059     147.656418      -6.260585       5.615165       0.837373    -139.218872      58.223503     -27.006907     -91.026230     -37.988091      90.277061      -1.841921      -8.192302       9.161361     -58.659630     -80.770493     125.381302       4.416562      -5.459692     -20.171534
      42.641392       8.388096      -6.357458     -13.318008      29.907486    -111.918404    -154.939484     -65.761749     -92.443390     -23.226692      15.100233      -8.604445      -6.406412      19.036219     -18.120207      17.305578      26.108675      -9.786581       7.649854       5.822696     -14.369558      93.898422       7.294218    -129.771393     -20.560829     -65.166199      51.931263      -0.041468      42.360851       0.012558     -13.862030       0.127977      -2.304071       3.117750       3.570749     -46.868240     -90.003220     -29.649681      89.993797     -91.490028       4.939884     -84.840256      -3.828028     -32.716564      78.535316    -359.996918      -4.732649    -360.000763      44.668591      -1.762478      -1.847041      -1.661378       0.466124     -10.301315     -90.000885      -2.040255      89.994553    -149.082245      54.028282     334.455414      90.278778      35.780563      90.079124       5.686282       7.791823      14.253525      30.509871      81.599052     147.641403      -6.263697       5.628158       0.846450    -139.138351      58.207256     -27.088854     -91.050201     -37.964527      90.283089      -1.866018      -8.184366       9.166117     -58.684925     -80.770187     125.349937       4.419325      -5.450072     -20.187637
      42.641300       8.387057      -6.359497     -13.300427      29.894663    -111.961395    -154.990875     -65.764580     -92.499153     -23.225845      15.086462      -8.618879      -6.418559      19.028807     -18.134466      17.292196      26.111612      -9.776361       7.647474       5.846675     -14.331463      93.892883       7.295744    -129.768082     -20.620838     -65.170090      51.889980      -0.041461      42.356480       0.012544     -13.858956       0.127804      -2.304077       3.124911       3.571398     -46.876038     -90.003204     -29.651579      89.993828     -91.494255       4.939918     -84.837433      -3.819635     -32.761833      78.532776    -359.996918      -4.740007    -360.000763      44.684860      -1.763261      -1.846566      -1.661069       0.467036     -10.310617     -90.000893      -2.040670      89.994530    -149.054092      54.033436     334.424530      90.286781      35.753368      90.081062       5.669215       7.786988      14.241199      30.531721      81.597130     147.627548      -6.266689       5.638734       0.855845    -139.114685      58.209850     -27.133905     -91.036201     -37.953011      90.279472      -1.889984      -8.181016       9.174740     -58.711349     -80.771065     125.313728       4.422117      -5.441121     -20.203979
      42.641331       8.386106      -6.361510     -13.283437      29.882420    -112.002319    -155.037064     -65.767090     -92.549339     -23.225050      15.073329      -8.632678      -6.430261      19.021051     -18.149487      17.279074      26.114464      -9.766649       7.645154       5.870704     -14.293260      93.887680       7.297242    -129.764954     -20.679853     -65.173904      51.849846      -0.041452      42.352383       0.012533     -13.855824       0.127645      -2.304086       3.131669       3.572084     -46.883663     -90.003204     -29.653461      89.993813     -91.498581       4.939892     -84.834526      -3.811596     -32.806358      78.530136    -359.996918      -4.747198    -360.000763      44.701149      -1.764017      -1.846125      -1.662639       0.476209     -10.315467     -90.000893      -2.041072      89.994553    -149.028534      54.037273     334.396820      90.291794      35.726582      90.082283       5.652435       7.779793      14.227511      30.552994      81.595215     147.613907      -6.269610       5.649408       0.865247    -139.081558      58.208401     -27.183939     -91.030350     -37.939022      90.277901      -1.914330      -8.176679       9.182573     -58.744347     -80.772453     125.271339       4.424899      -5.431924     -20.220219
      42.641338       8.385195      -6.363530     -13.267242      29.870327    -112.041382    -155.079910     -65.769417     -92.595757     -23.224258      15.060632      -8.645852      -6.441575      19.013023     -18.164894      17.266016      26.117235      -9.757117       7.642802       5.894719     -14.255008      93.882477       7.298760    -129.761826     -20.738373     -65.177582      51.810234      -0.041447      42.348511       0.012525     -13.852676       0.127468      -2.304091       3.137920       3.572767     -46.891079     -90.003204     -29.655315      89.993813     -91.503296       4.940040     -84.831421      -3.803899     -32.850967      78.527214    -359.996887      -4.754446    -360.000763      44.716984      -1.764761      -1.845680      -1.661651       0.477451     -10.325011     -90.000893      -2.041470      89.994514    -149.004547      54.040508     334.371063      90.295555      35.699604      90.083183       5.635725       7.771918      14.213293      30.574591      81.593292     147.599930      -6.272583       5.660298       0.874617    -139.044052      58.205090     -27.236179     -91.028275     -37.923843      90.277275      -1.938517      -8.172067       9.190047     -58.776585     -80.773697     125.230209       4.427678      -5.422679     -20.236362
      42.641285       8.384297      -6.365545     -13.251532      29.858278    -112.079575    -155.121384     -65.771675     -92.640602     -23.223494      15.048049      -8.658828      -6.452606      19.004940     -18.180319      17.252991      26.119936      -9.747706       7.640391       5.918692     -14.216736      93.877197       7.300265    -129.758667     -20.796612     -65.181175      51.770809      -0.041437      42.344860       0.012514     -13.849522       0.127301      -2.304101       3.143680       3.573375     -46.898235     -90.003204     -29.657135      89.993820     -91.507919       4.940168     -84.828377      -3.796210     -32.895466      78.524284    -359.996887      -4.761635    -360.000763      44.732544      -1.765451      -1.845262      -1.663115       0.486766     -10.330175     -90.000900      -2.041865      89.994545    -148.981049      54.043461     334.345978      90.298935      35.672512      90.083984       5.619020       7.764034      14.199016      30.596226      81.591362     147.585907      -6.275568       5.671248       0.883942    -139.005127      58.201080     -27.289139     -91.027443     -37.908352      90.276962      -1.962463      -8.167377       9.197356     -58.807896     -80.774811     125.190262       4.430441      -5.413485     -20.252413
      42.641201       8.383405      -6.367554     -13.236053      29.846230    -112.117264    -155.161865     -65.773865     -92.684349     -23.222736      15.035434      -8.671762      -6.463480      18.996822     -18.195726      17.240046      26.122623      -9.738407       7.637943       5.942615     -14.178456      93.871849       7.301750    -129.755447     -20.854643     -65.184685      51.731472      -0.041430      42.341381       0.012506     -13.846355       0.127131      -2.304107       3.148968       3.573926     -46.905170     -90.003197     -29.658926      89.993820     -91.512794       4.940365     -84.825195      -3.788672     -32.939972      78.521225    -359.996887      -4.768937    -360.000763      44.747791      -1.766165      -1.844856      -1.662146       0.488256     -10.339927     -90.000900      -2.042248      89.994530    -148.957779      54.046341     334.321228      90.302155      35.645370      90.084740       5.602382       7.755992      14.184637      30.617785      81.589447     147.571930      -6.278539       5.681311       0.893097    -138.965775      58.196888     -27.342230     -91.027008     -37.892738      90.276779      -1.986193      -8.162684       9.204579     -58.838089     -80.775818     125.151604       4.433191      -5.404303     -20.268373
      42.641117       8.382566      -6.369552     -13.220398      29.834141    -112.154701    -155.201248     -65.776001     -92.726860     -23.221985      15.022731      -8.684753      -6.474261      18.988628     -18.211304      17.227196      26.125257      -9.729325       7.635463       5.966506     -14.140152      93.866440       7.303224    -129.752213     -20.912413     -65.188080      51.692268      -0.041426      42.338058       0.012497     -13.843181       0.126954      -2.304110       3.153841       3.574436     -46.911892     -90.003212     -29.660685      89.993813     -91.517555       4.940491     -84.822075      -3.781192     -32.984051      78.518234    -359.996857      -4.776084    -360.000763      44.763081      -1.766882      -1.844412      -1.663043       0.495324     -10.345279     -90.000885      -2.042623      89.994560    -148.934753      54.049252     334.296661      90.305054      35.618336      90.085419       5.585761       7.747653      14.170106      30.639324      81.587524     147.557938      -6.281495       5.691367       0.902178    -138.925858      58.192741     -27.395571     -91.026993     -37.877003      90.276688      -2.009793      -8.158024       9.211703     -58.868156     -80.776794     125.113205       4.435942      -5.395115     -20.284252
      42.640976       8.382048      -6.371566     -13.207310      29.822948    -112.184998    -155.220947     -65.777191     -92.747795     -23.221191      15.009969      -8.697382      -6.482901      18.979319     -18.228857      17.214510      26.127794      -9.720538       7.633017       5.990383     -14.101791      93.860931       7.304677    -129.748917     -20.969870     -65.191277      51.653336      -0.041420      42.334873       0.012489     -13.839994       0.126779      -2.304117       3.158342       3.574895     -46.918404     -90.003197     -29.662409      89.993820     -91.522964       4.941081     -84.818710      -3.773747     -33.029739      78.515099    -359.996887      -4.782089    -360.000763      44.777264      -1.767477      -1.844038      -1.662892       0.498232     -10.354684     -90.000885      -2.043001      89.994553    -148.919998      54.047695     334.282898      90.297836      35.589260      90.083565       5.568063       7.732646      14.151840      30.658205      81.585762     147.545654      -6.284115       5.704312       0.911084    -138.837051      58.169476     -27.481630     -91.063316     -37.852245      90.285683      -2.035179      -8.149238       9.213469     -58.918484     -80.778885     125.056107       4.438750      -5.384985     -20.299925
      42.640671       8.381074      -6.373577     -13.189018      29.809172    -112.225258    -155.268524     -65.779610     -92.799088     -23.220535      14.996519      -8.711004      -6.495723      18.971420     -18.243422      17.201618      26.130327      -9.711481       7.630401       6.014114     -14.063596      93.854820       7.306149    -129.745316     -21.028053     -65.194405      51.613194      -0.041415      42.331734       0.012481     -13.836874       0.126603      -2.304122       3.162264       3.575250     -46.924610     -90.003204     -29.664108      89.993805     -91.527534       4.941298     -84.815735      -3.766176     -33.074356      78.512161    -359.996887      -4.789738    -360.000763      44.791821      -1.768197      -1.843618      -1.664492       0.505749     -10.360218     -90.000885      -2.043370      89.994568    -148.894135      54.055126     334.253296      90.306847      35.563507      90.085800       5.551167       7.727458      14.138889      30.682634      81.583649     147.529022      -6.287491       5.712799       0.919682    -138.818344      58.177891     -27.522068     -91.042191     -37.840599      90.280411      -2.055870      -8.147122       9.224046     -58.917500     -80.777161     125.049492       4.441409      -5.376629     -20.315573
      42.640717       8.380249      -6.375481     -13.170887      29.796635    -112.265984    -155.314011     -65.781944     -92.848465     -23.219786      14.983121      -8.724964      -6.507817      18.963692     -18.258202      17.189232      26.132994      -9.703268       7.627922       6.037957     -14.025165      93.849426       7.307539    -129.742096     -21.085119     -65.197632      51.574234      -0.041409      42.328793       0.012473     -13.833692       0.126433      -2.304129       3.166088       3.575686     -46.930775     -90.003204     -29.665775      89.993813     -91.532417       4.941228     -84.812477      -3.759098     -33.117390      78.509232    -359.996857      -4.796800    -360.000732      44.806877      -1.768925      -1.843178      -1.663877       0.509380     -10.369490     -90.000900      -2.043726      89.994522    -148.869034      54.060116     334.225403      90.312256      35.537949      90.087105       5.534438       7.719923      14.125330      30.703367      81.581810     147.515579      -6.290289       5.722298       0.928515    -138.790466      58.179443     -27.568031     -91.033157     -37.827633      90.278030      -2.079292      -8.143555       9.231858     -58.948124     -80.778465     125.009659       4.444153      -5.367593     -20.331289
      42.640793       8.379505      -6.377384     -13.153397      29.784334    -112.304482    -155.355118     -65.784050     -92.892967     -23.219069      14.970391      -8.738103      -6.519630      18.955566     -18.273653      17.176996      26.135508      -9.695476       7.625428       6.061858     -13.986594      93.844124       7.308957    -129.738922     -21.141491     -65.200706      51.536060      -0.041405      42.326042       0.012470     -13.830495       0.126259      -2.304136       3.169688       3.576153     -46.936817     -90.003204     -29.667421      89.993813     -91.537537       4.941255     -84.809113      -3.752426     -33.160118      78.506096    -359.996857      -4.803813    -360.000732      44.821835      -1.769650      -1.842745      -1.662376       0.509987     -10.378890     -90.000900      -2.044086      89.994507    -148.846298      54.064297     334.200348      90.315521      35.512444      90.087868       5.517791       7.710819      14.110727      30.724257      81.579941     147.501831      -6.293136       5.732046       0.937315    -138.756119      58.178375     -27.617243     -91.029793     -37.812820      90.277084      -2.102784      -8.139542       9.239179     -58.980324     -80.779816     124.968735       4.446895      -5.358444     -20.346930
      42.640812       8.378791      -6.379284     -13.136322      29.772036    -112.341736    -155.394012     -65.786049     -92.935013     -23.218365      14.957879      -8.750881      -6.531291      18.947275     -18.289265      17.164795      26.137907      -9.687912       7.622878       6.085771     -13.947946      93.838745       7.310380    -129.735687     -21.197527     -65.203644      51.498188      -0.041398      42.323437       0.012459     -13.827305       0.126087      -2.304140       3.173017       3.576546     -46.942638     -90.003204     -29.669037      89.993820     -91.542610       4.941301     -84.805779      -3.745846     -33.202648      78.502922    -359.996857      -4.810777    -360.000732      44.836712      -1.770336      -1.842324      -1.662964       0.516868     -10.383927     -90.000893      -2.044426      89.994545    -148.824493      54.068237     334.176361      90.318016      35.486862      90.088448       5.501122       7.701361      14.095850      30.745287      81.578072     147.487915      -6.296013       5.741916       0.946052    -138.719528      58.176479     -27.667532     -91.028427     -37.797367      90.276649      -2.126154      -8.135410       9.246299     -59.011257     -80.781021     124.929367       4.449636      -5.349294     -20.362494
      42.640797       8.378093      -6.381177     -13.119403      29.759701    -112.378304    -155.431641     -65.787987     -92.975594     -23.217672      14.945362      -8.763590      -6.542916      18.938925     -18.304884      17.152672      26.140251      -9.680513       7.620295       6.109661     -13.909241      93.833313       7.311800    -129.732437     -21.253401     -65.206482      51.460369      -0.041393      42.320965       0.012451     -13.824115       0.125907      -2.304146       3.176070       3.576867     -46.948246     -90.003204     -29.670631      89.993813     -91.547943       4.941420     -84.802307      -3.739454     -33.245243      78.499611    -359.996826      -4.817713    -360.000732      44.851234      -1.771008      -1.841908      -1.662274       0.520221     -10.393134     -90.000885      -2.044766      89.994514    -148.803131      54.072163     334.152893      90.320145      35.461327      90.088928       5.484407       7.691776      14.080906      30.766283      81.576195     147.473969      -6.298883       5.751817       0.954720    -138.682068      58.174374     -27.718222     -91.027847     -37.781696      90.276421      -2.149385      -8.131250       9.253316     -59.041412     -80.782143     124.890976       4.452361      -5.340162     -20.377975
      42.640858       8.377424      -6.383059     -13.103337      29.747561    -112.413048    -155.465210     -65.789734     -93.011734     -23.216982      14.933056      -8.775962      -6.554037      18.930420     -18.320705      17.140709      26.142405      -9.673551       7.617703       6.133608     -13.870288      93.827797       7.313247    -129.729126     -21.308775     -65.209152      51.423161      -0.041390      42.318630       0.012449     -13.820914       0.125739      -2.304153       3.178956       3.577188     -46.953659     -90.003220     -29.672190      89.993805     -91.553299       4.941452     -84.798805      -3.733430     -33.286983      78.496170    -359.996826      -4.824654    -360.000702      44.866184      -1.771680      -1.841492      -1.660941       0.521345     -10.402405     -90.000893      -2.045111      89.994514    -148.782928      54.075569     334.130981      90.321465      35.436180      90.089211       5.467911       7.682033      14.065840      30.787283      81.574326     147.460022      -6.301757       5.761750       0.963338    -138.646255      58.172161     -27.766184     -91.027832     -37.765404      90.276329      -2.172430      -8.127252       9.260303     -59.071117     -80.783180     124.853165       4.455087      -5.331084     -20.393366
      42.640648       8.376914      -6.385016     -13.088851      29.735331    -112.441330    -155.483093     -65.790710     -93.030479     -23.216356      14.920635      -8.787872      -6.564189      18.920879     -18.338005      17.128675      26.144299      -9.666604       7.615041       6.157512     -13.831310      93.821709       7.314777    -129.725464     -21.364313     -65.211487      51.385727      -0.041383      42.316311       0.012441     -13.817757       0.125568      -2.304154       3.181680       3.577413     -46.958797     -90.003197     -29.673716      89.993828     -91.558746       4.942037     -84.795425      -3.727058     -33.331051      78.492661    -359.996826      -4.830935    -360.000702      44.879723      -1.772313      -1.841139      -1.662473       0.531154     -10.407681     -90.000885      -2.045446      89.994560    -148.769409      54.077068     334.116974      90.316078      35.409740      90.087852       5.450477       7.667517      14.047645      30.808531      81.572403     147.445206      -6.304714       5.773228       0.971567    -138.572495      58.158173     -27.839954     -91.051323     -37.741764      90.282204      -2.194927      -8.120410       9.264638     -59.094959     -80.782913     124.823906       4.457773      -5.321660     -20.408434
      42.640690       8.376127      -6.386857     -13.070835      29.722551    -112.480225    -155.526489     -65.792900     -93.077438     -23.215662      14.907612      -8.801230      -6.576526      18.913151     -18.352453      17.116871      26.146450      -9.659956       7.612370       6.181403     -13.792243      93.815956       7.316225    -129.722046     -21.419579     -65.213982      51.348278      -0.041383      42.314117       0.012433     -13.814603       0.125388      -2.304160       3.184020       3.577651     -46.963905     -90.003197     -29.675222      89.993835     -91.563759       4.941879     -84.792091      -3.720853     -33.372459      78.489433    -359.996826      -4.838092    -360.000671      44.894459      -1.773044      -1.840700      -1.661601       0.533349     -10.416959     -90.000885      -2.045771      89.994530    -148.745102      54.082912     334.089508      90.321930      35.385540      90.089264       5.433987       7.660703      14.034623      30.829453      81.570564     147.431549      -6.307550       5.782513       0.980102    -138.554611      58.163677     -27.877367     -91.037216     -37.729916      90.278580      -2.217365      -8.118109       9.272803     -59.119728     -80.783813     124.790039       4.460491      -5.312912     -20.423754
      42.640850       8.375433      -6.388678     -13.053269      29.710350    -112.516998    -155.564529     -65.794777     -93.118629     -23.214989      14.895237      -8.813948      -6.588505      18.905041     -18.367712      17.105314      26.148502      -9.653853       7.609762       6.205383     -13.752999      93.810516       7.317671    -129.718735     -21.473909     -65.216377      51.311947      -0.041376      42.312099       0.012426     -13.811414       0.125217      -2.304165       3.186337       3.577957     -46.968948     -90.003204     -29.676718      89.993828     -91.568962       4.941718     -84.788635      -3.715068     -33.413139      78.486015    -359.996826      -4.845120    -360.000641      44.909328      -1.773775      -1.840267      -1.660000       0.534234     -10.426091     -90.000893      -2.046098      89.994492    -148.723358      54.087479     334.065155      90.324585      35.361805      90.089882       5.417819       7.651373      14.020154      30.849909      81.568748     147.418015      -6.310326       5.791929       0.988657    -138.526947      58.165085     -27.919964     -91.031509     -37.715488      90.277039      -2.240323      -8.114774       9.280149     -59.151283     -80.785225     124.749733       4.463197      -5.303917     -20.438986
      42.640961       8.374780      -6.390507     -13.036450      29.698271    -112.552010    -155.599457     -65.796532     -93.156349     -23.214336      14.883246      -8.826121      -6.600148      18.896683     -18.383287      17.093817      26.150434      -9.647971       7.607103       6.229369     -13.713685      93.805023       7.319138    -129.715424     -21.527802     -65.218636      51.276077      -0.041371      42.310181       0.012419     -13.808270       0.125040      -2.304170       3.188746       3.578267     -46.973740     -90.003204     -29.678173      89.993820     -91.574173       4.941626     -84.785179      -3.709395     -33.453705      78.482498    -359.996826      -4.852078    -360.000641      44.924015      -1.774429      -1.839873      -1.660519       0.541727     -10.430745     -90.000885      -2.046417      89.994522    -148.703171      54.091473     334.042755      90.325966      35.337849      90.090202       5.401681       7.641318      14.005134      30.870584      81.566910     147.404236      -6.313138       5.801543       0.997187    -138.494797      58.164558     -27.964996     -91.029633     -37.699909      90.276466      -2.263194      -8.111146       9.287134     -59.182491     -80.786537     124.710236       4.465900      -5.294898     -20.454144
      42.641014       8.374138      -6.392334     -13.019925      29.686167    -112.586266    -155.632935     -65.798233     -93.192451     -23.213694      14.871282      -8.838170      -6.611655      18.888250     -18.398899      17.082365      26.152334      -9.642189       7.604391       6.253330     -13.674337      93.799431       7.320592    -129.712051     -21.581394     -65.220741      51.240425      -0.041373      42.308380       0.012416     -13.805086       0.124869      -2.304174       3.190768       3.578516     -46.978474     -90.003197     -29.679607      89.993828     -91.579674       4.941634     -84.781586      -3.703877     -33.494453      78.478836    -359.996826      -4.859008    -360.000610      44.938274      -1.775123      -1.839455      -1.659756       0.545822     -10.439767     -90.000885      -2.046721      89.994507    -148.683502      54.095356     334.020935      90.327011      35.313789      90.090424       5.385509       7.631174      13.990034      30.891235      81.565063     147.390472      -6.315966       5.811203       1.005643    -138.461212      58.163563     -28.010847     -91.028839     -37.684032      90.276176      -2.285915      -8.107441       9.293987     -59.212330     -80.787720     124.672302       4.468598      -5.285866     -20.469223
      42.641026       8.373499      -6.394155     -13.003502      29.674004    -112.620049    -155.665619     -65.799858     -93.227615     -23.213057      14.859261      -8.850236      -6.623095      18.879803     -18.414474      17.070967      26.154188      -9.636542       7.601654       6.277252     -13.634966      93.793732       7.322038    -129.708633     -21.634897     -65.222740      51.204735      -0.041369      42.306675       0.012411     -13.801931       0.124695      -2.304177       3.192591       3.578746     -46.982994     -90.003204     -29.681013      89.993820     -91.585144       4.941621     -84.778015      -3.698359     -33.535034      78.475174    -359.996796      -4.865993    -360.000580      44.952526      -1.775785      -1.839049      -1.658370       0.546985     -10.448918     -90.000893      -2.047025      89.994507    -148.664169      54.099289     333.999481      90.327896      35.289745      90.090591       5.369309       7.620978      13.974928      30.911886      81.563232     147.376648      -6.318788       5.820892       1.014035    -138.427063      58.162460     -28.057016     -91.028526     -37.668037      90.276001      -2.308508      -8.103700       9.300736     -59.241508     -80.788834     124.635185       4.471282      -5.276879     -20.484240
      42.640953       8.373129      -6.395996     -12.989788      29.662725    -112.646912    -155.679489     -65.800659     -93.242180     -23.212364      14.847096      -8.862000      -6.632410      18.870380     -18.431726      17.059696      26.155935      -9.631094       7.598940       6.301146     -13.595560      93.787895       7.323483    -129.705124     -21.688112     -65.224541      51.169304      -0.041364      42.304974       0.012404     -13.798820       0.124525      -2.304179       3.194604       3.579001     -46.987244     -90.003212     -29.682394      89.993820     -91.590782       4.941959     -84.774467      -3.692543     -33.577068      78.471558    -359.996826      -4.871954    -360.000580      44.965961      -1.776296      -1.838694      -1.658465       0.553989     -10.453794     -90.000885      -2.047324      89.994522    -148.652908      54.098816     333.988586      90.318886      35.263447      90.088310       5.352025       7.604385      13.956212      30.929958      81.561546     147.364517      -6.321269       5.833419       1.022286    -138.344604      58.141911     -28.135700     -91.064262     -37.643219      90.284821      -2.332925      -8.095772       9.302158     -59.290665     -80.791023     124.579628       4.474032      -5.266965     -20.499058
      42.640697       8.372285      -6.397838     -12.971182      29.648916    -112.683571    -155.721069     -65.802612     -93.286911     -23.211811      14.834209      -8.874782      -6.645773      18.862425     -18.445965      17.048220      26.157757      -9.625249       7.596074       6.324863     -13.556378      93.781509       7.324927    -129.701340     -21.741985     -65.226265      51.132751      -0.041361      42.303322       0.012400     -13.795725       0.124347      -2.304186       3.196017       3.579093     -46.991325     -90.003197     -29.683767      89.993828     -91.595955       4.942091     -84.771111      -3.686638     -33.618538      78.468033    -359.996826      -4.879466    -360.000610      44.979359      -1.776983      -1.838317      -1.659217       0.558069     -10.462997     -90.000893      -2.047637      89.994514    -148.630554      54.107094     333.961945      90.326210      35.240398      90.090103       5.335476       7.597721      13.942916      30.953495      81.559517     147.348114      -6.324489       5.841478       1.030181    -138.330063      58.152744     -28.170437     -91.043327     -37.631298      90.279617      -2.352578      -8.094363       9.312262     -59.288445     -80.789474     124.574753       4.476608      -5.258856     -20.513844
      42.640793       8.371565      -6.399582     -12.952839      29.636280    -112.720528    -155.760437     -65.804482     -93.329521     -23.211159      14.821359      -8.887920      -6.658446      18.854670     -18.460360      17.037228      26.159700      -9.620168       7.593341       6.348668     -13.516994      93.775833       7.326313    -129.697922     -21.794765     -65.228050      51.097343      -0.041363      42.301823       0.012394     -13.792591       0.124176      -2.304190       3.197478       3.579309     -46.995365     -90.003204     -29.685112      89.993820     -91.601105       4.941818     -84.767677      -3.681051     -33.658142      78.464661    -359.996796      -4.886512    -360.000580      44.993599      -1.777694      -1.837888      -1.657953       0.559210     -10.471946     -90.000900      -2.047931      89.994514    -148.609024      54.112984     333.937073      90.329918      35.217514      90.090988       5.319126       7.588782      13.929065      30.973358      81.557755     147.334885      -6.327145       5.850561       1.038346    -138.306763      58.156773     -28.210356     -91.034378     -37.618065      90.277267      -2.374922      -8.091481       9.319618     -59.317760     -80.790863     124.536804       4.479286      -5.250099     -20.528709
      42.640911       8.370911      -6.401328     -12.935216      29.623924    -112.755608    -155.796234     -65.806183     -93.368202     -23.210535      14.809158      -8.900266      -6.670777      18.846573     -18.475258      17.026360      26.161512      -9.615434       7.590611       6.372504     -13.477522      93.770256       7.327730    -129.694550     -21.846869     -65.229698      51.062763      -0.041357      42.300400       0.012387     -13.789504       0.124007      -2.304194       3.199254       3.579516     -46.999249     -90.003204     -29.686430      89.993835     -91.606339       4.941630     -84.764198      -3.675726     -33.697510      78.461136    -359.996796      -4.893448    -360.000549      45.007702      -1.778403      -1.837477      -1.658524       0.566894     -10.476435     -90.000885      -2.048211      89.994568    -148.589539      54.117973     333.914764      90.331703      35.194477      90.091385       5.302845       7.578472      13.914278      30.993448      81.555962     147.321320      -6.329854       5.859851       1.046492    -138.277084      58.157955     -28.253668     -91.030899     -37.603119      90.276299      -2.397315      -8.088149       9.326501     -59.348484     -80.792305     124.497917       4.481959      -5.241220     -20.543499
      42.640972       8.370282      -6.403079     -12.918084      29.611582    -112.789520    -155.830048     -65.807800     -93.404640     -23.209927      14.797149      -8.912301      -6.682912      18.838346     -18.490294      17.015532      26.163263      -9.610824       7.587822       6.396321     -13.438032      93.764626       7.329139    -129.691147     -21.898602     -65.231194      51.028522      -0.041356      42.299114       0.012385     -13.786363       0.123839      -2.304198       3.200648       3.579729     -47.003029     -90.003212     -29.687721      89.993828     -91.611908       4.941620     -84.760582      -3.670590     -33.737141      78.457443    -359.996765      -4.900349    -360.000519      45.021339      -1.779059      -1.837055      -1.657796       0.571024     -10.485343     -90.000885      -2.048494      89.994560    -148.570923      54.122684     333.893524      90.332825      35.171242      90.091621       5.286561       7.567866      13.899261      31.013672      81.554176     147.307602      -6.332596       5.869252       1.054577    -138.244858      58.158127     -28.298389     -91.029472     -37.587543      90.275864      -2.419569      -8.084657       9.333194     -59.378059     -80.793594     124.460510       4.484624      -5.232314     -20.558218
      42.640995       8.369660      -6.404827     -12.901212      29.599226    -112.822815    -155.862686     -65.809395     -93.439751     -23.209324      14.785133      -8.924273      -6.694934      18.830072     -18.505337      17.004730      26.164968      -9.606307       7.585000       6.420097     -13.398524      93.758904       7.330546    -129.687698     -21.950207     -65.232582      50.994320      -0.041351      42.297916       0.012380     -13.783255       0.123666      -2.304199       3.201853       3.579904     -47.006680     -90.003212     -29.688992      89.993828     -91.617462       4.941587     -84.756973      -3.665475     -33.776592      78.453735    -359.996765      -4.907306    -360.000519      45.034943      -1.779646      -1.836682      -1.656420       0.572231     -10.494359     -90.000893      -2.048773      89.994522    -148.552689      54.127274     333.872772      90.333580      35.147945      90.091782       5.270249       7.557152      13.884174      31.033890      81.552383     147.293869      -6.335326       5.878723       1.062611    -138.211304      58.157810     -28.343874     -91.029106     -37.571674      90.275673      -2.441701      -8.081083       9.339731     -59.406883     -80.794830     124.424042       4.487281      -5.223424     -20.572857
      42.640995       8.369043      -6.406569     -12.884402      29.586819    -112.855827    -155.894836     -65.810928     -93.474327     -23.208725      14.773044      -8.936255      -6.706918      18.821806     -18.520287      16.994011      26.166674      -9.601931       7.582148       6.443834     -13.359010      93.753113       7.331946    -129.684204     -22.001532     -65.233864      50.960300      -0.041351      42.296764       0.012377     -13.780175       0.123494      -2.304205       3.202955       3.580088     -47.010254     -90.003204     -29.690241      89.993843     -91.622993       4.941573     -84.753380      -3.660362     -33.815937      78.450058    -359.996765      -4.914239    -360.000519      45.048420      -1.780300      -1.836288      -1.655106       0.572761     -10.503242     -90.000900      -2.049045      89.994514    -148.534729      54.131905     333.852264      90.334267      35.124626      90.091911       5.253900       7.546402      13.869098      31.054066      81.550591     147.280136      -6.338055       5.888196       1.070581    -138.177261      58.157394     -28.389688     -91.029053     -37.555725      90.275574      -2.463672      -8.077497       9.346196     -59.434898     -80.795975     124.388535       4.489921      -5.214579     -20.587425
      42.640957       8.368699      -6.408334     -12.870637      29.575453    -112.881470    -155.907135     -65.811646     -93.487129     -23.208061      14.760935      -8.947838      -6.716578      18.812504     -18.536980      16.983446      26.168222      -9.597810       7.579340       6.467554     -13.319421      93.747223       7.333371    -129.680649     -22.052448     -65.234924      50.926739      -0.041348      42.295525       0.012373     -13.777168       0.123328      -2.304207       3.204866       3.580267     -47.013531     -90.003204     -29.691477      89.993835     -91.628754       4.941826     -84.749748      -3.655153     -33.856380      78.446312    -359.996765      -4.920100    -360.000488      45.061039      -1.780849      -1.835931      -1.655970       0.582455     -10.507518     -90.000893      -2.049304      89.994545    -148.525162      54.131920     333.842804      90.324959      35.099144      90.089577       5.236596       7.529302      13.850394      31.071634      81.548950     147.268143      -6.340455       5.900492       1.078419    -138.096695      58.137512     -28.466124     -91.064674     -37.530849      90.284363      -2.487477      -8.069839       9.347410     -59.483276     -80.798203     124.334145       4.492641      -5.204809     -20.601799
      42.640808       8.367906      -6.410102     -12.852534      29.561762    -112.915901    -155.944946     -65.813377     -93.527710     -23.207558      14.748482      -8.960004      -6.729925      18.804537     -18.551014      16.972715      26.169727      -9.593436       7.576398       6.491146     -13.279912      93.740852       7.334842    -129.676819     -22.103748     -65.235847      50.892551      -0.041344      42.294247       0.012369     -13.774211       0.123162      -2.304209       3.206732       3.580378     -47.016609     -90.003212     -29.692690      89.993828     -91.634239       4.941885     -84.746178      -3.650218     -33.895832      78.442390    -359.996765      -4.927644    -360.000519      45.073708      -1.781483      -1.835564      -1.655431       0.584887     -10.516820     -90.000908      -2.049581      89.994545    -148.504761      54.140179     333.818146      90.331421      35.077251      90.091156       5.220374       7.522081      13.837050      31.094654      81.546959     147.251968      -6.343614       5.908341       1.085989    -138.085052      58.149193     -28.496861     -91.043777     -37.518528      90.279160      -2.506384      -8.068819       9.357347     -59.480042     -80.796684     124.330711       4.495180      -5.196809     -20.616112
      42.641003       8.367246      -6.411787     -12.834764      29.549372    -112.950508    -155.980347     -65.815002     -93.565979     -23.206951      14.736259      -8.972365      -6.742436      18.796694     -18.565351      16.962427      26.171297      -9.589828       7.573563       6.514849     -13.240148      93.735115       7.336268    -129.673325     -22.153851     -65.236771      50.859715      -0.041345      42.293110       0.012367     -13.771190       0.123001      -2.304214       3.208736       3.580587     -47.019711     -90.003204     -29.693874      89.993820     -91.639626       4.941521     -84.742584      -3.645590     -33.933308      78.438637    -359.996735      -4.934803    -360.000488      45.087227      -1.782165      -1.835184      -1.654228       0.586118     -10.525501     -90.000893      -2.049833      89.994530    -148.484955      54.145840     333.795105      90.334000      35.055626      90.091751       5.204541       7.512565      13.823095      31.114162      81.545242     147.238907      -6.346215       5.917225       1.093891    -138.064514      58.153835     -28.532679     -91.035156     -37.504803      90.276909      -2.528003      -8.066308       9.364492     -59.508652     -80.798111     124.293854       4.497818      -5.188119     -20.630510
      42.641197       8.366639      -6.413478     -12.817785      29.537275    -112.983345    -156.012543     -65.816521     -93.600739     -23.206387      14.724722      -8.983939      -6.754543      18.788528     -18.580170      16.952211      26.172728      -9.586493       7.570722       6.538575     -13.200305      93.729439       7.337708    -129.669891     -22.203293     -65.237526      50.827698      -0.041339      42.292095       0.012361     -13.768180       0.122828      -2.304215       3.210731       3.580870     -47.022739     -90.003204     -29.695040      89.993820     -91.645073       4.941255     -84.738976      -3.641134     -33.970737      78.434761    -359.996735      -4.941867    -360.000458      45.100613      -1.782799      -1.834827      -1.654985       0.594177     -10.529670     -90.000893      -2.050082      89.994545    -148.466995      54.150635     333.774445      90.334862      35.033783      90.091927       5.188857       7.501850      13.808291      31.133986      81.543480     147.225464      -6.348875       5.926272       1.101813    -138.038315      58.155846     -28.571503     -91.031487     -37.489578      90.275887      -2.549660      -8.063402       9.371237     -59.538330     -80.799553     124.256401       4.500448      -5.179327     -20.644823
      42.641323       8.366055      -6.415177     -12.801331      29.525221    -113.015045    -156.042709     -65.817917     -93.633179     -23.205832      14.713339      -8.995256      -6.766370      18.780235     -18.595131      16.942022      26.174118      -9.583218       7.567820       6.562267     -13.160460      93.723686       7.339153    -129.666382     -22.252497     -65.238159      50.795872      -0.041340      42.291161       0.012360     -13.765184       0.122663      -2.304219       3.212644       3.581074     -47.025639     -90.003189     -29.696177      89.993843     -91.650841       4.941170     -84.735214      -3.636803     -34.008488      78.430710    -359.996704      -4.948825    -360.000427      45.113480      -1.783386      -1.834440      -1.654281       0.598753     -10.538482     -90.000908      -2.050325      89.994514    -148.449936      54.155113     333.754852      90.335030      35.011662      90.091934       5.173179       7.490842      13.793245      31.153849      81.541718     147.211975      -6.351566       5.935439       1.109707    -138.009186      58.156593     -28.612049     -91.030174     -37.473736      90.275467      -2.571201      -8.060295       9.377723     -59.567043     -80.800880     124.220200       4.503080      -5.170486     -20.659071
