HIERARCHY
ROOT root
{
   OFFSET       0.000000        0.000000        0.000000
   CHANNELS 6 Xposition Yposition Zposition Xrotation Yrotation Zrotation
   JOINT LowerSpineJoint
   {
      OFFSET       0.000000        3.328345        0.000000
      CHANNELS 3 Xrotation  Yrotation Zrotation
      JOINT MiddleSpineJoint
      {
         OFFSET       4.330709        0.000000        0.000000
         CHANNELS 3 Xrotation  Yrotation Zrotation
         JOINT UpperSpineJoint
         {
            OFFSET       6.102361        0.000000        0.000000
            CHANNELS 3 Xrotation  Yrotation Zrotation
            JOINT LowerNeckJoint
            {
               OFFSET      10.236220        1.809055        0.000000
               CHANNELS 3 Xrotation  Yrotation Zrotation
               JOINT UpperNeckJoint
               {
                  OFFSET       3.543308        0.000000        0.000000
                  CHANNELS 3 Xrotation  Yrotation Zrotation
                  End Site
                  {
                     OFFSET       7.874016        0.000000        0.000000
                  }
               }
            }
            JOINT RightClavicleJoint
            {
               OFFSET       9.448819        2.047244        1.259843
               CHANNELS 3 Xrotation  Yrotation Zrotation
               JOINT RightShoulderJoint
               {
                  OFFSET      -6.220472       -1.574802        0.393701
                  CHANNELS 3 Xrotation  Yrotation Zrotation
                  JOINT RightElbowJoint
                  {
                     OFFSET     -12.500000        0.000000        0.078740
                     CHANNELS 3 Xrotation  Yrotation Zrotation
                     JOINT RightForearmTwistJoint
                     {
                        OFFSET      -5.216535        0.000000        0.000000
                        CHANNELS 3 Xrotation  Yrotation Zrotation
                        JOINT RightWristJoint
                        {
                           OFFSET      -5.314960        0.000000        0.000000
                           CHANNELS 3 Xrotation  Yrotation Zrotation
                           JOINT RightFingersJoint
                           {
                              OFFSET      -3.149608       -0.393700        0.000000
                              CHANNELS 3 Xrotation  Yrotation Zrotation
                              End Site
                              {
                                 OFFSET       0.000000        3.149606        0.000000
                              }
                           }
                        }
                     }
                  }
               }
            }
            JOINT LeftClavicleJoint
            {
               OFFSET       9.448819        2.047244       -1.259843
               CHANNELS 3 Xrotation  Yrotation Zrotation
               JOINT LeftShoulderJoint
               {
                  OFFSET      -6.220472       -1.574802       -0.393701
                  CHANNELS 3 Xrotation  Yrotation Zrotation
                  JOINT LeftElbowJoint
                  {
                     OFFSET     -12.500000        0.000000       -0.078740
                     CHANNELS 3 Xrotation  Yrotation Zrotation
                     JOINT LeftForearmTwistJoint
                     {
                        OFFSET      -5.216535        0.000000        0.000000
                        CHANNELS 3 Xrotation  Yrotation Zrotation
                        JOINT LeftWristJoint
                        {
                           OFFSET      -5.314960        0.000000        0.000000
                           CHANNELS 3 Xrotation  Yrotation Zrotation
                           JOINT LeftFingersJoint
                           {
                              OFFSET      -3.149608       -0.393700        0.000000
                              CHANNELS 3 Xrotation  Yrotation Zrotation
                              End Site
                              {
                                 OFFSET       0.000000        3.149606        0.000000
                              }
                           }
                        }
                     }
                  }
               }
            }
         }
      }
   }
   JOINT RightHipJoint
   {
      OFFSET      -3.543307        0.178739        0.000000
      CHANNELS 3 Xrotation  Yrotation Zrotation
      JOINT RightKneeJoint
      {
         OFFSET      17.204723        0.000000       -0.196850
         CHANNELS 3 Xrotation  Yrotation Zrotation
         JOINT RightAnkleJoint
         {
            OFFSET       0.000000      -17.840551       -0.161417
            CHANNELS 3 Xrotation  Yrotation Zrotation
            JOINT RightMidFootJoint
            {
               OFFSET       0.000000       -1.568898        2.523622
               CHANNELS 3 Xrotation  Yrotation Zrotation
               JOINT RightToesJoint
               {
                  OFFSET       2.677163       -0.000000        0.000000
                  CHANNELS 3 Xrotation  Yrotation Zrotation
                  End Site
                  {
                     OFFSET       2.362204        0.000000        0.000000
                  }
               }
            }
         }
      }
   }
   JOINT LeftHipJoint
   {
      OFFSET       3.543307        0.178739        0.000000
      CHANNELS 3 Xrotation  Yrotation Zrotation
      JOINT LeftKneeJoint
      {
         OFFSET      17.204723        0.000000        0.196850
         CHANNELS 3 Xrotation  Yrotation Zrotation
         JOINT LeftAnkleJoint
         {
            OFFSET       0.000000      -17.840551        0.161417
            CHANNELS 3 Xrotation  Yrotation Zrotation
            JOINT LeftMidFootJoint
            {
               OFFSET       0.000000       -1.568898       -2.523622
               CHANNELS 3 Xrotation  Yrotation Zrotation
               JOINT LeftToesJoint
               {
                  OFFSET       2.677164       -0.000000        0.000000
                  CHANNELS 3 Xrotation  Yrotation Zrotation
                  End Site
                  {
                     OFFSET       2.362205        0.000000        0.000000
                  }
               }
            }
         }
      }
   }
}
MOTION
Frames:	191
Frame Time: 0.0166667
      -0.462016      38.463867       0.928963     -13.642549       6.182290       1.694619     -24.425135     -78.672066      52.613701     -21.035540      -2.724027      -3.257493       5.690472      -4.219776     -15.759311       3.549939      -3.673263      -7.749885      -0.894261       4.419179      24.014996     105.975006      -0.820511     -94.239067       7.364056     -55.014099      80.117249      -0.051351      48.504372       0.022950     -14.037152       0.137341      -2.302182       2.872932      11.192529     -17.558691     -90.002739     -29.765312      89.993454     -86.847237       0.745770    -102.369400      68.080544     -64.263603     112.682800       0.043319     -43.512527       0.017285      48.490944      -1.931660      -1.731441      -1.907316       4.395739      32.198795     -90.000870      -2.065053      89.994904     106.385910      82.254875     165.716507      90.460159      52.562099      90.183403     -16.988184       7.778199      18.865219     120.399612      85.050858      54.516006      -5.260445       3.003906      -2.667422     -18.217154      85.470436     -80.153717     -90.150696     -22.389521      90.040482     -19.016846     -11.924952      15.503297     -59.079861     -82.204445     128.635635       4.615232      -5.144066     -24.647697
      -0.462135      38.383739       0.928217     -13.627985       6.180101       1.692064     -24.446251     -78.672379      52.603642     -21.037825      -2.725409      -3.254296       5.687444      -4.221828     -15.760745       3.551084      -3.670033      -7.750005      -0.894213       4.420751      24.015604     105.980377      -0.820309     -94.243431       7.359664     -55.015175      80.111809      -0.051455      48.505711       0.023031     -14.036973       0.137503      -2.302257       2.871965      11.186646     -17.554008     -90.003273     -29.765295      89.993752     -86.836433       0.746119    -102.368294      68.073082     -64.262833     112.676933       0.043312     -43.513481       0.017305      48.490944      -1.931682      -1.731455      -1.907949       4.392192      32.202850     -90.000900      -2.065065      89.994583     106.394661      82.260193     165.689972      90.465263      52.563339      90.178703     -16.987566       7.778927      18.862448     120.398056      85.050926      54.517406      -5.260458       3.004008      -2.667358     -18.195063      85.471649     -80.191162     -90.152840     -22.394012      90.042183     -19.014908     -11.924928      15.496279     -59.081333     -82.205696     128.588791       4.618271      -5.142342     -24.627062
      -0.462156      38.202515       0.926135     -13.617080       6.168728       1.774979     -24.866695     -78.620064      52.178173     -21.042439      -2.712251      -3.250256       5.682930      -4.247866     -15.763968       3.551284      -3.670026      -7.751731      -0.894927       4.423093      24.025949     105.988014      -0.818010     -94.232742       7.326735     -55.018650      80.077568      -0.051491      48.506588       0.023061     -14.037033       0.137591      -2.302236       2.870609      11.178571     -17.548752     -90.003265     -29.765303      89.993767     -86.825455       0.748435    -102.357918      68.036148     -64.268509     112.639885       0.043296     -43.513077       0.017279      48.490387      -1.931652      -1.731452      -1.910389       4.386404      32.208664     -90.000893      -2.065072      89.994591     106.190147      82.182755     165.880798      90.449371      52.558601      90.175064     -16.983274       7.777126      18.861195     120.385651      85.051758      54.530727      -5.260383       3.004693      -2.666791     -17.278393      85.477486     -81.124954     -90.121620     -22.552828      90.035385     -18.777653     -11.999861      15.560093     -59.601543     -82.297806     126.722893       4.642585      -5.172861     -24.502390
      -0.463491      37.931561       0.918923     -13.617623       6.152322       2.056143     -26.107956     -78.451950      50.891987     -21.052769      -2.643728      -3.248724       5.672729      -4.326062     -15.773381       3.549510      -3.683182      -7.751392      -0.896204       4.422370      24.061832     106.004288      -0.807026     -94.164734       7.226191     -55.024551      79.980637      -0.051529      48.505993       0.023075     -14.037833       0.137700      -2.302246       2.870557      11.171843     -17.553087     -90.003273     -29.765303      89.993774     -86.827583       0.754550    -102.319252      67.923279     -64.292564     112.518051       0.043259     -43.507153       0.017238      48.487797      -1.931524      -1.731542      -1.914180       4.380797      32.211487     -90.000900      -2.065063      89.994598     105.506065      81.940987     166.560471      90.399017      52.543755      90.157516     -16.967710       7.767478      18.852755     120.327499      85.055336      54.591320      -5.260195       3.008281      -2.665476     -14.539681      85.488525     -83.869263     -90.121788     -22.905766      90.035400     -18.192799     -12.207146      15.796182     -62.047310     -82.631454     120.959755       4.641483      -5.266206     -24.165573
      -0.466925      37.572697       0.905035     -13.614580       6.128998       2.489327     -27.821947     -78.197350      49.114212     -21.064564      -2.510093      -3.247924       5.659015      -4.428537     -15.792518       3.546226      -3.708653      -7.743375      -0.897193       4.415744      24.116003     106.034683      -0.785652     -94.035812       7.080973     -55.024715      79.851997      -0.051559      48.504627       0.023070     -14.039216       0.137811      -2.302263       2.872512      11.168821     -17.569012     -90.003281     -29.765295      89.993759     -86.839981       0.764769    -102.257919      67.730415     -64.330177     112.312416       0.043205     -43.495380       0.017183      48.483948      -1.931338      -1.731683      -1.918510       4.376326      32.209122     -90.000908      -2.065063      89.994583     104.535393      81.581696     167.516083      90.311707      52.513885      90.125481     -16.935011       7.749616      18.834686     120.223297      85.061562      54.701435      -5.260073       3.014576      -2.662127     -10.519296      85.484505     -87.857956     -90.182930     -23.338430      90.048241     -17.464390     -12.507821      16.115032     -68.092468     -83.156631     109.340714       4.609682      -5.404988     -24.000143
      -0.469573      37.141697       0.872357     -13.626591       6.147778       3.269822     -30.623030     -77.747162      46.134468     -21.097588      -2.292619      -3.239262       5.629417      -4.589091     -15.791269       3.539245      -3.749750      -7.724597      -0.900311       4.406231      24.207708     106.074181      -0.749570     -93.816757       6.864146     -55.019558      79.667755      -0.051596      48.501770       0.023061     -14.041856       0.137985      -2.302285       2.874651      11.170537     -17.596004     -90.003281     -29.765291      89.993767     -86.879494       0.779825    -102.155403      67.435974     -64.392326     111.992058       0.043119     -43.475906       0.017095      48.477837      -1.931039      -1.731915      -1.927888       4.374542      32.200146     -90.000908      -2.065067      89.994591     102.854431      80.923248     169.180145      90.189194      52.471313      90.079964     -16.877762       7.726847      18.810364     120.070038      85.070854      54.865486      -5.259846       3.023983      -2.656219      -2.146147      85.376266     -96.273056     -90.198524     -23.967924      90.052711     -15.296407     -12.919909      16.444023     -74.308784     -83.290932      97.436981       4.626857      -5.279777     -24.032648
      -0.471888      36.677586       0.796721     -13.730614       6.198872       4.729167     -34.996086     -76.870544      41.309036     -21.152266      -1.848480      -3.266369       5.578429      -4.883987     -15.741047       3.528199      -3.828717      -7.662981      -0.905903       4.387014      24.398027     106.148346      -0.674238     -93.384789       6.442385     -55.005840      79.316490      -0.051663      48.495007       0.023027     -14.047986       0.138346      -2.302331       2.873057      11.182553     -17.659422     -90.003281     -29.765287      89.993774     -86.986382       0.797399    -101.948982      66.915817     -64.512909     111.398430       0.042966     -43.438591       0.016883      48.466221      -1.930486      -1.732371      -1.954019       4.376894      32.166245     -90.000923      -2.065069      89.994591     100.370552      79.683441     171.680222      89.957741      52.399212      89.993599     -16.752855       7.682196      18.762657     119.754921      85.090294      55.203945      -5.258961       3.043559      -2.643402      13.534589      84.815491    -112.175308     -90.134209     -24.934071      90.041870     -11.965794     -13.305948      16.747196     -74.682220     -83.057129      91.542450       4.643117      -5.247168     -23.804602
      -0.488851      36.175716       0.679845     -13.900946       6.256281       6.532155     -39.354481     -75.724571      36.309509     -21.206690      -1.232457      -3.353856       5.526369      -5.225847     -15.665638       3.516558      -3.931020      -7.543176      -0.910650       4.352941      24.640619     106.285339      -0.560966     -92.796829       5.945687     -54.950115      78.952713      -0.051737      48.487320       0.023034     -14.056218       0.138829      -2.302356       2.868222      11.202343     -17.753857     -90.003296     -29.765285      89.993767     -87.126175       0.810639    -101.696777      66.232460     -64.657288     110.615768       0.042816     -43.388912       0.016603      48.453117      -1.929874      -1.732898      -1.984406       4.375956      32.096981     -90.000938      -2.065063      89.994614      98.137047      78.216377     173.923080      89.614891      52.277870      89.866226     -16.561390       7.604428      18.675425     119.259819      85.119118      55.737873      -5.258663       3.073306      -2.620411      27.468281      83.753601    -126.422386     -90.272064     -25.980383      90.072166      -7.190336     -13.323723      17.196980     -74.447136     -82.787079      89.511597       4.617672      -5.267873     -24.131662
      -0.525908      35.641357       0.514958     -14.126985       6.399599       8.633627     -43.391579     -74.348991      31.426876     -21.277351      -0.469231      -3.505340       5.461598      -5.603299     -15.549771       3.502446      -4.051237      -7.367284      -0.916218       4.307248      24.922674     106.471710      -0.412924     -92.081474       5.437742     -54.843437      78.644661      -0.051825      48.479584       0.023121     -14.066399       0.139413      -2.302357       2.857469      11.224444     -17.858763     -90.003311     -29.765282      89.993759     -87.305351       0.814208    -101.433113      65.449699     -64.816376     109.708664       0.042687     -43.331314       0.016304      48.439896      -1.929251      -1.733429      -2.014890       4.371632      31.997490     -90.000946      -2.065060      89.994629      96.152725      76.577461     175.896286      89.210510      52.108467      89.717613     -16.315729       7.503500      18.558752     118.629967      85.154083      56.420471      -5.259081       3.110287      -2.588714      37.941189      82.283073    -137.370941     -90.631691     -27.070084      90.149368      -1.896191     -13.213916      17.610596     -72.880676     -82.407753      91.495186       4.617160      -5.196639     -24.161831
      -0.576901      35.110310       0.292235     -14.531670       6.889802      11.284947     -47.466743     -72.647171      26.155245     -21.437881       0.467390      -3.793482       5.327742      -6.070726     -15.378461       3.478611      -4.193708      -7.130861      -0.930832       4.260457      25.292561     106.667580      -0.223711     -91.187180       4.835795     -54.698940      78.303307      -0.051954      48.469795       0.023259     -14.080642       0.140218      -2.302345       2.835369      11.248063     -17.967005     -90.003319     -29.765270      89.993767     -87.601685       0.804326    -101.114662      64.540421     -65.019775     108.613686       0.042515     -43.261639       0.015929      48.423874      -1.928503      -1.734051      -2.052467       4.370350      31.868549     -90.000961      -2.065057      89.994629      94.479111      74.406685     177.757904      89.022125      52.564636      89.643402     -18.207571       7.084160      18.390528     117.732719      85.106430      56.412575      -5.396973       3.352056      -2.953023      45.807907      80.127548    -146.249466     -91.039574     -28.691740      90.239334       1.021035     -13.111181      17.670349     -74.030525     -82.141586      90.571182       4.594848      -5.239563     -24.529032
      -0.647282      34.629513       0.026852     -15.269856       7.646502      14.172526     -50.563274     -70.863884      21.578365     -21.610617       1.587779      -4.384097       5.147310      -6.614745     -15.273669       3.459301      -4.337625      -6.804320      -0.954408       4.226496      25.814688     106.911766       0.024659     -90.034767       3.979071     -54.525639      77.766624      -0.052155      48.452362       0.023421     -14.100496       0.141349      -2.302345       2.799412      11.271658     -18.110144     -90.003349     -29.765257      89.993782     -88.088562       0.786294    -100.605766      63.369526     -65.290680     107.160927       0.042277     -43.165131       0.015283      48.400555      -1.927428      -1.734983      -2.114503       4.380054      31.667555     -90.000984      -2.065044      89.994637      93.362419      71.978401     179.582504      89.062454      53.260323      89.650818     -21.700531       6.333705      18.138567     116.066605      85.060898      56.680962      -5.506946       3.637242      -3.981735      51.268227      77.644104    -153.119354     -91.155266     -31.027159      90.274406       2.121312     -13.197960      17.674139     -75.545296     -81.924675      89.218735       4.597770      -5.221055     -24.522188
      -0.749989      34.173889      -0.270778     -16.193480       8.387929      16.736937     -52.337273     -69.356232      18.207275     -21.709349       2.671070      -5.187352       5.008289      -7.128621     -15.262355       3.455682      -4.433222      -6.415405      -0.980837       4.216643      26.378036     107.290192       0.314610     -88.820000       3.066274     -54.281540      77.245041      -0.052285      48.430248       0.023620     -14.119267       0.142386      -2.302309       2.764266      11.270432     -18.265825     -90.003372     -29.765251      89.993774     -88.623413       0.770460     -99.975616      62.081188     -65.544739     105.581017       0.042087     -43.055458       0.014560      48.376831      -1.926350      -1.735953      -2.174232       4.379323      31.382456     -90.001022      -2.065047      89.994629      92.738365      69.944626     180.888687      89.086868      54.237427      89.650238     -26.245008       5.515244      17.854856     113.438591      85.009102      58.294407      -5.486088       3.835531      -3.681221      54.463856      75.404778    -157.683365     -91.088287     -33.459415      90.271889       2.986372     -13.255205      17.650770     -76.625732     -81.722336      88.248833       4.599682      -5.219012     -24.459677
      -0.882739      33.746239      -0.590216     -17.308329       9.081105      18.936396     -53.166805     -68.185188      15.723176     -21.722448       3.731617      -6.253121       4.922010      -7.661233     -15.338738       3.462404      -4.478212      -5.982669      -1.013696       4.237242      26.966261     107.757881       0.644818     -87.635849       2.104074     -53.930454      76.777420      -0.052345      48.404068       0.023877     -14.134394       0.143183      -2.302251       2.734843      11.227288     -18.402763     -90.003365     -29.765240      89.993774     -89.178612       0.758559     -99.247353      60.733337     -65.762878     103.953850       0.041996     -42.938740       0.013886      48.354885      -1.925360      -1.736851      -2.222869       4.355078      31.026083     -90.001022      -2.065029      89.994637      92.317940      68.419922     181.838013      89.107140      55.607941      89.643074     -30.516682       4.571260      16.983948     110.151070      84.877350      60.902386      -5.467246       3.976216      -3.681743      56.063751      73.500023    -160.487869     -91.049820     -35.825184      90.274643       3.655756     -13.362695      17.621559     -77.570259     -81.539879      87.380287       4.603497      -5.215905     -24.389833
      -1.017347      33.337860      -0.930411     -17.941467       9.965074      20.283907     -52.614941     -68.568199      16.287777     -21.480745       6.119482      -8.193547       4.945460      -8.293985     -15.590652       3.455751      -4.487725      -5.406987      -1.069079       4.274652      27.626621     107.649162       1.019610     -86.728714       1.218729     -53.105225      76.910721      -0.052113      48.347134       0.024288     -14.121097       0.142143      -2.302231       2.769481      11.129631     -18.484062     -90.003296     -29.765238      89.993790     -89.875832       0.701557     -98.516731      59.397232     -65.992088     102.264549       0.041964     -42.824871       0.013322      48.336056      -1.924542      -1.737600      -2.253087       4.299781      30.632210     -90.001038      -2.065021      89.994629      91.627907      67.783775     182.236008      89.267380      57.184250      89.691528     -33.061859       3.219391      14.893394     110.686470      84.586288      59.262909      -5.411169       4.008989      -3.941048      55.776985      72.220955    -161.944702     -90.918518     -38.252308      90.254929       4.208108     -13.464726      17.543442     -78.445068     -81.361023      86.559814       4.606562      -5.214337     -24.321917
      -1.160797      32.971367      -1.278222     -19.035267      10.908411      21.261723     -51.393589     -69.219559      17.093887     -21.121752       8.022191     -10.359252       4.995002      -8.957509     -15.939921       3.491930      -4.307384      -4.857068      -1.139368       4.426181      28.321404     106.974945       1.390464     -86.341942       0.537201     -51.964314      77.633713      -0.052156      48.294159       0.025380     -14.115931       0.141646      -2.301783       2.751162      10.929133     -18.279535     -90.003273     -29.765238      89.993774     -90.665169       0.657090     -97.609436      58.017845     -66.188683     100.542389       0.041976     -42.701424       0.012714      48.317566      -1.923738      -1.738354      -2.275600       4.220987      30.178648     -90.001038      -2.065007      89.994606      91.302002      67.769875     182.208206      89.398430      59.404984      89.731918     -33.637833       1.722642      12.881798     113.329353      84.471794      55.403118      -5.438027       3.999047      -4.057832      55.242172      71.251984    -162.633072     -90.632896     -40.520226      90.192062       4.596222     -13.613998      17.480907     -79.196808     -81.203987      85.850037       4.611914      -5.208226     -24.247734
      -1.300273      32.628033      -1.621838     -20.360786      11.953815      22.191864     -50.148487     -69.919090      17.847887     -20.736134       9.565253     -12.702388       4.996547      -9.550130     -16.463614       3.527067      -4.095394      -4.396706      -1.210823       4.601695      28.922379     106.488640       1.759846     -86.103653      -0.132281     -50.906075      78.295631      -0.052200      48.259243       0.026079     -14.125622       0.142135      -2.301372       2.659189      10.702765     -17.933588     -90.003319     -29.765261      89.993736     -91.434944       0.621192     -96.690407      56.645367     -66.318169      98.896103       0.042078     -42.571171       0.012253      48.303894      -1.923116      -1.738926      -2.281732       4.134109      29.671646     -90.001030      -2.065004      89.994583      91.026009      67.825294     182.206635      89.550873      61.798637      89.789871     -33.897263       0.660856      11.508496     112.690483      84.485489      55.183620      -5.450421       4.099241      -4.097161      54.838608      70.296074    -163.140335     -90.235916     -42.558651      90.090622       4.826511     -13.809220      17.435513     -79.861160     -81.069885      85.219742       4.617741      -5.201403     -24.172682
      -1.436681      32.282684      -1.977491     -21.303345      13.217223      22.811325     -48.498055     -70.878334      18.773630     -20.552597      10.317734     -13.569403       4.833527      -9.754824     -18.042419       3.541982      -3.907909      -4.035557      -1.287670       4.768804      29.467010     106.115486       2.142858     -85.940041      -0.848754     -49.917255      78.865974      -0.052274      48.228859       0.026461     -14.141188       0.143020      -2.301117       2.546005      10.479961     -17.581995     -90.003357     -29.765265      89.993721     -92.330505       0.557857     -95.827995      55.229946     -66.425049      97.206215       0.042244     -42.438221       0.011979      48.296227      -1.922739      -1.739237      -2.273269       4.056516      29.148655     -90.001015      -2.064989      89.994576      90.471130      68.048370     181.988953      89.792801      64.241920      89.912949     -34.031998      -0.141255      10.531339     110.833206      84.560890      56.348423      -5.463758       4.212907      -4.070104      53.980091      69.514969    -163.583817     -89.738670     -44.528252      89.949913       4.956537     -14.037602      17.403811     -80.501862     -80.946930      84.608734       4.622602      -5.196107     -24.100950
      -1.574174      31.904804      -2.381937     -20.679424      14.956357      22.627979     -46.638702     -71.918480      20.501720     -20.598537       9.680607     -13.125177       4.720215      -9.281608     -19.389851       3.538975      -3.760808      -4.289036      -1.314206       4.870924      29.374899     105.675179       2.324217     -85.645309      -1.196795     -49.223484      79.387848      -0.052335      48.156731       0.026799     -14.143736       0.142980      -2.301159       2.469502      10.234519     -17.261181     -90.003342     -29.765270      89.993721     -93.757645       0.699768     -94.926506      53.065872     -66.439125      95.138168       0.042207     -42.251743       0.011964      48.282806      -1.921678      -1.739599      -2.310878       4.162680      28.699198     -90.000992      -2.064985      89.994576      89.142670      68.575668     180.776062      90.160179      66.779144      90.163536     -34.119431      -0.769029       9.782837     108.578728      84.673981      57.944340      -5.462754       4.301568      -4.034861      51.811508      69.141548    -164.401459     -89.096260     -46.628071      89.750633       5.029627     -14.261234      17.319300     -81.185089     -80.837425      83.954376       4.610131      -5.171610     -23.957575
      -1.715292      31.614759      -2.755404     -20.247492      16.349598      22.500320     -45.162952     -72.655502      21.641764     -20.128698       8.914186     -13.493161       4.760752      -9.132631     -19.556376       3.493859      -3.602730      -4.642705      -1.296807       4.913268      29.193321     105.290573       2.414181     -85.365395      -1.170808     -48.886677      79.773308      -0.052116      48.121346       0.028765     -14.134983       0.142297      -2.299554       2.452543      10.086028     -16.996786     -90.015678     -28.251057      89.977730     -94.741112       0.942797     -93.908707      51.782814     -66.334671      94.280327       0.041208     -42.159412       0.013023      48.261063      -1.919398      -1.740832      -2.405654       4.451667      28.578529     -90.002426      -1.473856      89.987038      88.427345      69.051376     179.694000      90.424789      68.283127      90.394646     -34.206203      -1.217086       9.080341     104.712418      84.920029      61.225979      -5.373848       4.390659      -3.973315      50.001362      68.935524    -164.597107     -88.803383     -47.468937      89.649582       4.564343     -14.584892      17.036001     -82.511002     -80.864616      82.728836       4.529838      -5.063816     -23.647617
      -1.879476      31.703611      -3.002200     -21.665657      16.726330      22.108946     -40.859772     -73.873703      24.159698     -19.372391       8.433129     -13.798327       4.862162      -9.413208     -20.934160       3.429321      -3.325090      -4.735354      -1.349733       5.080579      29.667780     105.240524       2.592619     -85.361282      -1.263711     -48.747509      79.822235      -0.051629      48.142078       0.028474     -14.129741       0.141690      -2.299406       2.449891      10.131751     -16.896328     -90.035042     -25.272797      89.951965     -95.762093       0.879499     -92.834541      50.689602     -64.919220      93.833443       0.036667     -40.601887      -0.023424      47.509052      -1.898426      -1.768837      -2.350522       4.288523      28.347017     -90.002441      -0.311692      89.971848      89.633324      70.899544     179.902435      90.258682      66.992943      90.181648     -31.667919      -2.075478       9.066545      94.457039      85.249924      70.766769      -5.131059       4.113011      -4.357010      50.143002      69.890617    -162.717911     -88.870422     -45.459423      89.704971       3.275825     -14.120724      15.779853     -86.798035     -81.243317      78.888306       4.394226      -4.822401     -23.247137
      -2.412105      30.211689      -4.216444     -27.642525      19.451210      23.437260     -35.412598     -76.430496      28.033728     -19.414082      10.290290     -13.452833       3.658455     -10.472678     -27.626816       3.416715      -3.584236      -2.529295      -0.878839       4.048006      24.767797     104.315369       2.426683     -90.447067       0.497032     -43.828926      82.829056      -0.056666      45.082962       0.110595     -14.406584       0.167921      -2.297455       2.356116      10.266944     -16.510727     -90.041611     -23.177729      89.912613     -95.763115      -0.750062     -97.277100      55.105404     -62.734592      97.497643       0.031343     -38.188942      -0.041276      45.818066      -1.855103      -1.831031      -2.124354       3.398517      27.634295     -89.996803       0.505913      89.982651      89.620483      72.962097     182.557190      90.711029      69.622505      90.717308     -36.273090      -3.447050       8.988785      77.829681      85.056435      86.955223      -4.983104       4.110508      -4.012822      49.412350      70.633804    -161.879303     -88.945023     -46.886890      89.678413      -0.959674     -14.411848      14.785239     -90.924469     -81.473457      74.624664       4.300753      -4.506743     -22.962879
      -2.780523      29.543348      -5.910880     -32.689819      21.092354      22.136520     -17.466785     -80.364342      44.289165     -19.738388       3.666760     -17.013945       3.711643      -2.376812     -31.669975       3.189247      -3.446373      -2.595408      -0.762630       3.791456      23.380804     103.682899       2.397175     -88.878174      -4.270641     -38.019913      81.032074       0.077068      50.190689      -0.159090     -19.409283       0.536640      -2.360912       2.285255       8.783125     -16.763870     -90.019997     -22.468506      89.941238     -95.533730      -0.773647     -96.537354      53.204735     -61.952351      93.368828       0.073163     -44.155754       0.133597      48.441341      -1.960747      -1.789148      -2.378419       4.505196      25.497530     -90.066269       4.223629      89.901154      89.963081      77.175560     183.212357      90.626068      70.694084      90.781944     -33.077240      -5.870368       8.200898      81.745346      85.342010      83.010757      -4.786584       4.255352      -4.452852      47.940121      73.109444    -159.199356     -88.945488     -45.343449      89.728477      -5.735015     -11.248426      11.153777    -101.100464     -81.718605      65.710182       4.156874      -4.266511     -22.513885
      -2.979947      29.441755      -7.933295     -32.789799      23.899132      18.751781      38.048977     -81.964233      99.150139     -20.447653       0.245520     -17.945347       3.687011       3.091768     -32.063869       2.970838      -3.148505      -3.495788      -0.658778       3.634567      21.456327     102.981262       2.386156     -88.038307      -8.570119     -32.438477      79.616203       0.233078      54.997456      -0.362773     -23.969421       0.889094      -2.363821       2.189045       8.151689     -16.707125     -90.008301     -22.160912      89.962486     -95.690910      -0.626714     -95.168602      53.999619     -61.038414      92.566017       0.163490     -49.811539       0.278511      50.898308      -2.064042      -1.731946      -2.385182       4.951828      24.171783     -90.035835       3.992210      89.939629      87.707008      80.866264     181.830261      90.682404      69.818245      90.713997     -30.394503      -6.986090       7.150802      68.705627      85.813042      95.998451      -4.663684       4.629946      -4.389199      42.948601      75.415024    -157.599121     -88.965103     -45.420322      89.709625      -5.431618      -8.474703       8.660032    -105.974052     -81.866028      62.387596       4.092166      -4.208204     -21.703199
      -3.049451      29.620186      -9.743067     -30.678812      27.540207      15.216675      66.913872     -78.262344     129.298294     -20.850054      -2.478512     -18.092667       3.869264       4.395775     -31.532070       2.760868      -2.917661      -4.183369      -0.576688       3.439662      19.685749     101.617088       1.729878     -86.734283     -11.519756     -28.227776      77.632950       0.430678      60.702679      -0.567942     -28.127951       1.166607      -2.323942       2.111665       8.038147     -16.168436     -89.996841     -21.567032      89.982956     -97.079620      -0.031841     -92.997025      54.088642     -59.733978      92.180733       0.305764     -56.388523       0.445031      53.160034      -2.161044      -1.671380      -2.352913       5.047886      23.231962     -89.991913       2.830992      89.976738      82.828125      83.246033     182.508896      90.818665      67.564095      90.583786     -28.795097      -6.138440       7.056033      55.636360      85.861748     109.413940      -4.510016       4.664526      -4.332254      36.963890      77.094460    -158.252701     -89.046303     -48.510017      89.622063      -1.629770      -7.753772       8.102015    -107.428955     -82.057205      61.698505       3.996793      -4.009310     -21.131788
      -3.042198      30.134130     -11.335495     -28.140081      30.962282      11.922848      76.710579     -75.083214     140.867920     -21.525002      -4.631407     -17.985424       3.556638       3.561505     -31.366346       2.612414      -2.573253      -4.380250      -0.518166       3.321887      18.255081     100.398895       1.390213     -86.108414     -14.812792     -22.746864      76.188271       0.692150      66.486290      -0.784068     -32.599983       1.483968      -2.267203       2.365936       6.329246     -18.042797     -89.992569     -21.007757      89.999710     -97.296165       0.241997     -90.897362      55.540192     -58.323177      92.616928       0.451638     -62.808903       0.548648      55.505116      -2.266808      -1.598165      -2.213619       5.857522      21.852032     -89.972084       1.736291      89.992424      78.000595      85.003067     184.121399      90.951263      64.034447      90.427338     -27.026497      -5.522771       6.711499      42.910419      85.386383     122.852684      -4.356526       4.555154      -4.264481      33.569565      78.223465    -160.862839     -89.212547     -51.647396      89.575157       1.684304      -6.950722       7.536552    -107.133751     -82.332077      62.226978       3.886184      -3.884271     -20.711702
      -2.986811      30.879400     -12.854479     -25.174845      33.296368       8.604980      81.168030     -73.025101     146.949600     -22.261047      -6.637654     -17.714420       3.182613       2.271431     -31.201574       2.452205      -2.382246      -4.487200      -0.466129       3.136999      16.939869      99.448006       1.438577     -85.881866     -19.567080     -15.337255      75.536819       1.039179      72.144348      -1.060445     -37.246113       1.816182      -2.195601       2.568250       3.399312     -24.758577     -89.991539     -20.486237      90.014275     -97.064056       0.090321     -89.665604      57.663017     -57.180004      92.827080       0.538761     -68.959198       0.549345      57.872147      -2.379498      -1.506784      -1.867115       7.028998      19.497715     -89.969170       0.715214      89.994141      73.575432      86.050743     185.911514      91.025421      59.609936      90.322189     -25.352364      -5.149844       6.116704      34.664581      84.586235     132.250488      -4.212785       4.404298      -4.153744      31.067825      79.194366    -163.622299     -89.462914     -54.647614      89.600510       4.708799      -6.236663       6.981432    -106.235229     -82.631432      63.174454       3.768145      -3.817369     -20.336689
      -2.850221      31.727539     -14.306303     -21.885082      34.506256       5.338963      83.121773     -71.428818     150.394379     -22.661362      -8.593851     -17.266800       3.109415       0.795716     -30.976328       2.298335      -2.248942      -4.457475      -0.420904       2.931260      15.768817      98.905296       1.617586     -85.699394     -24.033493      -8.340022      75.402786       1.419492      77.205070      -1.384582     -41.411526       2.058408      -2.090548       2.519943       2.057313     -31.636126     -89.991699     -19.999926      90.024117     -96.846062      -0.159934     -88.802414      59.884102     -56.275677      93.086205       0.592220     -74.412346       0.530927      60.010971      -2.472878      -1.408124      -1.609137       7.358594      17.343260     -89.971237      -0.236617      89.991486      70.109352      86.459839     187.250610      91.054932      54.639763      90.272728     -24.284187      -4.857381       5.433848      32.648617      84.236801     134.965591      -4.079550       4.292027      -3.978985      28.949347      80.049896    -166.203491     -89.676704     -57.473904      89.660080       7.476592      -5.611522       6.441028    -105.325905     -82.916954      63.987396       3.649096      -3.759415     -20.004826
      -2.650951      32.609509     -15.640283     -19.815855      34.898602       3.477276      83.322540     -70.832306     151.215500     -22.881596     -10.187051     -16.835541       3.132867      -1.441124     -30.768824       2.150602      -2.154087      -4.409846      -0.379970       2.717349      14.674459      98.556534       1.808314     -85.506332     -28.121777      -1.961250      75.646942       1.938715      81.718681      -1.868334     -45.153950       2.230499      -1.974750       2.429324       1.497311     -37.322517     -89.993523     -19.546494      90.029526     -96.625687      -0.415800     -88.176529      61.950848     -55.518639      93.312950       0.644024     -79.248711       0.533933      61.945614      -2.547351      -1.310734      -1.263870       5.240425      15.302844     -89.968658      -1.123735      89.986786      69.792664      86.195053     186.911270      90.934814      49.528606      90.202370     -23.833519      -4.536372       4.726273      31.259867      84.008171     136.911346      -3.950657       4.215628      -3.853623      27.957243      80.470848    -167.752029     -89.843880     -59.135349      89.768463       8.526256      -5.260005       6.043677    -105.112656     -83.320869      64.147972       3.526020      -3.720976     -19.897770
      -2.447220      33.397945     -16.579763     -20.300663      33.533928       2.522533      80.839897     -70.918350     148.252518     -22.715357     -10.784551     -16.783241       3.309132      -5.190784     -30.371929       1.984162      -2.187456      -4.724504      -0.334665       2.442216      13.428410      98.376366       1.935482     -85.157059     -31.781553       3.705926      76.235001       2.979161      85.720116      -2.893336     -48.525291       2.358300      -1.871988       1.997858       0.558195     -41.612743     -89.996017     -19.123774      90.031761     -96.311501      -0.615951     -87.647362      63.602741     -54.808956      93.360237       0.754583     -83.545410       0.601427      63.701069      -2.614575      -1.222176      -1.011604       2.208661      14.179146     -89.967888      -1.950516      89.980125      73.500969      86.872757     184.851883      90.344978      44.852871      90.031013     -23.749372      -3.983827       4.172389      31.919321      84.254280     136.732468      -3.824849       4.121848      -3.784665      21.282787      82.495049    -159.845230     -89.650650     -61.715275      89.721184       7.897605      -5.171129       5.813860    -107.576881     -83.759773      62.159687       3.408870      -3.590855     -19.781181
      -2.138761      34.088650     -17.329218     -21.197083      31.462921       2.247378      78.125893     -71.066765     145.219803     -22.388517     -11.104293     -16.631483       3.672578      -7.867216     -29.542719       1.821349      -2.279455      -4.900052      -0.292281       2.144092      12.331578      98.248085       2.012990     -84.561562     -35.167034       8.729483      77.100151      13.753212      89.293243     -13.672468     -51.568817       2.461035      -1.770138       1.310164      -0.253648     -44.847466     -89.998077     -18.729712      90.031021     -95.950180      -0.813717     -87.246063      65.117477     -54.218037      93.368652       1.347962     -87.400169       1.163589      65.290977      -2.673416      -1.143364      -0.846476      -0.379855      13.333339     -89.970001      -2.721176      89.975105      77.601082      86.795830     182.735580      89.649918      40.763920      89.873924     -23.651268      -3.428125       3.717794      33.397881      84.612579     135.687439      -3.695903       3.980298      -3.731777       8.868387      84.542976    -143.942947     -89.472702     -64.570412      89.648911       7.272925      -5.069156       5.590611    -109.267403     -84.182220      60.966007       3.303308      -3.463473     -19.585873
      -1.737022      34.656662     -18.010910     -21.480661      29.161213       1.463456      76.389359     -70.646500     143.879822     -21.907419     -11.588087     -16.226194       4.269501      -9.284636     -28.715624       1.691567      -2.267632      -4.792055      -0.260806       1.922746      11.463878      98.095406       2.086105     -84.059258     -38.422638      13.235519      78.060448     177.174805      87.440636    -177.111801     -54.315800       2.544806      -1.663820       0.796374      -0.567724     -47.334724     -89.999306     -18.362408      90.028038     -95.587273      -1.014359     -86.872070      66.667450     -53.709076      93.517906     177.021500     -89.116615     176.820404      66.732521      -2.723522      -1.071284      -0.727759      -2.608181      12.771173     -89.973473      -3.439607      89.971977      79.790962      86.532089     181.903793      89.120483      37.079071      89.780319     -23.563000      -2.928593       3.324419      34.620007      84.910690     134.899750      -3.572468       3.857883      -3.668101     -18.092911      86.014793    -112.582802     -89.415512     -67.136169      89.600388       6.657042      -4.955808       5.373594    -110.037590     -84.607285      60.841091       3.203634      -3.359996     -19.310776
      -1.271285      35.097443     -18.641287     -21.450356      26.722527       0.280643      75.422073     -69.853386     143.700638     -21.340534     -12.144319     -15.722157       4.999942     -10.125957     -27.913620       1.588257      -2.166743      -4.539861      -0.237221       1.770250      10.737139      97.898674       2.163959     -83.739578     -41.563282      17.284792      79.039627     179.021896      84.508286    -178.981354     -56.795105       2.612154      -1.557976       0.621981      -0.638970     -49.186310     -90.000076     -18.020039      90.023811     -95.232033      -1.199005     -86.513481      68.194405     -53.254349      93.779343     179.517456     -85.970505     179.311340      68.041023      -2.765771      -1.004107      -0.634290      -4.470600      12.405393     -89.978065      -4.109300      89.971581      80.587502      86.302681     181.954758      88.930450      33.725143      89.778374     -23.529434      -2.534563       2.944691      35.474625      85.146568     134.461487      -3.455024       3.745052      -3.597559     -55.171524      85.895668     -70.460312     -89.485756     -69.488274      89.632729       6.056221      -4.839325       5.167963    -109.973808     -85.032379      61.661991       3.104791      -3.286367     -18.975630
      -0.768544      35.433369     -19.208670     -21.413773      23.900980      -1.040856      74.535469     -68.921494     143.648270     -20.704401     -12.680943     -15.213530       5.827021     -10.642994     -27.037045       1.494597      -2.054469      -4.285002      -0.216522       1.639556      10.065171      97.694565       2.240289     -83.531929     -44.563602      20.904940      80.028618     179.523178      81.856903    -179.506210     -59.035149       2.666447      -1.456774       0.651350      -0.863492     -50.350601     -90.000580     -17.700930      90.019096     -94.889999      -1.361954     -86.183586      69.599953     -52.847652      94.051025     179.802200     -83.130745     179.598724      69.228821      -2.801798      -0.942285      -0.557800      -6.012113      12.170532     -89.983032      -4.733537      89.972603      80.621109      86.293938     182.316742      88.903923      30.634676      89.810402     -23.555969      -2.214239       2.592370      35.628704      85.297501     134.694672      -3.343122       3.668151      -3.527231     -77.713524      84.457184     -41.890129     -89.590607     -71.170212      89.724052       5.507799      -4.728611       4.975493    -110.119041     -85.412300      62.221016       3.004542      -3.222509     -18.625517
      -0.235909      35.674351     -19.695408     -21.381927      20.717943      -2.464143      73.735626     -67.921761     143.756332     -20.046108     -13.161757     -14.732123       6.687937     -10.902164     -26.168459       1.406263      -1.949849      -4.047956      -0.197836       1.518127       9.432768      97.490532       2.313412     -83.391350     -47.426060      24.139376      81.030846     179.746613      79.455498    -179.751846     -61.061604       2.710872      -1.361339       0.751763      -1.372357     -50.763622     -90.000885     -17.403490      90.014336     -94.570633      -1.502382     -85.876945      70.883011     -52.486328      94.320923     179.908020     -80.565224     179.712677      70.307213      -2.832774      -0.885692      -0.492777      -7.283907      12.027107     -89.987770      -5.315391      89.974586      80.458893      86.524155     182.494965      88.929665      27.825218      89.843590     -23.596346      -1.918944       2.282025      35.884689      85.454781     134.793503      -3.234541       3.594832      -3.462931     -86.477219      82.827843     -25.868330     -89.678413     -71.401421      89.790680       5.026213      -4.616761       4.788294    -110.522781     -85.745842      62.517563       2.907663      -3.151314     -18.267498
       0.308289      35.782738     -20.120426     -20.979692      17.549488      -4.090823      73.225777     -66.847076     144.351227     -19.397263     -13.600925     -13.913033       7.512703     -11.008958     -25.256924       1.321974      -1.856932      -3.827698      -0.180952       1.402229       8.836429      97.269630       2.375971     -83.286812     -50.147675      27.018766      82.049500     179.865067      77.275238    -179.890640     -62.897217       2.748331      -1.271877       0.793780      -2.038840     -50.475609     -90.000885     -17.126276      90.009964     -94.277184      -1.624183     -85.598236      72.063820     -52.166496      94.596970     179.958511     -78.244469     179.773743      71.286774      -2.859764      -0.834264      -0.435628      -8.331390      11.946124     -89.991898      -5.857729      89.976997      79.825310      86.961815     182.556717      89.045654      25.241522      89.883942     -23.660492      -1.651773       2.004719      36.075039      85.601624     134.912064      -3.129445       3.533212      -3.408885     -88.795258      81.678848     -15.929287     -89.754646     -70.285652      89.798355       4.597890      -4.503218       4.605120    -111.041954     -86.041534      62.769424       2.815458      -3.074433     -17.880005
       0.850023      35.761406     -20.474754     -20.303183      14.532054      -5.756828      72.837120     -65.848061     145.260620     -18.816458     -14.052073     -12.880813       8.273217     -11.050977     -24.208904       1.241471      -1.775942      -3.613879      -0.165748       1.290791       8.280231      97.037315       2.434582     -83.208519     -52.740189      29.582615      83.072906     179.931808      75.292671    -179.975433     -64.561615       2.781012      -1.188278       0.747896      -2.621367     -49.702946     -90.000580     -16.867899      90.006210     -94.023888      -1.734680     -85.344513      73.162590     -51.886547      94.880646     179.983887     -76.143417     179.810516      72.176537      -2.883282      -0.787788      -0.384718      -9.194709      11.905787     -89.995331      -6.363254      89.979454      79.075592      87.531410     182.366180      89.194160      22.862860      89.920128     -23.737635      -1.410427       1.755126      36.244877      85.742882     135.019806      -3.027623       3.477539      -3.363824     -87.965248      81.264679      -8.531706     -89.831230     -66.789322      89.750908       4.184234      -4.395156       4.430264    -111.693153     -86.301712      62.954044       2.726429      -2.995002     -17.461515
       1.369954      35.641373     -20.765270     -19.617367      11.785954      -7.271955      72.614388     -65.011803     146.279266     -18.347555     -14.548689     -11.762547       8.956988     -11.072721     -22.926830       1.165011      -1.704107      -3.393535      -0.152204       1.184850       7.770337      96.801140       2.494786     -83.148933     -55.209213      31.866537      84.086647     179.970291      73.488365    -180.029144     -66.071388       2.809592      -1.110465       0.714056      -3.016717     -48.673210     -90.000107     -16.627064      90.003082     -93.823593      -1.839001     -85.106133      74.192375     -51.643623      95.171577     179.995422     -74.239998     179.833649      72.984604      -2.903538      -0.745873      -0.339559      -9.904157      11.887880     -89.998055      -6.834473      89.981857      78.278908      88.137901     182.188065      89.343750      20.690186      89.948387     -23.804293      -1.196019       1.525912      36.323093      85.870300     135.219147      -2.929650       3.427101      -3.320727     -85.177017      81.676132      -2.654019     -89.848557     -60.736980      89.672119       4.026059      -4.295258       4.270110    -110.175598     -86.287575      60.223904       2.714501      -3.096162     -18.330811
       1.837484      35.499912     -20.992575     -19.808807       9.357687      -8.388371      72.436790     -64.578697     146.754761     -18.097790     -15.276834     -11.187321       9.562218     -11.181539     -21.377859       1.090423      -1.650849      -3.151239      -0.140356       1.078382       7.314655      96.476509       2.558844     -83.093506     -57.287525      33.764717      84.816826     180.000198      71.951385    -180.078598     -67.442619       2.832970      -1.046355       0.668765      -3.312570     -47.179047     -89.999825     -16.402552      90.000443     -93.673477      -1.950153     -84.864090      75.504601     -51.460262      95.771790     180.003815     -72.406708     179.854431      73.717903      -2.921955      -0.702186      -0.306246     -10.475724      11.828282     -90.000046      -7.273689      89.984306      78.187881      88.743690     182.070862      89.457375      18.787354      89.964981     -23.838795      -1.003190       1.316697      36.401031      85.992142     135.437241      -2.835659       3.374246      -3.269398     -81.176323      82.732719       2.185941     -89.783966     -52.372902      89.610573       4.076077      -4.213763       4.137620    -106.267899     -86.276047      54.804989       2.654561      -3.178650     -19.410873
       2.291725      35.541328     -21.094835     -20.547327       7.101189      -9.337921      72.521523     -64.182091     147.637894     -18.097261     -16.239538     -11.054742       9.913881     -11.200124     -20.407953       1.025390      -1.571728      -2.904845      -0.130577       0.998272       6.904070      96.012375       2.588250     -83.030426     -58.913570      35.356239      85.208801     180.025772      70.608543    -180.119781     -68.686279       2.851147      -0.989871       0.620167      -3.626818     -45.853279     -89.999550     -16.193207      89.998360     -93.596062      -2.046253     -84.538078      76.956940     -51.298397      96.582832     180.008087     -70.679680     179.873077      74.383141      -2.936617      -0.660683      -0.273117     -10.954164      11.818051     -90.001602      -7.683204      89.986755      79.476768      89.420410     181.247223      89.558037      17.071756      89.978958     -23.806833      -0.823806       1.133477      36.644253      86.122322     135.586609      -2.744924       3.315083      -3.201342     -75.794945      84.309570       5.253617     -89.504196     -42.987415      89.507797       4.665588      -4.193440       4.068110     -82.017082     -86.951691      79.786652       2.561892      -3.255979     -20.743752
       2.726605      35.698856     -21.119343     -21.316912       4.837328     -10.268284      72.752022     -63.772083     148.919632     -18.211525     -17.304071     -10.950777      10.065582     -11.264079     -20.051611       0.964342      -1.494665      -2.688770      -0.122081       0.925592       6.509274      95.499817       2.587132     -82.946594     -60.342045      36.749107      85.555695     180.047714      69.385689    -180.151337     -69.816177       2.867336      -0.938022       0.536539      -3.911931     -44.859711     -89.999252     -15.997963      89.997009     -93.519112      -2.112490     -84.210075      78.233475     -51.135876      97.314224     180.009430     -69.110023     179.888153      74.988564      -2.947962      -0.624441      -0.251821     -11.347885      11.702147     -90.003067      -8.065006      89.988968     246.726044      89.851540      14.451478      89.655907      15.565325      89.992844     -23.777002      -0.655237       0.974888      37.110630      86.266632     135.499268      -2.657338       3.248482      -3.122777     -69.752068      85.831299       6.826968     -89.165314     -32.703186      89.436073       4.925439      -4.111093       3.936293     -73.378922     -86.665916      89.453773       2.447787      -3.394136     -21.092335
       3.117916      35.900291     -21.142834     -21.952803       2.877546     -11.100772      73.105354     -63.485931     150.322266     -18.420092     -18.470867     -10.782246      10.122207     -11.465778     -19.726440       0.904540      -1.433494      -2.497854      -0.114551       0.850106       6.129419      94.950371       2.568752     -82.854416     -61.633488      37.978619      85.888000     180.063751      68.261673    -180.173386     -70.842773       2.883138      -0.889514       0.456377      -4.105276     -44.129726     -89.998978     -15.815914      89.996101     -93.402473      -2.172287     -83.932693      79.352943     -50.981609      97.938164     180.009048     -67.687500     179.897858      75.539711      -2.957747      -0.592979      -0.243643     -11.678640      11.470307     -90.004417      -8.420931      89.990662     256.769501      89.203377       4.623885      89.777367      14.211862      90.009972     -23.766003      -0.510893       0.824723      37.237244      86.378693     135.707397      -2.573466       3.197081      -3.047981     -63.162872      87.049492       6.114446     -89.010689     -22.761747      89.473869       4.910511      -3.996518       3.760994     -64.272560     -85.471504      99.380737       2.371586      -3.412073     -21.201721
       3.448971      36.061283     -21.156921     -22.363684       1.261323     -11.688581      73.571823     -63.329765     151.677643     -18.527630     -19.098776      -9.931704      10.081118     -12.338243     -19.477194       0.843751      -1.402511      -2.330151      -0.107427       0.762767       5.763953      94.387489       2.543370     -82.769272     -62.828941      39.077244      86.218727     180.073532      67.220612    -180.186798     -71.775513       2.898885      -0.843450       0.418984      -4.148150     -43.623501     -89.998764     -15.646162      89.995491     -93.243172      -2.234569     -83.715881      80.313110     -50.835987      98.437485     180.006500     -66.408333     179.901306      76.041489      -2.966753      -0.566313      -0.227281     -11.942969      11.373642     -90.005585      -8.752687      89.991798     257.526520      88.733131       3.787381      89.862473      12.966060      90.019119     -23.801615      -0.386680       0.681695      37.163349      86.474747     136.028091      -2.491912       3.152582      -2.992738     -54.030289      88.096466       2.148608     -88.996078     -13.388503      89.549492       4.679966      -3.889877       3.600290     -55.456036     -84.561539     109.058853       2.320318      -3.399893     -21.071724
       3.598233      36.077484     -21.354185     -20.742855       1.925231     -13.220542      74.690628     -63.200962     154.517044     -18.797482     -20.316105      -7.963970       9.893173     -14.007182     -18.370300       0.781400      -1.402179      -2.162264      -0.101103       0.662830       5.424441      93.774727       2.508279     -82.710213     -63.957653      40.073780      86.556511     180.077316      66.244164    -180.191925     -72.622215       2.914564      -0.799163       0.474809      -3.962848     -43.333866     -89.998581     -15.487903      89.995102     -93.087639      -2.303053     -83.548172      81.160484     -50.698448      98.858238     180.002396     -65.263977     179.899887      76.498283      -2.975038      -0.543397      -0.197390     -12.147999      11.438143     -90.006531      -9.061971      89.992348     259.410797      87.540939       0.267283      90.273994      11.698178      90.080055     -23.834284      -0.317769       0.516875      35.033764      86.389198     138.436447      -2.420303       3.207954      -2.929679     -67.379929      86.224846      16.402372     -88.645767      -8.537233      89.597420       4.367648      -3.874531       3.506422     -72.656525     -85.372337      91.612755       2.249915      -3.300966     -20.766649
       3.694987      36.055241     -21.626947     -19.071775       3.229355     -14.117735      75.841721     -63.347198     157.043137     -19.075905     -21.005232      -5.999318       9.810803     -15.915849     -16.526424       0.721285      -1.416675      -1.953928      -0.094920       0.559336       5.137938      93.216499       2.473600     -82.624382     -65.036293      40.983635      86.911972     180.077576      65.332039    -180.190735     -73.390236       2.928758      -0.757248       0.655238      -3.546968     -43.036980     -89.998505     -15.340380      89.994980     -92.935608      -2.375949     -83.402557      81.866173     -50.580929      99.161186     179.995834     -64.239548     179.894608      76.912941      -2.982161      -0.523781      -0.178383     -12.313091      11.422364     -90.007118      -9.350320      89.992485     257.956085      87.080544       0.190495      90.365784      10.530738      90.081779     -23.874557      -0.220258       0.397666      34.500816      86.450111     139.229401      -2.343529       3.188773      -2.875349     -72.145981      84.426781      20.243032     -88.723747      -6.697847      89.687019       4.144148      -3.840143       3.395740     -93.494522     -85.112984      71.148300       2.171976      -3.186802     -20.510719
       3.746629      36.040966     -21.891516     -17.379948       4.467386     -14.782777      76.694862     -63.580112     159.492218     -19.330389     -21.270451      -4.273930       9.830050     -17.975473     -14.641068       0.665760      -1.427395      -1.741419      -0.088967       0.464431       4.880175      92.722862       2.436668     -82.537369     -66.063156      41.817657      87.283653     180.077164      64.482399    -180.186661     -74.088264       2.941007      -0.718277       0.854008      -3.069118     -42.690781     -89.998634     -15.202861      89.994995     -92.785583      -2.434694     -83.243706      82.425560     -50.466503      99.371170     179.988068     -63.325035     179.888046      77.289345      -2.988284      -0.506954      -0.173561     -12.454510      11.298001     -90.007401      -9.619132      89.992455     256.236633      86.860062       0.499039      90.335678       9.460052      90.066643     -23.907019      -0.117120       0.301316      34.783249      86.581787     139.210602      -2.267091       3.128378      -2.823830     -74.619865      82.956223      21.008047     -88.773148      -6.165497      89.732948       4.013107      -3.819760       3.295862    -104.613945     -84.474510      60.804455       2.106941      -3.090100     -20.186432
       3.759674      36.047699     -22.120401     -15.524680       5.452134     -15.399459      76.926552     -64.038284     161.947327     -19.591148     -21.251064      -2.929821       9.911654     -20.475140     -12.797965       0.614044      -1.433171      -1.596271      -0.098157       0.421082       4.708520      92.223335       2.449630     -82.736191     -66.701958      42.359848      87.414139     180.079575      63.905750    -180.178436     -74.478630       2.938086      -0.691372       0.910090      -2.656049     -41.942581     -89.999321     -15.121904      89.994865     -92.752869      -2.491113     -82.867874      82.839729     -50.295933      99.615372     179.974319     -62.700974     179.879837      77.500389      -2.988169      -0.501759      -0.163758     -11.974071      11.006804     -90.006760      -9.777419      89.992485     254.679291      86.666908       0.657094      90.293663       8.470813      90.054276     -23.933844      -0.018274       0.219881      35.389225      86.690437     138.809311      -2.218788       3.055955      -2.763677     -76.334732      81.736488      20.559896     -88.799927      -6.193103      89.757195       3.910903      -3.819049       3.213585    -109.393219     -84.065697      56.662704       2.073772      -3.009804     -19.884640
       3.737312      36.068260     -22.308710     -13.466673       6.545046     -15.818853      76.267868     -65.066544     164.504883     -20.096653     -21.282953      -3.290047      10.310976     -22.235132      -9.204754       0.428878      -2.656944      -1.849643      -0.079537       0.076699       4.535045      91.475281       2.250587     -82.369278     -66.289993      42.430813      86.905655     180.083405      63.614120    -180.169189     -74.560638       2.924147      -0.679604       0.890089      -2.411138     -40.639854     -90.000053     -15.091666      89.994629     -93.116623      -2.334355     -82.613976      83.102806     -50.299316     100.082367     179.952301     -62.667034     179.872269      77.520493      -2.980439      -0.508528      -0.294175     -10.624983      10.620350     -90.005661      -9.836604      89.993011     253.822021      86.698639       0.213727      90.270058       7.574894      90.046944     -23.972422       0.057160       0.131379      35.451233      86.702835     138.841354      -2.204295       3.020056      -2.719705     -77.725548      80.672951      19.519718     -88.813499      -6.379426      89.770836       3.801563      -3.835125       3.146204    -112.202171     -83.885979      54.295818       2.073799      -2.909240     -19.634546
       3.653857      36.073032     -22.537790     -11.345415       8.009151     -15.939135      77.685387     -65.777435     166.839722     -20.141609     -21.282375      -1.700054      10.592127     -21.840521      -5.142708      -0.176072      -6.752013      -2.138220      -0.013697      -0.884901       4.226134      91.644203       1.958598     -82.588242     -64.374420      41.251869      86.260689     180.079132      63.170834    -180.159073     -74.573448       2.914176      -0.673413       1.276435      -1.276908     -39.100544     -90.000496     -15.061943      89.994583     -93.105476      -1.960039     -82.795441      83.653564     -50.667458     100.846397     179.935394     -62.822987     179.868301      77.524994      -2.973913      -0.513985      -0.540442      -8.747495       9.818986     -90.004837      -9.894741      89.993515     253.364746      87.012451      -0.507957      90.235420       6.777921      90.037956     -23.999620       0.110709       0.036333      34.793747      86.656654     139.596863      -2.192872       3.029604      -2.673662     -78.952019      79.760826      18.126125     -88.820412      -6.656233      89.778610       3.748906      -3.882565       3.101146    -113.372368     -83.812187      53.345028       2.080457      -2.247860     -19.392733
       3.488006      36.096943     -22.750605      -9.163065       9.318084     -16.007309      80.331116     -66.695930     170.353760     -20.171850     -21.046349      -0.192473      10.720518     -20.979269      -1.963176      -1.038067     -12.451167      -1.613290       0.027380      -1.893191       4.320823      91.601051       1.667608     -82.832382     -62.815166      40.399487      85.702148     180.075592      62.837460    -180.151321     -74.617294       2.908702      -0.667863       1.608354       0.047116     -37.840633     -90.000938     -15.032722      89.994499     -93.073738      -1.669821     -82.807549      84.584572     -51.047421     101.837082     179.925781     -62.979393     179.866577      77.524132      -2.969636      -0.517781      -0.822171      -6.315966       8.795837     -90.004181      -9.951909      89.993866     252.366364      87.183540      -0.614547      90.171043       6.046113      90.025589     -24.018564       0.167995      -0.041635      34.657410      86.652039     139.852188      -2.180082       3.002649      -2.620976     -80.106934      78.982735      16.621925     -88.824242      -6.841579      89.784409       3.723446      -3.942600       3.064610    -114.938454     -83.704361      52.033264       2.123948      -0.658617     -19.141249
       3.241065      36.143742     -22.941406      -7.026949      10.378188     -15.984748      84.022438     -67.849174     175.059845     -20.276937     -20.662148       1.108711      10.598226     -20.103247       0.031943      -1.922168     -19.141359      -0.470365       0.076900      -2.895952       4.882509      91.422890       1.456877     -83.071442     -61.666424      39.870388      85.157990     180.073288      62.567730    -180.145874     -74.664749       2.905365      -0.663435       1.849595       1.154977     -36.770287     -90.001282     -15.003959      89.994324     -93.018776      -1.455926     -82.612167      85.691299     -51.370575     102.901459     179.920731     -63.031887     179.865280      77.516335      -2.966873      -0.520112      -1.072701      -3.759270       8.084474     -90.003609     -10.008094      89.994133     251.113541      87.189491      -0.340237      90.106323       5.387943      90.015152     -24.029209       0.229149      -0.102355      34.979893      86.684837     139.663315      -2.166038       2.944931      -2.560999     -81.178360      78.397171      15.063231     -88.827477      -7.034131      89.788490       3.682878      -3.997764       3.028724    -115.509438     -83.727081      51.534252       2.165517       0.931788     -18.909349
       2.916156      36.206165     -23.125189      -4.909763      11.223283     -15.888571      88.565651     -69.122955     180.712341     -20.450802     -20.200891       2.230939      10.332999     -19.371353       1.332731      -2.730658     -26.444424       0.906604       0.140081      -3.883788       5.679624      91.149643       1.275380     -83.321465     -60.711945      39.523170      84.587494     180.072174      62.340565    -180.142258     -74.712204       2.903363      -0.659837       2.011726       1.983638     -35.813328     -90.001541     -14.975690      89.994125     -93.125412      -1.279475     -82.626648      86.556320     -51.487579     103.872032     179.917770     -62.976429     179.863754      77.494286      -2.964772      -0.521944      -1.299914      -1.722240       7.882372     -90.003036     -10.063380      89.994370     249.915344      87.042656      -0.048884      90.060776       4.794681      90.009247     -24.031261       0.289525      -0.151127      35.520184      86.733429     139.274185      -2.151924       2.877228      -2.490786     -82.209084      77.949493      13.429314     -88.829948      -7.261907      89.791130       3.627339      -4.048566       2.993909    -116.125908     -83.836502      50.926334       2.195688       2.381152     -18.685678
       2.519306      36.277466     -23.320721      -2.810622      11.940049     -15.729110      94.203667     -70.344643     187.405807     -20.688784     -19.726091       3.166132       9.970584     -18.754080       2.316333      -3.407148     -34.136208       2.362084       0.221739      -4.857093       6.546027      90.885696       1.093455     -83.555130     -59.858986      39.286472      84.026627     180.072037      62.145412    -180.139984     -74.761642       2.902299      -0.656644       2.101871       2.544540     -34.931244     -90.001717     -14.947878      89.993942     -93.195152      -1.076501     -82.652969      87.247910     -51.575485     104.719566     179.915405     -62.882832     179.862183      77.484772      -2.963909      -0.522802      -1.450826      -0.267544       7.947469     -90.002487     -10.117752      89.994499     248.905182      86.788727       0.116351      90.035500       4.259069      90.007278     -24.025530       0.347023      -0.191022      36.148228      86.786850     138.815582      -2.137916       2.810531      -2.409597     -83.231949      77.592400      11.725526     -88.831902      -7.532486      89.792770       3.561988      -4.097468       2.961498    -117.028984     -84.013100      50.002449       2.217322       3.716478     -18.463717
       2.058596      36.350643     -23.541222      -0.739544      12.618315     -15.508613     101.944107     -71.249313     196.051590     -20.939268     -19.349119       3.843567       9.542686     -18.226896       3.163363      -3.868711     -38.246132       2.746992       0.685433     -11.287205       8.694943      90.879417       0.912466     -83.662697     -59.104374      39.197407      83.474754     180.074463      62.034874    -180.139450     -74.817902       2.901886      -0.653624       2.112223       2.781667     -34.195545     -90.001869     -14.920525      89.993752     -93.049316      -0.847647     -82.747116      87.481369     -51.540592     105.213852     179.913483     -62.728745     179.860199      77.482933      -2.963979      -0.523000      -1.550775       0.710376       8.218454     -90.002014     -10.171215      89.994553     248.120972      86.486076       0.129993      90.026428       3.775895      90.007988     -24.015574       0.400378      -0.224570      36.790211      86.839531     138.354965      -2.123979       2.749043      -2.320113     -84.257942      77.301880       9.926327     -88.833633      -7.899261      89.793320       3.500021      -4.148246       2.932409    -118.314178     -84.202629      48.707466       2.201046       4.897388     -18.219599
       1.533939      36.421467     -23.795456       1.280201      13.248383     -15.227956     111.989594     -71.459389     206.794281     -21.192537     -19.065107       4.311001       9.100679     -17.811621       3.794405      -3.911891     -38.073212       2.834787       1.909694     -23.866385      11.065091      91.143250       0.744207     -83.578728     -58.488056      39.185066      83.041107     180.076599      61.947990    -180.139282     -74.876854       2.901989      -0.650638       2.056268       2.671049     -33.558369     -90.001968     -14.893632      89.993561     -92.644608      -0.584181     -82.941833      87.304306     -51.475876     105.355667     179.912430     -62.551235     179.859116      77.477882      -2.964067      -0.523215      -1.642975       1.317199       8.631177     -90.001648     -10.223792      89.994576     247.404938      86.138252       0.143781      90.017662       3.342222      90.008423     -24.000486       0.451345      -0.251649      37.555683      86.899094     137.782730      -2.109813       2.684421      -2.224132     -85.260689      77.074173       8.026206     -88.834930      -8.343809      89.793381       3.458748      -4.209943       2.909566    -120.676872     -84.276054      46.490780       2.001482       5.489308     -17.777952
       1.043422      36.510979     -23.976088       1.737830      13.050826     -13.911126     121.356300     -71.734535     215.997223     -21.703379     -18.762600       4.597593       8.430688     -17.451191       4.310136      -5.867400     -40.714169      -1.896890       3.721951     -29.146784      15.747993      92.011383       0.585321     -83.599602     -57.445564      39.050037      82.315414     180.081360      61.987701    -180.140442     -74.944275       2.902675      -0.647759       1.953053       2.383887     -33.153568     -90.002029     -14.867186      89.993408     -92.439697      -0.282878     -83.082390      85.850479     -51.288818     104.451263     179.912109     -62.392021     179.858017      77.481522      -2.964875      -0.523209      -1.703074       1.583527       9.048175     -90.001358     -10.275471      89.994621     245.977127      85.963631       2.173597      89.821732       3.057600      89.975769     -24.408747       0.552691      -0.216709      40.998192      87.134651     134.600372      -2.081179       2.468940      -2.069574     -85.636024      77.889038       7.464850     -88.836357      -8.184983      89.793243       1.916327      -4.330884       2.760854    -109.726639     -84.954910      55.953354       1.625467       5.704955     -17.026863
       0.737848      36.638172     -23.932337       0.654353      10.671554     -11.522406     126.569305     -72.857506     221.174744     -22.310091     -18.374275       4.908701       7.667126     -17.544004       4.071362      -8.200738     -42.174210      -6.792980       3.690505     -28.677294      16.534586      92.912926       0.488049     -84.005409     -56.749962      39.180065      81.767258     180.087250      62.195709    -180.141052     -75.016663       2.903491      -0.645227       1.734689       1.544854     -33.368496     -90.002014     -14.841149      89.993233     -92.498962      -0.012931     -83.107277      83.292351     -50.754868     102.756706     179.913391     -62.197300     179.857742      77.483757      -2.966098      -0.523133      -1.732969       1.045928       9.576381     -90.001228     -10.326301      89.994606     245.815933      85.807373       4.057765      89.614845       2.910410      89.942162     -25.240835       0.669181      -0.148380      47.297310      87.463455     128.422897      -2.042198       2.118095      -1.992300     -84.810211      80.159172       7.985215     -88.915367      -7.426988      89.804993      -1.007024      -4.289564       2.453180     -77.981209     -85.597450      86.314903       1.457507       5.749756     -16.871038
       0.486046      36.805096     -23.786587      -0.304708       7.756314      -9.300215     130.239090     -73.879333     225.449814     -22.477879     -17.989298       5.318618       7.349046     -17.682978       3.637872      -8.682508     -42.247658      -7.856655       3.434386     -28.596088      15.991478      92.668549       0.313461     -84.369377     -56.425072      39.420013      81.394821     180.087753      62.215946    -180.141205     -75.093170       2.905099      -0.641663       1.475918       0.647113     -33.299713     -90.001938     -14.815546      89.993111     -92.985550       0.286717     -82.969414      81.482620     -50.319118     101.798492     179.914429     -62.078987     179.858490      77.495476      -2.966808      -0.522777      -1.734743       0.514538      10.012162     -90.001213     -10.376286      89.994606     247.153732      85.652657       4.403477      89.610107       2.784394      89.943687     -26.003792       0.721515      -0.134115      50.110012      87.583496     125.685997      -2.017688       1.966773      -1.954819     -83.967377      82.467316       8.472420     -89.404335      -6.816185      89.895859      -3.873526      -3.967510       2.120634     -58.394073     -85.590973     106.207237       1.469020       5.107210     -17.173666
       0.247836      36.995968     -23.576246      -1.101388       5.018906      -7.396575     132.400223     -74.420227     228.690689     -22.573374     -17.621887       5.742258       7.080426     -17.501549       3.211653      -8.739158     -42.167240      -8.024053       3.320063     -28.513357      15.695110      92.117928       0.146671     -84.652657     -56.046902      39.571690      80.928078     180.087250      62.175991    -180.141815     -75.163086       2.906939      -0.638298       1.277048      -0.015608     -32.951950     -90.001808     -14.790382      89.993088     -93.510490       0.582864     -82.836052      80.168297     -49.909653     101.301186     179.915039     -62.004391     179.859100      77.512405      -2.967360      -0.522220      -1.724716       0.173655      10.251573     -90.001259     -10.425432      89.994667     248.906799      85.555550       4.288268      89.688560       2.684004      89.958710     -26.698938       0.740949      -0.149107      50.087040      87.592850     125.771362      -2.000945       1.949914      -1.915287     -83.533821      84.485893       9.244428     -90.022263      -6.303939      90.010880      -6.856784      -3.542049       1.778520     -53.106667     -85.844070     111.807114       1.491046       3.678938     -17.970898
       0.009416      37.184059     -23.329584      -1.797316       2.568826      -5.806221     133.130203     -74.491440     230.750259     -22.689571     -17.290762       6.122012       6.795721     -17.072344       2.885104      -8.649545     -41.999973      -7.855381       3.255378     -28.335539      15.564295      91.539307       0.030239     -84.951088     -55.677246      39.661465      80.443520     180.086838      62.140728    -180.142395     -75.224648       2.908722      -0.635453       1.150018      -0.437677     -32.552055     -90.001671     -14.765643      89.993149     -93.938843       0.830202     -82.744919      79.187714     -49.515526     101.036827     179.915482     -61.946804     179.859360      77.533409      -2.968015      -0.521430      -1.709591      -0.100329      10.339133     -90.001358     -10.473742      89.994713     250.570679      85.485832       4.154749      89.777557       2.605422      89.974678     -27.332451       0.750976      -0.172305      49.185581      87.570015     126.722054      -1.986584       1.975153      -1.874218     -83.510910      86.209885      10.330904     -90.571884      -5.864562      90.112679      -9.834773      -3.145291       1.480485     -49.157864     -86.202904     115.945686       1.466787       2.227404     -19.077765
      -0.241710      37.331364     -23.122698      -2.926781       0.324448      -4.418150     134.282745     -74.426285     232.000351     -22.772463     -17.023325       6.463099       6.804929     -17.243900       3.493487      -8.449713     -41.561115      -7.516272       3.174076     -27.905140      15.479292      90.933937      -0.042466     -85.485191     -55.378319      39.746956      80.024849     180.086807      62.116528    -180.143021     -75.291191       2.910738      -0.632432       1.035154      -0.704867     -32.218235     -90.001564     -14.741316      89.993210     -94.231461       1.061680     -82.700531      78.463455     -49.049442     101.032127     179.916092     -61.895470     179.859650      77.547379      -2.968459      -0.520948      -1.702499      -0.411080      10.311435     -90.001495     -10.521247      89.994774     251.308365      85.765549       4.849112      89.553978       2.503336      89.931770     -28.038565       0.847997      -0.196712      51.984730      87.673317     123.937401      -1.967157       1.957735      -1.807148     -83.898659      87.644585      12.132803     -90.914764      -5.551945      90.175186     -12.743215      -2.815941       1.203159     -59.744171     -86.905960     105.067924       1.277371       0.323645     -20.167969
      -0.513992      37.451614     -22.932695      -4.101920      -2.022214      -3.321769     134.765320     -74.200066     232.472214     -22.856768     -16.988089       6.510205       6.818112     -17.253271       4.149677      -8.168601     -41.258839      -6.955203       3.124736     -27.444061      15.444408      90.413757      -0.022671     -85.878685     -55.216564      39.895569      79.565620     180.086517      62.073517    -180.143723     -75.351173       2.912557      -0.629608       0.962839      -0.859320     -31.835747     -90.001465     -14.717404      89.993279     -94.328308       1.229628     -82.708260      78.103920     -48.740200     101.154045     179.916626     -61.846531     179.860107      77.561523      -2.968769      -0.520363      -1.694088      -0.665058      10.233548     -90.001656     -10.567951      89.994835     251.989990      86.008186       5.397477      89.487663       2.478136      89.919273     -28.507204       0.881512      -0.199148      54.500942      87.758026     121.454544      -1.946759       1.848824      -1.787674     -85.393105      88.869553      15.060697     -91.065559      -5.271988      90.202690     -15.362616      -2.656471       1.014815     -71.784927     -87.406235      92.968201       1.010162      -1.623530     -21.456194
      -0.810027      37.537418     -22.759966      -5.343869      -4.582050      -2.374541     134.760590     -73.873711     232.375824     -22.930080     -17.096600       6.369198       6.763768     -16.985453       4.546742      -7.918313     -41.230774      -6.313360       3.126571     -27.161249      15.512876      90.018044       0.045933     -86.123055     -55.163055      40.053017      79.152359     180.086044      62.015686    -180.144257     -75.398537       2.913968      -0.627302       0.954893      -0.883733     -31.345692     -90.001373     -14.693909      89.993347     -94.267815       1.348463     -82.752846      77.955925     -48.568027     101.277702     179.917526     -61.779865     179.861115      77.569427      -2.968766      -0.519985      -1.700942      -0.733907      10.198655     -90.001785     -10.613869      89.994926     252.822952      86.124969       5.571274      89.515182       2.428278      89.924446     -28.973604       0.886915      -0.213510      55.201744      87.786171     120.795639      -1.930323       1.793915      -1.740894    -241.760529      89.862328     172.907516     -91.175102      -5.046489      90.223328     -17.765762      -2.562382       0.876829     -73.327164     -87.771927      91.482780       0.664558      -3.316805     -22.990713
      -1.126184      37.540936     -22.736563      -5.789689      -7.456415      -1.396957     134.674088     -73.517906     232.265060     -22.835287     -17.362286       6.150732       6.771801     -16.787483       4.910340      -7.623070     -41.682446      -5.390401       3.165254     -27.003723      15.605462      89.677544       0.168208     -86.213547     -55.352863      40.264351      78.909950     180.085541      61.913090    -180.145432     -75.445320       2.915402      -0.624832       0.976505      -0.773892     -30.742395     -90.001320     -14.670800      89.993423     -93.866951       1.444409     -82.897217      78.287468     -48.541954     101.678284     179.918320     -61.716557     179.862427      77.565872      -2.968145      -0.520207      -1.733306      -0.595309      10.180908     -90.001892     -10.659019      89.995056     251.271545      86.105400       5.150960      89.552650       6.632889      89.870705     -29.628811       0.892411      -0.221992      56.010555      87.825905     119.655937      -1.903038       1.771652      -2.027485    -262.534729      88.504608     194.183517     -91.172287      -5.089837      90.227417     -17.226778      -2.480237       0.816747     -69.177689     -88.157051      97.115723       0.356668      -4.874648     -23.350946
      -1.440689      37.384811     -22.878239      -5.515829      -9.918262      -0.398693     135.344604     -72.835686     232.842453     -22.995150     -17.611145       5.878167       6.441830     -16.978941       4.753942      -7.199564     -41.373840      -4.627541       3.537698     -28.024500      16.415722      89.572105       0.319244     -86.087318     -56.999363      41.194492      79.769920     180.081879      61.389957    -180.151001     -75.696747       2.924217      -0.614703       1.155197      -0.680298     -30.420736     -90.000763     -14.579860      89.992805     -93.480179       1.247052     -83.008057      78.682976     -48.653362     101.365120     179.927032     -61.196384     179.874039      77.701622      -2.972855      -0.513745      -1.636136      -2.211431      10.908557     -90.000793     -10.836493      89.996529     249.078262      86.061089       3.826259      89.693176      12.927241      89.841774     -29.186686       0.873672      -0.272193      54.769924      87.880325     120.916931      -1.894327       1.835039      -2.201572    -266.591583      87.319252     198.013748     -91.134453      -5.224759      90.223137     -13.753026      -2.410772       0.816848     -56.860992     -88.424484     111.186668       0.338420      -5.655562     -22.135023
      -1.665374      37.185421     -22.916122      -6.037998     -10.003201       1.504248     139.776642     -71.604706     237.159515     -23.708090     -17.416828       5.928065       5.639328     -16.985392       4.728578      -7.036644     -41.145039      -4.214596       3.622210     -27.918186      16.832058      89.724098       0.525941     -85.814209     -59.143921      42.272850      81.106239     180.079926      60.850628    -180.153473     -76.181145       2.939785      -0.591863       1.349439      -0.618878     -30.932619     -90.000412     -14.493857      89.992607     -93.379547       0.885724     -82.986015      79.128189     -48.720932     101.049187     179.932800     -60.669258     179.879639      78.005936      -2.985038      -0.497357      -1.565892      -3.029497      11.026762     -90.000641     -11.004424      89.997192     248.396774      88.112099       4.105047      89.780273      16.128489      89.882385     -27.880442       0.858119      -0.319731      54.696571      88.036285     121.376488      -1.882380       1.962627      -2.190373    -269.434631      85.718246     201.407913     -90.910088      -5.426776      90.184120     -10.604380      -2.441248       0.862704     -75.553261     -88.885597      94.115952       0.429673      -5.791992     -21.020302
      -1.827394      37.026909     -22.950634      -7.218508      -8.891853       3.427745     144.997849     -68.877365     241.829865     -23.617582     -17.112206       6.271801       4.821434     -16.684256       5.135176      -6.838056     -40.887825      -3.672077       3.717452     -27.794054      17.278706      89.916039       0.712376     -85.520081     -61.197906      43.228134      82.440369     180.078949      60.355907    -180.153671     -76.622093       2.952426      -0.570463       1.457814      -0.588519     -31.204559     -90.000252     -14.413695      89.992622     -93.366142       0.552922     -82.930565      79.583168     -48.787403     100.819527     179.936386     -60.190277     179.883453      78.282570      -2.993714      -0.482611      -1.507429      -3.421952      11.163710     -90.000893     -11.160989      89.997620      70.070831      89.379341     182.650650      90.189873      18.803543      89.989288     -26.688299       0.803325      -0.368955      51.094246      88.097794     125.399223      -1.876753       2.087488      -2.001324    -269.723419      84.365540     202.746613     -90.707153      -5.689435      90.147247      -7.821664      -2.502195       0.915798    -137.096558     -88.541199      34.531178       0.468921      -5.869191     -20.226051
      -1.937907      36.887405     -22.967066      -9.101381      -6.691122       5.669260     150.232635     -65.403969     246.435745     -23.530876     -16.717171       6.748693       4.039591     -16.233660       5.718471      -6.606851     -40.612698      -3.045384       3.829368     -27.644936      17.798225      90.123283       0.886549     -85.244568     -63.141560      44.069042      83.733437     180.078522      59.905697    -180.152878     -77.023262       2.962836      -0.550777       1.525393      -0.599123     -31.248505     -90.000183     -14.338975      89.992714     -93.363808       0.247153     -82.876587      80.027412     -48.855854     100.635223     179.938614     -59.754513     179.885696      78.534065      -3.000177      -0.469320      -1.458410      -3.599799      11.380228     -90.001312     -11.306929      89.997826      69.293922      86.431908     184.154755      90.656242      21.288803      90.111237     -25.602924       0.742662      -0.412383      45.847557      88.094238     130.966888      -1.869685       2.308523      -1.898285    -269.563538      83.051125     204.170425     -90.450890      -6.016227      90.099594      -5.362839      -2.606246       0.986373    -162.396027     -86.774117      11.414717       0.539308      -5.681643     -19.596216
      -2.008976      36.769005     -22.972651     -11.341070      -3.487903       8.200908     153.923996     -61.697803     250.055954     -23.443390     -16.085794       7.504111       2.789615     -15.592561       6.510880      -6.364480     -40.294395      -2.334507       3.947485     -27.470444      18.380127      90.270287       1.046567     -84.988861     -64.861725      44.764141      84.872803     180.078201      59.521111    -180.154236     -77.387192       2.972641      -0.534842       1.648493      -0.528245     -31.332170     -90.000168     -14.269367      89.992775     -93.356323      -0.034532     -82.827820      80.529388     -48.928028     100.551910     179.940781     -59.323826     179.888199      78.763153      -3.005450      -0.455097      -1.407554      -3.668196      11.508405     -90.001709     -11.442992      89.997833      69.683479      83.277344     184.786591      91.057365      23.630493      90.225586     -24.566072       0.686577      -0.446743      40.820065      88.067375     136.297607      -1.859288       2.541019      -1.805348    -269.155975      81.993759     205.541382     -90.153084      -6.367470      90.043022      -3.156533      -2.730681       1.067334    -170.322998     -84.299263       5.706060       0.671442      -5.037987     -19.047569
      -2.057969      36.662285     -22.988726     -13.905194       0.178847      11.035417     154.961792     -62.441582     252.132721     -23.360760     -15.097595       8.621035      -2.958851     -14.805149       7.723026      -6.022488     -39.875721      -1.386116       4.109137     -27.230190      19.151081      90.343498       1.206490     -84.781204     -66.383301      45.353424      85.844467     180.077438      59.188595    -180.155975     -77.715637       2.981521      -0.521063       1.929954      -0.086960     -31.859100     -90.000000     -14.204486      89.992943     -93.321899      -0.302423     -82.790405      81.116768     -49.007198     100.574562     179.942841     -58.905869     179.890518      78.970573      -3.009613      -0.441515      -1.382295      -3.679755      11.748377     -90.002075     -11.569822      89.997726      70.333672      80.102798     185.483093      91.157677      25.901596      90.280823     -23.557051       0.639584      -0.472393      37.122074      88.064125     140.301117      -1.845359       2.713393      -1.706786    -268.444122      81.142311     206.746948     -89.870895      -6.729489      89.988968      -1.142976      -2.868483       1.159010    -174.032318     -81.573563       4.139371       0.838374      -4.015239     -18.553345
      -2.106336      36.554218     -23.057810     -16.965246       4.165135      14.266001     158.480652     -63.543858     256.780609     -23.306917     -14.289429       9.453691      -9.132040     -14.480023       8.326554      -5.610441     -39.364025      -0.280857       4.316925     -26.913887      20.109192      90.344795       1.357874     -84.614288     -67.714172      45.861591      86.656540     180.078094      58.875050    -180.159470     -78.016479       2.989483      -0.507091       2.194360       0.497868     -32.232136     -89.999840     -14.143989      89.993256     -93.247345      -0.563078     -82.760269      81.690109     -49.053295     100.621384     179.944107     -58.506855     179.888763      79.158615      -3.014580      -0.429324      -1.386051      -3.545403      12.225340     -90.002342     -11.688074      89.997665      71.194374      76.907913     186.437119      91.102516      28.066795      90.299568     -22.590725       0.601464      -0.489975      34.657921      88.097069     143.076126      -1.829321       2.819077      -1.590812    -268.024261      80.253197     208.453903     -89.342911      -7.125530      89.892311       0.788983      -3.264843       1.405899    -174.893433     -81.887169       5.168468       1.093347      -0.899681     -17.969833
      -2.153320      36.448242     -23.166788     -20.636549       8.656558      18.073305     163.974365     -64.632393     263.404510     -23.284727     -13.108183      10.497670     -15.721915     -14.654162       8.406207      -5.211741     -38.756977       0.882234       4.516770     -26.561914      21.101225      90.248512       1.474182     -84.455414     -68.834732      46.291943      87.321075     180.078934      58.585823    -180.161972     -78.290367       2.996135      -0.494199       2.414015       1.033705     -32.487141     -89.999733     -14.087615      89.993507     -93.144318      -0.798065     -82.744568      82.178993     -49.089546     100.634033     179.944763     -58.141289     179.886749      79.330009      -3.018682      -0.418833      -1.372431      -3.478307      12.774035     -90.002518     -11.798306      89.997627      72.288124      73.630165     187.781326      91.066681      30.080164      90.319016     -21.690346       0.567018      -0.499768      31.762743      88.093292     146.266418      -1.812988       2.933458      -1.476714    -267.481293      79.631119     210.236679     -88.833298      -7.543875      89.796242       2.588552      -3.566139       1.620984    -175.536896     -82.189262       5.825152       1.266476       2.428921     -17.063459
      -2.078914      36.339027     -23.286827     -24.958580      11.495216      22.021902     165.988022     -64.693741     265.782654     -23.555748     -11.912638      11.518745     -15.676475     -12.588865       9.890708      -4.997560     -37.785488       2.381002       5.063428     -24.785862      25.609659      89.320587       1.473219     -84.422401     -69.691658      46.638798      87.786392     180.074570      58.287632    -180.155685     -78.525253       3.002853      -0.481151       3.240865       2.612961     -33.256634     -89.999046     -14.035000      89.994492     -93.626457      -1.078071     -82.759026      82.890869     -49.152012     100.923119     179.940338     -57.862335     179.882080      79.497459      -3.019081      -0.411224      -0.840597      -3.318331      13.828641     -90.002792     -11.901109      89.996513      73.917442      70.463844     189.230743      90.819618      31.967546      90.272972     -20.849434       0.565397      -0.497529      36.340366      88.428940     142.000671      -1.785181       2.741403      -1.354080    -265.391632      78.707222     211.204880     -88.836578      -7.979719      89.793732       4.255302      -3.735243       1.762896    -176.013245     -82.436836       6.296793       1.377589       5.321306     -16.036592
      -2.049537      36.168880     -23.523081     -29.795986      13.589580      26.354364     168.518372     -65.039101     268.538879     -23.584805     -10.242960      12.599138     -15.465178     -10.367642      11.000672      -4.505990     -36.442150       4.306394       5.378436     -22.954807      29.090452      89.341972       1.556322     -84.385895     -70.480820      46.945717      88.276711     180.075119      58.037422    -180.153107     -78.750244       3.009352      -0.470104       3.696695       3.950130     -34.200371     -89.999168     -13.985969      89.995338     -93.551895      -1.249336     -82.673119      83.227158     -49.176315     100.894272     179.940475     -57.574184     179.876648      79.642189      -3.021704      -0.403235      -0.665985      -3.110617      14.696228     -90.003448     -11.996912      89.995430      75.087608      68.639168     190.471985      87.831306      35.491493      89.653641     -20.007101       0.481791      -0.536687      25.251757      87.981682     153.204361      -1.768806       3.150754      -1.333189    -264.783142      77.529976     210.763184     -88.892349     -14.914350      89.686432       6.499668      -3.883626       1.921008    -174.476746     -82.431389       5.970873       1.184180       6.483696     -15.367587
      -2.226858      35.761375     -23.881493     -31.597633      14.262731      26.821676     168.489975     -65.633179     268.585938     -22.466972     -10.154023      12.755690     -14.956675     -10.248280      10.850541      -3.784382     -34.665527       6.623703       5.514789     -21.253611      31.739534      89.291809       1.718230     -84.403984     -71.417709      47.302933      88.762527     180.076340      57.792553    -180.154755     -78.954597       3.015783      -0.458262       3.544502       3.789578     -34.730370     -89.999527     -13.929031      89.996147     -93.500061      -1.458297     -82.545479      83.821266     -49.204597     101.068901     179.943680     -57.265137     179.875870      79.766083      -3.024443      -0.392409      -0.638006      -2.890127      11.904883     -90.004295     -12.108811      89.994980      80.543488      70.021683     184.354202      88.211540      39.223476      89.694199     -19.132645       0.518617      -0.553503      36.681034      88.630005     142.214218      -1.762759       2.715691      -1.139750    -257.785339      78.944252     201.693649     -88.944901     -21.381422      89.640076       8.747636      -3.864876       1.974828    -172.814606     -82.593681       4.333316       0.830035       6.563178     -14.283464
      -2.514498      35.247452     -24.245632     -32.803036      13.942715      26.641804     168.642563     -66.271553     268.728790     -21.337889     -10.113570      12.828848     -14.405451     -10.747996      10.497632      -3.193724     -31.258368       7.190980       4.321801     -19.385979      28.215063      89.234772       1.722364     -84.212601     -71.324799      47.501816      88.432159     180.087357      56.926224    -180.156525     -79.307777       3.024532      -0.434745       3.382835       3.587299     -35.332493     -90.000008     -13.876397      89.996162     -93.609215      -1.500712     -82.613846      84.806152     -49.885406     101.637787     179.954025     -56.772644     179.904175      79.957367      -3.018964      -0.382519      -0.600479      -2.758851       9.003465     -90.005051     -12.211132      89.994881      85.917931      71.503159     177.845749      88.529366      42.454624      89.715576     -18.300966       0.526159      -0.570436      47.523643      88.955299     131.618942      -1.751443       2.417931      -0.998695    -249.477081      80.126396     190.776627     -88.981468     -28.332790      89.626945      11.096300      -3.933904       2.033852    -169.661667     -83.165314       3.893168       0.415220       6.638798     -13.578552
      -2.829442      34.623852     -24.617226     -34.203777      12.992668      26.337172     169.011719     -66.881119     268.794891     -20.322788     -10.101756      12.781125     -14.039983     -11.121497       9.458172      -2.930882     -27.725357       6.584202       3.200951     -17.389050      24.423624      89.216301       1.758341     -84.251930     -71.176704      47.403725      88.277267     180.094528      55.721214    -180.158157     -79.597137       3.032552      -0.410848       3.227628       3.399087     -35.850437     -90.000343     -13.828385      89.996109     -93.708977      -1.545933     -82.767563      86.989410     -50.972347     103.075996     179.962769     -56.157173     179.931671      80.121704      -3.013582      -0.371951      -0.566136      -2.599052       6.292956     -90.005089     -12.304942      89.995140      92.022446      72.857773     170.802017      88.752525      45.545925      89.722511     -17.483685       0.526826      -0.583283      55.279537      89.121300     124.032082      -1.737124       2.265205      -0.922328    -240.161469      80.913422     177.886902     -89.034874     -37.687943      89.603226      13.186505      -3.986837       2.022255    -165.484467     -83.839027       5.779077      -0.026864       6.713120     -13.173771
      -3.139067      33.879532     -25.014133     -35.947800      11.536198      26.086418     169.439865     -67.430901     268.648193     -19.480690     -10.023287      12.407197     -13.846670     -11.258121       8.061837      -2.712318     -24.613529       6.021954       2.308401     -15.447152      21.081038      89.199745       1.823690     -84.269493     -71.292511      47.017056      88.364670     180.096832      54.681061    -180.166367     -79.841507       3.040730      -0.393783       3.079620       3.211997     -36.349091     -90.000450     -13.784422      89.995834     -93.758232      -1.569774     -82.846024      87.380157     -51.099003     103.588524     179.950211     -55.798771     179.917542      80.324036      -3.022233      -0.366899      -0.535431      -2.767509       3.558370     -90.003983     -12.390354      89.992302      98.534622      73.892036     163.238449      88.902679      49.243607      89.709595     -16.680384       0.528964      -0.594383      63.583229      89.244926     115.888351      -1.722409       2.141336      -0.859550    -230.279282      81.297966     164.402023     -89.103355     -47.773483      89.567223      14.735903      -3.947334       1.914016    -162.540527     -84.048058       8.254690      -0.448393       6.744551     -13.357337
      -3.440586      32.999382     -25.455214     -37.980434       9.908878      25.997740     169.926208     -67.924149     268.399017     -18.809204      -9.748026      11.733469     -13.763654     -11.095190       6.574716      -2.466117     -21.866091       5.701444       1.655803     -13.717729      18.353458      89.116539       1.927771     -84.308617     -71.726372      46.262764      88.608528     180.093521      53.774364    -180.175964     -80.036011       3.050296      -0.382268       2.947178       3.054456     -36.857761     -90.000648     -13.744207      89.995476     -93.782845      -1.533259     -82.845901      86.421127     -51.165920     103.365562     179.942947     -55.593975     179.914032      80.463799      -3.024735      -0.364896      -0.531116      -2.910925       0.888604     -90.003448     -12.468353      89.990860     104.762238      74.560509     155.753769      89.012695      53.501785      89.679314     -15.894697       0.528450      -0.606250      69.046600      89.322594     110.580513      -1.708117       2.060536      -0.791440    -220.416855      81.317513     151.163086     -89.219238     -57.810757      89.483208      15.759872      -3.717383       1.691597    -160.638977     -84.008011      10.360820      -0.653341       6.748693     -13.475091
      -3.727068      31.990814     -25.929108     -40.202065       8.275637      26.106632     170.539230     -68.384346     268.176758     -18.252216      -9.279880      10.905379     -13.732062     -10.666867       5.106878      -2.231134     -19.316875       5.421752       1.153525     -12.110314      16.018785      88.984009       2.056705     -84.370811     -72.481148      45.286804      88.905739     180.089615      52.833469    -180.187210     -80.198936       3.059511      -0.372975       2.821848       2.905363     -37.348438     -90.000778     -13.707314      89.995232     -93.852142      -1.486996     -82.882988      85.676514     -51.700432     103.352020     179.939255     -55.451603     179.918686      80.569420      -3.023273      -0.363100      -0.537728      -2.996247      -1.699851     -90.003197     -12.539602      89.990479     110.455589      74.899307     148.601105      89.103394      58.159088      89.631516     -15.124279       0.526652      -0.619245      72.025063      89.378181     107.761765      -1.694290       2.012372      -0.712931    -211.560349      81.073532     139.224350     -89.420219     -67.336601      89.306122      16.487585      -3.371400       1.378363    -159.229141     -83.750343      12.517385      -0.785728       6.789486     -13.131580
      -3.993292      30.874014     -26.426487     -42.535267       6.649092      26.370382     171.236740     -68.828514     267.974426     -17.756977      -8.672705       9.979609     -13.708480     -10.033529       3.681110      -2.010151     -16.942049       5.131789       0.765822     -10.624505      14.003514      88.786110       2.187536     -84.475189     -73.384300      43.777504      88.972801     180.095291      51.338127    -180.208801     -80.370560       3.068181      -0.360663       2.684721       2.712868     -37.796028     -90.001114     -13.673637      89.994690     -93.912140      -1.460865     -82.935478      85.470985     -52.451164     103.667534     179.937393     -55.313992     179.922394      80.651855      -3.021741      -0.361194      -0.547286      -2.971071      -4.148601     -90.002991     -12.604876      89.991051     115.366539      74.971283     142.069916      89.196800      63.013264      89.560783     -14.368041       0.525792      -0.633159      74.993698      89.427666     104.963646      -1.681052       1.968148      -0.619157    -204.455902      80.683083     129.344147     -89.835869     -76.178444      88.909401      17.047268      -3.014634       1.051246    -158.534134     -83.375099      14.391890      -0.868560       6.820871     -12.799365
      -4.237908      29.668102     -26.941851     -44.958508       5.049299      26.747463     171.982544     -69.258766     267.776733     -17.306061      -7.962607       8.982640     -13.682184      -9.214703       2.309328      -1.804585     -14.786649       4.821814       0.468951      -9.285138      12.247302      88.582527       2.316180     -84.591667     -75.353455      41.820995      89.636421     180.100098      49.704674    -180.223602     -80.492928       3.073307      -0.352697       2.563137       2.542967     -38.236954     -90.001175     -13.642790      89.994286     -94.043213      -1.452045     -82.971344      86.958290     -55.342796     105.517281     179.931488     -55.713360     179.917847      80.684380      -3.018287      -0.364128      -0.543387      -3.020295      -6.450932     -90.003708     -12.664611      89.991386     119.399918      74.855583     136.313904      89.313934      67.908440      89.457573     -13.626423       0.525450      -0.648090      77.614975      89.471176     102.521126      -1.668399       1.927991      -0.511374    -199.064224      80.236938     121.459885     -91.337959     -84.331818      87.423576      17.515488      -2.667110       0.728146    -157.942902     -83.054268      16.330656      -0.893605       6.830702     -12.602368
      -4.462978      28.393372     -27.470137     -47.492050       3.602120      27.216206     172.927567     -69.713234     267.742035     -16.834646      -7.117435       7.961194     -13.588580      -8.277894       0.992862      -1.605563     -12.852840       4.586173       0.246654      -8.094143      10.764859      88.388191       2.439415     -84.709938     -76.594940      37.800793      89.145897     180.125351      47.772259    -180.270584     -80.628014       3.078170      -0.345799       2.427926       2.318474     -38.607239     -90.001236     -13.614610      89.993629     -94.164352      -1.459535     -83.036888      92.810646     -59.433594     111.240089     179.924744     -55.831043     179.912491      80.730316      -3.016201      -0.363493      -0.520754      -2.977931      -8.671676     -90.004128     -12.718989      89.992905     122.604668      74.660538     131.359879      89.477097      72.708481      89.306335     -12.900635       0.522903      -0.662951      76.639412      89.505226     103.677444      -1.655100       1.911441      -0.393117    -194.980347      79.805191     115.078156    -261.145813     -88.095078     -82.370255      17.969969      -2.338836       0.427345    -156.593445     -83.121582      18.863953      -0.848864       6.850090     -12.113243
      -4.652515      27.066082     -27.998907     -50.144245       2.365103      27.735239     173.997696     -70.168167     267.794495     -16.375658      -6.212742       6.875384     -13.473078      -7.290716      -0.356754      -1.447888     -11.215010       4.242962       0.076126      -7.057495       9.459277      88.178833       2.541410     -84.848351     -79.300926      31.483456      89.089012     180.166565      45.325542    -180.337814     -80.737526       3.080666      -0.341578       2.304543       2.101242     -39.013592     -90.000969     -13.588766      89.993057     -94.291214      -1.486948     -83.073448     110.240036     -64.274437     127.226334     179.888641     -56.652710     179.864609      80.759506      -3.016603      -0.364445      -0.490014      -2.955261     -10.642996     -90.004631     -12.769327      89.993652     125.181114      74.448151     127.059608      89.732224      77.348785      89.062469     -12.192159       0.519733      -0.676536      73.851974      89.534317     106.635841      -1.640730       1.907921      -0.273489    -192.022980      79.395706     109.953262    -267.151520     -81.014000     -88.360123      18.427423      -1.999775       0.128101    -152.596756     -83.885826      23.797935      -0.688230       6.858709     -11.452990
      -4.810534      25.701002     -28.525042     -52.852192       0.895765      28.313108     174.812851     -70.523346     267.635803     -16.072077      -5.436382       5.854107     -13.479042      -6.309431      -1.526013      -1.309046      -9.469515       3.366755      -0.080766      -5.982360       8.001017      88.137421       2.651742     -84.896614     -83.070770      23.163387      89.670044     180.191422      43.347504    -180.384003     -80.833473       3.082437      -0.339761       2.184110       1.890448     -39.381691     -90.000717     -13.565270      89.992813     -96.122459      -1.808282     -82.944191     123.399399     -69.609238     137.600647     179.895981     -56.695049     179.871033      80.851662      -3.021975      -0.354423      -0.431200      -2.740674     -12.268774     -90.003937     -12.815954      89.995033     127.579735      74.259102     122.973976      90.278343      81.842720      88.185356     -11.498041       0.502049      -0.701339      68.052773      89.515060     112.594826      -1.628888       1.858029      -0.146915    -190.553284      78.938683     106.588837    -267.880280     -74.404984     -89.064514      18.857119      -1.708704      -0.127929    -147.290482     -84.608475      29.931087      -0.512957       6.863136     -10.852826
      -4.947060      24.311983     -29.039188     -55.729221      -0.427272      28.760550     175.421463     -70.856911     267.282745     -15.780855      -4.787536       4.818971     -13.456942      -5.454083      -2.615800      -1.163260      -7.930814       2.704681      -0.195603      -5.016538       6.789260      88.009918       2.757071     -84.970627     -87.873871      12.550681      89.730644     180.189026      42.117260    -180.388977     -80.919304       3.084103      -0.340708       2.065499       1.687138     -39.712135     -90.000496     -13.543781      89.992439     -97.185234      -2.033946     -82.947411     132.239944     -72.014984     144.217743     179.889557     -57.260311     179.862961      80.910370      -3.024200      -0.351506      -0.399910      -2.494784     -13.866619     -90.003357     -12.858463      89.995735     129.389450      73.928940     119.582748      92.101738      86.052086      86.491592     -10.820992       0.514154      -0.712632      71.789185      89.571518     108.999954      -1.618952       1.822842      -0.017162    -189.305298      78.637978     103.561020    -268.164673     -68.129433     -89.330574      19.272984      -1.407757      -0.399551    -137.498764     -85.508125      40.383297      -0.313866       6.860299     -10.330132
      -5.066420      22.917582     -29.536005     -58.734421      -1.657799      29.208672     176.094559     -71.219391     267.022736     -15.431696      -4.171052       3.837784     -13.346141      -4.719956      -3.644210      -1.027493      -6.683494       2.192744      -0.274718      -4.229698       5.780157      87.878296       2.855776     -85.057640     -94.668480      -0.041755      88.319733     180.127930      42.383255    -180.289810     -80.986343       3.083244      -0.346522       1.954859       1.503700     -40.027439     -90.000320     -13.524176      89.992447     -97.845573      -2.194526     -82.919685     136.399887     -72.999252     147.183594     179.893143     -57.928486     179.862793      80.938683      -3.026487      -0.351679      -0.390082      -2.313363     -15.415658     -90.003128     -12.897356      89.995491     130.789764      73.646828     116.719955     177.751266      89.771065       0.930019     -10.161329       0.521489      -0.723677      70.151215      89.607811     110.753815      -1.605800       1.800915       0.110430    -188.620560      78.400589     101.216599    -268.316437     -62.231930     -89.465759      19.673746      -1.108211      -0.673812    -119.503273     -86.349434      58.890350      -0.092691       6.851010      -9.884058
      -5.167353      21.530111     -30.016178     -61.884350      -2.753401      29.662495     176.734467     -71.597870     266.766449     -15.043606      -3.608524       2.921452     -13.170123      -4.066830      -4.562628      -0.905051      -5.665128       1.753406      -0.329826      -3.587570       4.912688      87.779663       2.950215     -85.186409    -104.607811     -12.951035      84.899208     179.971146      44.826778    -180.035034     -81.010330       3.077594      -0.357176       1.863141       1.362343     -40.299873     -89.999619     -13.506209      89.992676     -98.314529      -2.315542     -82.853783     137.528717     -73.296181     147.960632     179.900162     -58.624702     179.864380      80.958931      -3.029314      -0.352015      -0.387701      -2.159534     -16.903845     -90.002945     -12.932669      89.995285     131.842834      73.424599     114.357750     265.276794      86.362823     -86.537994      -9.518767       0.518445      -0.739453      60.747852      89.600494     120.248268      -1.592150       1.780760       0.236111    -188.472931      78.244766      99.499176    -268.411530     -56.699898     -89.544952      20.062572      -0.815079      -0.945385     -90.519073     -86.661430      88.232155       0.148652       6.835458      -9.519874
      -5.292401      20.208715     -30.479595     -65.066284      -3.925979      30.118420     176.851578     -71.908310     266.173309     -14.731598      -3.467566       2.372600     -13.015571      -3.990800      -4.963224      -0.722635      -4.062211       1.007709      -0.391149      -2.605580       3.949317      87.655502       3.258165     -85.050537    -108.673843      -6.756464      83.052925     180.024261      47.165016    -180.160965     -80.761261       3.091307      -0.378291       1.973047       1.868592     -40.563484     -89.998482     -13.489772      89.998741     -98.593925      -2.396428     -82.715034     134.125351     -73.004150     145.240509     179.906296     -59.140854     179.863037      80.969063      -3.033395      -0.352146      -0.388145      -2.046428     -18.326387     -90.002762     -12.964845      89.995178     132.862839      73.226074     112.270477     266.955505      83.200142     -88.186348      -8.892669       0.515853      -0.758439      53.440334      89.583992     127.662216      -1.582735       1.769453       0.360828    -188.619461      78.137108      98.280624    -268.482727     -51.778145     -89.601387      20.426867      -0.569021      -1.175322     -65.489204     -86.150124     113.523659       0.386562       6.820207      -9.205286
      -5.415112      18.873854     -30.940371     -68.586601      -5.072377      30.531530     176.978165     -72.273430     265.644592     -14.325294      -3.273382       1.744129     -12.781075      -3.635688      -5.709812      -0.606852      -3.259020       0.747262      -0.416166      -2.093778       3.340739      87.502541       3.363520     -85.205994    -113.616959       0.423860      80.574753     180.108551      49.821934    -180.246277     -80.818184       3.086352      -0.379958       1.872314       1.804148     -40.847195     -89.999741     -13.474623      89.997299     -99.008179      -2.519315     -82.587639     130.830353     -72.172096     142.226471     179.908295     -59.831528     179.857224      80.997238      -3.038327      -0.352212      -0.381309      -1.900006     -19.678194     -90.002251     -12.994349      89.995209     133.643753      73.139420     110.680458     267.546539      80.265182     -88.753967      -8.289446       0.519146      -0.771656      52.596386      89.608330     128.644501      -1.570986       1.757755       0.485198    -189.192932      78.157570      97.557739    -268.536377     -47.040848     -89.640770      20.762014      -0.329106      -1.404678     -47.702400     -85.018822     131.552078       0.638448       6.802910      -8.919573
      -5.547575      17.514418     -31.395214     -72.355736      -6.247446      30.895210     177.052063     -72.638268     265.078400     -13.919269      -3.049312       1.133891     -12.532417      -3.175448      -6.359840      -0.525232      -2.748970       0.465731      -0.430180      -1.767034       2.783676      87.374107       3.473387     -85.378586    -118.113655       7.129371      78.585831     180.164658      52.676353    -180.296219     -80.881355       3.083079      -0.380184       1.764422       1.690615     -41.084946     -90.000687     -13.460837      89.996086     -99.417542      -2.656305     -82.418678     126.079681     -70.842163     137.766098     179.910492     -60.589951     179.852524      81.021675      -3.043768      -0.352927      -0.374775      -1.760216     -20.967464     -90.001884     -13.021433      89.995102     134.390701      73.132553     109.277206     267.846191      77.537628     -89.037033      -7.702670       0.522920      -0.784817      51.857540      89.631081     129.520142      -1.560094       1.743619       0.614114    -190.014572      78.253433      97.085167    -268.579620     -42.487770     -89.670319      21.085337      -0.108627      -1.618487     -36.960079     -83.564819     142.435242       0.894569       6.783560      -8.684545
      -5.709597      16.130665     -31.845356     -76.354050      -7.508503      31.185801     177.159378     -73.009743     264.565796     -13.505637      -2.751400       0.567745     -12.264057      -2.581801      -6.906776      -0.469859      -2.438437       0.159518      -0.437735      -1.564393       2.263449      87.194962       3.574432     -85.482872    -121.337585      12.311248      77.090858     180.179779      55.425770    -180.302155     -80.938683       3.081815      -0.379528       1.659250       1.558420     -41.286972     -90.001328     -13.448263      89.994843     -99.763351      -2.800084     -82.479836     121.334625     -69.211456     133.290726     179.909744     -61.390293     179.848129      81.032738      -3.047941      -0.354248      -0.369234      -1.662923     -22.200632     -90.001785     -13.046394      89.994812     135.205292      73.222885     107.943756     268.021942      75.050102     -89.200668      -7.130666       0.527143      -0.798247      51.356586      89.652466     130.160507      -1.550572       1.728902       0.750090    -190.922668      78.431175      96.697952    -268.615540     -38.175972     -89.694496      21.410639       0.092164      -1.815645     -30.491505     -82.038910     148.856201       1.147841       6.760009      -8.537235
      -5.907286      14.726412     -32.294792     -80.524513      -8.940409      31.349670     177.413666     -73.403175     264.213654     -13.064805      -2.337970       0.035638     -11.961488      -1.845436      -7.399790      -0.442909      -2.344466      -0.134166      -0.440502      -1.491581       1.794944      87.070198       3.673042     -85.719994    -122.982948      14.157795      75.390221     180.138947      57.955311    -180.236572     -81.017021       3.077381      -0.376580       1.541509       1.346930     -41.435101     -90.001785     -13.436975      89.993446    -100.084679      -2.941584     -82.561615     118.024452     -67.799522     129.907227     179.901718     -62.262363     179.841782      81.043861      -3.050482      -0.355183      -0.358281      -1.577313     -23.387745     -90.001625     -13.069167      89.994476     136.140411      73.401443     106.590652     268.132568      72.848633     -89.302979      -6.572548       0.533343      -0.812448      53.317467      89.681862     128.341064      -1.542842       1.703262       0.892955    -191.707626      78.729622      96.187904    -268.646057     -34.160851     -89.717255      21.757994       0.349621      -2.052073     -28.697098     -81.357040     150.340744       1.355703       6.186753      -8.482920
      -6.131464      13.324416     -32.756130     -84.793373     -10.570269      31.329733     177.664291     -73.826805     263.889709     -12.569440      -1.981955      -0.424790     -11.583963      -1.299319      -7.796175      -0.381026      -1.974486      -0.405428      -0.442554      -1.264674       1.380087      86.937317       3.786816     -85.666405    -122.996666      15.468725      73.944794     180.099747      60.512493    -180.201630     -81.013435       3.081831      -0.378438       1.475309       1.304415     -41.620548     -90.001472     -13.426492      89.994049    -100.244331      -3.067572     -82.614853     114.917343     -66.209557     126.522072     179.904434     -62.294857     179.834366      81.056320      -3.054028      -0.352177      -0.342284      -1.457852     -24.561575     -90.001724     -13.089753      89.994347     136.984436      73.646790     105.428673     268.202118      71.038101     -89.367882      -6.028884       0.542462      -0.827286      59.636650      89.722305     122.158974      -1.535338       1.659482       1.038043    -192.340607      79.159073      95.539108    -268.672241     -30.553810     -89.739136      22.131916       0.618068      -2.301290     -29.364113     -81.403976     149.071335       1.546895       5.423387      -8.571568
      -6.374477      11.931119     -33.236603     -89.197479     -12.364043      31.055840     177.777878     -74.262512     263.480164     -12.049018      -1.715083      -0.842865     -11.169456      -0.830740      -8.196615      -0.316139      -1.611050      -0.597535      -0.441379      -1.034886       1.046479      86.926025       3.853753     -85.696510    -121.858398      16.209530      72.072319     180.061401      63.105400    -180.153580     -81.038460       3.080712      -0.378090       1.394504       1.206744     -41.775616     -90.001274     -13.416889      89.993904    -100.207283      -3.173393     -82.624519     111.046165     -63.701267     122.114235     179.912582     -61.028767     179.811310      81.083687      -3.058545      -0.344316      -0.320735      -1.279197     -25.701292     -90.001732     -13.108393      89.994766     137.768692      73.985146     104.497223     268.246185      69.670784     -89.409126      -5.503784       0.552132      -0.842364      68.168671      89.757576     113.754585      -1.527873       1.612608       1.181440    -193.011383      79.647621      94.944351    -268.694611     -27.422132     -89.756554      22.526640       0.834904      -2.505389     -29.660227     -81.454796     147.878128       1.720070       4.863267      -8.836094
      -6.615274      10.520873     -33.743668     -93.844200     -14.191110      30.495886     177.842300     -74.772339     263.005676     -11.395440      -1.483075      -1.478903     -10.608170      -0.362652      -9.101814      -0.284011      -1.503745      -0.104465      -0.433157      -0.956476       1.132852      86.957962       3.805820     -85.910156    -117.407745      23.150948      69.029533     180.274170      65.800209    -180.360291     -81.078072       3.057438      -0.373748       1.207307       1.074536     -42.064346     -90.000656     -13.408094      89.999458    -100.078484      -3.294695     -82.605049     106.746460     -59.564037     116.682747     179.895538     -58.364697     179.727585      81.123581      -3.065611      -0.333471      -0.298187      -1.056297     -26.760214     -90.001053     -13.125787      89.995483     138.252960      74.441422     104.065659     268.274628      68.730453     -89.434135      -4.999619       0.560799      -0.854594      79.218689      89.788132     102.823875      -1.517100       1.563947       1.322699    -194.241882      80.209007      94.840431    -268.713226     -24.699907     -89.769211      22.947222       1.044035      -2.703305     -29.757471     -81.535202     146.629684       1.875542       4.330159      -9.269945
      -6.873994       9.416134     -34.304707     -97.315323     -13.795108      29.809889     179.577499     -75.797760     263.319305      -9.853240      -0.938452      -2.301324      -9.088127      -1.226296      -8.162351      -0.592033      -4.126853       2.060971      -0.400241      -2.477405       2.212631      91.041428       4.700569     -82.971153    -109.848770      28.031521      65.487755     180.229614      65.064667    -180.292831     -81.037712       3.052783      -0.367691      -0.333932      -7.599021     -40.990864     -89.999886     -13.399702      89.997047    -100.741974      -3.513723     -82.808167     105.257164     -58.153816     115.703415     179.913712     -58.067802     179.777512      81.090523      -3.060989      -0.334922      -0.953170      -3.587459     -23.103584     -90.001366     -13.141697      89.994385     136.826447      75.183060     105.192451     269.562103      69.097412     -89.833290      -4.557438       0.537845      -0.862643      42.780373      89.715744     139.195923      -1.500229       1.659166       1.346395    -197.530518      80.930145      95.638084    -267.073395     -23.079784     -89.519737      23.631668       1.160070      -2.834773     -29.949060     -81.765266     144.188797       2.084200       4.171736      -8.710553
      -7.032257       8.764353     -34.929623     -99.521126     -12.577147      29.347082     180.739502     -76.836288     263.230774      -8.314248      -0.907683      -3.068105      -7.557613      -2.413106      -7.829180      -0.697542      -4.286402       3.382883      -0.394532      -2.518870       2.932191      91.060143       4.541701     -82.400650    -103.252144      29.883173      64.847923     180.188217      64.298920    -180.236145     -81.009651       3.055383      -0.360956      -0.097151      -7.838915     -39.591972     -89.999916     -13.392295      89.996033    -100.389343      -3.561717     -83.025078     104.169365     -57.191597     114.900841     179.922012     -57.874104     179.815689      81.078674      -3.053752      -0.337988      -0.789354      -3.501893     -18.555355     -90.001801     -13.156395      89.993805     135.042969      75.656242     107.132774     270.955414      70.525597     -90.309669      -4.167131       0.533505      -0.862767      40.169674      89.737007     141.625687      -1.474369       1.668134       1.267654    -202.760086      81.938652      98.432281    -267.634064     -22.712933     -89.604439      24.560600       1.650329      -3.300217     -30.367598     -81.999603     142.384781       2.277183       2.433600      -8.388771
      -7.094168       8.280434     -35.531189    -101.269073     -12.277116      29.004934     181.397461     -77.628075     262.815948      -7.263005      -0.892589      -4.094973      -6.566974      -2.636119      -8.679251      -0.612662      -3.711914       3.408656      -0.399446      -2.196174       2.881019      91.256409       4.352406     -82.438728     -97.869919      31.578897      65.173752     180.152237      63.658710    -180.186752     -81.005554       3.054018      -0.358406       0.335417      -5.892670     -39.922119     -90.000504     -13.385522      89.995865     -99.567963      -3.549333     -83.091431     102.520882     -56.454288     113.507332     179.924484     -57.669281     179.834106      81.065605      -3.050838      -0.339504      -0.769972      -2.244352     -15.994563     -90.002014     -13.169771      89.993996     135.144745      76.195122     107.628006     270.490143      71.982399     -90.156181      -3.785606       0.535299      -0.862040      45.345303      89.788506     136.336243      -1.452702       1.618727       1.223965    -205.271759      82.312782      98.959442    -268.063965     -22.739536     -89.667709      25.118261       1.705498      -3.283465     -28.858027     -82.240028     143.682724       2.360989       1.524792      -8.156938
      -7.117795       7.865052     -36.096935    -102.900421     -12.019047      28.811405     181.829788     -78.332703     262.301025      -6.393566      -0.938220      -5.032193      -5.755906      -2.746819      -9.596539      -0.553498      -3.343709       3.432656      -0.399944      -2.001226       2.846974      91.450768       4.176753     -82.471054     -93.573097      33.213711      66.056786     180.130768      63.074257    -180.156555     -81.010834       3.051861      -0.356654       0.424669      -4.859205     -41.018471     -90.000969     -13.379248      89.995598     -98.848312      -3.496722     -83.076073     100.746384     -55.787849     112.051659     179.925522     -57.489094     179.844971      81.057976      -3.049468      -0.341023      -0.795104      -1.500982     -14.715687     -90.002068     -13.181978      89.994080     135.676041      76.735016     107.931038     269.543213      73.418991     -89.797752      -3.413693       0.532388      -0.864069      39.716423      89.786171     141.896759      -1.435936       1.618467       1.213248    -207.009277      82.463257      98.892776    -268.350525     -22.917801     -89.709816      25.472754       1.603724      -3.113452     -27.047306     -82.463852     145.405350       2.396508       0.769657      -8.084188
      -7.119950       7.479982     -36.616848    -104.490791     -11.649741      28.725672     182.104691     -78.978127     261.726196      -5.649039      -1.035509      -5.863373      -5.061563      -2.857653     -10.488955      -0.500130      -3.014944       3.366467      -0.400788      -1.816797       2.732893      91.608337       4.018148     -82.492004     -90.121094      34.756500      67.255051     180.117859      62.526981    -180.139191     -81.017883       3.050080      -0.355101       0.419811      -4.285858     -41.964092     -90.001251     -13.373485      89.995300     -98.220596      -3.437750     -83.046402      99.127831     -55.179737     110.739632     179.926208     -57.327888     179.852036      81.054008      -3.048753      -0.342314      -0.813789      -1.130762     -14.148728     -90.002060     -13.193102      89.994118     136.526688      77.257019     108.028709     268.476501      74.779388     -89.352692      -3.052393       0.527776      -0.867109      31.910753      89.763168     149.659317      -1.421277       1.637560       1.220926    -208.390076      82.507828      98.605629    -268.528931     -23.115332     -89.735649      25.752651       1.455582      -2.914269     -25.734524     -82.643120     146.567642       2.375430       0.696499      -7.973779
      -7.112883       7.191187     -37.021729    -106.168411     -11.368204      28.435970     181.877808     -79.584358     260.745331      -4.974507      -1.245274      -6.642840      -4.429272      -2.996571     -11.434402      -0.449285      -2.714814       3.135685      -0.402135      -1.636992       2.491864      91.752831       3.878330     -82.503899     -87.394608      36.225288      68.679947     180.109879      62.017033    -180.130081     -81.027031       3.048852      -0.353626       0.354469      -3.962805     -42.645161     -90.001442     -13.368210      89.995033     -97.621025      -3.378958     -83.034508      97.701393     -54.622063     109.588226     179.926956     -57.181992     179.856567      81.051666      -3.048517      -0.343368      -0.838366      -1.028134     -14.009303     -90.002037     -13.203244      89.994141     139.073395      77.844513     106.709496     267.543304      75.923210     -88.927826      -2.710350       0.522945      -0.871222      27.038275      89.740601     154.473419      -1.410256       1.657644       1.213606    -206.293137      82.548691      94.789658    -268.626099     -22.871666     -89.744576      25.303392       1.439797      -2.797877     -26.093929     -82.615608     146.306366       2.349665       0.738749      -7.884463
      -7.101557       6.961321     -37.355621    -107.944115     -10.915868      28.162561     181.356934     -80.128838     259.578674      -4.413383      -1.484637      -7.295971      -3.903275      -3.085225     -12.343181      -0.408385      -2.477251       2.863114      -0.401893      -1.494669       2.239068      91.819336       3.726966     -82.545013     -85.248230      37.599247      70.233734     180.103790      61.532627    -180.124863     -81.033684       3.048159      -0.352058       0.310284      -3.727098     -43.056583     -90.001556     -13.363402      89.994850     -97.096611      -3.324825     -83.030960      96.446548     -54.126686     108.575035     179.927582     -57.047371     179.859879      81.051346      -3.048278      -0.344001      -0.837094      -0.992733     -14.046126     -90.002014     -13.212523      89.994125     141.239365      78.132072     105.922623     267.645599      76.928879     -88.935104      -2.375100       0.525843      -0.878201      26.856024      89.747658     154.623886      -1.403215       1.654918       1.221768    -204.819458      82.654808      91.734818    -268.674255     -22.606073     -89.751350      25.011391       1.419170      -2.741249     -26.497066     -82.587486     145.953018       2.329156       0.740869      -7.738275
      -7.077231       6.765811     -37.631565    -109.674362     -10.461945      27.965925     180.778412     -80.647354     258.421936      -3.902121      -1.701377      -7.838896      -3.421389      -3.177257     -13.125733      -0.370999      -2.265016       2.598868      -0.400369      -1.367492       2.003011      91.866737       3.594702     -82.581787     -83.615822      38.907871      71.867798     180.099167      61.079689    -180.122375     -81.040718       3.047725      -0.350603       0.235820      -3.621680     -43.270947     -90.001633     -13.359015      89.994713     -96.606964      -3.270578     -83.019142      95.333572     -53.679897     107.678543     179.928299     -56.922432     179.862350      81.050591      -3.048145      -0.344425      -0.842583      -0.964066     -14.145526     -90.001991     -13.220982      89.994141     142.967682      78.421219     105.525948     267.693939      77.757965     -88.923874      -2.045900       0.529790      -0.881876      29.686563      89.786194     151.782486      -1.392003       1.624929       1.244920    -204.140701      82.700630      89.658234    -268.700470     -22.312347     -89.755676      24.775084       1.329175      -2.647681     -26.361732     -82.578926     146.209183       2.312089       0.709057      -7.644043
      -7.028569       6.595574     -37.850800    -111.343254      -9.968822      27.778214     180.072754     -81.135979     257.190491      -3.441924      -1.930021      -8.283888      -2.980501      -3.316640     -13.760022      -0.337656      -2.081516       2.374881      -0.397649      -1.256860       1.801412      91.891098       3.481372     -82.613068     -82.410477      40.140259      73.535698     180.095276      60.653877    -180.121460     -81.046448       3.047541      -0.349221       0.154725      -3.618030     -43.309521     -90.001678     -13.355021      89.994606     -96.167107      -3.221410     -83.007545      94.364388     -53.279583     106.898254     179.929047     -56.806423     179.864365      81.049706      -3.048019      -0.344681      -0.854163      -0.929712     -14.255788     -90.002007     -13.228740      89.994148     144.608963      78.736984     105.110222     267.704926      78.406654     -88.901100      -1.723906       0.532403      -0.884495      33.143658      89.821907     148.320160      -1.379938       1.593808       1.272988    -204.579285      82.680222      88.874275    -268.713715     -21.951880     -89.757568      24.578659       1.177272      -2.504350     -26.079388     -82.653748     146.783386       2.290182       0.662253      -7.563115
      -6.957710       6.445428     -38.014725    -112.944717      -9.435668      27.613544     179.293472     -81.601456     255.938171      -3.019464      -2.147973      -8.642526      -2.571561      -3.463925     -14.280486      -0.308725      -1.930449       2.210297      -0.393818      -1.166184       1.644774      91.904167       3.382418     -82.638779     -81.549896      41.282875      75.207886     180.091705      60.253674    -180.121140     -81.050369       3.047489      -0.347976       0.083203      -3.674190     -43.218517     -90.001701     -13.351377      89.994522     -95.768494      -3.176692     -83.000137      93.516830     -52.924709     106.214027     179.929688     -56.697598     179.865967      81.049187      -3.047867      -0.344755      -0.857704      -0.832400     -14.307197     -90.002014     -13.235828      89.994148     146.302826      79.061592     104.521904     267.698395      78.871132     -88.877327      -1.409215       0.533794      -0.886658      36.606770      89.850349     144.850845      -1.367740       1.567328       1.301330    -205.581955      82.643143      88.841209    -268.724640     -21.529909     -89.758675      24.405167       1.035446      -2.368379     -25.992899     -82.773041     147.156204       2.268525       0.639237      -7.479490
      -6.865304       6.312616     -38.127476    -114.480904      -8.856480      27.485489     178.470230     -82.046196     254.692093      -2.629271      -2.339005      -8.923475      -2.192032      -3.593811     -14.705090      -0.283343      -1.803179       2.098249      -0.389229      -1.090004       1.527712      91.913513       3.296458     -82.659409     -80.972382      42.333256      76.862999     180.088394      59.879421    -180.121124     -81.053001       3.047514      -0.346907       0.016939      -3.777608     -43.044964     -90.001701     -13.348049      89.994484     -95.404236      -3.136013     -82.995773      92.771927     -52.611099     105.609886     179.930206     -56.595493     179.867279      81.048843      -3.047696      -0.344723      -0.854004      -0.667282     -14.279479     -90.001938     -13.242332      89.994209     148.061066      79.386841     103.752037     267.690247      79.152733     -88.860970      -1.101227       0.531827      -0.890308      40.279984      89.873779     141.168381      -1.355545       1.543776       1.327885    -206.846191      82.600273      89.246445    -268.776581     -21.046068     -89.766556      24.249632       0.907602      -2.244725     -25.949097     -82.896973     147.474045       2.248224       0.623052      -7.398393
      -6.762668       6.194694     -38.200817    -115.976227      -8.238603      27.442995     177.538818     -82.473221     253.392365      -2.259521      -2.474424      -9.147832      -1.837082      -3.599704     -15.117167      -0.261360      -1.696128       2.047069      -0.384063      -1.027423       1.454280      91.934807       3.218709     -82.668999     -80.614388      43.282803      78.485939     180.085144      59.528358    -180.120743     -81.053520       3.047501      -0.346029      -0.021596      -3.891533     -42.760239     -90.001686     -13.345012      89.994469     -95.066940      -3.097427     -82.993416      92.102638     -52.340664     105.060211     179.930527     -56.497917     179.868378      81.049118      -3.047488      -0.344504      -0.835321      -0.390160     -14.117212     -90.001869     -13.248289      89.994263     149.844635      79.705910     102.872467     267.695862      79.224487     -88.862282      -0.794694       0.528345      -0.893449      40.022503      89.883064     141.412735      -1.344084       1.530103       1.346835    -208.315857      82.557106      90.032684    -268.852570     -20.531235     -89.779297      24.096634       0.789470      -2.137287     -26.002375     -83.040436     147.700043       2.228088       0.616807      -7.314224
      -6.664243       6.094229     -38.256992    -117.357224      -7.637255      27.495937     176.641052     -82.876488     252.150146      -1.930951      -2.538196      -9.382370      -1.514860      -3.596285     -15.468632      -0.210542      -1.546582       2.111858      -0.376140      -0.936399       1.440558      91.978386       3.151465     -82.671356     -80.511627      44.166927      80.127754     180.082718      59.199005    -180.120285     -81.056145       3.047271      -0.345043      -0.111255      -4.134980     -42.261593     -90.001678     -13.342240      89.994446     -94.664963      -3.042511     -82.949890      91.495087     -52.093929     104.565063     179.931091     -56.396671     179.869370      81.047012      -3.047369      -0.344029      -0.845275      -0.089606     -13.722868     -90.001846     -13.253729      89.994316     151.848373      80.007965     101.644386     267.728210      79.009369     -88.892181      -0.490254       0.523699      -0.896369      35.747002      89.878799     145.670731      -1.334268       1.527319       1.360316    -209.551559      82.512009      90.714127    -268.950928     -20.063072     -89.796654      23.938160       0.680465      -2.044017     -26.147518     -83.201057     147.854263       2.207757       0.621309      -7.221212
      -6.577305       6.032443     -38.314091    -118.231773      -7.292680      27.666706     176.037750     -83.213631     251.187332      -1.736929      -2.579763      -9.551414      -1.302311      -3.607185     -15.627934      -0.096236      -1.435279       2.281934      -0.359359      -0.882213       1.445103      92.194801       3.095405     -82.661873     -80.706741      44.992958      81.894814     180.082062      58.890320    -180.120087     -81.066757       3.046546      -0.343610      -0.413716      -4.801057     -41.355072     -90.001778     -13.339724      89.994339     -94.011650      -2.933562     -82.838692      90.824699     -51.864380     104.019913     179.932251     -56.282146     179.870438      81.039597      -3.047496      -0.343339      -0.966911       0.041728     -12.984929     -90.001915     -13.258701      89.994347     154.358994      80.249115      99.600327     267.313019      78.640633     -88.716103      -0.195781       0.519011      -0.899447      33.855026      89.876999     147.527588      -1.326226       1.519389       1.368323    -209.209015      82.425659      89.907433    -269.422180     -19.791401     -89.877403      23.810221       0.587078      -1.944796     -26.150984     -83.328445     148.135376       2.187593       0.616193      -7.130002
      -6.510300       6.011732     -38.366085    -118.722130      -7.175113      27.860960     175.554474     -83.499557     250.402496      -1.628003      -2.610059      -9.629763      -1.204257      -3.588965     -15.709932      -0.038627      -1.394687       2.345562      -0.346374      -0.865868       1.430431      92.414177       3.059887     -82.652924     -80.958572      45.717125      83.524132     180.080948      58.607628    -180.121216     -81.074890       3.046353      -0.342636      -0.735590      -5.638219     -40.230865     -90.001816     -13.337443      89.994217     -93.543648      -2.859175     -82.771721      90.156219     -51.667515     103.457817     179.932968     -56.190014     179.871078      81.033546      -3.047670      -0.343468      -1.114590       0.013700     -12.325543     -90.001961     -13.263266      89.994362     156.484039      80.350060      97.782204     267.575256      78.203957     -88.862900       0.089523       0.503072      -0.911071      21.196274      89.779831     160.139740      -1.332103       1.557760       1.369407    -207.520325      82.365822      87.985847    -270.157715     -19.696205     -90.005791      23.722025       0.498472      -1.840835     -26.067839     -83.447739     148.475601       2.164960       0.606074      -7.046538
      -6.458313       6.000371     -38.406120    -118.984985      -7.297719      28.080345     175.417374     -83.786293     250.017273      -1.520282      -2.563735      -9.658226      -1.129885      -3.552312     -15.770106      -0.007319      -1.347162       2.312746      -0.336295      -0.831588       1.401466      92.581375       3.026324     -82.638039     -81.218407      46.347420      85.000183     180.079483      58.348866    -180.122467     -81.079460       3.046367      -0.342123      -0.973787      -6.374679     -39.150909     -90.001808     -13.335361      89.994148     -93.213890      -2.807749     -82.729347      89.600990     -51.492088     102.992912     179.933258     -56.112556     179.871658      81.030663      -3.047654      -0.343764      -1.216117       0.014701     -11.867144     -90.001968     -13.267442      89.994377     158.604172      80.505028      95.893654     267.745972      77.678680     -88.963829       0.367526       0.493516      -0.916950      17.952187      89.736244     163.344345      -1.328836       1.581373       1.375126    -205.245285      82.281761      85.669586    -271.061279     -19.686798     -90.164101      23.643068       0.420482      -1.738594     -25.912247     -83.550011     148.898727       2.142017       0.591364      -6.957677
      -6.423994       5.993347     -38.435287    -119.109329      -7.505534      28.261814     175.434570     -84.061981     249.835068      -1.424813      -2.506465      -9.613941      -1.062461      -3.517387     -15.769633       0.012783      -1.292312       2.239021      -0.327384      -0.795302       1.362060      92.488182       2.962531     -82.499390     -81.038055      46.743546      85.960770     180.079132      58.148884    -180.131958     -81.092598       3.049737      -0.342959      -1.232886      -7.165897     -37.676235     -90.001816     -13.333472      89.994095     -92.804024      -2.769202     -82.577316      89.313896     -51.270786     102.766640     179.933731     -55.904224     179.868698      81.033524      -3.050244      -0.338511      -1.218969       0.305165     -11.818982     -90.001923     -13.271238      89.994423     161.236130      80.698593      93.482796     267.935120      77.133583     -89.068581       0.637982       0.487316      -0.919892      16.784979      89.726143     164.476761      -1.321519       1.589629       1.383183    -203.015976      82.126991      83.488495    -271.470673     -19.722603     -90.235268      23.566860       0.319018      -1.603556     -26.408278     -83.811935     148.681137       2.112985       0.627238      -6.863948
      -6.419631       5.974386     -38.438377    -119.147934      -7.653176      28.281950     175.433365     -84.283852     249.672516      -1.415499      -2.529487      -9.567242      -1.047330      -3.522626     -15.834356       0.039783      -1.247491       2.242982      -0.317198      -0.763979       1.350231      92.334656       2.914433     -82.555756     -80.823830      47.075878      86.770294     180.077805      57.947224    -180.137772     -81.098549       3.052202      -0.343055      -1.287557      -7.604809     -36.314369     -90.001755     -13.331744      89.994110     -92.441017      -2.758137     -82.559853      89.046989     -51.059032     102.550850     179.934555     -55.725403     179.866516      81.032738      -3.052267      -0.335847      -1.278160       0.580566     -11.699448     -90.001923     -13.274717      89.994469     165.741928      80.653038      89.333336     267.522003      77.134491     -88.892372       0.868607       0.525136      -0.912651     118.905998      89.934296      62.345074      -1.293514       1.441902       1.432734    -200.688400      82.030136      81.130829    -271.362091     -19.707872     -90.217079      23.483438       0.239251      -1.502757     -26.634871     -83.985069     148.741241       2.090616       0.660880      -6.766632
      -6.425431       5.955809     -38.425144    -119.159874      -7.738809      28.162117     174.927582     -84.464584     249.008835      -1.438349      -2.625486      -9.505400      -1.058966      -3.543196     -15.819432       0.056366      -1.216304       2.229962      -0.307783      -0.742438       1.336463      92.119499       2.863696     -82.635124     -80.581573      47.361240      87.443344     180.076523      57.758518    -180.141830     -81.102737       3.054016      -0.343087      -1.283800      -7.884668     -35.155678     -90.001694     -13.330153      89.994125     -92.166039      -2.764910     -82.646439      88.801849     -50.870712     102.354774     179.935104     -55.561142     179.865173      81.034256      -3.053632      -0.334104      -1.306924       0.863955     -11.609298     -90.001892     -13.277894      89.994492     168.646271      80.463142      86.696411     267.679932      77.225388     -88.964424       1.132901       0.546681      -0.912058     164.758316      89.794525      16.538769      -1.285293       1.312412       1.481906    -198.878891      81.994614      79.288887    -271.305634     -19.650173     -90.209724      23.404623       0.177604      -1.444678     -26.195442     -84.020836     149.469299       2.068476       0.627671      -6.663353
      -6.443265       5.942091     -38.408703    -119.116180      -7.945642      27.979599     174.258423     -84.641815     248.198959      -1.439789      -2.714628      -9.424891      -1.053681      -3.557060     -15.773509       0.067694      -1.177316       2.187483      -0.299114      -0.717592       1.315737      91.927696       2.823164     -82.710968     -80.368790      47.602837      88.051743     180.075226      57.598289    -180.144730     -81.101822       3.055338      -0.343971      -1.186651      -7.944891     -34.377644     -90.001663     -13.328696      89.994118     -91.928780      -2.766339     -82.729782      88.581970     -50.722099     102.174057     179.935669     -55.407375     179.865524      81.035599      -3.054009      -0.332803      -1.326600       1.176400     -11.581231     -90.001877     -13.280805      89.994514     170.468536      80.324966      85.025894     267.774536      77.290062     -89.006401       1.395604       0.561069      -0.912925     170.406647      89.691628      10.955341      -1.278283       1.217780       1.550171    -197.355804      81.958549      77.845009    -271.281067     -19.628147     -90.207382      23.332003       0.119273      -1.393479     -25.785654     -84.063049     150.175751       2.045560       0.593652      -6.555833
      -6.475014       5.926721     -38.386047    -119.022560      -8.285085      27.727736     173.478943     -84.813194     247.275040      -1.429769      -2.798181      -9.385178      -1.037323      -3.568885     -15.773036       0.080354      -1.150530       2.196356      -0.289990      -0.698899       1.310783      91.742203       2.793651     -82.786896     -80.206947      47.811764      88.618225     180.073944      57.458755    -180.146759     -81.096916       3.056288      -0.345199      -0.989965      -7.771358     -33.829117     -90.001633     -13.327362      89.994125     -91.718124      -2.769106     -82.809982      88.425804     -50.603600     102.040321     179.936111     -55.261097     179.866608      81.036446      -3.053904      -0.331790      -1.330658       1.506887     -11.589939     -90.001854     -13.283460      89.994553     171.633652      80.222801      83.900314     267.829651      77.318504     -89.030815       1.651891       0.572266      -0.914344     172.677414      89.617058       8.743442      -1.271156       1.141461       1.619291    -196.042984      81.928917      76.678734    -271.271423     -19.623400     -90.207184      23.265078       0.065154      -1.347860     -25.418245     -84.110886     150.850357       2.022865       0.563720      -6.443020
      -6.517012       5.915015     -38.361206    -118.882446      -8.688540      27.432806     172.562149     -84.985764     246.218750      -1.394170      -2.884450      -9.331357      -0.998592      -3.587182     -15.730346       0.085385      -1.135611       2.186057      -0.281524      -0.692466       1.298756      91.561470       2.762742     -82.864258     -80.041878      47.988522      89.114967     180.072800      57.334888    -180.147842     -81.089943       3.056786      -0.346471      -0.755583      -7.416840     -33.569016     -90.001602     -13.326136      89.994148     -91.562080      -2.770146     -82.873642      88.303116     -50.500618     101.943047     179.936371     -55.129143     179.867752      81.038216      -3.053588      -0.331148      -1.314008       1.840136     -11.649839     -90.001839     -13.285886      89.994560     172.279282      80.173447      83.212471     267.860870      77.337067     -89.043854       1.900803       0.580635      -0.915827     173.947098      89.566269       7.519861      -1.263144       1.080424       1.682338    -195.242981      81.916641      76.067635    -271.260651     -19.642153     -90.206512      23.208641       0.014981      -1.307696     -25.078409     -84.159561     151.498596       2.001058       0.535160      -6.328167
      -6.567328       5.909144     -38.335224    -118.698296      -9.135139      27.108313     171.536880     -85.155945     245.066360      -1.342557      -2.970947      -9.249176      -0.943035      -3.610817     -15.653325       0.086412      -1.128603       2.167988      -0.273428      -0.694255       1.284488      91.398087       2.735286     -82.937683     -79.891434      48.137672      89.562630     180.071838      57.225327    -180.148544     -81.082298       3.057118      -0.347688      -0.515109      -6.925562     -33.552357     -90.001564     -13.325007      89.994186     -91.436287      -2.770678     -82.927330      88.203499     -50.412128     101.866783     179.936615     -55.008007     179.868866      81.039948      -3.053282      -0.330736      -1.290436       2.157445     -11.750371     -90.001801     -13.288112      89.994576     172.595490      80.163147      82.795372     267.876892      77.353729     -89.049660       2.142615       0.586766      -0.917352     174.786407      89.533180       6.716666      -1.254518       1.030964       1.739995    -194.931580      81.919769      75.988304    -271.232361     -19.687363     -90.202515      23.165340      -0.033112      -1.270304     -24.798988     -84.217094     152.081161       1.980088       0.510943      -6.213986
      -6.616724       5.902200     -38.307419    -118.543640      -9.542003      26.767397     170.244629     -85.339088     243.648422      -1.242763      -3.079101      -9.218299      -0.832062      -3.645181     -15.670070       0.079115      -1.138901       2.258631      -0.266012      -0.704209       1.303076      91.175697       2.720665     -83.036362     -79.797234      48.276436      89.974205     180.070663      57.119663    -180.148911     -81.071106       3.057405      -0.348695      -0.184574      -6.213663     -33.572880     -90.001503     -13.323976      89.994217     -91.361183      -2.783147     -82.961937      88.219208     -50.343853     101.880608     179.936722     -54.900028     179.869965      81.041954      -3.052782      -0.330524      -1.253281       2.543998     -11.799526     -90.001770     -13.290144      89.994583     172.645401      80.231972      82.628914     267.883698      77.364349     -89.050537       2.377429       0.589832      -0.918229     175.524506      89.514229       6.007973      -1.244323       0.990561       1.793888    -195.413605      81.948006      76.717712    -271.152618     -19.723307     -90.188972      23.125824      -0.075493      -1.237034     -24.549770     -84.272469     152.632736       1.960928       0.487599      -6.099079
      -6.664237       5.891988     -38.278126    -118.397011      -9.927573      26.418701     168.758667     -85.517548     242.035568      -1.132073      -3.193477      -9.205256      -0.712466      -3.691108     -15.678228       0.076884      -1.142610       2.289332      -0.258395      -0.710566       1.304209      91.010460       2.703679     -83.115639     -79.693611      48.389896      90.341560     180.070007      57.027218    -180.149139     -81.062233       3.057539      -0.349634       0.130877      -5.428600     -33.722599     -90.001488     -13.323012      89.994255     -91.291756      -2.785563     -82.993042      88.180374     -50.279171     101.857018     179.936813     -54.800514     179.870758      81.043701      -3.052488      -0.330381      -1.214458       2.916828     -11.868324     -90.001755     -13.292004      89.994583     172.635193      80.327713      82.496628     267.885895      77.364380     -89.049744       2.606038       0.590777      -0.919060     176.096054      89.508789       5.461737      -1.233837       0.959368       1.846027    -196.348068      81.980759      77.890877    -271.085358     -19.748262     -90.177406      23.087923      -0.112769      -1.207798     -24.335718     -84.329132     153.149368       1.943025       0.465414      -5.983005
      -6.711693       5.882264     -38.249092    -118.241226     -10.314130      26.071325     167.177261     -85.683350     240.337250      -1.029807      -3.300987      -9.179738      -0.604244      -3.737531     -15.665828       0.079772      -1.140095       2.265987      -0.250512      -0.713599       1.291730      90.907211       2.687897     -83.169701     -79.598686      48.481575      90.683464     180.069672      56.946560    -180.149384     -81.055786       3.057593      -0.350459       0.419646      -4.622061     -34.020206     -90.001488     -13.322139      89.994263     -91.209549      -2.783648     -83.028862      88.097931     -50.220207     101.794495     179.936996     -54.707348     179.871155      81.044670      -3.052398      -0.330288      -1.183033       3.239061     -11.971715     -90.001747     -13.293695      89.994583     172.653519      80.419098      82.319511     267.886017      77.361046     -89.048592       2.828691       0.590828      -0.920042     176.543228      89.510704       5.036885      -1.223630       0.933862       1.896732    -197.459106      82.010429      79.246109    -271.057678     -19.777777     -90.172821      23.054428      -0.147537      -1.181126     -24.180220     -84.395836     153.604446       1.925644       0.447617      -5.867044
      -6.757030       5.872799     -38.220367    -118.095512     -10.671124      25.732761     165.444260     -85.845818     238.493027      -0.916539      -3.408911      -9.167214      -0.482524      -3.788803     -15.675974       0.076328      -1.145562       2.292286      -0.243279      -0.719359       1.291226      90.778992       2.677810     -83.234116     -79.540955      48.562103      91.007530     180.069153      56.867962    -180.149460     -81.048317       3.057681      -0.351049       0.741234      -3.731679     -34.345520     -90.001472     -13.321343      89.994286     -91.143173      -2.787659     -83.059174      88.073921     -50.173069     101.775856     179.937180     -54.623039     179.871628      81.045677      -3.052235      -0.330245      -1.149508       3.563240     -12.047517     -90.001732     -13.295247      89.994583     172.642487      80.528061      82.169601     267.885590      77.356949     -89.047256       3.045206       0.589942      -0.920730     176.999924      89.515213       4.599390      -1.212980       0.910541       1.945681    -198.837097      82.043190      80.865166    -271.041534     -19.804483     -90.170197      23.023859      -0.179696      -1.156863     -24.075798     -84.470367     154.005753       1.908898       0.433919      -5.751070
      -6.799680       5.864647     -38.192944    -117.950989     -10.999940      25.409491     163.593475     -85.999168     236.539948      -0.804245      -3.512303      -9.141424      -0.362679      -3.842771     -15.657488       0.074549      -1.149482       2.282569      -0.236077      -0.723984       1.281300      90.678879       2.665987     -83.287178     -79.475906      48.628464      91.294296     180.068802      56.796276    -180.149429     -81.042442       3.057651      -0.351508       1.057617      -2.813833     -34.731251     -90.001472     -13.320613      89.994308     -91.088509      -2.788054     -83.084473      88.021797     -50.128551     101.737099     179.937302     -54.547478     179.871826      81.046799      -3.052164      -0.330271      -1.113163       3.872474     -12.118566     -90.001717     -13.296665      89.994583     172.637939      80.640160      82.011948     267.884613      77.354912     -89.045807       3.255847       0.588201      -0.921375     177.419312      89.523834       4.196923      -1.202299       0.890294       1.993429    -200.372421      82.070679      82.634636    -271.046143     -19.832188     -90.171219      22.996635      -0.209519      -1.134767     -24.013229     -84.551094     154.361221       1.892725       0.423344      -5.635481
      -6.839026       5.856925     -38.167259    -117.805870     -11.320639      25.113533     161.699387     -86.146652     234.552200      -0.692655      -3.600693      -9.113960      -0.244889      -3.894299     -15.639053       0.074011      -1.153378       2.274917      -0.228861      -0.728461       1.272351      90.594521       2.655971     -83.333221     -79.428185      48.685276      91.563751     180.068512      56.729179    -180.149368     -81.037567       3.057625      -0.351812       1.376130      -1.878494     -35.136570     -90.001480     -13.319943      89.994316     -91.032188      -2.788789     -83.110214      87.969963     -50.088364     101.696480     179.937439     -54.478142     179.871918      81.047501      -3.052174      -0.330322      -1.081130       4.165914     -12.178483     -90.001709     -13.297965      89.994583     172.712204      80.757370      81.779053     267.812469      77.349762     -89.012589       3.460920       0.585567      -0.921935     177.799057      89.536201       3.833035      -1.191701       0.872713       2.040774    -201.956940      82.088646      84.449959    -271.104401     -19.863550     -90.181580      22.971338      -0.236383      -1.113711     -23.976812     -84.634621     154.688324       1.877064       0.414545      -5.519673
      -6.876517       5.849360     -38.142532    -117.679832     -11.598009      24.818800     159.649673     -86.276642     232.414993      -0.594087      -3.694566      -9.086161      -0.138872      -3.946346     -15.617026       0.073660      -1.157387       2.267269      -0.221741      -0.732650       1.264109      90.520546       2.646822     -83.374458     -79.390556      48.733921      91.812363     180.068298      56.665802    -180.149231     -81.033508       3.057587      -0.352016       1.698172      -0.931538     -35.546867     -90.001472     -13.319339      89.994331     -90.980049      -2.789844     -83.134171      87.918808     -50.051872     101.655533     179.937592     -54.415394     179.871918      81.048103      -3.052219      -0.330412      -1.050527       4.448482     -12.222830     -90.001717     -13.299164      89.994576     172.754593      80.853218      81.587044     267.852692      77.351608     -89.030090       3.660326       0.583371      -0.922559     178.175110      89.546631       3.472373      -1.181271       0.855370       2.088079    -203.557571      82.103317      86.264862    -271.141418     -19.886929     -90.188416      22.948004      -0.263023      -1.095622     -23.993433     -84.728958     154.958557       1.861395       0.410596      -5.404097
      -6.911681       5.841712     -38.119091    -117.557243     -11.864254      24.543339     157.546799     -86.397560     230.230377      -0.500108      -3.778331      -9.059618      -0.037849      -3.996109     -15.595819       0.073681      -1.161328       2.262006      -0.214692      -0.736561       1.257095      90.456596       2.638545     -83.410843     -79.363503      48.775753      92.043442     180.068115      56.605751    -180.149063     -81.030197       3.057529      -0.352112       2.022259       0.017500     -35.949387     -90.001472     -13.318793      89.994331     -90.929436      -2.791411     -83.157433      87.868835     -50.018730     101.614113     179.937729     -54.358440     179.871811      81.048531      -3.052295      -0.330519      -1.022257       4.721034     -12.250597     -90.001724     -13.300251      89.994568     172.813889      80.947472      81.382530     267.869720      77.352356     -89.037247       3.854322       0.580851      -0.923101     178.544510      89.557037       3.117408      -1.170866       0.837819       2.134974    -205.112610      82.109711      88.023811    -271.195648     -19.909906     -90.198196      22.926439      -0.287785      -1.078659     -24.030624     -84.825722     155.204407       1.845996       0.408445      -5.288832
      -6.944600       5.833954     -38.096851    -117.439369     -12.117496      24.286030     155.400146     -86.508995     228.006760      -0.411943      -3.853344      -9.034826       0.056455      -4.043541     -15.576038       0.073713      -1.165222       2.257896      -0.207736      -0.740190       1.250829      90.400124       2.630773     -83.443535     -79.343880      48.811794      92.256699     180.067917      56.548538    -180.148865     -81.027550       3.057459      -0.352112       2.348107       0.964433     -36.338436     -90.001472     -13.318280      89.994347     -90.882217      -2.793432     -83.179222      87.820007     -49.988346     101.572792     179.937851     -54.307106     179.871674      81.048874      -3.052382      -0.330627      -0.995319       4.986262     -12.262236     -90.001724     -13.301250      89.994560     172.887909      81.036446      81.168556     267.876648      77.352470     -89.039955       4.043105       0.578135      -0.923622     178.898239      89.568092       2.777311      -1.160575       0.821167       2.181510    -206.605225      82.109695      89.707085    -271.263824     -19.931181     -90.210381      22.906612      -0.310898      -1.062825     -24.082838     -84.923981     155.431259       1.830784       0.407526      -5.173877
      -6.975666       5.826719     -38.075794    -117.327843     -12.351191      24.044147     153.212250     -86.610428     225.746994      -0.330168      -3.923316      -9.008158       0.141839      -4.089415     -15.556968       0.073541      -1.169135       2.252542      -0.200923      -0.743514       1.244577      90.349350       2.623107     -83.473335     -79.328804      48.842850      92.452049     180.067764      56.493759    -180.148605     -81.025475       3.057365      -0.352062       2.675097       1.906281     -36.713707     -90.001472     -13.317821      89.994362     -90.840019      -2.795725     -83.198784      87.771370     -49.960049     101.531487     179.937943     -54.261284     179.871475      81.049202      -3.052495      -0.330764      -0.968697       5.245512     -12.259673     -90.001709     -13.302170      89.994576     172.995850      81.123360      80.928421     267.878540      77.354439     -89.040321       4.226721       0.575050      -0.924105     179.245712      89.580284       2.442528      -1.150326       0.805733       2.227587    -208.029510      82.098076      91.307968    -271.289063     -19.950533     -90.214806      22.888786      -0.335829      -1.043849     -24.219976     -85.040031     155.567902       1.815244       0.412958      -5.059873
      -7.005339       5.820414     -38.055775    -117.222946     -12.567614      23.817291     151.011963     -86.703407     223.480774      -0.254158      -3.988246      -8.979548       0.220120      -4.134829     -15.539304       0.073326      -1.173000       2.246236      -0.194221      -0.746595       1.238380      90.303749       2.615584     -83.500526     -79.318184      48.869923      92.631409     180.067627      56.441067    -180.148361     -81.023949       3.057284      -0.351922       3.002063       2.839386     -37.073097     -90.001472     -13.317384      89.994354     -90.801903      -2.798338     -83.216454      87.722626     -49.933407     101.489876     179.938034     -54.220612     179.871231      81.049507      -3.052608      -0.330917      -0.942731       5.498348     -12.243812     -90.001701     -13.303004      89.994560     173.151489      81.205353      80.650398     267.878937      77.358398     -89.040016       4.405278       0.571734      -0.924578     179.577576      89.592781       2.122726      -1.140231       0.791195       2.273336    -209.339676      82.080948      92.782997    -271.275574     -19.968178     -90.212341      22.872063      -0.359513      -1.023000     -24.361376     -85.151863     155.696304       1.800479       0.419951      -4.946605
      -7.032870       5.814941     -38.037167    -117.124687     -12.768784      23.607769     148.801102     -86.788147     221.209534      -0.183419      -4.046490      -8.949556       0.291906      -4.178227     -15.522565       0.073054      -1.176724       2.239538      -0.187638      -0.749396       1.232414      90.262619       2.608265     -83.525391     -79.311501      48.893585      92.796150     180.067505      56.390373    -180.148071     -81.022842       3.057194      -0.351748       3.328732       3.761865     -37.414433     -90.001472     -13.316984      89.994354     -90.767319      -2.801272     -83.232452      87.674217     -49.908337     101.448273     179.938095     -54.184547     179.870972      81.049789      -3.052733      -0.331069      -0.917646       5.744851     -12.215995     -90.001717     -13.303773      89.994545     173.308136      81.281303      80.381447     267.878571      77.363907     -89.039391       4.578879       0.568419      -0.925013     179.905670      89.604393       1.806081      -1.130231       0.776546       2.318781    -210.541870      82.061867      94.138756    -271.270630     -19.984545     -90.211456      22.856861      -0.381940      -1.001673     -24.466080     -85.254227     155.857162       1.785928       0.423071      -4.833471
      -7.058076       5.810177     -38.020134    -117.031410     -12.958684      23.418772     146.604919     -86.866516     218.958313      -0.116921      -4.095894      -8.918376       0.358186      -4.219078     -15.506779       0.072753      -1.180196       2.232919      -0.181160      -0.751909       1.226780      90.225739       2.601209     -83.547943     -79.307899      48.913643      92.947655     180.067383      56.341805    -180.147827     -81.022034       3.057130      -0.351576       3.651924       4.655492     -37.730297     -90.001472     -13.316622      89.994362     -90.735619      -2.804448     -83.247093      87.626503     -49.884880     101.406898     179.938156     -54.152565     179.870697      81.050034      -3.052875      -0.331215      -0.893707       5.985096     -12.177425     -90.001701     -13.304467      89.994560     173.487244      81.355247      80.100021     267.851563      77.369934     -89.026718       4.747693       0.564874      -0.925417     180.225357      89.616547       1.497384      -1.120327       0.762559       2.363981    -211.630539      82.038902      95.370392    -271.268860     -20.001007     -90.211098      22.843151      -0.403955      -0.978557     -24.576143     -85.355843     156.007767       1.771509       0.426305      -4.720961
      -7.081289       5.805799     -38.004463    -116.949501     -13.125587      23.240515     144.394028     -86.934006     216.696655      -0.058303      -4.143698      -8.886815       0.416869      -4.258197     -15.489676       0.072426      -1.183064       2.226192      -0.174806      -0.753944       1.221301      90.193222       2.594819     -83.567688     -79.302254      48.926311      93.084991     180.067215      56.297180    -180.147736     -81.020790       3.057221      -0.351541       3.943196       5.378069     -37.975082     -90.001472     -13.316282      89.994408     -90.707779      -2.807305     -83.260071      87.583099     -49.864288     101.369148     179.938217     -54.123100     179.870560      81.050194      -3.052980      -0.331310      -0.870682       6.219402     -12.136474     -90.001694     -13.305116      89.994576     173.622009      81.417282      79.873779     267.866821      77.379745     -89.033119       4.911741       0.561652      -0.925839     180.540909      89.627098       1.192543      -1.110542       0.748365       2.409077    -212.620071      82.017616      96.489250    -271.268127     -20.013525     -90.211052      22.830830      -0.425447      -0.956238     -24.676985     -85.454460     156.162292       1.757142       0.428726      -4.609194
      -7.102194       5.801818     -37.990364    -116.872337     -13.282417      23.080587     142.201935     -86.995125     214.458038      -0.003324      -4.183650      -8.854608       0.471235      -4.294049     -15.471833       0.072181      -1.185601       2.220074      -0.168545      -0.755704       1.216087      90.165001       2.589367     -83.584946     -79.295929      48.934643      93.208733     180.067062      56.256950    -180.147736     -81.019455       3.057294      -0.351599       4.187334       5.921385     -38.154690     -90.001472     -13.315992      89.994408     -90.682480      -2.809649     -83.271973      87.545296     -49.846672     101.336151     179.938293     -54.094902     179.870529      81.050308      -3.053028      -0.331324      -0.848198       6.449991     -12.097613     -90.001709     -13.305704      89.994553     173.724777      81.474503      79.687721     267.872498      77.390236     -89.035217       5.071177       0.558482      -0.926239     180.848404      89.637024       0.895255      -1.100847       0.733969       2.453862    -213.513443      81.998917      97.501785    -271.300171     -20.025879     -90.216873      22.819782      -0.444652      -0.935702     -24.738014     -85.543167     156.351440       1.743162       0.428596      -4.498218
      -7.121492       5.798202     -37.977516    -116.803185     -13.422848      22.933029     140.038132     -87.048462     212.251602       0.045777      -4.220217      -8.822107       0.520397      -4.327987     -15.452774       0.071870      -1.188005       2.214298      -0.162398      -0.757279       1.211050      90.139915       2.584757     -83.600418     -79.289108      48.939880      93.319725     180.066925      56.220776    -180.147736     -81.018150       3.057349      -0.351708       4.388139       6.325738     -38.289875     -90.001480     -13.315732      89.994400     -90.660301      -2.811506     -83.282562      87.512901     -49.831783     101.307938     179.938370     -54.068012     179.870590      81.050423      -3.053011      -0.331263      -0.825863       6.678483     -12.059175     -90.001694     -13.306238      89.994560     173.841766      81.530800      79.497078     267.873383      77.402992     -89.034927       5.226197       0.555075      -0.926634     181.164017      89.647888       0.589546      -1.091182       0.720603       2.498510    -214.305206      81.973053      98.401527    -271.280579     -20.036354     -90.213409      22.809984      -0.467413      -0.910299     -24.908024     -85.653244     156.425751       1.728539       0.435619      -4.388539
      -7.139105       5.794895     -37.965889    -116.739159     -13.552487      22.800350     137.921082     -87.096352     210.095413       0.090756      -4.251092      -8.789489       0.565845      -4.359713     -15.432714       0.071639      -1.190227       2.209196      -0.156337      -0.758690       1.206215      90.117989       2.580930     -83.614052     -79.282753      48.942661      93.420021     180.066818      56.188297    -180.147781     -81.016899       3.057405      -0.351842       4.551706       6.625451     -38.394989     -90.001480     -13.315483      89.994400     -90.640327      -2.812892     -83.292213      87.485161     -49.819275     101.283737     179.938431     -54.042324     179.870697      81.050499      -3.053039      -0.331202      -0.803949       6.905278     -12.019362     -90.001717     -13.306726      89.994545     173.948730      81.580612      79.324005     267.873260      77.416557     -89.034279       5.376829       0.551776      -0.927040     181.464371      89.658218       0.298673      -1.081677       0.707475       2.542903    -215.001755      81.951225      99.196617    -271.272644     -20.046070     -90.212051      22.801273      -0.487453      -0.886961     -25.027090     -85.750450     156.545898       1.714488       0.439742      -4.279702
      -7.154893       5.791901     -37.955498    -116.678452     -13.674850      22.684319     135.863464     -87.140305     208.002136       0.132449      -4.274777      -8.757109       0.608110      -4.388776     -15.412342       0.071430      -1.192303       2.204901      -0.150380      -0.759942       1.201626      90.098877       2.577831     -83.625977     -79.277107      48.943417      93.510880     180.066727      56.159122    -180.147858     -81.015678       3.057428      -0.351971       4.684296       6.847334     -38.478973     -90.001480     -13.315261      89.994392     -90.622345      -2.813951     -83.301003      87.461670     -49.808910     101.263153     179.938507     -54.017883     179.870834      81.050560      -3.052994      -0.331110      -0.782592       7.130579     -11.976830     -90.001709     -13.307170      89.994545     174.067688      81.628296      79.145767     267.849304      77.429878     -89.022804       5.523288       0.548388      -0.927442     181.759109      89.668739       0.012931      -1.072279       0.694779       2.587003    -215.607819      81.929657      99.892906    -271.269928     -20.056034     -90.211571      22.793531      -0.506575      -0.863503     -25.138693     -85.844879     156.668427       1.700518       0.443111      -4.171755
      -7.169598       5.788446     -37.945251    -116.622063     -13.786908      22.573740     133.884949     -87.175690     205.987839       0.164264      -4.296843      -8.732073       0.638671      -4.416117     -15.401567       0.071830      -1.191952       2.209412      -0.144482      -0.759856       1.200414      90.084023       2.576120     -83.635368     -79.277992      48.943184      93.597809     180.066620      56.133083    -180.147919     -81.014542       3.057472      -0.352120       4.790540       7.013133     -38.536816     -90.001472     -13.315028      89.994392     -90.600830      -2.815185     -83.311508      87.444115     -49.800911     101.246056     179.938583     -53.993767     179.871002      81.050415      -3.052985      -0.331007      -0.764753       7.352569     -11.925285     -90.001724     -13.307588      89.994537     174.151108      81.661789      79.004623     267.862427      77.442284     -89.028336       5.665723       0.545533      -0.927895     182.024094      89.677200      -0.243177      -1.063093       0.681512       2.631023    -216.106796      81.912575     100.470245    -271.268707     -20.061317     -90.211464      22.787003      -0.525099      -0.841487     -25.239653     -85.936897     156.795807       1.686476       0.445857      -4.064917
      -7.183059       5.784865     -37.935570    -116.568436     -13.893364      22.473698     131.962677     -87.207016     204.031586       0.193637      -4.314653      -8.709122       0.665772      -4.441216     -15.392691       0.071641      -1.191674       2.209228      -0.138742      -0.759643       1.197967      90.070152       2.574378     -83.643990     -79.275085      48.940952      93.673706     180.066528      56.109627    -180.147980     -81.013420       3.057518      -0.352272       4.877357       7.137323     -38.587364     -90.001480     -13.314868      89.994377     -90.585289      -2.815877     -83.319313      87.428497     -49.794273     101.231590     179.938644     -53.971485     179.871140      81.050392      -3.052936      -0.330939      -0.745337       7.576022     -11.870914     -90.001724     -13.307962      89.994545     174.214188      81.693939      78.886917     267.867157      77.453407     -89.030067       5.804272       0.542688      -0.928311     182.288330      89.685120      -0.498991      -1.053951       0.668007       2.674707    -216.536087      81.897034     100.970612    -271.268250     -20.065119     -90.211479      22.781200      -0.542898      -0.819866     -25.339582     -86.027496     156.918777       1.672494       0.448663      -3.959217
      -7.195374       5.781331     -37.926533    -116.518257     -13.992977      22.382969     130.098526     -87.234329     202.135635       0.220482      -4.329169      -8.687390       0.689774      -4.464242     -15.384625       0.071310      -1.191293       2.206697      -0.133126      -0.759281       1.194960      90.057526       2.572764     -83.651802     -79.271034      48.937511      93.741394     180.066452      56.088436    -180.148010     -81.012337       3.057559      -0.352408       4.947278       7.228526     -38.634312     -90.001480     -13.314677      89.994377     -90.573181      -2.816118     -83.325531      87.414627     -49.788658     101.219337     179.938675     -53.950718     179.871277      81.050423      -3.052895      -0.330871      -0.725550       7.799243     -11.813631     -90.001732     -13.308320      89.994545     174.260345      81.723755      78.790123     267.868774      77.464142     -89.030334       5.939003       0.539868      -0.928728     182.549667      89.693054      -0.752321      -1.044892       0.654899       2.718109    -216.909897      81.883118     101.409065    -271.268158     -20.067783     -90.211540      22.776037      -0.559862      -0.798935     -25.434258     -86.115860     157.042084       1.658605       0.451193      -3.854469
      -7.206185       5.778068     -37.918514    -116.471565     -14.085717      22.302444     128.288330     -87.257507     200.296188       0.245156      -4.339893      -8.665680       0.711650      -4.484323     -15.374981       0.071657      -1.190420       2.205026      -0.127553      -0.758766       1.191857      90.046715       2.571640     -83.658592     -79.269791      48.933571      93.804787     180.066391      56.069149    -180.148087     -81.011436       3.057588      -0.352515       5.002130       7.292799     -38.679775     -90.001472     -13.314524      89.994377     -90.560997      -2.816010     -83.331543      87.402084     -49.783539     101.208649     179.938736     -53.931004     179.871399      81.050377      -3.052867      -0.330797      -0.707222       8.020725     -11.752825     -90.001717     -13.308636      89.994553     174.272629      81.750534      78.732285     267.868774      77.475304     -89.029907       6.069958       0.537142      -0.929144     182.808304      89.700775      -1.003279      -1.035910       0.642001       2.761220    -217.251831      81.871574     101.810020    -271.292694     -20.070324     -90.215973      22.771427      -0.575720      -0.779787     -25.507425     -86.200020     157.182434       1.644711       0.451730      -3.750430
      -7.216484       5.774932     -37.910873    -116.426285     -14.175104      22.231194     126.560631     -87.279549     198.541153       0.267770      -4.346920      -8.645353       0.731335      -4.503586     -15.367290       0.071390      -1.189777       2.203047      -0.122115      -0.758203       1.189373      90.037422       2.570634     -83.664391     -79.267326      48.928852      93.861168     180.066330      56.051800    -180.148117     -81.010483       3.057613      -0.352624       5.046265       7.340093     -38.719109     -90.001480     -13.314378      89.994377     -90.551315      -2.815937     -83.336601      87.391846     -49.779831     101.199600     179.938766     -53.912701     179.871521      81.050392      -3.052829      -0.330741      -0.688797       8.240621     -11.687235     -90.001762     -13.308927      89.994553     174.337921      81.778809      78.624672     267.841949      77.485291     -89.017326       6.197347       0.534123      -0.929563     183.067673      89.709724      -1.255208      -1.027044       0.630275       2.804135    -217.524292      81.857513     102.136681    -271.277557     -20.072775     -90.213264      22.767475      -0.591781      -0.758630     -25.639248     -86.291107     157.259064       1.631026       0.457241      -3.647697
      -7.226020       5.771784     -37.903629    -116.387260     -14.251484      22.161930     124.895554     -87.295639     196.850235       0.286114      -4.355570      -8.626127       0.747241      -4.521591     -15.358843       0.071084      -1.188982       2.200205      -0.116784      -0.757521       1.186691      90.028870       2.569753     -83.669670     -79.264610      48.923698      93.911880     180.066238      56.035988    -180.148132     -81.009628       3.057647      -0.352726       5.081757       7.373992     -38.756294     -90.001465     -13.314229      89.994377     -90.543900      -2.815667     -83.340569      87.382988     -49.776627     101.192146     179.938828     -53.895737     179.871643      81.050407      -3.052797      -0.330690      -0.669653       8.460861     -11.616920     -90.001816     -13.309194      89.994537     174.350906      81.797829      78.573357     267.856934      77.496887     -89.023727       6.321136       0.531584      -0.929993     183.303940      89.716499      -1.484405      -1.018287       0.617876       2.846803    -217.767883      81.849060     102.427834    -271.271759     -20.072079     -90.212349      22.764025      -0.606154      -0.740624     -25.709259     -86.371582     157.392914       1.617442       0.458464      -3.545681
      -7.234549       5.769014     -37.897270    -116.352112     -14.320720      22.100767     123.266800     -87.309616     195.198853       0.305878      -4.362025      -8.603979       0.766184      -4.537401     -15.343407       0.069721      -1.190254       2.189120      -0.111635      -0.757811       1.181429      90.019661       2.568254     -83.675186     -79.255455      48.917339      93.952614     180.066177      56.021496    -180.148148     -81.008713       3.057667      -0.352812       5.110234       7.399477     -38.799088     -90.001457     -13.314099      89.994377     -90.543701      -2.814917     -83.341278      87.373177     -49.773979     101.185165     179.938828     -53.880939     179.871735      81.050667      -3.052772      -0.330685      -0.647503       8.683285     -11.546104     -90.001862     -13.309447      89.994514     174.341599      81.819496      78.549652     267.862701      77.509499     -89.025803       6.441428       0.528985      -0.930371     183.555115      89.723083      -1.728872      -1.009504       0.605390       2.889055    -218.000946      81.841225     102.705582    -271.269318     -20.071751     -90.211998      22.760849      -0.619707      -0.723530     -25.775751     -86.450340     157.525894       1.603945       0.459410      -3.444557
      -7.242583       5.766103     -37.890919    -116.314514     -14.392230      22.044857     121.755760     -87.320915     193.664444       0.319043      -4.364874      -8.588662       0.775523      -4.552247     -15.340120       0.070768      -1.187087       2.195731      -0.106370      -0.756006       1.181893      90.015816       2.568505     -83.677887     -79.261971      48.913227      94.001251     180.066147      56.008560    -180.148132     -81.008087       3.057671      -0.352897       5.128865       7.414499     -38.825432     -90.001465     -13.313994      89.994362     -90.530281      -2.815004     -83.347786      87.369011     -49.771816     101.180351     179.938904     -53.864986     179.871811      81.050377      -3.052773      -0.330618      -0.634050       8.898812     -11.463942     -90.001884     -13.309682      89.994530     174.342178      81.834457      78.514336     267.864441      77.519669     -89.026215       6.558471       0.526532      -0.930811     183.775726      89.729660      -1.942972      -1.000941       0.593294       2.931188    -218.166077      81.834183     102.910332    -271.268616     -20.070898     -90.211945      22.758537      -0.632966      -0.706663     -25.854092     -86.530113     157.642242       1.590424       0.461177      -3.344466
      -7.249901       5.763331     -37.885075    -116.280777     -14.457050      21.994566     120.285851     -87.330452     192.173523       0.333237      -4.366742      -8.571927       0.786939      -4.565449     -15.332361       0.070390      -1.186024       2.192571      -0.101319      -0.755124       1.179374      90.010056       2.568068     -83.681343     -79.260223      48.907398      94.039375     180.066101      55.996483    -180.148163     -81.007446       3.057688      -0.352942       5.145882       7.426081     -38.857288     -90.001465     -13.313884      89.994362     -90.526062      -2.814563     -83.350189      87.362923     -49.770214     101.175377     179.938934     -53.851334     179.871902      81.050423      -3.052755      -0.330593      -0.616879       9.116887     -11.380021     -90.001892     -13.309875      89.994522     174.327637      81.850494      78.498070     267.864380      77.530151     -89.025803       6.672266       0.524074      -0.931204     184.006058      89.735924      -2.167042      -0.992384       0.581331       2.972966    -218.324997      81.828423     103.106079    -271.268250     -20.069410     -90.211952      22.756376      -0.645313      -0.690900     -25.922821     -86.607071     157.763962       1.577047       0.462473      -3.245258
      -7.255871       5.760813     -37.880013    -116.245110     -14.525680      21.956860     118.870903     -87.340935     190.739334       0.348498      -4.361773      -8.555760       0.798345      -4.575713     -15.325525       0.070090      -1.184885       2.189915      -0.096355      -0.754199       1.177057      90.005135       2.567725     -83.684341     -79.259377      48.901798      94.074562     180.066040      55.985439    -180.148178     -81.006805       3.057710      -0.352997       5.159232       7.432841     -38.886127     -90.001472     -13.313795      89.994354     -90.521881      -2.814099     -83.352516      87.357727     -49.768799     101.171181     179.938950     -53.838566     179.871964      81.050423      -3.052722      -0.330566      -0.600834       9.333755     -11.292563     -90.001900     -13.310059      89.994514     174.324005      81.868980      78.472672     267.823334      77.538269     -89.006805       6.782940       0.521461      -0.931584     184.244949      89.742981      -2.400192      -0.983897       0.569918       3.014372    -218.473160      81.822845     103.289520    -271.305054     -20.070360     -90.218460      22.754517      -0.656393      -0.676336     -25.969305     -86.680161     157.904099       1.563698       0.461756      -3.146700
      -7.262274       5.758234     -37.874817    -116.218567     -14.574912      21.911842     117.540604     -87.344925     189.390732       0.357789      -4.364651      -8.540256       0.805866      -4.587069     -15.316487       0.069896      -1.183631       2.186887      -0.091456      -0.753232       1.174611      90.000557       2.567428     -83.687134     -79.258499      48.896355      94.106316     180.066010      55.975277    -180.148178     -81.006218       3.057707      -0.353057       5.170284       7.436028     -38.912720     -90.001472     -13.313720      89.994362     -90.518684      -2.813578     -83.354301      87.353035     -49.767452     101.167694     179.938980     -53.826786     179.872025      81.050392      -3.052709      -0.330545      -0.585386       9.549900     -11.201407     -90.001907     -13.310231      89.994522     174.303009      81.878235      78.468933     267.847504      77.550247     -89.017334       6.890479       0.519210      -0.932020     184.457428      89.748924      -2.606682      -0.975565       0.558824       3.055793    -218.595795      81.818344     103.441200    -271.282684     -20.066185     -90.214584      22.752977      -0.668092      -0.661968     -26.077240     -86.759949     157.978149       1.550486       0.466071      -3.049390
      -7.268228       5.755654     -37.869812    -116.191269     -14.625917      21.872440     116.260681     -87.348839     188.093567       0.367960      -4.364553      -8.525904       0.813555      -4.597309     -15.309093       0.068907      -1.182797       2.181997      -0.086731      -0.752318       1.172223      89.996468       2.566873     -83.689583     -79.254890      48.890846      94.132790     180.065964      55.966095    -180.148178     -81.005615       3.057705      -0.353094       5.179469       7.437464     -38.937229     -90.001465     -13.313633      89.994362     -90.518303      -2.813215     -83.354973      87.349648     -49.766941     101.165031     179.938980     -53.816185     179.872070      81.050537      -3.052702      -0.330548      -0.569751       9.765054     -11.107401     -90.001915     -13.310393      89.994514     174.270950      81.888947      78.476273     267.856812      77.560486     -89.021187       6.995049       0.517013      -0.932393     184.663528      89.753738      -2.807391      -0.967233       0.546888       3.096747    -218.700317      81.815697     103.573593    -271.273651     -20.062468     -90.213058      22.751684      -0.678306      -0.648998     -26.129522     -86.830940     158.103714       1.537439       0.466867      -2.952892
      -7.273636       5.753305     -37.865234    -116.164894     -14.674673      21.837578     115.036873     -87.351723     186.853958       0.377624      -4.362842      -8.511651       0.820795      -4.606103     -15.300949       0.068648      -1.181556       2.178338      -0.082013      -0.751335       1.169732      89.993050       2.566555     -83.691650     -79.253983      48.885712      94.158844     180.065964      55.957520    -180.148193     -81.005150       3.057721      -0.353138       5.186951       7.436096     -38.961441     -90.001465     -13.313557      89.994370     -90.516373      -2.812719     -83.356133      87.346001     -49.765999     101.162445     179.939011     -53.806099     179.872116      81.050491      -3.052701      -0.330534      -0.555693       9.978999     -11.009903     -90.001915     -13.310542      89.994530     174.232803      81.899681      78.491737     267.859741      77.570641     -89.022049       7.096719       0.514805      -0.932766     184.872940      89.758873      -3.011592      -0.958968       0.535411       3.137391    -218.797226      81.813179     103.696770    -271.270081     -20.059229     -90.212494      22.750578      -0.687887      -0.636764     -26.174953     -86.900055     158.232498       1.524458       0.467085      -2.857132
      -7.278736       5.750921     -37.860699    -116.137749     -14.723867      21.805668     113.893967     -87.353531     185.695160       0.384307      -4.359484      -8.500915       0.823571      -4.614214     -15.298761       0.069407      -1.178306       2.182649      -0.077296      -0.749390       1.169896      89.992035       2.566871     -83.692520     -79.259506      48.882027      94.187416     180.065933      55.949833    -180.148163     -81.004829       3.057703      -0.353159       5.191800       7.431988     -38.976601     -90.001465     -13.313492      89.994354     -90.508865      -2.812807     -83.359718      87.345818     -49.765278     101.161499     179.939072     -53.795792     179.872162      81.050262      -3.052694      -0.330502      -0.545979      10.189130     -10.906356     -90.001923     -13.310672      89.994537     174.199890      81.907310      78.501389     267.860596      77.579414     -89.022141       7.195617       0.512685      -0.933161     185.066666      89.763969      -3.200302      -0.950841       0.524240       3.177840    -218.867111      81.811096     103.790359    -271.268738     -20.055666     -90.212303      22.749868      -0.697136      -0.624958     -26.226990     -86.969170     158.350708       1.511516       0.467731      -2.762249
      -7.283356       5.748750     -37.856598    -116.113731     -14.767514      21.777205     112.782440     -87.354424     184.569824       0.392544      -4.356006      -8.488145       0.829236      -4.621036     -15.291221       0.069122      -1.177025       2.178874      -0.072757      -0.748379       1.167429      89.989204       2.566603     -83.694199     -79.258659      48.877251      94.208778     180.065903      55.942516    -180.148163     -81.004501       3.057713      -0.353177       5.197282       7.429267     -38.997120     -90.001472     -13.313426      89.994362     -90.508049      -2.812340     -83.360306      87.343155     -49.764751     101.159729     179.939087     -53.787178     179.872192      81.050316      -3.052670      -0.330501      -0.533426      10.400621     -10.802052     -90.001892     -13.310781      89.994537     174.157181      81.916451      78.524239     267.860413      77.588867     -89.021645       7.291743       0.510553      -0.933526     185.271637      89.768936      -3.400560      -0.942724       0.513266       3.217946    -218.947296      81.809441     103.893066    -271.268433     -20.051996     -90.212296      22.749123      -0.705693      -0.614088     -26.272257     -87.036133     158.472122       1.498717       0.468090      -2.668142
      -7.287144       5.746850     -37.853043    -116.087532     -14.815689      21.758190     111.709518     -87.357407     183.484390       0.402325      -4.347189      -8.475600       0.835842      -4.626016     -15.284275       0.068968      -1.175749       2.176352      -0.068281      -0.747407       1.165395      89.987129       2.566425     -83.695496     -79.259064      48.872993      94.229080     180.065887      55.935776    -180.148163     -81.004189       3.057708      -0.353194       5.201777       7.425642     -39.015285     -90.001472     -13.313369      89.994354     -90.506371      -2.812027     -83.361275      87.341179     -49.764278     101.158257     179.939102     -53.779079     179.872223      81.050278      -3.052673      -0.330491      -0.522279      10.610473     -10.694849     -90.001900     -13.310894      89.994537     174.130844      81.926651      78.531746     267.828064      77.596321     -89.006622       7.385209       0.508344      -0.933881     185.472549      89.774345      -3.596997      -0.934720       0.502714       3.257696    -219.024292      81.810081     103.992500    -271.304138     -20.050671     -90.218628      22.748466      -0.711615      -0.605578     -26.244520     -87.091629     158.663376       1.486406       0.465288      -2.574630
      -7.291184       5.744736     -37.849262    -116.068970     -14.848027      21.731403     110.715675     -87.354759     182.478394       0.407373      -4.345631      -8.464359       0.838959      -4.631667     -15.276830       0.067904      -1.174890       2.171396      -0.063964      -0.746455       1.163183      89.984169       2.566009     -83.697174     -79.255936      48.868561      94.244415     180.065842      55.929577    -180.148163     -81.003807       3.057719      -0.353221       5.206177       7.424511     -39.031223     -90.001472     -13.313311      89.994354     -90.508438      -2.811757     -83.360649      87.339790     -49.764359     101.157455     179.939087     -53.772060     179.872253      81.050438      -3.052663      -0.330501      -0.510490      10.819847     -10.584323     -90.001900     -13.311002      89.994537     174.084854      81.932373      78.561607     267.846313      77.606529     -89.014519       7.476104       0.506387      -0.934239     185.673889      89.778770      -3.793783      -0.926730       0.492196       3.297376    -219.090881      81.806854     104.076591    -271.282288     -20.044582     -90.214836      22.748030      -0.721466      -0.594202     -26.370007     -87.168007     158.697098       1.473330       0.469119      -2.482283
      -7.295152       5.742604     -37.845451    -116.047401     -14.885218      21.708212     109.785599     -87.352959     181.535889       0.410961      -4.341271      -8.456182       0.838962      -4.636721     -15.274907       0.068706      -1.171613       2.175201      -0.059562      -0.744515       1.163267      89.984253       2.566250     -83.697395     -79.261391      48.865982      94.265038     180.065842      55.924007    -180.148117     -81.003609       3.057690      -0.353228       5.208248       7.420691     -39.040306     -90.001457     -13.313255      89.994354     -90.502525      -2.811938     -83.363380      87.341164     -49.763840     101.157967     179.939148     -53.764374     179.872269      81.050217      -3.052681      -0.330468      -0.503734      11.025928     -10.469109     -90.001900     -13.311091      89.994545     174.045319      81.936127      78.583069     267.853363      77.614731     -89.017395       7.564484       0.504506      -0.934609     185.841507      89.782738      -3.957135      -0.918882       0.481403       3.336752    -219.132706      81.806244     104.135101    -271.273468     -20.039351     -90.213333      22.747889      -0.728957      -0.584904     -26.426533     -87.233109     158.796127       1.460801       0.470479      -2.390793
      -7.298723       5.740724     -37.842060    -116.028030     -14.918741      21.688242     108.875069     -87.350937     180.614838       0.416796      -4.336509      -8.445644       0.842529      -4.640609     -15.267527       0.068473      -1.170346       2.171290      -0.055316      -0.743522       1.160874      89.982437       2.566090     -83.698441     -79.261139      48.862103      94.279816     180.065811      55.918571    -180.148117     -81.003426       3.057709      -0.353228       5.211124       7.418692     -39.054604     -90.001465     -13.313209      89.994354     -90.502579      -2.811520     -83.363472      87.339073     -49.763554     101.156715     179.939148     -53.758083     179.872284      81.050293      -3.052671      -0.330454      -0.494436      11.232468     -10.353048     -90.001907     -13.311181      89.994545     173.995331      81.942200      78.617775     267.855957      77.623451     -89.018234       7.650387       0.502594      -0.934945     186.024048      89.786713      -4.135745      -0.911035       0.470834       3.375731    -219.189789      81.806084     104.208771    -271.270020     -20.034544     -90.212761      22.747662      -0.735632      -0.576588     -26.457657     -87.294098     158.917450       1.448410       0.470394      -2.299964
      -7.302061       5.738865     -37.838764    -116.009407     -14.950976      21.670229     108.004562     -87.348648     179.734543       0.422707      -4.331271      -8.435764       0.846033      -4.644039     -15.260901       0.067479      -1.169538       2.166035      -0.051222      -0.742628       1.158658      89.980293       2.565740     -83.699593     -79.258530      48.858261      94.291084     180.065811      55.913601    -180.148132     -81.003174       3.057709      -0.353243       5.214519       7.418353     -39.065823     -90.001450     -13.313169      89.994362     -90.504921      -2.811212     -83.362671      87.337578     -49.763786     101.155785     179.939133     -53.752579     179.872314      81.050476      -3.052653      -0.330461      -0.485129      11.437736     -10.234365     -90.001907     -13.311263      89.994537     173.943878      81.948189      78.654610     267.856567      77.631592     -89.018135       7.733924       0.500723      -0.935268     186.207855      89.790565      -4.315798      -0.903241       0.460444       3.414430    -219.244827      81.806328     104.279503    -271.268921     -20.029535     -90.212608      22.747503      -0.741896      -0.568820     -26.486496     -87.353882     159.037704       1.436110       0.470277      -2.209913
      -7.305058       5.737138     -37.835621    -115.986954     -14.989844      21.658937     107.187363     -87.348923     178.907562       0.427587      -4.321441      -8.428583       0.846717      -4.646680     -15.260145       0.068228      -1.166424       2.169749      -0.047039      -0.740794       1.158857      89.980629       2.566102     -83.699623     -79.264427      48.856327      94.307816     180.065811      55.909168    -180.148117     -81.003174       3.057703      -0.353243       5.216126       7.414297     -39.070698     -90.001465     -13.313142      89.994347     -90.499496      -2.811345     -83.365181      87.339142     -49.763756     101.156349     179.939178     -53.746262     179.872314      81.050423      -3.052650      -0.330431      -0.480838      11.639283     -10.110976     -90.001892     -13.311331      89.994545     173.945190      81.956062      78.637642     267.819702      77.637108     -89.001068       7.815238       0.498627      -0.935600     186.404785      89.795593      -4.508990      -0.895582       0.450874       3.452882    -219.272339      81.804100     104.322594    -271.268494     -20.026566     -90.212471      22.747557      -0.748044      -0.560032     -26.538353     -87.415100     159.131836       1.423903       0.471180      -2.120644
      -7.307597       5.735455     -37.832783    -115.971138     -15.015859      21.644190     106.407883     -87.344879     178.119537       0.431767      -4.316148      -8.419435       0.848690      -4.648148     -15.252456       0.068036      -1.165167       2.165932      -0.043012      -0.739840       1.156533      89.978966       2.565883     -83.700630     -79.264145      48.853497      94.318497     180.065811      55.904842    -180.148117     -81.003090       3.057708      -0.353242       5.218849       7.412761     -39.080704     -90.001465     -13.313112      89.994354     -90.500221      -2.810981     -83.364914      87.338112     -49.763645     101.156006     179.939163     -53.741329     179.872330      81.050568      -3.052641      -0.330427      -0.473868      11.842207      -9.987494     -90.001900     -13.311393      89.994553     173.861023      81.954712      78.709579     267.841705      77.645447     -89.010902       7.894159       0.497185      -0.935952     186.526627      89.798172      -4.627341      -0.888017       0.440468       3.491068    -219.338638      81.810242     104.401649    -271.307190     -20.020727     -90.219498      22.747475      -0.751046      -0.557053     -26.443283     -87.458382     159.370041       1.412172       0.466082      -2.031826
      -7.310357       5.733745     -37.829876    -115.956802     -15.038934      21.628424     105.669716     -87.340057     177.373337       0.435453      -4.312243      -8.410881       0.850424      -4.649807     -15.245577       0.067029      -1.164385       2.160769      -0.039129      -0.738960       1.154410      89.977074       2.565609     -83.701622     -79.261726      48.850353      94.326370     180.065781      55.900848    -180.148117     -81.002937       3.057723      -0.353249       5.221381       7.412141     -39.088871     -90.001465     -13.313081      89.994354     -90.503006      -2.810701     -83.363892      87.337158     -49.764137     101.155441     179.939148     -53.737030     179.872345      81.050835      -3.052642      -0.330427      -0.466968      12.043609      -9.861233     -90.001907     -13.311460      89.994537     173.807541      81.960381      78.751625     267.849609      77.653839     -89.014091       7.970956       0.495405      -0.936241     186.716934      89.801529      -4.814225      -0.880348       0.430351       3.529009    -219.386856      81.807083     104.461716    -271.283600     -20.014265     -90.215347      22.747549      -0.758992      -0.548267     -26.590357     -87.529945     159.362183       1.399611       0.470569      -1.944304
      -7.313181       5.732033     -37.826862    -115.939674     -15.066421      21.615034     104.985817     -87.336479     176.681046       0.437358      -4.306226      -8.405281       0.848928      -4.651264     -15.244219       0.067882      -1.161229       2.164807      -0.035154      -0.737113       1.154710      89.978020       2.565934     -83.701324     -79.267647      48.849178      94.340004     180.065781      55.897385    -180.148087     -81.002945       3.057699      -0.353246       5.221412       7.409143     -39.089939     -90.001465     -13.313063      89.994347     -90.497719      -2.810986     -83.366272      87.339684     -49.764023     101.156776     179.939178     -53.731834     179.872345      81.050682      -3.052648      -0.330409      -0.465177      12.241795      -9.731003     -90.001907     -13.311510      89.994553     173.766632      81.962303      78.779129     267.852539      77.660492     -89.015167       8.045637       0.493737      -0.936578     186.868423      89.804916      -4.962344      -0.872882       0.420596       3.566708    -219.414963      81.807281     104.501221    -271.273987     -20.008482     -90.213669      22.747868      -0.764329      -0.541824     -26.639858     -87.587906     159.448914       1.387684       0.471804      -1.857474
      -7.315687       5.730550     -37.824203    -115.924713     -15.090260      21.603857     104.310974     -87.332817     175.999298       0.441512      -4.300269      -8.397155       0.851110      -4.651817     -15.237201       0.067706      -1.160085       2.161145      -0.031333      -0.736248       1.152474      89.977005       2.565661     -83.701950     -79.267197      48.846878      94.347855     180.065781      55.893986    -180.148087     -81.002869       3.057702      -0.353249       5.223483       7.408235     -39.096336     -90.001457     -13.313036      89.994354     -90.498528      -2.810767     -83.365906      87.339470     -49.763954     101.157013     179.939209     -53.727875     179.872375      81.050789      -3.052649      -0.330408      -0.460673      12.440920      -9.601385     -90.001892     -13.311548      89.994553     173.716599      81.966255      78.818367     267.853333      77.667786     -89.015205       8.118217       0.492074      -0.936873     187.032593      89.808090      -5.123476      -0.865410       0.410884       3.604025    -219.461807      81.807938     104.559715    -271.270294     -20.003067     -90.213058      22.748032      -0.768948      -0.536305     -26.655834     -87.641441     159.566467       1.375889       0.471321      -1.771246
      -7.318042       5.729059     -37.821575    -115.910332     -15.113158      21.593775     103.665504     -87.329102     175.347488       0.445803      -4.294154      -8.389595       0.853321      -4.652139     -15.230960       0.066717      -1.159416       2.156133      -0.027638      -0.735460       1.150455      89.975494       2.565376     -83.702698     -79.264702      48.844193      94.353188     180.065765      55.890804    -180.148102     -81.002724       3.057720      -0.353258       5.225698       7.408196     -39.100960     -90.001457     -13.313018      89.994354     -90.501549      -2.810558     -83.364731      87.339081     -49.764496     101.156898     179.939178     -53.724499     179.872375      81.051010      -3.052636      -0.330410      -0.456198      12.638447      -9.468864     -90.001884     -13.311589      89.994553     173.665634      81.970078      78.858818     267.853607      77.674522     -89.015015       8.188810       0.490463      -0.937153     187.192352      89.811058      -5.280255      -0.857992       0.401257       3.641079    -219.508713      81.808937     104.617699    -271.268860     -19.997379     -90.212845      22.748219      -0.773283      -0.531209     -26.670235     -87.693985     159.682663       1.364178       0.470839      -1.685763
      -7.320105       5.727649     -37.819061    -115.890076     -15.147053      21.591185     103.043098     -87.328987     174.718369       0.450577      -4.282198      -8.384762       0.853780      -4.651488     -15.230639       0.067664      -1.156363       2.160162      -0.023848      -0.733719       1.150832      89.977013       2.565668     -83.702080     -79.270493      48.843487      94.364517     180.065765      55.888153    -180.148071     -81.002762       3.057701      -0.353261       5.225783       7.405587     -39.098717     -90.001465     -13.313009      89.994347     -90.496284      -2.810901     -83.367050      87.341942     -49.764416     101.158478     179.939209     -53.720108     179.872391      81.050850      -3.052642      -0.330383      -0.456838      12.832747      -9.332748     -90.001884     -13.311623      89.994560     173.670776      81.981781      78.840660     267.794739      77.677826     -88.987778       8.257524       0.488618      -0.937186     187.406357      89.812874      -5.491448      -0.850302       0.391082       3.677810    -219.526031      81.805000     104.647278    -271.268219     -19.994541     -90.212616      22.748682      -0.778059      -0.524346     -26.728933     -87.750237     159.751511       1.352449       0.471806      -1.601115
      -7.322165       5.726330     -37.816647    -115.879829     -15.160653      21.580654     102.486786     -87.323685     174.156708       0.451751      -4.278446      -8.377637       0.853823      -4.651145     -15.223544       0.067339      -1.155374       2.156627      -0.020247      -0.732902       1.148710      89.975494       2.565413     -83.702927     -79.269753      48.841629      94.369911     180.065781      55.885338    -180.148071     -81.002655       3.057695      -0.353253       5.228462       7.406662     -39.101509     -90.001457     -13.312984      89.994347     -90.498032      -2.810736     -83.366226      87.342400     -49.764359     101.159378     179.939209     -53.717072     179.872391      81.050934      -3.052625      -0.330384      -0.454542      13.028170      -9.196631     -90.001884     -13.311667      89.994553     173.616776      81.976418      78.887070     267.828735      77.685692     -89.003220       8.324243       0.487173      -0.937748     187.514908      89.817955      -5.597280      -0.843458       0.383296       3.714448    -219.577148      81.809105     104.706749    -271.267914     -19.987324     -90.212685      22.748783      -0.781428      -0.520923     -26.715796     -87.797989     159.890137       1.341032       0.470541      -1.516914
      -7.323810       5.724925     -37.814362    -115.867592     -15.179120      21.573650     101.933411     -87.319061     173.597977       0.455231      -4.272129      -8.371263       0.855203      -4.649641     -15.217235       0.066405      -1.154708       2.151762      -0.016758      -0.732135       1.146767      89.974228       2.565133     -83.703583     -79.267281      48.839409      94.373344     180.065765      55.882786    -180.148087     -81.002571       3.057721      -0.353250       5.230621       7.407808     -39.102993     -90.001465     -13.312977      89.994347     -90.501213      -2.810601     -83.364944      87.342323     -49.764862     101.159515     179.939194     -53.714451     179.872406      81.051140      -3.052612      -0.330385      -0.452515      13.221770      -9.058085     -90.001892     -13.311716      89.994545     173.535675      81.975182      78.959007     267.843353      77.691765     -89.009735       8.389083       0.485962      -0.938025     187.598282      89.819237      -5.678049      -0.836255       0.373211       3.750690    -219.634445      81.814926     104.772858    -271.302216     -19.980906     -90.218887      22.748976      -0.782970      -0.520007     -26.613569     -87.836182     160.114746       1.329905       0.466135      -1.433459
      -7.325787       5.723470     -37.811863    -115.854691     -15.197376      21.564827     101.441017     -87.314018     173.099594       0.455297      -4.266705      -8.367790       0.852232      -4.648303     -15.216155       0.067247      -1.151686       2.155943      -0.013171      -0.730392       1.147193      89.975471       2.565461     -83.703064     -79.272972      48.839073      94.382790     180.065750      55.880630    -180.148041     -81.002586       3.057702      -0.353242       5.229882       7.406429     -39.098049     -90.001465     -13.312964      89.994331     -90.496506      -2.810986     -83.366989      87.345665     -49.764786     101.161552     179.939224     -53.710796     179.872421      81.050949      -3.052621      -0.330364      -0.455493      13.412139      -8.915770     -90.001907     -13.311739      89.994537     173.492950      81.976784      78.991600     267.848541      77.697418     -89.011864       8.452229       0.484495      -0.938300     187.748901      89.821922      -5.826019      -0.829078       0.364036       3.786781    -219.660461      81.812332     104.806427    -271.281189     -19.974041     -90.215172      22.749464      -0.789085      -0.513662     -26.763399     -87.899765     160.084076       1.318019       0.470263      -1.351123
      -7.327665       5.722238     -37.809635    -115.843040     -15.214109      21.558529     100.941589     -87.309929     172.595749       0.458351      -4.260796      -8.361600       0.853647      -4.646550     -15.209588       0.067106      -1.150680       2.152373      -0.009726      -0.729632       1.145086      89.974869       2.565184     -83.703423     -79.272469      48.837631      94.386986     180.065735      55.878399    -180.148041     -81.002548       3.057689      -0.353242       5.231211       7.407490     -39.099194     -90.001465     -13.312940      89.994331     -90.497650      -2.810858     -83.366409      87.345947     -49.764709     101.162178     179.939224     -53.708321     179.872406      81.051010      -3.052611      -0.330369      -0.455767      13.603265      -8.774558     -90.001907     -13.311765      89.994537     173.446762      81.979477      79.029640     267.850220      77.703377     -89.012321       8.513566       0.483043      -0.938565     187.894882      89.824486      -5.969651      -0.821963       0.355100       3.822503    -219.704697      81.812988     104.859261    -271.272949     -19.967981     -90.213745      22.749769      -0.792552      -0.509872     -26.792030     -87.948997     160.172302       1.306807       0.470733      -1.269336
      -7.329339       5.720914     -37.807316    -115.825150     -15.243497      21.559418     100.444740     -87.309898     172.093826       0.462915      -4.248911      -8.358618       0.853864      -4.644514     -15.210676       0.067165      -1.148245       2.154292      -0.006337      -0.728047       1.145489      89.975891       2.565411     -83.702888     -79.275414      48.836784      94.393394     180.065735      55.876579    -180.148026     -81.002548       3.057690      -0.353244       5.230405       7.406966     -39.093842     -90.001472     -13.312930      89.994339     -90.495399      -2.811241     -83.367508      87.348503     -49.765213     101.163399     179.939240     -53.705372     179.872437      81.050980      -3.052614      -0.330346      -0.459268      13.790534      -8.628254     -90.001900     -13.311805      89.994537     173.454544      81.990578      79.010284     267.791077      77.705070     -88.984970       8.573323       0.481413      -0.938552     188.084869      89.825508      -6.157366      -0.814541       0.345324       3.857884    -219.719681      81.809677     104.884422    -271.269775     -19.964424     -90.213058      22.750313      -0.796201      -0.504505     -26.839499     -87.999390     160.238876       1.295579       0.471389      -1.188332
      -7.330984       5.719731     -37.805153    -115.817192     -15.252422      21.552015     100.015266     -87.304626     171.660568       0.463634      -4.245379      -8.353034       0.853407      -4.642540     -15.204387       0.066812      -1.147368       2.149997      -0.003037      -0.727316       1.143194      89.974342       2.565085     -83.703751     -79.274048      48.835403      94.395973     180.065735      55.874538    -180.148041     -81.002487       3.057690      -0.353251       5.232003       7.408890     -39.095348     -90.001472     -13.312927      89.994347     -90.497940      -2.811027     -83.366272      87.348846     -49.765038     101.164429     179.939240     -53.703415     179.872437      81.051071      -3.052618      -0.330347      -0.460587      13.979343      -8.483451     -90.001900     -13.311820      89.994545     173.400864      81.984383      79.057877     267.826538      77.711639     -89.001137       8.631327       0.480157      -0.939084     188.181305      89.830040      -6.251474      -0.807986       0.338050       3.893172    -219.771545      81.814125     104.942688    -271.268738     -19.956667     -90.213005      22.750458      -0.798510      -0.502573     -26.803560     -88.041176     160.387207       1.284649       0.469548      -1.107689
      -7.332511       5.718490     -37.803032    -115.808182     -15.264055      21.546183      99.589104     -87.299759     171.230743       0.466017      -4.240732      -8.347778       0.854118      -4.640115     -15.198453       0.065865      -1.146856       2.144701       0.000152      -0.726651       1.141226      89.973061       2.564774     -83.704361     -79.271179      48.833679      94.397018     180.065704      55.872688    -180.148041     -81.002434       3.057707      -0.353248       5.233270       7.410545     -39.095844     -90.001465     -13.312916      89.994347     -90.501617      -2.810872     -83.364708      87.348663     -49.765484     101.164619     179.939224     -53.701763     179.872452      81.051247      -3.052621      -0.330368      -0.462311      14.165888      -8.336478     -90.001900     -13.311850      89.994537     173.341888      81.984596      79.109825     267.841217      77.717148     -89.007645       8.687696       0.478981      -0.939314     188.273788      89.831253      -6.341918      -0.801019       0.328768       3.928121    -219.819870      81.816170     104.997879    -271.268127     -19.949314     -90.212990      22.750732      -0.801274      -0.500248     -26.798088     -88.085510     160.502075       1.273646       0.468568      -1.027925
      -7.334055       5.717234     -37.800823    -115.796417     -15.280011      21.541586      99.202309     -87.295685     170.839523       0.466438      -4.234443      -8.345311       0.851412      -4.637285     -15.197886       0.066758      -1.143940       2.148927       0.003457      -0.725000       1.141766      89.974602       2.565103     -83.703697     -79.276848      48.833858      94.404564     180.065720      55.871220    -180.148010     -81.002487       3.057694      -0.353244       5.231816       7.409589     -39.089581     -90.001457     -13.312908      89.994339     -90.496933      -2.811281     -83.366707      87.352051     -49.765343     101.166687     179.939255     -53.698963     179.872452      81.051041      -3.052627      -0.330330      -0.469277      14.348862      -8.185870     -90.001892     -13.311866      89.994553     173.294769      81.983978      79.147888     267.846375      77.721245     -89.009880       8.742555       0.477792      -0.939570     188.370819      89.833000      -6.436766      -0.794165       0.319876       3.962833    -219.850037      81.817352     105.034660    -271.267914     -19.942680     -90.212990      22.751225      -0.804208      -0.497515     -26.815882     -88.131104     160.591141       1.262686       0.468426      -0.948929
      -7.335119       5.716203     -37.799038    -115.786217     -15.293912      21.539484      98.807030     -87.291351     170.441162       0.469521      -4.227628      -8.340224       0.852530      -4.633163     -15.191679       0.066705      -1.142861       2.145711       0.006616      -0.724326       1.139807      89.974030       2.564822     -83.704033     -79.276001      48.832821      94.406746     180.065720      55.869564    -180.147995     -81.002457       3.057695      -0.353228       5.232766       7.411500     -39.089550     -90.001457     -13.312881      89.994347     -90.498009      -2.811195     -83.366226      87.352371     -49.765755     101.166931     179.939255     -53.697445     179.872452      81.051018      -3.052613      -0.330343      -0.474389      14.521783      -8.041762     -90.001900     -13.311882      89.994553     173.225235      81.985275      79.210571     267.848389      77.725822     -89.010582       8.795870       0.476616      -0.939795     188.488312      89.834724      -6.552391      -0.787305       0.311107       3.997184    -219.909241      81.819374     105.101067    -271.288727     -19.936726     -90.216736      22.751516      -0.806529      -0.496009     -26.792370     -88.172775     160.719574       1.251825       0.466472      -0.870441
      -7.336586       5.715128     -37.797054    -115.777008     -15.305914      21.536201      98.431511     -87.287529     170.062805       0.472370      -4.222106      -8.335404       0.853765      -4.630084     -15.186226       0.065967      -1.142092       2.141396       0.009664      -0.723753       1.138047      89.972832       2.564468     -83.704597     -79.272400      48.831226      94.406342     180.065704      55.868103    -180.148041     -81.002396       3.057705      -0.353240       5.233988       7.413495     -39.088867     -90.001465     -13.312882      89.994339     -90.501030      -2.811029     -83.365112      87.352196     -49.767273     101.166298     179.939240     -53.696579     179.872528      81.051117      -3.052573      -0.330374      -0.479823      14.668309      -7.912964     -90.001915     -13.311906      89.994545     173.185394      81.987892      79.243919     267.848969      77.730347     -89.010612       8.847726       0.475327      -0.940016     188.630783      89.836975      -6.692936      -0.780509       0.302938       4.031368    -219.955719      81.819466     105.154480    -271.275848     -19.930153     -90.214470      22.751884      -0.809513      -0.493035     -26.859009     -88.220123     160.755157       1.241097       0.468451      -0.792865
      -7.338052       5.713996     -37.794949    -115.765694     -15.320792      21.533438      98.097092     -87.284271     169.724731       0.472771      -4.215552      -8.333410       0.851228      -4.626769     -15.185980       0.067019      -1.138997       2.146311       0.012819      -0.722164       1.138704      89.974251       2.564733     -83.703987     -79.277107      48.831558      94.412300     180.065704      55.867031    -180.147995     -81.002434       3.057682      -0.353241       5.232650       7.412797     -39.082474     -90.001457     -13.312874      89.994347     -90.496117      -2.811383     -83.367294      87.355270     -49.767834     101.167641     179.939285     -53.694584     179.872543      81.050812      -3.052567      -0.330374      -0.489077      14.804056      -7.789505     -90.001915     -13.311924      89.994560     173.153595      81.987358      79.267242     267.849182      77.733627     -89.010605       8.898176       0.474181      -0.940262     188.728302      89.838844      -6.788749      -0.773841       0.294673       4.065321    -219.984985      81.820351     105.190048    -271.270782     -19.923754     -90.213585      22.752439      -0.811968      -0.490611     -26.867592     -88.262329     160.846542       1.230472       0.468123      -0.715898
      -7.339105       5.713168     -37.793262    -115.753838     -15.337866      21.536961      97.733673     -87.283531     169.359207       0.476998      -4.205924      -8.328738       0.853431      -4.622576     -15.181149       0.066992      -1.137950       2.143656       0.015824      -0.721553       1.136912      89.973724       2.564463     -83.704292     -79.275864      48.830696      94.413429     180.065704      55.865845    -180.147995     -81.002411       3.057688      -0.353239       5.233405       7.413753     -39.082737     -90.001457     -13.312877      89.994347     -90.497116      -2.811191     -83.366859      87.355309     -49.768349     101.167648     179.939285     -53.693638     179.872559      81.050789      -3.052571      -0.330383      -0.494788      14.937590      -7.671891     -90.001915     -13.311942      89.994545     173.155685      81.993385      79.258789     267.813629      77.736053     -88.994171       8.947248       0.472723      -0.940450     188.896317      89.841682      -6.954963      -0.767162       0.286943       4.098875    -220.023346      81.819214     105.236534    -271.268951     -19.919506     -90.213203      22.752752      -0.814110      -0.487521     -26.878670     -88.303551     160.933670       1.220015       0.467753      -0.639484
      -7.340271       5.712120     -37.791382    -115.747353     -15.344054      21.533407      97.422974     -87.279030     169.046249       0.478329      -4.202007      -8.324579       0.853556      -4.618959     -15.175586       0.066128      -1.137302       2.139100       0.018708      -0.720975       1.135100      89.972260       2.564149     -83.705009     -79.272156      48.829308      94.412209     180.065689      55.864693    -180.148010     -81.002350       3.057699      -0.353238       5.234670       7.415556     -39.083061     -90.001465     -13.312870      89.994339     -90.500877      -2.810988     -83.365295      87.354866     -49.769245     101.167351     179.939255     -53.693119     179.872574      81.050896      -3.052557      -0.330413      -0.499649      15.069190      -7.554165     -90.001907     -13.311955      89.994560     173.104919      81.990990      79.304306     267.834717      77.740601     -89.003700       8.994905       0.471793      -0.940671     188.960510      89.842667      -7.017527      -0.760575       0.278685       4.132321    -220.072861      81.822014     105.291290    -271.268341     -19.911591     -90.213203      22.753046      -0.815925      -0.486565     -26.843054     -88.341110     161.065186       1.209595       0.466058      -0.563701
      -7.341456       5.711015     -37.789398    -115.737610     -15.355604      21.531069      97.142456     -87.275360     168.762543       0.478015      -4.196216      -8.323228       0.850454      -4.614813     -15.175309       0.067158      -1.134260       2.143862       0.021705      -0.719378       1.135725      89.973892       2.564418     -83.704308     -79.277100      48.829857      94.417786     180.065704      55.863892    -180.147980     -81.002380       3.057669      -0.353246       5.233197       7.414715     -39.077076     -90.001457     -13.312877      89.994354     -90.496048      -2.811322     -83.367393      87.357841     -49.769424     101.168869     179.939301     -53.691360     179.872574      81.050621      -3.052576      -0.330380      -0.509226      15.197994      -7.434291     -90.001915     -13.311967      89.994553     173.062576      81.989067      79.338829     267.842712      77.743538     -89.007286       9.041282       0.470843      -0.940895     189.018234      89.843658      -7.073636      -0.754045       0.270182       4.165509    -220.102417      81.823395     105.326004    -271.267975     -19.904497     -90.213203      22.753567      -0.818161      -0.484920     -26.849243     -88.381348     161.152481       1.199160       0.465601      -0.488727
      -7.342233       5.709985     -37.787693    -115.729317     -15.366152      21.530855      96.841110     -87.271530     168.459015       0.481173      -4.189915      -8.319643       0.851462      -4.609792     -15.170732       0.066193      -1.133664       2.138141       0.024475      -0.718788       1.133599      89.972473       2.564007     -83.704956     -79.272644      48.828358      94.415779     180.065689      55.862865    -180.148010     -81.002319       3.057705      -0.353253       5.234599       7.416867     -39.078247     -90.001465     -13.312876      89.994347     -90.500420      -2.811046     -83.365547      87.356903     -49.770191     101.168350     179.939270     -53.691093     179.872574      81.050789      -3.052544      -0.330397      -0.514267      15.327988      -7.316086     -90.001900     -13.311967      89.994568     172.994492      81.989998      79.400620     267.845917      77.746422     -89.008614       9.086370       0.469877      -0.941073     189.103561      89.844612      -7.157539      -0.747482       0.261748       4.198320    -220.161835      81.825882     105.391426    -271.288757     -19.897768     -90.216934      22.753815      -0.819773      -0.484432     -26.807163     -88.417610     161.286240       1.188839       0.463411      -0.414271
      -7.343477       5.708932     -37.785732    -115.719864     -15.377501      21.529169      96.582123     -87.268394     168.197235       0.481281      -4.184167      -8.318478       0.848638      -4.605482     -15.171023       0.067125      -1.130719       2.142161       0.027363      -0.717205       1.134084      89.973846       2.564249     -83.704376     -79.277184      48.828884      94.420784     180.065704      55.862137    -180.147995     -81.002357       3.057680      -0.353246       5.233518       7.416437     -39.073948     -90.001465     -13.312871      89.994354     -90.496178      -2.811364     -83.367332      87.359459     -49.770199     101.169724     179.939301     -53.689571     179.872574      81.050491      -3.052562      -0.330388      -0.524234      15.455602      -7.194956     -90.001923     -13.311987      89.994560     172.965454      81.989899      79.422211     267.846893      77.748871     -89.008980       9.130242       0.468825      -0.941294     189.209930      89.846489      -7.262258      -0.741062       0.254138       4.231043    -220.192200      81.825684     105.427040    -271.275696     -19.890871     -90.214630      22.754320      -0.822373      -0.482066     -26.885347     -88.461067     161.297455       1.178576       0.465484      -0.340669
      -7.344528       5.708097     -37.784069    -115.712189     -15.386066      21.528910      96.311256     -87.265350     167.924957       0.483754      -4.178590      -8.314427       0.849692      -4.600692     -15.165496       0.067069      -1.129722       2.138925       0.030121      -0.716565       1.132200      89.973381       2.563948     -83.704666     -79.275955      48.828236      94.421227     180.065704      55.861229    -180.147980     -81.002335       3.057687      -0.353238       5.234454       7.417683     -39.075676     -90.001457     -13.312881      89.994347     -90.497482      -2.811159     -83.366684      87.358994     -49.770260     101.169632     179.939301     -53.689014     179.872574      81.050423      -3.052547      -0.330419      -0.531256      15.584236      -7.076032     -90.001923     -13.311992      89.994560     172.928146      81.991348      79.454262     267.847351      77.752098     -89.008987       9.172859       0.467793      -0.941483     189.312988      89.847992      -7.363862      -0.734642       0.246410       4.263399    -220.241577      81.826546     105.482460    -271.270813     -19.884432     -90.213799      22.754648      -0.824050      -0.480754     -26.872190     -88.497292     161.398315       1.168533       0.464624      -0.267543
      -7.345293       5.707400     -37.782581    -115.701805     -15.400683      21.534941      96.020920     -87.265480     167.633575       0.488474      -4.168950      -8.310284       0.852455      -4.595718     -15.161286       0.066153      -1.129292       2.134307       0.032749      -0.716059       1.130550      89.972412       2.563632     -83.705078     -79.272476      48.827023      94.419655     180.065674      55.860413    -180.147995     -81.002296       3.057712      -0.353247       5.235582       7.419320     -39.076183     -90.001465     -13.312863      89.994339     -90.500946      -2.810990     -83.365273      87.358444     -49.770996     101.169243     179.939301     -53.688751     179.872604      81.050583      -3.052532      -0.330422      -0.537924      15.711776      -6.955797     -90.001915     -13.312005      89.994560     172.938232      81.997948      79.438812     267.807251      77.753159     -88.990501       9.214351       0.466471      -0.941633     189.481369      89.850510      -7.531076      -0.728256       0.239239       4.295437    -220.281357      81.825294     105.529823    -271.268768     -19.880184     -90.213364      22.754917      -0.825644      -0.478296     -26.879494     -88.533974     161.476990       1.158604       0.464245      -0.195010
      -7.346292       5.706428     -37.780704    -115.694939     -15.406118      21.532284      95.818703     -87.261528     167.429001       0.486683      -4.165074      -8.309449       0.848380      -4.591017     -15.161165       0.067096      -1.126382       2.139253       0.035503      -0.714479       1.131354      89.973709       2.563969     -83.704536     -79.277634      48.827782      94.424706     180.065689      55.859768    -180.147964     -81.002335       3.057694      -0.353249       5.234855       7.419065     -39.070835     -90.001472     -13.312866      89.994347     -90.496437      -2.811396     -83.367188      87.361420     -49.770969     101.170868     179.939316     -53.687336     179.872574      81.050285      -3.052540      -0.330404      -0.549371      15.837351      -6.831373     -90.001915     -13.312015      89.994560     172.900406      81.992065      79.470428     267.831512      77.755997     -89.001625       9.254655       0.465796      -0.941866     189.493195      89.851143      -7.541269      -0.722056       0.231555       4.327454    -220.313339      81.827881     105.565948    -271.267883     -19.872828     -90.213318      22.752989      -0.827317      -0.477840     -26.667156     -88.559715     161.756119       1.147935       0.441124      -0.144521
      -7.346931       5.705712     -37.779160    -115.687531     -15.413758      21.533134      95.582367     -87.258171     167.191803       0.489171      -4.159331      -8.305733       0.849398      -4.585463     -15.155643       0.067794      -1.124402       2.137419       0.038196      -0.714141       1.129582      89.972939       2.563493     -83.704964     -79.273880      48.826931      94.422737     180.065689      55.858845    -180.147980     -81.002319       3.057688      -0.353234       5.235002       7.419247     -39.069401     -90.001472     -13.312860      89.994339     -90.496071      -2.811121     -83.367783      87.361069     -49.775070     101.167984     179.939331     -53.688015     179.872772      81.049988      -3.052383      -0.330466      -0.562296      15.894332      -6.748456     -90.001892     -13.312011      89.994621     172.839035      81.990166      79.526512     267.841156      77.758507     -89.005981       9.293800       0.465069      -0.942046     189.509384      89.851357      -7.556299      -0.715801       0.223269       4.359020    -220.367645      81.832848     105.627174    -271.294800     -19.867830     -90.218170      22.750458      -0.826077      -0.480298     -25.967407     -88.555466     162.489395       1.137533       0.387577      -0.123471
      -7.347959       5.704773     -37.777206    -115.679482     -15.422292      21.531193      95.384651     -87.254623     166.992157       0.489008      -4.154678      -8.305376       0.846412      -4.580810     -15.157093       0.068680      -1.120770       2.141635       0.040864      -0.712876       1.130410      89.972977       2.563466     -83.704979     -79.273026      48.826649      94.422661     180.065689      55.858429    -180.147980     -81.002235       3.057686      -0.353252       5.235888       7.422338     -39.064075     -90.001465     -13.312851      89.994347     -90.492950      -2.811217     -83.369629      87.362350     -49.778671     101.166084     179.939346     -53.688740     179.872864      81.049438      -3.052329      -0.330535      -0.572419      15.882857      -6.727875     -90.001907     -13.312008      89.994621     172.811005      81.990540      79.547539     267.844513      77.760017     -89.007401       9.331977       0.464176      -0.942215     189.595825      89.852486      -7.641487      -0.709572       0.215679       4.390484    -220.396149      81.830872     105.661507    -271.278046     -19.861851     -90.215218      22.748730      -0.830813      -0.476496     -25.656557     -88.585022     162.821442       1.124016       0.341595      -0.111674
      -7.348920       5.704115     -37.775539    -115.672668     -15.429283      21.530815      95.167542     -87.251518     166.774460       0.491507      -4.149931      -8.302057       0.847503      -4.575689     -15.152671       0.069474      -1.118448       2.139647       0.043494      -0.712130       1.129138      89.971886       2.562801     -83.705666     -79.268272      48.825916      94.419739     180.065674      55.857815    -180.147964     -81.002136       3.057685      -0.353253       5.236527       7.422682     -39.067822     -90.001472     -13.312856      89.994354     -90.493637      -2.810596     -83.369560      87.360527     -49.781624     101.163147     179.939362     -53.689907     179.872971      81.048958      -3.052260      -0.330608      -0.579845      15.875624      -6.711713     -90.001892     -13.311994      89.994637     172.780472      81.991997      79.573227     267.845856      77.762299     -89.007889       9.369040       0.463259      -0.942376     189.688126      89.853737      -7.732671      -0.703395       0.208344       4.421628    -220.446671      81.831268     105.719170    -271.271729     -19.857494     -90.214119      22.745556      -0.832444      -0.475486     -25.255350     -88.603661     163.213196       1.111063       0.313455      -0.085083
      -7.349861       5.703481     -37.773876    -115.665962     -15.436718      21.530899      94.954010     -87.248734     166.560501       0.494473      -4.144943      -8.298862       0.849016      -4.570643     -15.148904       0.069037      -1.116981       2.136536       0.045965      -0.711218       1.127903      89.970665       2.562199     -83.706322     -79.262306      48.824833      94.415634     180.065643      55.857460    -180.147964     -81.001945       3.057688      -0.353261       5.237645       7.424153     -39.071465     -90.001465     -13.312845      89.994354     -90.496315      -2.810028     -83.368675      87.358078     -49.784317     101.159966     179.939346     -53.691166     179.873001      81.048744      -3.052221      -0.330658      -0.584323      15.870860      -6.698092     -90.001907     -13.312001      89.994629     172.749817      81.993385      79.599152     267.846130      77.764206     -89.007957       9.405086       0.462394      -0.942524     189.769287      89.854767      -7.812757      -0.697261       0.200974       4.452514    -220.497833      81.832397     105.777504    -271.269501     -19.853218     -90.213745      22.743097      -0.833505      -0.475004     -24.819670     -88.618996     163.631409       1.098155       0.286563      -0.060938
      -7.350605       5.702952     -37.772289    -115.654762     -15.452446      21.536448      94.746803     -87.249046     166.352325       0.496674      -4.135488      -8.298071       0.848058      -4.565142     -15.150785       0.070611      -1.113168       2.141834       0.048599      -0.709850       1.128680      89.971924       2.562359     -83.705803     -79.265289      48.825336      94.418724     180.065659      55.857117    -180.147919     -81.001968       3.057678      -0.353265       5.237133       7.423471     -39.069443     -90.001465     -13.312843      89.994347     -90.491165      -2.810181     -83.371040      87.360069     -49.786087     101.159660     179.939392     -53.691216     179.873016      81.048195      -3.052223      -0.330681      -0.592213      15.868251      -6.682696     -90.001907     -13.312005      89.994637     172.777679      81.997620      79.564972     267.806305      77.763618     -88.989677       9.440203       0.461255      -0.942677     189.905670      89.857056      -7.947987      -0.691238       0.194327       4.483191    -220.526016      81.830086     105.813324    -271.268494     -19.851236     -90.213509      22.741049      -0.835877      -0.472132     -24.463392     -88.642281     163.965500       1.085349       0.257800      -0.039142
      -7.351436       5.702392     -37.770756    -115.651016     -15.453747      21.534735      94.575546     -87.245224     166.180832       0.497434      -4.132727      -8.294921       0.848109      -4.559902     -15.145796       0.071127      -1.111109       2.140026       0.051087      -0.709025       1.127375      89.971024       2.561870     -83.706406     -79.261864      48.824833      94.416618     180.065659      55.856636    -180.147934     -81.001877       3.057665      -0.353262       5.237674       7.423327     -39.073402     -90.001465     -13.312832      89.994347     -90.491982      -2.809709     -83.370789      87.358864     -49.788261     101.157631     179.939377     -53.692200     179.873062      81.047859      -3.052186      -0.330713      -0.597435      15.866575      -6.668720     -90.001907     -13.312014      89.994644     172.737793      81.993851      79.601959     267.830719      77.766716     -89.000793       9.474233       0.460651      -0.942862     189.921021      89.857430      -7.962424      -0.685273       0.187111       4.513708    -220.578354      81.833008     105.870537    -271.268005     -19.845669     -90.213524      22.739061      -0.836020      -0.473134     -23.959200     -88.651222     164.445129       1.072319       0.232089      -0.017874
      -7.352088       5.701798     -37.769287    -115.645485     -15.459553      21.535671      94.391739     -87.242348     165.996658       0.499966      -4.127793      -8.292139       0.849327      -4.554157     -15.141875       0.070434      -1.109857       2.136881       0.053427      -0.708010       1.126127      89.970131       2.561406     -83.706879     -79.256721      48.823872      94.412987     180.065643      55.856445    -180.147949     -81.001709       3.057677      -0.353276       5.238704       7.424522     -39.076557     -90.001457     -13.312829      89.994354     -90.494705      -2.809269     -83.369820      87.356743     -49.790424     101.154968     179.939362     -53.693287     179.873077      81.047813      -3.052166      -0.330736      -0.600264      15.865372      -6.656971     -90.001915     -13.312010      89.994644     172.680389      81.993042      79.655312     267.840302      77.768478     -89.005135       9.507339       0.460029      -0.942994     189.938431      89.857391      -7.978748      -0.679260       0.179278       4.543872    -220.623596      81.836868     105.921387    -271.280243     -19.841112     -90.215752      22.737226      -0.834990      -0.475047     -23.375387     -88.651787     165.002884       1.059160       0.207979       0.002979
      -7.353002       5.701128     -37.767605    -115.638275     -15.467450      21.535519      94.242538     -87.239838     165.846176       0.499709      -4.122786      -8.292055       0.846656      -4.548586     -15.143009       0.071827      -1.106165       2.142157       0.055919      -0.706510       1.126821      89.971657       2.561634     -83.706207     -79.260483      48.824524      94.416550     180.065659      55.856247    -180.147919     -81.001755       3.057663      -0.353278       5.238295       7.423351     -39.074665     -90.001457     -13.312826      89.994347     -90.489532      -2.809472     -83.372147      87.358818     -49.791584     101.155045     179.939392     -53.693176     179.873077      81.047340      -3.052186      -0.330737      -0.606561      15.864981      -6.643745     -90.001907     -13.312008      89.994644     172.652893      81.992119      79.677109     267.843842      77.769478     -89.006729       9.539575       0.459298      -0.943161     189.994644      89.858337      -8.033755      -0.673365       0.172212       4.573927    -220.650238      81.836990     105.952751    -271.272186     -19.836464     -90.214355      22.735811      -0.837490      -0.473379     -22.989033     -88.672729     165.360718       1.046255       0.180266       0.021625
      -7.353822       5.700483     -37.766045    -115.632835     -15.473495      21.536184      94.070427     -87.237419     165.673676       0.502450      -4.118126      -8.289766       0.847889      -4.542968     -15.139975       0.070930      -1.105102       2.137562       0.058150      -0.705568       1.125142      89.970428       2.561149     -83.706818     -79.254814      48.823368      94.412445     180.065674      55.856071    -180.147964     -81.001587       3.057676      -0.353299       5.239098       7.424451     -39.079880     -90.001457     -13.312818      89.994354     -90.493401      -2.808959     -83.370598      87.356323     -49.793236     101.152626     179.939362     -53.694286     179.873077      81.047432      -3.052161      -0.330771      -0.607326      15.864373      -6.635137     -90.001900     -13.312012      89.994644     172.618408      81.993576      79.707390     267.845367      77.770645     -89.007347       9.570910       0.458555      -0.943291     190.065170      89.859108      -8.103545      -0.667454       0.165167       4.603651    -220.699203      81.838005     106.007057    -271.269318     -19.831732     -90.213882      22.734325      -0.838772      -0.472842     -22.549528     -88.687256     165.770981       1.033436       0.153739       0.039746
