HIERARCHY
ROOT root
{
   OFFSET       0.000000        0.000000        0.000000
   CHANNELS 6 Xposition Yposition Zposition Xrotation Yrotation Zrotation
   JOINT LowerSpineJoint
   {
      OFFSET       0.000000        3.328345        0.000000
      CHANNELS 3 Xrotation  Yrotation Zrotation
      JOINT MiddleSpineJoint
      {
         OFFSET       4.330709        0.000000        0.000000
         CHANNELS 3 Xrotation  Yrotation Zrotation
         JOINT UpperSpineJoint
         {
            OFFSET       6.102361        0.000000        0.000000
            CHANNELS 3 Xrotation  Yrotation Zrotation
            JOINT LowerNeckJoint
            {
               OFFSET      10.236220        1.809055        0.000000
               CHANNELS 3 Xrotation  Yrotation Zrotation
               JOINT UpperNeckJoint
               {
                  OFFSET       3.543308        0.000000        0.000000
                  CHANNELS 3 Xrotation  Yrotation Zrotation
                  End Site
                  {
                     OFFSET       7.874016        0.000000        0.000000
                  }
               }
            }
            JOINT RightClavicleJoint
            {
               OFFSET       9.448819        2.047244        1.259843
               CHANNELS 3 Xrotation  Yrotation Zrotation
               JOINT RightShoulderJoint
               {
                  OFFSET      -6.220472       -1.574802        0.393701
                  CHANNELS 3 Xrotation  Yrotation Zrotation
                  JOINT RightElbowJoint
                  {
                     OFFSET     -12.500000        0.000000        0.078740
                     CHANNELS 3 Xrotation  Yrotation Zrotation
                     JOINT RightForearmTwistJoint
                     {
                        OFFSET      -5.216535        0.000000        0.000000
                        CHANNELS 3 Xrotation  Yrotation Zrotation
                        JOINT RightWristJoint
                        {
                           OFFSET      -5.314960        0.000000        0.000000
                           CHANNELS 3 Xrotation  Yrotation Zrotation
                           JOINT RightFingersJoint
                           {
                              OFFSET      -3.149608       -0.393700        0.000000
                              CHANNELS 3 Xrotation  Yrotation Zrotation
                              End Site
                              {
                                 OFFSET       0.000000        3.149606        0.000000
                              }
                           }
                        }
                     }
                  }
               }
            }
            JOINT LeftClavicleJoint
            {
               OFFSET       9.448819        2.047244       -1.259843
               CHANNELS 3 Xrotation  Yrotation Zrotation
               JOINT LeftShoulderJoint
               {
                  OFFSET      -6.220472       -1.574802       -0.393701
                  CHANNELS 3 Xrotation  Yrotation Zrotation
                  JOINT LeftElbowJoint
                  {
                     OFFSET     -12.500000        0.000000       -0.078740
                     CHANNELS 3 Xrotation  Yrotation Zrotation
                     JOINT LeftForearmTwistJoint
                     {
                        OFFSET      -5.216535        0.000000        0.000000
                        CHANNELS 3 Xrotation  Yrotation Zrotation
                        JOINT LeftWristJoint
                        {
                           OFFSET      -5.314960        0.000000        0.000000
                           CHANNELS 3 Xrotation  Yrotation Zrotation
                           JOINT LeftFingersJoint
                           {
                              OFFSET      -3.149608       -0.393700        0.000000
                              CHANNELS 3 Xrotation  Yrotation Zrotation
                              End Site
                              {
                                 OFFSET       0.000000        3.149606        0.000000
                              }
                           }
                        }
                     }
                  }
               }
            }
         }
      }
   }
   JOINT RightHipJoint
   {
      OFFSET      -3.543307        0.178739        0.000000
      CHANNELS 3 Xrotation  Yrotation Zrotation
      JOINT RightKneeJoint
      {
         OFFSET      17.204723        0.000000       -0.196850
         CHANNELS 3 Xrotation  Yrotation Zrotation
         JOINT RightAnkleJoint
         {
            OFFSET       0.000000      -17.840551       -0.161417
            CHANNELS 3 Xrotation  Yrotation Zrotation
            JOINT RightMidFootJoint
            {
               OFFSET       0.000000       -1.568898        2.523622
               CHANNELS 3 Xrotation  Yrotation Zrotation
               JOINT RightToesJoint
               {
                  OFFSET       2.677163       -0.000000        0.000000
                  CHANNELS 3 Xrotation  Yrotation Zrotation
                  End Site
                  {
                     OFFSET       2.362204        0.000000        0.000000
                  }
               }
            }
         }
      }
   }
   JOINT LeftHipJoint
   {
      OFFSET       3.543307        0.178739        0.000000
      CHANNELS 3 Xrotation  Yrotation Zrotation
      JOINT LeftKneeJoint
      {
         OFFSET      17.204723        0.000000        0.196850
         CHANNELS 3 Xrotation  Yrotation Zrotation
         JOINT LeftAnkleJoint
         {
            OFFSET       0.000000      -17.840551        0.161417
            CHANNELS 3 Xrotation  Yrotation Zrotation
            JOINT LeftMidFootJoint
            {
               OFFSET       0.000000       -1.568898       -2.523622
               CHANNELS 3 Xrotation  Yrotation Zrotation
               JOINT LeftToesJoint
               {
                  OFFSET       2.677164       -0.000000        0.000000
                  CHANNELS 3 Xrotation  Yrotation Zrotation
                  End Site
                  {
                     OFFSET       2.362205        0.000000        0.000000
                  }
               }
            }
         }
      }
   }
}
MOTION
Frames:	115
Frame Time: 0.0166667
      -0.462016      38.463867       0.928963     -13.642549       6.182290       1.694619     -24.425135     -78.672066      52.613701     -21.035540      -2.724027      -3.257493       5.690472      -4.219776     -15.759311       3.549939      -3.673263      -7.749885      -0.894261       4.419179      24.014996     105.975006      -0.820511     -94.239067       7.364056     -55.014099      80.117249      -0.051351      48.504372       0.022950     -14.037152       0.137341      -2.302182       2.872932      11.192529     -17.558691     -90.002739     -29.765312      89.993454     -86.847237       0.745770    -102.369400      68.080544     -64.263603     112.682800       0.043319     -43.512527       0.017285      48.490944      -1.931660      -1.731441      -1.907316       4.395739      32.198795     -90.000870      -2.065053      89.994904     106.385910      82.254875     165.716507      90.460159      52.562099      90.183403     -16.988184       7.778199      18.865219     120.399612      85.050858      54.516006      -5.260445       3.003906      -2.667422     -18.217154      85.470436     -80.153717     -90.150696     -22.389521      90.040482     -19.016846     -11.924952      15.503297     -59.079861     -82.204445     128.635635       4.615232      -5.144066     -24.647697
      -0.462082      38.383919       0.928316     -13.634439       6.180226       1.693561     -24.437141     -78.672409      52.606613     -21.037138      -2.724574      -3.255903       5.688497      -4.220703     -15.759768       3.550705      -3.670949      -7.749200      -0.894324       4.420413      24.016087     105.978638      -0.820162     -94.242058       7.359255     -55.015022      80.111801      -0.051459      48.505566       0.023029     -14.037098       0.137512      -2.302254       2.872830      11.188920     -17.555834     -90.003273     -29.765312      89.993752     -86.838181       0.745790    -102.369003      68.073891     -64.263252     112.677048       0.043302     -43.513554       0.017294      48.490925      -1.931682      -1.731452      -1.907475       4.393702      32.201385     -90.000893      -2.065072      89.994583     106.392876      82.259842     165.698807      90.464409      52.562416      90.178352     -16.987562       7.778643      18.863163     120.398041      85.050934      54.517700      -5.260472       3.003991      -2.667341     -18.183149      85.471466     -80.196121     -90.156403     -22.393988      90.042900     -18.978045     -11.920261      15.501020     -59.033092     -82.200928     128.633347       4.630574      -5.122357     -24.474180
      -0.462413      38.205708       0.924596     -13.629840       6.176629       1.729480     -24.523260     -78.661011      52.514763     -21.038206      -2.711486      -3.255815       5.687051      -4.216072     -15.760311       3.550752      -3.667417      -7.749711      -0.896179       4.424213      24.032011     105.984077      -0.815768     -94.218529       7.321753     -55.020859      80.073563      -0.051496      48.506977       0.023044     -14.037522       0.137633      -2.302238       2.873655      11.188761     -17.556629     -90.003265     -29.765339      89.993759     -86.837433       0.747444    -102.355087      68.022972     -64.274536     112.621048       0.043294     -43.512959       0.017284      48.490120      -1.931651      -1.731469      -1.908429       4.392353      32.203465     -90.000893      -2.065075      89.994591     106.306854      82.235008     165.778397      90.446190      52.542782      90.173752     -16.970692       7.773667      18.859333     120.339561      85.054970      54.582703      -5.260281       3.005797      -2.666094     -17.900370      85.471176     -80.487549     -90.139305     -22.553356      90.039032     -18.268276     -11.984553      15.608540     -59.208923     -82.189636     127.956024       4.679133      -5.160334     -24.327389
      -0.464351      37.946415       0.909133     -13.618471       6.200642       1.851914     -24.773829     -78.627480      52.240211     -21.041677      -2.669820      -3.260553       5.682030      -4.199574     -15.764751       3.550608      -3.651394      -7.750372      -0.903266       4.439189      24.082157     105.995018      -0.798924     -94.117493       7.210363     -55.035553      79.965622      -0.051552      48.508739       0.023029     -14.039331       0.137806      -2.302272       2.874797      11.192614     -17.564970     -90.003265     -29.765356      89.993767     -86.876923       0.753541    -102.292885      67.852722     -64.314903     112.428314       0.043245     -43.504639       0.017228      48.486969      -1.931491      -1.731582      -1.910534       4.391362      32.203674     -90.000908      -2.065072      89.994591     106.044807      82.165733     166.023758      90.402374      52.483093      90.158371     -16.917437       7.755109      18.839535     120.115349      85.069374      54.828487      -5.259902       3.013147      -2.661155     -17.393694      85.470314     -81.033813     -90.169159     -22.886734      90.045006     -16.636215     -12.238836      16.039207     -59.533131     -82.298798     126.769127       4.692281      -5.227674     -23.904814
      -0.467446      37.618542       0.875141     -13.594975       6.278977       2.072962     -25.152575     -78.575539      51.814842     -21.047644      -2.601135      -3.275425       5.672843      -4.169815     -15.776494       3.553557      -3.601895      -7.749893      -0.917668       4.477427      24.162500     106.015800      -0.767311     -93.925774       7.035187     -55.052567      79.804848      -0.051612      48.509846       0.022968     -14.042741       0.138060      -2.302328       2.876018      11.199763     -17.580669     -90.003288     -29.765387      89.993767     -86.975067       0.766605    -102.163971      67.541870     -64.382729     112.079018       0.043149     -43.484310       0.017107      48.481606      -1.931220      -1.731817      -1.912733       4.391436      32.198231     -90.000916      -2.065079      89.994583     105.641350      82.057739     166.389999      90.328171      52.375263      90.130798     -16.826370       7.721251      18.801235     119.708092      85.094437      55.276703      -5.259576       3.026551      -2.650388     -16.699135      85.469849     -81.800293     -90.293747     -23.331383      90.070770     -14.214863     -12.717475      16.759666     -60.542332     -82.512505     124.485870       4.683964      -5.350204     -23.509930
      -0.471166      37.229347       0.818503     -13.554180       6.433243       2.384333     -25.595226     -78.513596      51.303654     -21.055941      -2.514734      -3.303119       5.660064      -4.130394     -15.796665       3.561526      -3.508162      -7.750105      -0.939483       4.545187      24.256868     106.048477      -0.723289     -93.658020       6.834045     -55.061169      79.634697      -0.051673      48.508900       0.022926     -14.047304       0.138352      -2.302387       2.877051      11.207603     -17.600042     -90.003281     -29.765398      89.993782     -87.130257       0.786887    -101.976219      67.133179     -64.463547     111.625328       0.043044     -43.452740       0.016951      48.475227      -1.930890      -1.732100      -1.915467       4.393759      32.184582     -90.000908      -2.065072      89.994591     105.164307      81.927353     166.800095      90.226715      52.224953      90.092712     -16.710382       7.674808      18.747799     119.162514      85.126625      55.878281      -5.259466       3.044168      -2.634519     -15.734461      85.469742     -82.861130     -90.517082     -23.795883      90.117393     -11.152033     -13.360817      17.728825     -62.519405     -82.807968     120.897667       4.651865      -5.510035     -23.268272
      -0.475195      36.809814       0.724774     -13.523561       6.662358       2.846759     -26.164110     -78.423622      50.607193     -21.063942      -2.391227      -3.362426       5.644860      -4.075863     -15.834216       3.575948      -3.364468      -7.767148      -0.971024       4.650379      24.389763     106.128403      -0.654298     -93.268379       6.545430     -55.064827      79.399841      -0.051770      48.503330       0.022874     -14.053937       0.138747      -2.302480       2.877950      11.214593     -17.627947     -90.003296     -29.765404      89.993790     -87.362480       0.813764    -101.692093      66.566925     -64.572762     110.991577       0.042885     -43.407600       0.016695      48.466671      -1.930458      -1.732512      -1.919751       4.397482      32.161507     -90.000931      -2.065074      89.994591     104.559624      81.744118     167.316269      90.065636      52.002541      90.032364     -16.529215       7.612597      18.671167     118.408104      85.170479      56.717049      -5.259145       3.067327      -2.612362     -11.896672      85.450203     -86.971909     -90.749336     -24.430424      90.167023      -7.376211     -13.881248      18.319832     -63.612640     -82.282410     119.511208       4.590219      -5.637680     -23.262815
      -0.489836      36.377335       0.592771     -13.519487       6.912201       3.403693     -26.749866     -78.310699      49.835693     -21.064020      -2.242549      -3.462364       5.633933      -4.012371     -15.899178       3.599566      -3.165708      -7.840467      -1.009067       4.794470      24.525473     106.316872      -0.556194     -92.754776       6.173934     -55.038479      79.122604      -0.051851      48.489994       0.022818     -14.060229       0.139095      -2.302570       2.879520      11.215477     -17.663813     -90.003319     -29.765425      89.993767     -87.643089       0.855416    -101.309563      65.795967     -64.694305     110.155136       0.042728     -43.345253       0.016375      48.456825      -1.929958      -1.733012      -1.925108       4.402577      32.126381     -90.000946      -2.065074      89.994591     104.105713      81.585442     167.657684      89.821243      51.708145      89.942238     -16.292507       7.531925      18.564621     117.479462      85.221069      57.765102      -5.259692       3.093024      -2.579162      -6.384101      85.382957     -92.895065     -90.925224     -25.208279      90.205849      -3.445604     -14.145734      18.708395     -64.931175     -81.636673     118.155487       4.629985      -5.515871     -23.208618
      -0.520007      35.939056       0.425186     -13.537140       7.173182       4.029086     -27.319736     -78.183319      49.035931     -21.057308      -2.076938      -3.595853       5.627373      -3.942459     -15.988595       3.628680      -2.916363      -7.991556      -1.052073       4.972024      24.619162     106.609879      -0.429996     -92.151726       5.776348     -54.954212      78.879372      -0.051916      48.471741       0.022843     -14.064975       0.139321      -2.302630       2.880995      11.209104     -17.697792     -90.003311     -29.765425      89.993774     -87.941124       0.915422    -100.870514      64.882965     -64.804359     109.205879       0.042582     -43.270725       0.016050      48.447384      -1.929444      -1.733513      -1.930655       4.410750      32.082947     -90.000961      -2.065063      89.994614     103.802330      81.465622     167.817139      89.524811      51.366360      89.835258     -16.035456       7.445001      18.443142     116.532509      85.268936      58.851826      -5.261312       3.116115      -2.538697      -0.392821      85.252464     -99.362961     -91.086639     -26.040794      90.242622       0.753176     -14.287879      19.078350     -66.850998     -81.046692     116.074829       4.661961      -5.397099     -22.929058
      -0.569371      35.557468       0.202041     -13.701139       7.513981       4.919891     -28.122053     -77.996269      47.856045     -21.051208      -1.828904      -3.816871       5.614261      -3.842823     -16.130127       3.657070      -2.614558      -8.262878      -1.110150       5.194738      24.728271     107.025482      -0.240150     -91.330437       5.204916     -54.833927      78.533127      -0.052091      48.448128       0.022912     -14.073372       0.139764      -2.302728       2.881317      11.199636     -17.744076     -90.003311     -29.765429      89.993774     -88.369598       0.984876    -100.314507      63.629360     -64.953613     107.891380       0.042396     -43.175713       0.015606      48.435741      -1.928813      -1.734126      -1.937894       4.421509      32.032722     -90.000969      -2.065062      89.994614     103.275879      81.260506     168.281876      89.164810      50.916733      89.708382     -15.667390       7.336188      18.287466     115.270821      85.331337      60.301350      -5.262449       3.145798      -2.490171       7.974381      84.974312    -108.802704     -91.150017     -27.490938      90.261887       1.534041     -14.539268      19.085482     -68.156357     -80.645950     114.001694       4.681474      -5.262837     -23.056175
      -0.638119      35.228001      -0.036897     -13.965076       7.926724       5.757691     -28.561844     -77.859131      47.022335     -21.040737      -1.626720      -4.092555       5.603310      -3.762903     -16.323740       3.691747      -2.250323      -8.743866      -1.171734       5.469035      24.717346     107.554085      -0.029184     -90.406616       4.594192     -54.641712      78.200706      -0.052274      48.409004       0.023147     -14.077251       0.139851      -2.302770       2.881757      11.174315     -17.781406     -90.003319     -29.765432      89.993744     -88.869606       1.104574     -99.642014      62.152214     -65.074745     106.427353       0.042165     -43.051205       0.015112      48.421379      -1.927970      -1.734880      -1.948341       4.448081      31.966225     -90.000969      -2.065053      89.994637     103.150024      81.057549     168.499420      88.980118      51.148243      89.640793     -17.139036       6.596941      17.760695     108.095993      85.404060      66.069748      -5.411787       3.749743      -2.798590      14.762820      84.605972    -116.687622     -91.101761     -29.060553      90.257996       2.327756     -14.733920      19.167330     -69.079697     -80.312256     112.748634       4.707177      -5.170377     -22.894375
      -0.732683      34.944977      -0.294726     -14.253941       8.354076       6.506488     -28.723995     -77.757263      46.469227     -21.019817      -1.473650      -4.386806       5.603548      -3.713213     -16.535748       3.731688      -1.894682      -9.368425      -1.220003       5.742262      24.566565     108.157234       0.205205     -89.453285       4.007188     -54.357075      77.967667      -0.052424      48.362720       0.023527     -14.077562       0.139688      -2.302716       2.879702      11.134446     -17.794729     -90.003311     -29.765442      89.993736     -89.312599       1.264586     -98.941269      60.743073     -65.128151     105.130646       0.041954     -42.921501       0.014739      48.406826      -1.927083      -1.735592      -1.960779       4.489164      31.892799     -90.000977      -2.065034      89.994652     102.867363      80.806244     168.928207      89.030319      51.264626      89.656494     -18.446259       5.848492      17.174976     103.343216      85.391449      69.683922      -5.508124       3.765600      -3.226087      19.463932      84.256828    -122.438133     -91.076683     -30.484261      90.257927       2.879095     -14.983231      19.281971     -70.006737     -80.068954     111.629105       4.729542      -5.092637     -22.733946
      -0.854810      34.699852      -0.573099     -14.556807       8.722085       7.189244     -28.720713     -77.669403      46.076748     -20.986044      -1.345066      -4.693350       5.618052      -3.681375     -16.757795       3.770037      -1.574240     -10.086956      -1.252880       5.986911      24.293293     108.800385       0.468031     -88.556313       3.500773     -53.955170      77.929222      -0.052470      48.318127       0.023976     -14.074167       0.139296      -2.302567       2.873938      11.086646     -17.784159     -90.003281     -29.765463      89.993744     -89.630203       1.446669     -98.285912      59.514595     -65.105850     104.105713       0.041831     -42.808113       0.014629      48.396927      -1.926432      -1.736046      -1.970596       4.530093      31.828367     -90.000961      -2.065017      89.994682     102.540894      80.589539     169.362869      89.054588      51.306198      89.664192     -19.714235       5.276936      16.749374      99.935432      85.363243      72.055283      -5.570253       3.799092      -3.655098      22.819748      83.945641    -126.756027     -91.062805     -31.694759      90.259880       3.201850     -15.219963      19.397316     -70.831589     -79.895538     110.678970       4.747759      -5.026668     -22.588205
      -0.996870      34.487171      -0.869207     -14.881577       9.113474       7.814887     -28.437620     -77.589546      45.944698     -20.918543      -1.263358      -5.023544       5.672587      -3.711447     -16.989635       3.797328      -1.284754     -10.810729      -1.280988       6.204871      23.948980     108.442070       0.714131     -88.188599       3.264753     -52.938267      78.798492      -0.052168      48.244507       0.024838     -14.034309       0.136455      -2.302154       2.879838      11.014599     -17.693050     -90.003189     -29.765486      89.993721     -89.921547       1.634367     -97.695938      58.632004     -65.039986     103.473267       0.041741     -42.719345       0.014774      48.390564      -1.925973      -1.736267      -1.978633       4.571866      31.778658     -90.000946      -2.065007      89.994690     102.150375      80.411613     169.756241      89.066360      51.454937      89.666962     -21.229542       4.831587      16.460825      96.853012      85.305687      74.566444      -5.541343       3.830197      -3.512255      25.161434      83.658821    -129.962280     -91.054680     -32.673481      90.262100       3.312480     -15.485565      19.503544     -71.612747     -79.783806     109.831688       4.763643      -4.970257     -22.461332
      -1.156952      34.310940      -1.171514     -15.264882       9.479562       8.392392     -28.086861     -77.546310      45.882416     -20.868706      -1.202593      -5.364328       5.708106      -3.744457     -17.228415       3.826586      -1.063856     -11.684239      -1.286244       6.381521      23.514065     108.136009       0.975265     -87.907120       3.100557     -52.013054      79.702011      -0.052065      48.204018       0.025805     -14.028017       0.135941      -2.301539       2.859607      10.948538     -17.564669     -90.003220     -29.765516      89.993683     -90.122528       1.839646     -97.143753      57.798141     -64.928734     102.954300       0.041708     -42.640827       0.015014      48.388390      -1.925721      -1.736323      -1.984230       4.610391      31.740187     -90.000931      -2.065000      89.994690     101.884720      80.307343     169.909103      89.074005      51.812634      89.666435     -22.608974       4.435680      16.071779      93.577660      85.156891      77.728661      -5.510792       3.908087      -3.368194      26.614315      83.431198    -132.090973     -91.113571     -33.374050      90.278595       3.239460     -15.810563      19.609064     -72.385017     -79.729286     109.066422       4.777672      -4.921821     -22.352747
      -1.330837      34.164906      -1.475978     -15.692252       9.855381       8.927355     -27.661375     -77.535881      45.912037     -20.830725      -1.166649      -5.706416       5.733488      -3.787561     -17.473848       3.837991      -0.930534     -12.646691      -1.275633       6.502001      22.984306     107.883736       1.212547     -87.688652       2.986287     -51.191978      80.555473      -0.051939      48.177135       0.026493     -14.028532       0.135928      -2.301036       2.836813      10.896098     -17.439638     -90.003265     -29.765562      89.993652     -90.276993       2.052218     -96.651733      57.099155     -64.792656     102.608406       0.041684     -42.572063       0.015343      48.388325      -1.925556      -1.736280      -1.989295       4.651100      31.710888     -90.000900      -2.064991      89.994698     101.646271      80.270187     169.990997      89.079811      52.260044      89.664345     -23.827700       4.097064      15.734137      90.255424      85.012779      80.984055      -5.487986       3.973644      -3.262578      27.947872      83.241493    -133.933899     -91.074738     -33.822914      90.272141       3.023732     -16.090887      19.728792     -73.067162     -79.720940     108.440216       4.788446      -4.880799     -22.256498
      -1.517677      34.042721      -1.782019     -16.145380      10.208910       9.430268     -27.190832     -77.540375      46.006275     -20.796314      -1.146720      -6.041847       5.755719      -3.837772     -17.720686       3.834835      -0.885497     -13.650092      -1.247929       6.560289      22.392021     107.694832       1.415554     -87.536926       2.926284     -50.480778      81.340805      -0.051775      48.158478       0.026936     -14.030203       0.136003      -2.300677       2.815690      10.854165     -17.324074     -90.003311     -29.765593      89.993629     -90.369804       2.263686     -96.230782      56.575737     -64.643112     102.455353       0.041652     -42.518223       0.015741      48.389481      -1.925484      -1.736161      -1.994028       4.692176      31.692112     -90.000893      -2.064986      89.994698     101.488503      80.281944     169.965073      89.072586      52.744961      89.656837     -24.938232       3.809386      15.454722      87.033119      84.875114      84.139862      -5.469143       4.035576      -3.197145      28.870892      83.087410    -135.223373     -91.056931     -34.042427      90.269287       2.679178     -16.383009      19.830427     -73.718674     -79.753410     107.877007       4.798014      -4.845756     -22.173159
      -1.715195      33.938835      -2.089912     -16.615309      10.539750       9.902328     -26.681240     -77.560524      46.159721     -20.766970      -1.141476      -6.368807       5.773821      -3.892651     -17.966131       3.815832      -0.920767     -14.657118      -1.207647       6.561345      21.768841     107.570160       1.581849     -87.449081       2.910930     -49.887650      82.033501      -0.051613      48.146904       0.027205     -14.032259       0.136127      -2.300417       2.796798      10.820971     -17.220535     -90.003349     -29.765623      89.993614     -90.407028       2.465834     -95.880310      56.218899     -64.487663     102.467560       0.041632     -42.479984       0.016164      48.392052      -1.925500      -1.735985      -1.998139       4.730039      31.683264     -90.000854      -2.064981      89.994698     101.383049      80.320900     169.868286      89.088120      53.235229      89.657104     -25.969112       3.553115      15.214407      83.770164      84.739326      87.354820      -5.448793       4.033276      -3.119315      29.495377      82.970505    -136.095749     -91.050148     -34.064590      90.268089       2.229838     -16.681360      19.926128     -74.348221     -79.817245     107.366318       4.806078      -4.815881     -22.101412
      -1.916748      33.829388      -2.413234     -17.252905      10.934957      10.563040     -26.756504     -77.500298      45.539734     -20.761471      -1.128397      -6.768950       5.778975      -4.068922     -18.248346       3.779963      -0.987192     -15.515757      -1.180930       6.550139      21.280685     107.421318       1.748022     -87.340866       2.690182     -49.386753      82.426964      -0.051450      48.147175       0.026725     -14.036350       0.136618      -2.300530       2.766940      10.787454     -17.093313     -90.003357     -29.765646      89.993645     -90.477180       2.623455     -95.461342      55.911629     -64.396515     102.408272       0.041587     -42.452484       0.016300      48.389824      -1.925653      -1.735753      -2.013669       4.766670      31.669025     -90.000870      -2.064983      89.994675     100.716774      80.190239     170.420166      89.163864      53.851021      89.679390     -27.191599       3.276613      14.918784      81.488258      84.610039      89.583282      -5.435363       4.028942      -3.055425      30.964891      82.674637    -137.842239     -91.012947     -34.344578      90.259758       1.991876     -16.979977      20.015528     -74.661903     -79.813385     107.197334       4.807583      -4.801222     -22.009245
      -2.116468      33.655697      -2.795133     -17.289255      11.605695      11.186867     -26.788893     -77.491966      45.260067     -20.776222      -1.136696      -7.050269       5.759417      -4.218072     -18.513651       3.746460      -1.105079     -15.709404      -1.160267       6.477581      21.107893     107.118080       1.891255     -87.061806       2.215250     -48.930191      82.498001      -0.051254      48.165924       0.025874     -14.041901       0.137333      -2.300770       2.715241      10.779386     -16.845173     -90.003342     -29.765650      89.993683     -90.602432       2.770603     -94.957008      55.661873     -64.379425     102.311707       0.041405     -42.423023       0.016172      48.374237      -1.925345      -1.735919      -2.063242       4.829235      31.618500     -90.000900      -2.064987      89.994652      99.037827      79.941765     171.183197      89.370003      54.786091      89.750793     -28.977169       2.909580      14.410347      80.097321      84.484718      90.866158      -5.403991       3.998345      -3.053873      32.056450      82.171547    -140.298431     -90.842911     -35.247189      90.222069       1.961366     -17.203276      20.019083     -74.680550     -79.760178     107.231857       4.793145      -4.778500     -21.863264
      -3.308112      30.023151      -4.297128     -16.133430      17.026037      17.413757     -24.332594     -77.805428      46.929874     -20.698582      -0.318681      -7.219296       5.846517      -0.718157     -17.154352       4.185342       1.785673     -11.164761      -1.498986       7.633650      22.814426      91.204170     -12.132787    -109.202339      13.551608     -30.481016     123.007347       0.382547      59.321777      -0.139135     -14.153013       0.155877      -2.300843       4.990745      10.610533     -23.665699     -90.003693     -29.765568      89.993881     -85.517921      -3.648499    -130.837143      77.633186     -48.767582     129.226410      -0.101184     -57.369354      -0.733648      48.843353      -1.952698      -1.722181       3.182633       6.815834      29.368427     -90.000519      -2.065012      89.994148      84.150055      75.514885     171.424042      90.058044      78.595238      90.214256     -38.107063       0.066912      11.424748      89.697327      84.639542      69.172089      -5.313773       3.750893      -2.168488      39.047104      78.187759    -166.277191     -91.238190     -57.165451      90.296806       7.843328     -20.436197      23.586645     -77.347816     -79.778908     103.945580       4.828341      -4.696136     -21.620022
      -4.741432      27.635288      -4.925053     -20.704998      19.965086      21.735847     -19.782068     -78.298134      48.941216     -20.681595      -0.233323      -8.969711       5.884800      -0.522465     -17.316814       4.456729       3.222045     -10.372875      -1.536698       8.310210      23.427471      86.299423     -10.901889    -103.619789       5.541385     -26.673601     113.414932       0.203535      58.763390      -0.043565     -14.137853       0.149530      -2.296609       4.804889      10.014112     -25.856052     -90.003220     -28.251471      89.976379     -90.075294      -3.122277    -133.009186      67.266830     -54.231354     114.628563      -0.242351     -65.888840      -0.910916      48.992695      -1.973797      -1.714559       3.092530       6.649706      29.302523     -90.004074      -2.259286      89.992165      83.071762      76.279274     170.323944      86.634109      88.291313      93.798492     -37.344616      -0.622934       9.023639      85.046303      83.393402      74.518562      -4.806921       6.126437     -10.565704      40.846504      77.561264    -171.633789     -90.949806     -62.838676      90.365311       7.579738     -19.133383      22.093048    -134.429779     -77.160576      49.229786       4.581898      -5.437886     -21.424322
      -6.050900      26.214125      -5.449461     -23.517466      19.279146      24.191090     -15.769292     -78.613953      50.885975     -20.593126      -0.055880     -10.096676       6.010427      -0.062221     -16.913887       4.640485       4.026883      -9.057694      -1.500702       8.548691      24.088919      87.745308     -10.012986    -100.780083       2.253827     -26.733217     108.163452       0.024580      55.930668       0.090738     -14.168739       0.152665      -2.297909       4.685164       9.907079     -25.314825     -90.026062     -25.273411      89.949570     -91.112434      -2.766200    -131.060272      60.789215     -53.247128     108.724075      -0.198607     -60.265743      -0.664110      48.296543      -1.956420      -1.746280       2.986624       6.370067      28.587908     -89.995644      -1.072824      89.980583      83.698059      77.872131     167.716080     -89.687103      86.385658     269.713776     -36.792019      -0.878742       7.189360      71.848358      82.353447      89.254074      -4.789756       5.410938     -10.569195      40.432140      78.003708    -173.122223     -90.562675     -66.324120      90.425140       8.495150     -18.337549      21.035419    -134.193954     -77.874916      50.742504       4.635119      -4.492927     -21.292517
      -7.312676      25.389061      -5.908917     -25.014109      16.729033      25.335651     -12.225020     -78.753983      52.686371     -20.403236       0.253732     -10.838946       6.225109       0.600121     -16.460819       4.770974       4.564535      -7.280825      -1.467489       8.619370      24.870037      89.714211      -9.160672     -97.652878      -3.616428     -22.788296     100.846176      -0.157096      50.439259       0.289842     -14.531439       0.174341      -2.294569       3.997218       9.066081     -25.636295     -90.061119     -22.496250      89.917213     -92.221870      -1.950552    -126.729225      53.232285     -51.167442     101.838150      -0.165537     -55.933147      -0.510552      45.485645      -1.872637      -1.848365       2.198857       8.060283      26.004326     -89.985252       0.061506      89.980415      84.488937      79.536011     165.073486     -90.909447      83.467743     270.604797     -36.339714      -1.031857       5.755631      74.759811      80.491005      87.584923      -4.775729       5.273503     -10.146148      38.876686      79.094231    -172.401596     -90.067245     -68.420403      90.247566      10.234804     -16.996000      19.712481    -133.698654     -78.328827      51.975159       4.575870      -4.564616     -20.832787
      -8.546680      24.980762      -6.301171     -25.508188      13.556824      25.541012      -9.093332     -78.770874      54.582951     -20.146547       0.632195     -11.171049       6.490478       1.210229     -15.784932       4.866165       4.913726      -5.445148      -1.418627       8.557891      25.486830      92.079613      -8.453632     -93.486244      -9.537509     -19.345999      91.209236      -0.151270      45.381050       0.313403     -14.853214       0.187950      -2.292362       2.709192       5.001729     -22.718910     -90.090012     -19.907789      89.897453     -94.091255      -1.164448    -123.479012      47.543102     -49.620918      95.182915      -0.099919     -53.197720      -0.317156      42.943844      -1.747836      -1.920348       1.466261      10.829741      22.419027     -89.972214       1.119442      89.990990      85.840347      81.336487     162.273209     -90.946770      82.616623     270.613312     -35.959148      -0.955967       4.703229      78.241348      77.953583      84.971733      -4.729377       4.982112      -9.922350      35.882133      80.690048    -169.668289     -89.561790     -69.617317      89.836723      12.342777     -15.220467      18.051653    -132.488251     -78.605621      53.514969       4.544634      -4.502622     -20.462257
      -9.745256      24.926172      -6.612014     -25.172552       9.804848      25.338789      -6.947938     -78.668388      55.919651     -19.872808       1.139080     -11.112675       6.744988       1.860372     -14.814607       4.945899       5.299965      -3.596654      -1.392629       8.520877      25.951591      93.839867      -7.690176     -90.228874     -13.564156     -16.121988      82.351089      -0.078476      40.974300       0.247043     -15.143208       0.199026      -2.292077       1.642161      -0.189916     -16.707550     -90.105598     -17.494686      89.898277     -95.961205      -0.605403    -121.048698      42.970921     -48.206829      89.054688      -0.062051     -50.196949      -0.174220      40.643391      -1.626655      -1.979008       0.709165      13.560801      21.154560     -89.963051       2.106179      90.003395      88.467537      83.059120     158.754120     -90.866486      83.354340     270.529572     -35.611755      -0.773078       3.823993      80.663391      75.429680      83.242424      -4.649540       4.049172      -9.838788      30.742111      82.476654    -164.654556     -89.072983     -70.529732      89.311363      14.333979     -13.506325      16.363621    -126.078568     -79.567993      61.328617       4.528607      -4.369412     -20.297016
     -10.928202      25.242935      -6.836035     -23.965401       5.826622      25.194345      -6.059384     -78.434425      56.572075     -19.585083       1.804076     -10.696970       6.976803       2.588443     -13.653251       5.003983       5.733704      -1.720019      -1.385928       8.506047      26.279217      95.029709      -6.957626     -87.659393     -15.985102     -13.405750      74.170486      -0.004179      37.235413       0.164268     -15.406646       0.209098      -2.292319       1.316771      -5.092649      -8.413164     -90.106720     -15.245042      89.912231     -97.737289      -0.184612    -119.018051      39.075668     -46.892681      83.138664      -0.048666     -46.960339      -0.075175      38.558140      -1.514865      -2.025733      -0.062890      15.752746      21.401487     -89.960442       3.026251      90.013878      92.159279      84.420471     154.704758     -91.120438      85.642494     270.648804     -35.300999      -0.690122       2.773943      82.926178      74.397919      81.610588      -4.625015       3.175127      -9.730515      22.736595      84.163551    -156.567062     -89.199509     -71.591309      89.337715      16.016275     -12.009174      14.827417    -101.624268     -81.149696      88.451042       4.552608      -4.135921     -20.164843
     -12.159550      25.913195      -7.007185     -21.986628       1.963889      25.043179      -5.642661     -78.127518      57.078205     -19.294889       2.454876      -9.897426       7.189078       3.295028     -12.295299       5.033197       6.179439       0.208396      -1.386403       8.478914      26.473616      95.746887      -6.284426     -85.718483     -17.115652     -11.364820      66.623238       0.048773      34.173862       0.095131     -15.646406       0.218850      -2.292201       1.807799      -8.609578       1.253320     -90.094704     -13.147817      89.931999     -99.386429       0.134433    -117.317307      35.638573     -45.618107      77.332298      -0.050570     -43.553074      -0.009397      36.667770      -1.413754      -2.063948      -0.515302      16.155050      22.235781     -89.966095       3.884057      90.021469      98.400246      85.632301     148.624146     -99.572823      89.644913     278.812347     -34.721066      -0.619748       1.666940      85.711227      74.424980      79.464111      -4.597233       3.097965      -9.563250      13.955610      85.398529    -147.541367     -89.301537     -72.632034      89.351593      17.505926     -10.692041      13.419544     -66.382889     -79.947411     126.550171       4.534151      -4.158582     -19.833797
     -13.474248      26.819918      -7.147344     -19.246801      -1.832554      25.204166      -6.341311     -77.661591      56.745430     -18.988083       3.210445      -8.740761       7.385650       4.014803     -10.773140       5.032619       6.604055       2.109141      -1.378438       8.407068      26.473207      96.068642      -5.681709     -84.453018     -17.217266     -10.092019      59.766376       0.077697      31.789581       0.047227     -15.864642       0.228396      -2.291503       2.735667     -10.227851      11.540476     -90.073326     -11.192724      89.952362    -100.848190       0.352018    -115.985901      32.488186     -44.321953      71.509949      -0.062393     -40.066761       0.030245      34.956131      -1.324425      -2.095058      -0.858641      15.885109      23.340288     -89.972748       4.683723      90.025436     107.329674      86.565491     140.019592    -270.298492      85.203560     449.176819     -33.886112      -0.494817       0.841405      88.848801      74.445351      77.052780      -4.570202       3.033113      -9.421188       4.150835      86.298836    -137.491028     -89.380577     -73.626945      89.347572      18.715807      -9.439487      12.039413     -65.004005     -79.924561     126.634918       4.445225      -4.876992     -18.905043
     -14.867414      27.866318      -7.276354     -15.808536      -5.567177      25.763971      -8.031318     -77.033569      55.680748     -18.682480       4.060758      -7.271829       7.556435       4.732815      -9.136766       5.006535       7.016193       3.915121      -1.355462       8.295377      26.249567      96.030540      -5.130256     -84.123581     -16.540255      -9.606507      53.649841       0.085940      30.074478       0.019568     -16.064249       0.238036      -2.290449       3.667861     -10.480556      21.952003     -90.051109      -9.370194      89.970009    -102.118759       0.491501    -115.049644      29.496893     -42.934036      65.610161      -0.079025     -36.585361       0.052698      33.403843      -1.244052      -2.120660      -1.207547      15.653422      24.617586     -89.977844       5.429157      90.026741     117.744812      87.067810     130.003067    -271.060425      79.148735     449.729065     -32.963085      -0.309563       0.263218      92.498672      74.427391      74.333138      -4.541953       2.925819      -9.297165      -3.965179      86.845039    -129.303406     -89.439476     -74.588615      89.333038      20.002001      -8.450528      10.888820     -63.156368     -79.812958     127.241806       4.406368      -4.972561     -18.609537
     -16.337622      28.941032      -7.398142     -11.788095      -9.166812      26.782663     -10.682693     -76.221306      53.910126     -18.398458       4.945973      -5.556493       7.694183       5.412908      -7.443195       4.961638       7.393368       5.572230      -1.306368       8.128448      25.794275      95.676392      -4.599880     -84.954681     -15.281137      -9.863931      48.348507       0.077016      29.008303       0.009709     -16.247595       0.247559      -2.288048       4.305052     -10.491927      30.575642     -90.034859      -7.671196      89.985680    -103.188957       0.569001    -114.513939      26.609205     -41.383156      59.634964      -0.097218     -33.203979       0.062162      31.995308      -1.171570      -2.141875      -1.558146      15.440326      25.975456     -89.982056       6.124006      90.026077     125.935822      87.207886     122.262871    -271.320099      72.459068     450.056671     -32.078896       0.007794      -0.016424      98.129005      74.255775      70.395119      -4.506571       2.940802      -9.260937      -9.013766      87.201950    -124.415581     -89.496040     -75.515785      89.318222      21.204262      -7.601196       9.856497     -61.132343     -79.668259     128.060410       4.372268      -4.999447     -18.379454
     -17.854868      29.947861      -7.510035      -7.312828     -12.608975      28.364105     -14.303630     -75.182907      51.449471     -18.152941       5.733337      -3.754387       7.789884       6.109791      -5.773092       4.904845       7.746058       7.081892      -1.229786       7.914514      25.138105      95.046043      -4.060049     -86.916565     -13.652530     -10.782614      43.757751       0.054243      28.554161       0.010426     -16.415134       0.256712      -2.286273       4.512174     -10.324202      35.528965     -90.022133      -6.087913      89.998528    -103.991783       0.604404    -114.310257      23.837187     -39.616844      53.696415      -0.112007     -30.022892       0.064850      30.717321      -1.104611      -2.157539      -1.364331      14.301471      24.793364     -89.988556       6.771018      90.024155     130.883942      87.151184     117.800972    -271.379639      65.540428     450.160706     -31.229746       0.440893      -0.039654     103.479744      74.005638      67.198875      -4.476433       2.765681      -9.135978      -9.669602      87.427475    -124.115791     -89.569466     -76.410713      89.358505      22.319889      -6.867249       8.924669     -58.889767     -79.483147     129.005325       4.344240      -4.979720     -18.174110
     -19.308912      30.896147      -7.527671      -3.030172     -15.695857      31.972977     -20.125509     -73.706894      46.802814     -18.035110       6.928638      -2.105344       7.728001       7.220750      -4.329985       4.843342       8.104414       8.320772      -1.128367       7.680253      24.247179      94.080605      -3.573490     -89.144463     -11.800847     -12.388498      39.598129       0.021138      28.657122       0.013461     -16.567488       0.265918      -2.287878       4.363657      -9.836018      37.273735     -90.012466      -4.612874      90.007256    -104.735802       0.573475    -114.360313      21.284119     -37.663807      47.789566      -0.124386     -27.135056       0.052330      29.556786      -1.047091      -2.174365      -1.067340      14.452542      21.785580     -89.991051       7.374131      90.018555     110.060509      85.797401     139.372803    -271.369415      58.999660     450.179810     -30.192762       0.820554       0.038365     105.560837      74.111305      66.112808      -4.444407       2.541006      -8.993139      21.454178      86.107758    -155.002411     -89.857819     -76.524277      90.124161      21.247625      -6.683324       8.533750     -56.535088     -80.035919     130.445557       4.286089      -5.463512     -18.322126
     -20.575802      31.792448      -7.375145       1.441257     -18.353535      37.098892     -25.523727     -71.982635      42.884499     -17.960392       8.285371      -0.487786       7.599988       8.712471      -3.056588       4.799330       8.559793       9.368962      -1.006238       7.478843      23.199604      92.969704      -3.102340     -91.642937      -9.857286     -14.513121      35.915703      -0.015545      29.254995       0.017704     -16.702560       0.274883      -2.291615       4.060071      -8.910237      36.919590     -90.004326      -3.238371      90.011749    -105.198570       0.512771    -114.469208      18.885323     -35.376945      42.149025      -0.129267     -24.604345       0.038898      28.503471      -0.993868      -2.190669      -0.887303      14.582517      19.851192     -89.992752       7.936492      90.013512      93.835793      83.128105     156.132233    -271.339050      53.076653     450.171844     -29.343073       0.929501      -0.024636     106.420731      74.269814      65.678131      -4.407135       2.555649      -8.803448      42.535549      81.192009    -176.540695     -90.153008     -77.641708      91.680916      20.190098      -6.517017       8.214404     -53.572933     -80.456314     132.809006       4.190719      -6.024883     -18.117785
     -21.806038      32.587311      -7.108611       6.251832     -20.699022      42.194561     -29.196850     -70.352524      40.985394     -17.867628       9.387384       1.114088       7.492302      10.101822      -1.822532       4.757100       8.898129      10.419070      -0.857419       7.171381      22.128044      91.954399      -2.598542     -94.270172      -7.938935     -16.851931      32.935127      -0.050153      30.291374       0.024530     -16.825947       0.284179      -2.295266       3.446382      -7.443776      34.923401     -89.997498      -1.957289      90.014702    -105.235107       0.417744    -114.665283      16.578129     -32.644676      36.802643      -0.124419     -22.490543       0.028835      27.547438      -0.943233      -2.205626      -0.815324      14.649706      18.910570     -89.993919       8.460892      90.009491      87.463562      80.969383     162.789932    -271.589294      47.759357     450.030884     -28.699127       0.914216      -0.155081     106.476845      74.388618      65.989685      -4.369140       2.586913      -8.584297      48.585915      73.822403    -184.093277     -89.953476     -79.006622      91.761322      19.187645      -6.378991       7.948355     -51.024441     -80.878181     134.859451       4.109129      -6.338958     -17.835470
     -23.013300      33.293678      -6.713724      11.570996     -24.025940      48.106182     -32.171280     -68.492409      39.615082     -17.644794      10.602297       2.540417       7.508643      11.406061      -0.669560       4.715268       9.150607      11.502795      -0.697170       6.787044      21.057762      91.320862      -2.005171     -97.243561      -6.058959     -19.090029      30.912111      -0.078632      31.691128       0.034494     -16.939939       0.293426      -2.297077       2.507246      -5.251891      31.893534     -89.992409      -0.763083      90.016289    -104.608452       0.265369    -114.974571      14.291552     -29.301620      31.755278      -0.110531     -20.831059       0.022848      26.679667      -0.893628      -2.218452      -0.767067      14.723712      18.201658     -89.994751       8.949741      90.006714      79.951675      76.799385     171.131195    -270.190765      42.704014     450.607269     -28.295671       1.127152       0.044416     119.753120      72.554100      52.511147      -4.326694       2.385987      -8.469138      50.343994      66.981026    -188.048065     -89.804939     -79.887192      91.924042      18.228462      -6.459076       7.931119     -54.560711     -81.996292     131.086395       4.108250      -5.895992     -17.497173
     -24.125423      33.938305      -6.248482      18.408836     -27.120558      55.795429     -35.080193     -66.445152      38.657246     -17.446989      11.941341       4.117970       7.507915      12.770142       0.484040       4.663229       9.467843      12.512095      -0.558760       6.466408      19.959536      90.749626      -1.356302    -100.594566      -4.131612     -21.234058      29.788935      -0.098650      33.345531       0.043174     -17.045389       0.301734      -2.297697       1.237410      -1.936224      28.206173     -89.989021       0.350219      90.015770    -103.550705       0.065394    -115.345024      12.164742     -25.456676      27.157158      -0.090060     -19.664972       0.018090      25.890190      -0.845686      -2.229642      -0.725396      14.810034      17.585684     -89.995689       9.405568      90.005119      75.603470      70.844673     175.259979    -270.247620      38.441143     450.492249     -27.974104       1.360273       0.261715     116.909042      73.244553      56.236794      -4.280640       1.359959      -8.833809      48.888615      61.134872    -191.636627     -89.655014     -80.599037      91.997513      17.333374      -6.466418       7.839984     -56.306004     -82.760880     129.271500       4.105662      -5.416489     -17.073896
     -25.192030      34.454456      -5.694060      25.322794     -29.786654      63.441616     -36.626709     -64.823257      38.924824     -17.246006      12.858431       5.372796       7.515608      13.847844       1.407899       4.615087       9.763142      13.377702      -0.431545       6.160908      18.842459      90.110367      -0.655051    -104.323944      -2.138805     -23.237446      29.457947      -0.108393      35.136669       0.045870     -17.142477       0.308770      -2.298065       0.048223       1.641254      23.401398     -89.990540       1.387918      90.013367    -102.321510      -0.161771    -115.712555      10.301965     -21.296291      23.144997      -0.065038     -19.026159       0.013703      25.173058      -0.800538      -2.238293      -0.753795      14.853180      17.588625     -89.996933       9.830612      90.004524      73.582123      65.321365     176.944977    -270.721100      34.502945     450.266785     -27.619881       1.290563       0.154685     114.845932      73.681023      58.838345      -4.239630       1.450990      -8.601472      46.088520      55.714306    -195.579849     -89.376007     -81.660767      92.221916      16.472569      -6.410472       7.688598     -54.714714     -83.135948     130.767868       4.066494      -5.432308     -16.658348
     -26.246086      34.858730      -5.058509      32.363594     -31.533651      71.064987     -37.456203     -63.549332      39.982853     -17.075769      13.430774       6.469447       7.506799      14.684046       2.141471       4.567316      10.021884      14.092440      -0.321089       5.867674      17.727781      89.357224       0.052369    -108.005478      -0.100218     -25.012918      29.816654      -0.106697      36.954987       0.041351     -17.230129       0.314548      -2.298666      -0.732255       5.073590      17.134760     -89.995857       2.355100      90.009293    -101.014488      -0.402122    -116.037636       8.698840     -16.940586      19.762636      -0.037948     -18.923559       0.008499      24.520901      -0.758912      -2.244865      -0.833643      14.849602      18.054188     -89.998344      10.226910      90.004166      72.286041      60.647530     177.517731    -271.497101      30.928209     449.988556     -27.278900       1.103847      -0.081684     112.823250      74.051262      61.278625      -4.204906       1.778728      -8.264901      42.067528      50.344723    -200.220978     -89.437065     -81.863541      92.081825      15.665295      -6.295677       7.478117     -50.053741     -83.144196     135.372803       4.009232      -5.745534     -16.187559
     -27.414291      35.040840      -4.492926      38.525665     -32.130966      76.535278     -37.291187     -63.007305      42.138779     -16.955524      13.266102       7.404068       7.462620      15.006532       2.718999       4.520325      10.150765      14.626251      -0.228631       5.553252      16.664747      88.384575       0.671451    -110.921585       1.964093     -26.524931      30.748259      -0.093789      38.690800       0.030006     -17.308817       0.319216      -2.299628      -0.903033       7.652448       8.813147     -90.004372       3.256458      90.004539     -99.849457      -0.636274    -116.403526       7.366105     -12.584445      16.961042      -0.010615     -19.353325       0.002584      23.927952      -0.721568      -2.250290      -0.942838      14.790284      18.826128     -89.999702      10.596370      90.003510      71.688889      58.582867     177.770874    -271.358948      27.841061     449.963776     -26.947187       0.884590      -0.358351     110.162163      74.437332      64.345802      -4.189633       2.169547      -7.924012      37.494987      46.250938    -204.798233     -89.707520     -81.205864      91.681992      14.909212      -6.151084       7.216000     -45.989510     -83.091652     139.406876       3.982822      -5.974956     -15.745536
     -28.832907      35.065460      -4.072523      44.746376     -33.697903      80.626640     -35.951801     -62.851032      44.764454     -16.636879      12.698848       7.922079       7.597826      14.867346       3.253504       4.472011      10.101509      15.196295      -0.149038       5.187959      15.834452      87.797310       1.018278    -112.097977       3.818332     -27.431877      32.089489      -0.070418      40.272896       0.011071     -17.380917       0.324446      -2.300472      -0.601626       9.438331      -2.106654     -90.013390       4.096439      89.999016     -98.367912      -0.926515    -116.825470       6.150129      -8.003581      14.617041       0.013199     -20.259809      -0.004348      23.388384      -0.686434      -2.256769      -1.064605      14.708763      19.752768     -90.000610      10.940879      90.002594      72.183723      59.057449     178.272873    -271.273956      25.172907     449.945801     -26.576443       0.759207      -0.533643     108.762878      74.651955      66.167984      -4.175874       2.356586      -7.644143      35.497482      44.989586    -207.687897     -90.322685     -76.283714      90.984917      14.291328      -6.057343       7.015711     -45.703362     -83.448723     139.421829       3.986687      -5.845120     -15.381970
     -30.514046      34.963467      -3.811044      51.051914     -35.379662      84.293823     -34.859032     -62.767109      47.110592     -16.343107      12.090774       8.271665       7.763136      14.533830       3.594362       4.420392      10.085026      15.583768      -0.097002       4.925814      15.084867      87.481552       1.039285    -111.394402       5.592415     -27.747982      33.979492      -0.043566      41.601917      -0.004928     -17.443632       0.328569      -2.300056       0.156316      10.825341     -14.727329     -90.020607       4.879629      89.993279     -96.832077      -1.222694    -117.196922       5.044450      -3.390897      12.857233       0.029818     -21.598881      -0.007641      22.896006      -0.652871      -2.262338      -1.199873      14.626165      20.789774     -90.001488      11.262090      90.001434      72.756721      60.698833     179.161240    -271.218384      22.890408     449.932678     -26.265480       0.693961      -0.626263     107.933594      74.798874      67.314438      -4.158840       2.455968      -7.391245      36.148037      45.370209    -208.579193     -90.629196     -66.807602      90.580307      13.728294      -5.981372       6.849334     -45.809273     -83.808044     138.966339       3.979395      -5.618558     -15.259603
     -32.256527      34.705933      -3.632349      57.417164     -35.975151      88.086754     -34.424538     -62.661892      49.208260     -16.126551      11.527608       8.879515       7.881758      14.155456       4.027116       4.397240      10.178723      15.781026      -0.052902       4.778834      14.399434      87.221466       0.986184    -110.334702       7.275079     -27.574913      36.277878      -0.027985      42.591709      -0.009072     -17.500072       0.331250      -2.299047       0.878365      10.595248     -26.427868     -90.028046       5.610269      89.988152     -95.391121      -1.497836    -117.422935       4.007558       1.102867      11.735662       0.040606     -23.317068      -0.006092      22.450119      -0.622681      -2.266564      -1.331508      14.531023      21.852234     -90.002144      11.561493      90.000053      73.088943      62.515568     179.701294    -271.177490      20.823290     449.920288     -26.045563       0.660449      -0.677220     107.291351      74.924850      68.088531      -4.130158       2.537030      -7.241999      36.410244      46.506607    -209.379715     -91.560852     -57.636505      90.900238      13.144072      -5.890870       6.666067     -44.668858     -83.964569     140.220825       3.963260      -5.528801     -15.022853
     -34.061657      34.306942      -3.490341      63.649391     -36.321667      91.552750     -33.749340     -62.728107      51.503670     -15.897154      10.844395       9.484984       8.018276      13.670810       4.524871       4.412592      10.234509      15.951633       0.002800       4.610443      13.884225      87.135277       0.892127    -109.178917       8.648129     -26.913563      38.628395      -0.024251      43.185459      -0.006605     -17.552696       0.332977      -2.298795       1.090234       9.047290     -35.766258     -90.034019       6.292078      89.983650     -94.019920      -1.745801    -117.440514       2.955146       5.470779      11.240445       0.044787     -25.325500      -0.002153      22.045557      -0.595179      -2.270300      -1.460196      14.437860      22.922743     -90.002571      11.840572      89.998772      73.585854      64.616707     180.272430    -271.165833      18.980980     449.905151     -25.843592       0.651924      -0.700207     107.006699      75.017433      68.471001      -4.098708       2.563795      -7.136035      36.799984      47.141689    -209.699310     -91.414948     -48.770718      90.586105      12.559739      -5.794038       6.472082     -43.457813     -84.057953     141.534912       3.930941      -5.508982     -14.806544
     -35.908298      33.765678      -3.407827      69.949776     -36.511871      94.937904     -32.886932     -62.885799      53.894257     -15.645391      10.097072      10.056108       8.189942      13.083690       5.056811       4.470204      10.181859      16.134794       0.078146       4.353096      13.527439      87.276733       0.772397    -108.010429       9.618029     -25.789402      40.872299      -0.029406      43.344894      -0.001121     -17.601889       0.334212      -2.299003       0.871261       7.560928     -41.012833     -90.036118       6.928515      89.980995     -92.686707      -1.967831    -117.298332       1.835258       9.649141      11.345184       0.042375     -27.528297       0.001919      21.678028      -0.569990      -2.273599      -1.585808      14.353134      23.983782     -90.002876      12.100717      89.997772      74.150345      66.838242     180.849442    -271.125427      17.340195     449.901001     -25.664352       0.660344      -0.704383     107.002357      75.084366      68.540016      -4.066757       2.537084      -7.056067      36.874210      48.280910    -209.808090     -91.225342     -41.418194      90.398842      11.968411      -5.685991       6.260736     -42.699310     -84.120323     142.401215       3.899152      -5.459916     -14.653741
     -37.782059      33.088467      -3.387317      76.320816     -36.582310      98.255875     -31.788370     -63.125011      56.396889     -15.368025       9.291409      10.566558       8.401422      12.401132       5.589879       4.573241      10.013192      16.320412       0.174750       3.995910      13.289506      87.678879       0.635375    -106.856201      10.134960     -24.226620      42.918285      -0.039414      43.053246       0.005318     -17.646009       0.335447      -2.298397       0.524118       6.288514     -43.195927     -90.035515       7.521981      89.980301     -91.414650      -2.155905    -116.997490       0.614674      13.532080      12.042762       0.034271     -29.826365       0.004734      21.344065      -0.547080      -2.276376      -1.706359      14.275063      25.016558     -90.003120      12.343187      89.997047      74.762306      69.097420     181.446243    -271.055145      15.878670     449.905823     -25.504534       0.678252      -0.696716     107.147118      75.137794      68.435104      -4.034149       2.487279      -6.991702      36.637554      49.974400    -209.974457     -91.081345     -36.412457      90.293861      11.384328      -5.572251       6.045625     -42.227486     -84.207382     142.852402       3.865151      -5.410279     -14.555912
     -39.672035      32.293274      -3.424372      82.770340     -36.476273     101.568535     -30.479715     -63.413197      58.984638     -15.065946       8.453327      11.023781       8.652624      11.640733       6.122173       4.722445       9.732104      16.507067       0.292446       3.539455      13.140818      88.358009       0.494385    -105.731285      10.175801     -22.274223      44.699814      -0.051148      42.306545       0.010667     -17.685234       0.336845      -2.297101       0.113475       4.968334     -43.976326     -90.033821       8.075142      89.980789     -90.215942      -2.303980    -116.529762      -0.729386      17.022503      13.318148       0.022079     -32.116539       0.005480      21.040632      -0.526374      -2.278615      -1.819547      14.203257      25.998007     -90.003288      12.569187      89.996559      75.365913      71.287819     182.018814    -270.972382      14.569592     449.914612     -25.360565       0.700901      -0.682467     107.383705      75.182991      68.225784      -4.001166       2.423861      -6.934207      36.141113      52.161465    -210.308762     -90.950432     -33.859409      90.232979      10.820777      -5.458989       5.838324     -41.996628     -84.328278     142.927948       3.828847      -5.362684     -14.498929
     -41.538872      31.475908      -3.491514      89.523865     -36.018867     104.908508     -28.648449     -63.769058      61.900414     -14.706000       7.536017      11.468772       8.956469      10.820041       6.754878       4.912795       9.356997      16.758451       0.429071       2.996869      13.097784      89.342117       0.367844    -104.656601       9.722742     -19.983501      46.149208      -0.062595      41.116608       0.013622     -17.721096       0.338456      -2.295832      -0.354834       3.600404     -44.169533     -90.031540       8.590734      89.981895     -89.043884      -2.411187    -115.814247      -2.224043      20.065361      15.174612       0.007547     -34.294521       0.003139      20.765430      -0.507592      -2.280392      -1.922907      14.141063      26.905807     -90.003380      12.779824      89.996292      75.881882      73.473022     182.301727    -270.902283      13.389754     449.922913     -25.194242       0.736768      -0.654216     107.932663      75.204903      67.765923      -3.967053       2.315115      -6.857504      35.346783      55.004246    -211.019043     -91.389915     -34.180260      90.339653      10.143343      -5.294190       5.596611     -40.650978     -84.274948     144.208313       3.802909      -5.280869     -14.480496
     -43.419773      30.785912      -3.476310      96.183418     -36.413582     108.328125     -25.795092     -64.281311      64.873093     -14.330818       6.582784      11.373074       9.273784      10.028622       7.235639       5.139102       8.947096      17.035921       0.577023       2.419597      13.133048      90.593758       0.254654    -103.546608       8.833863     -17.435110      47.275074      -0.074442      39.507034       0.015966     -17.754238       0.339916      -2.294877      -0.869202       2.209259     -44.096569     -90.028923       9.071330      89.983040     -88.086479      -2.433451    -114.650833      -3.868133      22.499811      17.670277      -0.008508     -36.268635      -0.002686      20.515881      -0.490458      -2.281247      -2.015816      14.092725      27.724691     -90.003418      12.976131      89.996399      76.411827      75.077850     183.238358    -270.771606      12.367407     449.940857     -25.413162       0.761850      -0.622251     108.502113      75.231262      67.520683      -3.939148       2.199201      -6.641538      36.038963      56.975216    -210.522247     -91.243134     -34.166279      90.313545       7.650774      -5.105747       5.005478     -44.146313     -83.190819     138.998184       3.716605      -5.331486     -14.261905
     -45.381920      30.213078      -3.331213     102.619278     -37.671604     111.540886     -22.035219     -64.912781      68.190521     -13.960359       5.499562      10.837752       9.618169       9.162577       7.424160       5.422509       8.418714      17.152119       0.746895       1.753470      13.107106      92.063347       0.160257    -102.426453       7.585852     -14.695406      48.102165      -0.084808      37.524002       0.016451     -17.783848       0.340949      -2.293777      -1.452731       0.563105     -43.692657     -90.026436       9.519287      89.984505     -87.454140      -2.354533    -113.066620      -5.596197      24.172018      20.733868      -0.021048     -37.966171      -0.005965      20.289192      -0.475605      -2.280485      -2.101390      14.041820      28.471601     -90.003540      13.159053      89.996468      77.152664      76.356293     184.454666    -270.682037      11.536339     449.946838     -26.042620       0.774212      -0.592857     108.834953      75.277000      67.498070      -3.913060       2.123595      -6.395807      38.717308      57.583168    -208.364532     -91.126801     -32.152599      90.285767       3.517843      -4.929145       4.125673     -55.511360     -82.039391     124.204124       3.683080      -5.464968     -14.069712
     -47.377106      29.718100      -3.117889     109.151535     -38.332451     114.790565     -18.347933     -65.407570      71.637268     -13.591698       4.382041      10.424496      10.011761       8.154635       7.605415       5.743964       7.696717      17.206511       0.933619       0.960117      13.046210      93.682777       0.102777    -101.418411       6.035858     -11.837760      48.615883      -0.088586      35.240650       0.012212     -17.810980       0.342007      -2.292362      -2.063011      -1.229492     -42.699875     -90.024017       9.936826      89.986267     -86.946030      -2.231469    -111.383209      -7.305985      25.209167      24.068832      -0.024648     -39.300385      -0.005795      20.083494      -0.462590      -2.279664      -2.178157      14.000995      29.133209     -90.003639      13.329523      89.996513      77.528709      77.606361     185.148560    -270.632751      10.706181     449.949005     -26.659805       0.787943      -0.565389     109.175385      75.316689      67.372238      -3.886067       2.039958      -6.218991      41.744461      58.012104    -205.908997     -91.063164     -29.854404      90.271370      -0.498598      -4.779649       3.375143     -64.267029     -80.913521     112.454178       3.663363      -5.486496     -13.915891
     -49.425522      29.234867      -2.881658     115.670494     -38.510708     117.963676     -14.816177     -65.773788      75.139557     -13.234898       3.252890      10.123576      10.441919       7.015825       7.748980       6.085553       6.833324      17.205795       1.124110       0.095615      12.920175      95.350388       0.080400    -100.575378       4.268784      -8.958258      48.806957      -0.083354      32.736286       0.002803     -17.835735       0.343019      -2.290910      -2.686095      -3.203706     -41.217567     -90.021698      10.325995      89.988182     -86.613625      -2.079804    -109.779030      -8.871372      25.655588      27.452318      -0.019259     -40.211452      -0.002897      19.896193      -0.451146      -2.279382      -2.245935      13.973310      29.701323     -90.003731      13.488431      89.996529      77.638107      78.963951     185.559891    -270.567291       9.888280     449.956726     -27.250456       0.801603      -0.539724     109.478043      75.354980      67.232513      -3.860024       1.967974      -6.081576      45.077946      58.420998    -203.279846     -91.142044     -27.218163      90.291481      -4.417020      -4.553115       2.735714     -69.725655     -79.909386     104.686150       3.658661      -5.383633     -13.773969
     -51.534698      28.688303      -2.690547     122.036407     -38.321568     120.784805     -11.429497     -66.063988      78.743660     -12.893447       2.084776       9.951621      10.896186       5.727726       7.854778       6.432865       5.866338      17.169012       1.308833      -0.799717      12.703233      96.915794       0.089083     -99.946068       2.359349      -6.120532      48.676048      -0.068370      30.103588      -0.010640     -17.858345       0.343973      -2.289515      -3.313086      -5.417772     -39.353535     -90.019531      10.688726      89.990173     -86.486237      -1.915083    -108.362160     -10.162931      25.540354      30.693853      -0.006797     -40.662415       0.001628      19.725637      -0.441273      -2.279753      -2.303825      13.951494      30.179693     -90.003838      13.636547      89.996513      77.646317      80.648239     185.832062    -270.460724       9.109074     449.972931     -27.815472       0.819774      -0.510084     109.779762      75.388412      67.034355      -3.834751       1.908727      -5.981033      48.739700      58.782425    -200.630539     -91.087067     -24.635704      90.271332      -8.241193      -4.198020       2.184060     -72.121239     -79.179420     100.703033       3.640572      -5.304980     -13.664141
     -53.707214      28.075089      -2.564765     127.959167     -37.748108     123.115730      -8.276189     -66.275566      82.391769     -12.591455       0.934853       9.972857      11.332788       4.381422       7.983516       6.771967       4.859029      17.143690       1.479133      -1.673564      12.389243      98.306923       0.114173     -99.515961       0.392615      -3.401354      48.209297      -0.046003      27.440266      -0.025181     -17.879192       0.344841      -2.288425      -3.946645      -7.918308     -37.232948     -90.017517      11.026843      89.992119     -86.601578      -1.745436    -107.130005     -11.088370      24.894695      33.680546       0.010083     -40.633568       0.006550      19.570393      -0.432798      -2.280688      -2.351354      13.929640      30.575157     -90.003922      13.774638      89.996437      77.564438      82.245415     186.497284    -270.288879       8.538876     449.996796     -28.586267       0.771367      -0.498698     103.595406      76.005051      67.712822      -3.603448       1.382268      -6.156086      52.307125      59.425369    -197.934753     -91.140907     -22.275593      90.274338     -11.771971      -3.751495       1.660517     -72.026733     -78.483162      98.951851       3.736827      -5.342616     -13.826097
     -55.905075      27.428528      -2.472245     132.989487     -36.992172     124.575684      -5.123617     -66.459938      86.233551     -12.350607      -0.210443      10.184496      11.708733       3.065805       8.191508       7.093340       3.867609      17.195166       1.630310      -2.480254      11.984751      99.485588       0.143837     -99.295296      -1.547345      -0.876790      47.363480      -0.020971      24.845001      -0.036166     -17.898827       0.345573      -2.287877      -4.637107     -10.814556     -35.038616     -90.015556      11.342037      89.993813     -87.055580      -1.574211    -105.991325     -11.586123      23.713352      36.384388       0.029224     -40.127224       0.011699      19.429905      -0.425715      -2.281650      -2.388926      13.898903      30.908504     -90.003906      13.903359      89.996315      77.447830      83.561501     187.607193    -270.166779       8.147941     450.008820     -29.346905       0.711450      -0.529323     102.444481      76.249886      66.605522      -3.582323       0.675023      -6.204629      55.585060      60.363785    -195.412796     -91.107780     -20.085674      90.254982     -14.770175      -3.244121       1.166512     -67.600426     -77.563637     100.191101       3.886690      -5.694078     -14.592679
     -58.086487      26.738209      -2.384536     137.096985     -36.178307     125.185143      -1.984889     -66.600571      90.173439     -12.156305      -1.337374      10.549696      12.032918       1.804193       8.493262       7.396746       2.872458      17.364136       1.764797      -3.226620      11.487980     100.510307       0.180636     -99.307846      -3.387035       1.430666      46.214336       0.001423      22.420069      -0.040992     -17.919580       0.345784      -2.287966      -5.073538     -13.337897     -32.915581     -90.012527      11.635824      89.994995     -87.809166      -1.417442    -104.918175     -11.709399      22.158985      38.800343       0.046288     -39.294315       0.016603      19.303782      -0.419906      -2.282320      -2.417450      13.858703      31.199194     -90.003731      14.023357      89.996147      77.626694      84.430069     188.933655    -270.150024       7.876187     450.002625     -29.571741       0.688523      -0.597592     102.900246      76.257584      66.426346      -3.523672      -0.101012      -6.337167      58.424351      61.454205    -193.169830     -91.118095     -18.074511      90.249748     -17.461029      -2.857717       0.774279     -66.578201     -76.923035      98.023232       4.020686      -5.854455     -15.510758
     -60.105263      26.041618      -2.211296     140.063110     -34.406628     124.862564       0.842014     -66.656807      94.135429     -11.954130      -2.386358      11.269734      12.350026       0.665896       9.039972       7.683719       1.856706      17.721081       1.886632      -3.914695      10.925669     101.559303       0.243777     -99.595978      -5.121882       3.630307      45.048931       0.017033      20.237495      -0.040129     -17.937895       0.347091      -2.288660      -4.959193     -14.009939     -31.067846     -90.007988      11.909653      89.996277     -88.598511      -1.295915    -103.930511     -11.721231      20.665421      40.982265       0.055172     -38.548592       0.020354      19.191771      -0.415439      -2.282774      -2.435324      13.800034      31.456108     -90.003380      14.135197      89.996017      77.107475      85.093048     187.958755    -270.233032      12.113348     449.931915     -29.635208       0.715811      -0.652319     104.283028      76.491074      65.440598      -3.441211      -0.619855      -6.758259      60.168900      62.812618    -191.831421     -91.257683     -16.207094      90.276970     -19.070648      -2.651644       0.547312     -70.883514     -77.133644      93.565239       3.995538      -5.939304     -15.890187
     -61.897858      25.340584      -1.955906     141.887939     -31.816042     123.507835       3.260741     -66.612404      97.875023     -11.696460      -3.305514      12.227967      12.713906      -0.311490       9.801170       7.953330       0.835883      18.220964       1.994362      -4.530871      10.346548     101.748909       0.347423     -99.216431      -6.833488       5.779917      43.652309       0.023192      18.442978      -0.041027     -17.946651       0.351391      -2.290552      -4.628884     -13.332951     -30.237350     -90.004166      12.164874      89.997787     -89.571594      -1.185012    -102.725922     -11.518564      19.306076      42.553627       0.058396     -37.932510       0.021272      19.090160      -0.411994      -2.284034      -2.296814      13.385461      31.247541     -90.003059      14.239450      89.996071      74.936470      85.779274     185.401367    -270.145386      20.532379     449.879211     -29.528322       0.775535      -0.644300     105.038925      77.079514      64.740204      -3.293635      -0.704547      -7.705103      61.092621      64.319733    -191.279648     -91.194084     -14.498169      90.266167     -19.863800      -2.737506       0.530185     -71.552216     -77.776909      93.240685       3.864787      -5.651914     -15.314899
     -63.525127      24.571655      -1.674357     143.318314     -29.528734     121.536850       5.380978     -66.420311     101.136848     -11.301028      -4.159601      13.021639      13.235800      -1.393264      10.238842       8.218698      -0.018812      18.566284       2.081136      -4.985837       9.645921     101.989326       0.341637     -98.379860      -7.273018       5.714055      39.748775      -0.049671      21.899746       0.003751     -17.967741       0.348283      -2.289040      -4.653960     -14.333068     -28.564798     -89.999992      12.402806      89.998062     -90.845543      -1.011350    -101.704536      -9.256909      15.821038      42.502132       0.067003     -36.433949       0.038001      18.997347      -0.403092      -2.282770      -2.428101      14.515903      31.846884     -90.002205      14.336642      89.996613      72.119995      86.283951     183.841553    -269.781189      27.685936     449.929138     -29.577768       0.879990      -0.556164     105.730995      77.649071      64.029152      -3.144004      -0.727251      -8.644237      61.852928      65.905235    -190.823227     -91.159676     -13.130601      90.266708     -20.732592      -3.082542       0.607609     -73.168999     -78.423828      91.999176       3.738070      -5.317193     -14.760124
     -65.028397      23.696381      -1.321577     145.357864     -27.188744     119.629768       7.994699     -66.181267     104.517395     -10.890275      -5.204289      13.544358      13.762971      -2.704936      10.536658       8.498559      -0.903560      18.683043       2.159114      -5.427970       8.817826     102.578949       0.390525     -99.258751      -8.011725       6.224782      36.290863      -0.100323      24.913986       0.020709     -17.983624       0.350025      -2.288502      -4.591760     -14.402493     -25.857889     -89.996330      12.624527      89.998215     -92.506470      -0.941380    -101.248444      -7.178389      12.593374      42.650192       0.071081     -34.602268       0.050281      18.913126      -0.398999      -2.283372      -2.447128      14.896958      32.270710     -90.001961      14.427216      89.997284      68.775803      86.196785     182.952011    -269.211487      33.685501     450.042877     -29.897467       1.010078      -0.399241     106.202942      78.213844      63.404686      -2.987387      -0.671497      -9.600637      62.669315      67.824631    -190.757950     -91.143944     -12.042664      90.267586     -21.602713      -3.411393       0.695911     -74.538818     -79.023758      91.028587       3.608389      -5.034716     -14.204538
     -66.467964      22.713100      -0.927935     147.988037     -24.787645     117.887756      10.936486     -65.890900     107.906364     -10.486053      -6.322913      13.821981      14.260644      -4.031294      10.704369       8.774040      -1.862775      18.701160       2.223431      -5.868828       7.982630     103.421371       0.463399    -100.570885      -8.964292       7.213076      33.134747      -0.123813      27.406633       0.022496     -17.994589       0.352763      -2.289510      -4.579976     -14.423031     -23.913815     -89.994102      12.831181      89.997650     -94.160034      -0.925345    -101.123489      -5.414531       9.791932      43.030193       0.075085     -32.490810       0.060835      18.835966      -0.397095      -2.285180      -2.356405      14.623521      32.098568     -90.001923      14.511688      89.997643      65.333015      85.324402     182.399918    -268.588806      38.813690     450.202087     -30.210882       1.121973      -0.257365     106.672020      78.752159      62.794983      -2.835032      -0.615912     -10.511075      63.488747      69.944260    -190.940582     -91.136345     -11.153694      90.266716     -22.461803      -3.637503       0.763768     -75.228981     -79.572357      90.775551       3.474757      -4.824820     -13.637113
     -67.872520      21.635660      -0.534345     151.079575     -22.397552     116.260529      13.957417     -65.563431     111.110313     -10.110813      -7.440282      13.895452      14.715885      -5.325486      10.731840       9.041875      -2.827831      18.648460       2.273201      -6.263634       7.171220     104.390930       0.529273    -101.938637      -9.986806       8.536615      30.507648      -0.124478      29.337400       0.016950     -18.002134       0.355220      -2.291245      -4.543416     -14.185503     -23.106213     -89.992950      13.023867      89.996666     -95.658081      -0.938061    -101.183640      -4.015577       7.484798      43.643856       0.080491     -30.175253       0.069675      18.765028      -0.395887      -2.287373      -2.060213      13.591655      31.316250     -90.001938      14.590463      89.997742      62.222080      84.027695     181.754379    -268.813354      43.255344     450.205048     -30.482195       1.197863      -0.147914     107.005219      79.274483      62.345795      -2.690836      -0.551142     -11.370724      64.333015      72.207451    -191.236160     -91.463135     -10.362729      90.328926     -23.282284      -3.758486       0.799026     -75.402191     -80.083046      91.054832       3.342779      -4.660169     -13.076275
     -69.223381      20.494213      -0.174669     153.871384     -20.389568     114.044991      17.222589     -65.257217     114.407593      -9.849635      -8.553225      13.886292      15.037157      -6.471774      10.709669       9.300021      -3.707744      18.591675       2.308534      -6.560366       6.430049     105.150574       0.575403    -103.197365     -10.950785       9.980790      28.472961      -0.110198      30.682302       0.008342     -18.007324       0.356909      -2.293303      -4.534006     -13.688616     -23.335649     -89.992569      13.203498      89.995575     -97.111427      -0.980563    -101.325432      -2.929717       5.605228      44.443851       0.086317     -27.756531       0.074443      18.700199      -0.395377      -2.289257      -1.560307      11.626418      30.195454     -90.002014      14.663922      89.997581      60.663273      82.994240     179.418503    -269.047852      47.444527     450.207703     -30.651587       1.162205      -0.175688     106.880676      79.803322      62.374798      -2.554446      -0.471550     -12.182631      65.243385      74.336906    -191.181488     -91.319115      -9.266016      90.287300     -23.892502      -3.638065       0.738284     -75.481834     -80.579643      91.356918       3.221783      -4.470116     -12.581656
     -70.602074      19.277620       0.050403     156.886856     -19.795609     111.679039      20.695356     -64.922958     117.402603      -9.718263      -9.592745      13.365221      15.246985      -7.545053      10.481641       9.552493      -4.525811      18.502216       2.335039      -6.808495       5.744751     105.658768       0.600001    -104.214478     -11.774768      11.363405      26.987244      -0.090774      31.556768       0.001209     -18.010469       0.357354      -2.295120      -4.589721     -13.305159     -24.392410     -89.992805      13.371006      89.994568     -98.485214      -1.033333    -101.412682      -2.114491       4.098436      45.369415       0.090791     -25.376982       0.072850      18.640165      -0.394553      -2.290654      -0.834826       8.356480      28.970436     -90.002213      14.732404      89.997284      60.352287      82.534225     177.933365    -269.653015      49.565575     450.067932     -30.873173       1.095110      -0.236100     106.509140      80.320549      62.637409      -2.425573      -0.388710     -12.949306      67.163277      76.339005    -190.556488     -91.226418      -7.901414      90.255051     -24.391090      -3.366805       0.613625     -75.572411     -81.058418      91.592957       3.108913      -4.288885     -12.135388
     -72.010910      17.958422       0.139293     159.738266     -20.447739     109.328606      23.671442     -64.756378     119.515976      -8.416402     -10.472270      13.032479      14.991867      -8.269162      10.209399       9.782546      -4.882393      17.321770       2.853987      -6.602046       5.491663     105.520241       0.606656    -104.958038     -12.338522      12.378986      25.744629      -0.076484      32.322311      -0.001243     -18.016724       0.355463      -2.295634      -4.695655     -12.997951     -26.578129     -89.999374      13.143952      89.994881    -100.186653      -1.086851    -101.484291      -1.075577       2.205998      46.615665       0.092172     -23.236305       0.059816      18.587509      -0.394705      -2.292610      -0.477091       6.369084      27.677698     -90.001961      14.804091      89.996025      48.487453      82.027122     190.105576    -271.251251      50.074844     449.547485     -31.181887       1.039155      -0.301659     106.254005      80.803436      62.753620      -2.303230      -0.325767     -13.705094      60.208439      78.136971    -181.750534     -91.204071     -10.105909      90.286545     -24.565582      -2.959578       0.461785     -75.124115     -81.506569      92.252304       2.993955      -4.139457     -11.748417
     -73.341255      16.555559       0.160699     163.296722     -21.499880     107.570145      25.863293     -64.615387     120.692749      -5.658288     -11.025136      12.915490      14.729528      -8.452199      10.176682       7.438558      -6.074111      12.765162       2.975111      -7.575207       3.499508     105.380569       0.665348    -105.063156     -12.259409      12.241003      25.108330      -0.071673      34.309879      -0.011096     -17.527063       0.326670      -2.292286      -4.746074     -12.253295     -29.762241     -90.028610      11.329970      89.998512    -101.459312      -1.115586    -101.210251       0.854833      -0.973720      47.946957       0.099849     -20.735401       0.038448      18.494591      -0.388942      -2.294108      -0.312103       6.011477      24.149282     -90.000938      13.267932      89.991096      32.131351      79.815491     206.264999    -271.124481      52.292538     449.498749     -31.403957       0.971098      -0.415200     106.198349      81.253197      62.704079      -2.175719      -0.296475     -14.416875      40.282337      78.908386    -161.643387     -91.174591     -15.905764      90.384979     -24.806000      -2.682392       0.341804     -75.307442     -81.936317      92.283653       2.886026      -3.966511     -11.374850
     -74.732979      15.152785      -0.044761     167.873917     -22.341839     106.657486      27.062969     -64.459625     121.105118      -2.872186     -11.117356      12.732009      14.737387      -8.517945       9.532613       9.536398      -6.148921      10.512274       3.090839      -6.454093       0.143017     104.770874       0.729495    -104.009361     -11.798477      11.815469      26.929600      -0.036323      37.175446      -0.027874     -16.645147       0.276222      -2.288734      -4.728034     -11.380373     -32.808975     -90.024544      10.874539      89.998787    -101.316109      -1.107957    -100.314941       2.066676      -2.908032      49.090641       0.060310     -21.788340       0.030054      17.974663      -0.351008      -2.289550      -0.192328       5.594237      20.764236     -89.996811      13.067474      89.990395      21.299622      77.485382     217.032944    -270.993286      54.395061     449.455231     -31.636753       0.887080      -0.513581     105.718636      81.703964      63.070869      -2.050029      -0.240148     -15.088699      22.737709      78.204697    -143.332748     -91.124680     -21.335567      90.466141     -25.636793      -2.639965       0.331809     -76.725708     -82.410362      91.480690       2.751044      -3.763106     -10.852295
     -76.035843      13.788415      -0.422510     172.723267     -23.059027     106.026978      27.751602     -64.342964     121.129784      -0.299700     -10.755022      12.416027      14.711686      -7.952762       8.143430      11.419463      -6.047672       9.220903       3.299509      -5.431311      -1.879343     104.384537       0.755503    -102.548019     -11.613008      12.108368      29.975374      -0.009041      38.939804      -0.038404     -15.934189       0.233633      -2.289179      -4.699969     -10.628741     -35.630527     -90.020454      10.460057      90.000092    -101.088203      -1.135110     -99.920425       3.597080      -4.236200      47.454041       0.047998     -22.284128       0.015333      17.542599      -0.327193      -2.291442      -0.097720       5.295796      17.675581     -89.994781      12.886065      89.990761      12.658391      75.259384     225.618942    -270.881866      56.412197     449.418549     -31.899088       0.819713      -0.586752     105.179008      82.133850      63.466343      -1.929915      -0.186438     -15.735540      10.699475      76.404961    -130.283737     -91.075233     -26.297352      90.521980     -26.472265      -2.704563       0.355137     -78.564873     -82.865463      90.272934       2.621473      -3.558818     -10.333336
     -77.240234      12.486364      -0.868275     176.981003     -23.991749     104.989120      27.998152     -64.241096     120.961571       2.162314     -10.397064      12.217559      14.865438      -7.889852       6.768807      13.085754      -5.154440       8.159517       3.515099      -4.242076      -3.268601     104.156715       0.773434    -101.246353     -11.876711      13.111210      32.689758      -0.004122      39.862209      -0.032840     -15.344724       0.199991      -2.288913      -4.645023      -9.964274     -38.258968     -90.017532      10.080837      90.000015    -100.782745      -1.209100    -100.028389       5.707538      -5.804018      44.106285       0.033121     -23.183498      -0.001521      17.204716      -0.320466      -2.295003      -0.004287       4.893107      14.743496     -89.994507      12.721098      89.990417       4.931404      73.090439     233.569519    -270.791077      58.288132     449.402893     -32.132202       0.769322      -0.631522     104.566673      82.543541      63.934307      -1.817586      -0.131586     -16.352463       4.534899      74.057968    -122.862518     -91.060699     -30.777157      90.544037     -27.209152      -2.518435       0.346448     -80.184135     -83.287445      89.276962       2.500660      -3.361067      -9.830821
     -78.369652      11.351785      -1.289946     179.534042     -25.352125     103.389168      28.433086     -64.000862     121.287865       4.653595     -10.649867      12.527784      15.330582      -8.741778       6.244117      14.660313      -2.954431       6.316299       3.734666      -2.542409      -4.809967     104.133087       0.790763    -100.154938     -12.530717      14.713388      34.908325      -0.009364      40.248016      -0.018029     -14.833188       0.170931      -2.285736      -4.537718      -9.321444     -40.732746     -90.014893       9.734040      89.996262    -100.135529      -1.368787    -101.766029       8.115614      -7.424972      39.248104       0.135905     -27.157137       0.027138      16.468246      -0.312357      -2.282820       0.074509       4.638825      10.027464     -89.982948      12.167219      89.989212      -1.245060      70.950760     240.276276    -270.734253      60.016880     449.408081     -32.331383       0.723877      -0.669999     103.863625      82.933083      64.497871      -1.715647      -0.078355     -16.940582       2.533042      71.426544    -119.531136     -91.040390     -34.653576      90.525963     -27.645687      -2.552972       0.383150     -82.568756     -83.680496      87.494659       2.386935      -3.165521      -9.344277
     -79.492088      10.346875      -1.712958     181.169449     -26.005640     101.964653      27.282612     -65.002747     120.609444       5.218861     -11.879438      12.161407      14.650303      -9.174806       6.004716       9.988745      -1.353029       1.378643       3.466161      -3.392411       0.402533     104.941391       0.941200     -99.596107     -14.162283      17.592123      40.538830       0.006509      41.966671      -0.020218       4.284518      -1.202725      -1.827800      -4.364751      -8.979373     -39.691586     -90.031113       9.418298      90.008232     -98.428497      -1.439414    -103.249649       6.334877      -3.142681      33.952511       0.477733     -41.626564       0.175176      -3.096039       0.468921      -1.433082       0.151626       3.871413       9.800100     -89.963013      11.647260      89.946632      -4.297510      72.609871     243.113037    -270.109192      61.445530     449.768097     -30.427277       2.216761       0.500900     102.328041      83.324051      65.806190      -1.630380       0.007769     -17.529621       5.647888      72.551338    -120.217491     -90.849220     -34.822693      90.387741     -25.604536      -2.723394       0.447916     -84.750320     -84.007439      85.982193       2.290398      -2.945882      -8.834716
     -80.539436       9.340387      -2.047592     180.678436     -27.011320      99.546043      26.609873     -66.103989     120.368507       5.362521     -12.923732      12.040551      13.656075      -9.192780       5.908642       5.982139       0.410845      -2.327602       3.263797      -4.263628       5.222644     105.469734       1.000860     -99.129593     -15.257968      20.274580      45.789200       0.038673      43.774353      -0.036078      18.665443      -1.983585      -1.297748      -4.077063      -8.553956     -38.616032     -90.034698       9.128261      90.012718     -96.922371      -1.468991    -104.593330       4.792719       0.089707      29.821678       0.626544     -54.562569       0.254654     -17.655581       1.006311      -0.992494       0.174112       2.764231       9.718596     -89.960747      11.168500      89.930016      -8.589207      74.319176     247.005493    -269.777954      62.731201     450.032776     -28.614847       3.717438       1.645815     101.846451      83.662209      66.154152      -1.554172       0.038738     -18.065346       8.445178      73.758636    -120.919701     -90.932373     -34.870167      90.348511     -23.580664      -2.786753       0.471916     -85.715965     -84.292648      85.501671       2.194540      -2.768767      -8.404494
     -81.558418       8.294147      -2.297874     178.490417     -28.348686      96.492142      26.106230     -67.180893     120.291954       5.411927     -13.867765      12.074301      12.664463      -9.045650       6.007129       2.671070       2.466604      -5.350175       3.102572      -4.939902       9.396242     105.855484       1.053891     -98.643631     -16.133852      22.148392      50.651821       0.054648      45.330647      -0.042556      29.756905      -2.416946      -0.839442      -3.818640      -8.161072     -37.578560     -90.033424       8.862489      90.011269     -95.593140      -1.559388    -105.780525       4.127875       2.316142      26.889654       0.762051     -65.650650       0.386973     -28.827463       1.435051      -0.750621       0.222485       1.639856       9.542981     -89.964836      10.729177      89.928574     -12.452447      75.848633     250.456100    -270.037598      63.937904     449.991058     -27.047930       5.252812       2.826042     102.188896      83.956528      65.692284      -1.486897       0.052185     -18.574471      10.368167      74.947189    -120.995819     -90.824242     -35.003124      90.282707     -21.909626      -2.982952       0.561175     -87.641876     -84.562584      84.036781       2.103184      -2.584474      -7.996240
     -82.519669       7.173952      -2.465582     174.957336     -29.896708      92.661171      25.397861     -67.673645     120.647057       5.681041     -14.277206      12.326607      12.577899      -9.779688       5.292412       4.746047       3.105067      -5.694815       3.586600      -3.288713      10.900126     105.005569       0.808061     -97.790771     -20.087965      21.624023      53.948120       0.127839      51.798840      -0.019934      32.050575      -2.350630      -0.860880       0.093676     -12.908966     -29.364243     -90.024330       8.652897      90.004257     -93.090744      -1.756732    -107.304253       9.222451      -1.253266      28.685999       0.750118     -70.366142       0.487372     -31.142948       1.685525      -0.919932      -1.398361      -2.987367       5.206923     -89.952606       9.667089      89.936470     -15.707965      77.129051     253.475754    -270.585419      65.021255     449.728027     -25.656441       6.620549       3.783839     102.331467      84.243195      65.425774      -1.424988       0.056505     -19.062365      11.283441      76.167458    -120.265564     -91.068878     -35.228333      90.312668     -20.384375      -2.808119       0.476507     -87.756638     -84.813179      84.353966       2.019295      -2.441228      -7.604535
     -83.421547       5.985314      -2.572544     169.667725     -31.267889      87.610832      25.145195     -68.026543     121.739883       5.980105     -14.532221      12.553352      12.627860     -10.368125       5.415473       6.540682       3.249568      -6.097278       4.074623      -2.059808      12.103443     104.538475       0.749492     -97.132309     -24.168514      21.371115      56.788738       0.188453      57.614052      -0.045324      34.138527      -2.327176      -0.854364      -0.352830     -17.075871     -20.984732     -90.018883       8.447119      89.995621     -91.478256      -1.912393    -108.178787      13.966578      -4.666321      31.630959       0.779394     -74.507164       0.598468     -33.282528       1.885391      -1.006493      -1.707035      -6.587894      -2.408245     -89.949165       8.513433      89.949936     -18.490747      78.176346     256.119293    -270.778809      65.817436     449.615417     -24.414492       7.853360       4.599219     102.162285      84.524788      65.474144      -1.366265       0.068616     -19.527092      12.731874      77.276855    -120.153847     -91.051170     -35.397762      90.290627     -18.948751      -2.689588       0.436680     -87.671349     -85.055717      84.830055       1.936549      -2.326018      -7.235166
     -84.141983       5.924190      -2.779730     162.623627     -31.933939      80.350891      19.536112     -69.330376     116.720230       6.119282     -14.572828      12.543309      13.186140     -12.288411       8.372349       8.029395       3.101187      -6.100691       4.563708      -1.133081      13.391896     104.411545       0.773584     -96.306770     -28.008717      21.102953      59.443478       0.306400      62.739693      -0.143966      36.102901      -2.347154      -0.825776       0.139029     -16.993399     -14.015107     -90.019798       8.244840      89.989700     -90.343086      -2.132479    -108.843132      18.834789      -8.122316      34.945522       0.878079     -78.494385       0.744165     -35.293751       2.039201      -1.047864      -2.296638      -9.692943      -9.504148     -89.961533       8.198024      89.966820     -39.468929      79.003899     276.619934    -270.913727      66.490929     449.512939     -23.309124       8.955074       5.304215     101.632263      84.792450      65.892128      -1.317958       0.090433     -19.966425       5.567529      78.511375    -111.821159     -87.730339     -36.261059      89.454567     -17.522465      -2.590280       0.406992     -87.846931     -85.293121      84.948929       1.852184      -2.201092      -6.908848
     -84.817673       5.855616      -3.047498     156.857956     -32.022724      74.473244      15.880417     -69.930214     113.544456       6.474001     -14.665318      12.536122      13.439088     -12.505245       9.607188       9.319973       2.725507      -6.330089       5.056862      -0.465262      14.381397     104.193436       1.011308     -95.928864     -31.898632      20.922092      61.346954       0.371824      67.592430      -0.256448      37.985134      -2.381943      -0.806883      -0.745884     -16.111448     -28.054190     -90.634171      -8.723230      89.451942     -89.113861      -2.386324    -109.610542      23.337986     -10.890175      38.321087       1.041275     -82.044167       0.939287     -37.187824       2.166727      -1.043831      -2.396543     -10.855580     -13.100585     -89.983597       9.734129      89.981476     -54.476719      79.434555     290.242188    -270.862640      67.415771     449.550385     -22.344297      10.194996       6.135019     103.474617      84.988136      63.948132      -1.271188       0.043080     -20.385574      -1.079810      78.535027    -103.618065     -88.052681     -36.195545      89.503227     -16.242691      -2.055571       0.164530     -84.478600     -85.510666      88.629143       1.773390      -2.167656      -6.580010
     -85.487160       5.756014      -3.317657     151.437180     -31.485399      69.353050      16.017464     -70.576286     114.184143       6.377804     -14.694151      12.483231      12.979197     -11.548961       9.985623      10.429768       2.161570      -7.173421       5.562374      -0.043035      14.843729     103.208435       1.259178     -96.092323     -35.270039      20.537104      62.547287       0.317766      72.069130      -0.274443      39.761700      -2.414021      -0.806854      -1.560746     -12.480892     -40.220367     -90.856438     -19.003300      89.274254     -87.581894      -2.627839    -110.230202      27.130829     -12.542104      41.545589       1.454368     -85.049034       1.374195     -38.999702       2.275188      -1.011833      -2.371441     -11.100093     -12.400752     -89.991028      11.164150      89.988991     -64.114815      79.420700     298.209869    -270.800629      67.871521     449.545135     -21.477879      11.171213       6.714364     103.800850      85.218102      63.511517      -1.220151       0.034321     -20.786392      -3.880393      79.284332     -99.181007     -88.387344     -35.725292      89.606270     -15.143460      -1.890297       0.080272     -83.453552     -85.713966      89.980522       1.700296      -2.084276      -6.265234
     -86.140022       5.654077      -3.581445     146.341736     -30.589966      64.869759      17.477892     -71.396027     115.861008       5.965804     -14.562853      12.459188      12.247621     -10.418607      10.432645      11.354217       1.570750      -7.824973       6.067949       0.286008      15.251657     102.014023       1.359337     -96.347321     -37.858826      19.906898      63.719757       0.232347      75.955887      -0.230700      41.448654      -2.454473      -0.787195      -1.532019     -11.521464     -40.403236     -90.544395     -18.773159      89.541397     -86.105453      -2.784389    -110.529846      30.295116     -13.399265      44.751671       2.687754     -87.548447       2.622653     -40.730453       2.368491      -0.963004      -2.450401     -11.170317     -10.720318     -89.994461      10.921443      89.990395     -70.969421      79.473366     303.335114    -270.754028      67.956566     449.518311     -20.696907      12.046142       7.215553     103.856125      85.445213      63.353455      -1.169474       0.035331     -21.167057      -6.360543      80.304184     -95.248528     -88.640694     -35.524765      89.677544     -14.172620      -1.897723       0.086967     -83.584984     -85.915680      90.171432       1.628799      -1.983442      -5.964280
     -86.757477       5.541924      -3.835284     141.460281     -29.462751      60.756226      19.359585     -72.219429     117.872375       5.490460     -14.422027      12.447557      11.454352      -9.282769      10.888553      12.139775       1.084315      -8.099531       6.559754       0.626870      15.759021     101.067154       1.450564     -96.431961     -40.294266      19.389214      65.130753       0.158324      79.469330      -0.175833      43.044437      -2.494807      -0.752620      -1.575601     -11.392900     -39.426193     -90.344589     -18.525833      89.710182     -84.934769      -2.866408    -110.661713      33.113422     -13.931412      47.952366      20.058367     -89.689026      20.002459     -42.376102       2.447599      -0.904236      -2.453072     -10.816008      -8.682954     -89.997627      10.677592      89.991516     -76.179947      79.643852     306.858337    -270.720825      67.770020     449.489655     -19.990461      12.840850       7.656942     103.837944      85.663902      63.277420      -1.120084       0.038264     -21.528440     -10.151418      81.284164     -90.168182     -88.811325     -35.622887      89.714951     -13.296926      -1.920950       0.103322     -83.855820     -86.109283      90.205902       1.559663      -1.884903      -5.677545
     -87.344696       5.440208      -4.042163     137.567078     -28.103285      56.938068      22.318457     -72.753937     121.254723       5.143842     -14.352840      12.442225      10.771128      -8.213706      11.306321      12.808814       0.652526      -8.113550       7.041712       0.951091      16.323719     100.388641       1.540214     -96.419334     -42.578842      18.957838      66.663864       0.077844      82.628395      -0.103763      44.557400      -2.535145      -0.709427      -1.565572     -11.222787     -38.432941     -90.217064     -18.280165      89.817345     -83.950104      -2.894883    -110.663132      35.641457     -14.227160      51.086399     176.475983     -88.371437     176.425186     -43.937798       2.513740      -0.841192      -2.385667     -10.122600      -6.528069     -90.000053      10.437807      89.992424     -75.758316      80.657883     305.410339    -269.451752      66.549942     450.437866     -19.289606      13.639956       8.044314     106.032822      85.806313      61.007210      -1.086122      -0.113583     -21.876066     -19.061302      82.169151     -80.467773     -88.960289     -35.887756      89.742729     -12.505486      -1.913137       0.107278     -83.799667     -86.294151      90.551346       1.492014      -1.799039      -5.403794
     -87.874893       5.367414      -4.198407     135.441925     -26.804224      54.430855      23.935530     -73.105453     123.552361       5.085211     -14.223960      12.520060      10.389369      -7.446346      11.583477      13.375333       0.235566      -7.950840       7.516867       1.238241      16.917583      99.994179       1.615070     -96.278969     -44.673691      18.556311      68.305672      -0.054876      85.449463       0.026314      45.992596      -2.575509      -0.662061      -1.491983     -10.887438     -37.499794     -90.135902     -18.037155      89.885155     -82.994484      -2.911346    -110.605515      37.898365     -14.314365      54.021091     178.398743     -86.617294     178.348907     -45.418159       2.569221      -0.777573      -2.266231      -9.475521      -4.037155     -90.001587      10.202046      89.993217     -73.061905      81.428818     302.552460    -268.683228      64.734787     450.839172     -18.671179      14.567627       8.553527     111.005989      85.830971      56.044376      -1.072500      -0.347416     -22.171829     -28.277342      82.842003     -71.024391     -89.354942     -35.949333      89.842529     -11.792649      -1.891364       0.102764     -83.564247     -86.470802      91.065132       1.425792      -1.721491      -5.141544
     -88.315659       5.306671      -4.303051     133.940048     -25.671551      52.763599      24.832218     -73.456161     124.771393       5.124190     -13.900594      12.727550      10.126380      -6.752567      11.820447      13.864228      -0.112056      -7.710514       7.980809       1.522318      17.484083      99.772644       1.667573     -96.047462     -46.541496      18.141022      69.978226      -0.424854      87.972076       0.395865      47.354656      -2.615203      -0.612795      -1.380571     -10.448929     -36.623478     -90.084442     -17.797377      89.927925     -82.110008      -2.929824    -110.538971      39.946251     -14.282801      56.738373     178.977524     -85.006599     178.925812     -46.821869       2.617071      -0.714442      -2.123594      -8.830970      -1.350087     -90.002510       9.970222      89.993835     -71.912727      81.953865     301.792694    -268.828796      62.719372     450.604950     -18.193649      15.318342       8.960602     114.144691      85.902725      52.857815      -1.044258      -0.472737     -22.473759     -33.944721      83.336845     -65.379463     -89.746162     -35.990833      89.941444     -11.139428      -1.881036       0.099508     -83.478203     -86.639709      91.411736       1.361844      -1.643331      -4.893152
     -88.652405       5.242425      -4.362659     132.366974     -24.650955      51.154850      26.393490     -73.747284     126.274437       5.136299     -13.555088      12.939575       9.839602      -6.027768      12.054996      14.294943      -0.359921      -7.453660       8.431219       1.825791      17.990789      99.601128       1.717151     -95.806717     -48.218746      17.726717      71.561974    -174.742844      89.744972     174.712357      48.647354      -2.652690      -0.563670      -1.257121      -9.992170     -35.720806     -90.052025     -17.561152      89.954712     -81.328041      -2.959440    -110.492615      41.821362     -14.175773      59.230614     179.262711     -83.542137     179.206253     -48.155151       2.660007      -0.651841      -2.050060      -8.328032       1.059433     -90.002640       9.742211      89.994095     -70.476036      82.633156     300.977020    -268.938141      60.649990     450.447876     -17.774775      15.825176       9.218769     114.113815      86.100555      52.805126      -0.996621      -0.444990     -22.770563     -38.262829      83.749298     -61.161228     -89.846184     -36.138538      89.965515     -10.536156      -1.876913       0.095939     -83.501900     -86.800598      91.627632       1.300532      -1.565455      -4.658827
     -88.906197       5.180361      -4.400709     130.946426     -23.697159      49.630993      28.059710     -74.009163     127.870949       5.135112     -13.296423      13.090341       9.553421      -5.431776      12.230293      14.673139      -0.548597      -7.232092       8.872659       2.125697      18.420622      99.459702       1.767803     -95.559433     -49.727676      17.319641      73.037735    -179.255661      87.676758     179.222366      49.874798      -2.687486      -0.515201      -1.132645      -9.564575     -34.776920     -90.031815     -17.328621      89.971329     -80.639160      -2.994807    -110.466988      43.540829     -14.030329      61.528530     179.434509     -82.204323     179.372726     -49.421188       2.698195      -0.590232      -2.003190      -7.934185       3.026451     -90.002449       9.518017      89.994125     -69.716194      83.217880     300.882935    -269.148163      58.563831     450.284149     -17.389750      16.277317       9.441347     113.966225      86.293015      52.874245      -0.950896      -0.416203     -23.052807     -42.619255      84.084320     -57.006542     -89.831879     -36.238853      89.962372      -9.982294      -1.873913       0.091983     -83.546219     -86.953964      91.807381       1.241598      -1.490500      -4.436829
     -89.086311       5.122884      -4.437422     129.638092     -22.883266      48.190861      29.329464     -74.231888     129.090210       5.200092     -13.074082      13.222247       9.359973      -5.020963      12.337766      15.003423      -0.691508      -7.079454       9.306890       2.416098      18.761238      99.077362       1.912032     -95.353882     -51.016277      17.015997      74.193283    -179.506058      85.934105     179.467636      51.037163      -2.719923      -0.467033      -1.014393      -9.274836     -33.743134     -90.016365     -16.757959      89.983360     -80.672783      -3.062632    -110.409645      44.854012     -13.802213      63.130638     179.549500     -81.017311     179.483704     -50.616299       2.730082      -0.530701      -1.980998      -7.534781       4.005896     -90.002632       8.968351      89.993149     -69.609184      83.685875     301.504486    -269.467010      56.573792     450.113007     -17.042124      16.687803       9.639468     113.827538      86.475403      52.937889      -0.907352      -0.390122     -23.321741     -46.927628      84.343185     -52.902527     -89.767113     -36.290363      89.947243      -9.473543      -1.871709       0.088159     -83.599243     -87.100182      91.964500       1.184957      -1.418815      -4.226500
     -89.209061       5.073929      -4.476071     128.571899     -22.246998      46.930733      29.912540     -74.486244     129.646500       5.297664     -13.016167      13.254902       9.226016      -4.863194      12.361163      15.302204      -0.730885      -6.918110       9.726729       2.739216      19.062124      98.408920       2.123388     -95.334473     -52.052540      16.814665      74.929260    -179.601257      84.497513     179.556503      52.142639      -2.750824      -0.418412      -0.871008      -8.962388     -32.622326     -90.005234     -15.869093      89.990303     -80.748520      -3.189787    -110.628593      45.820862     -13.694722      64.135551     179.635910     -80.005478     179.572311     -51.739319       2.757498      -0.469691      -1.930996      -7.445158       3.981968     -90.001686       8.112548      89.990692     -70.254745      84.045464     302.769928    -269.888397      54.844814     449.938416     -16.715637      17.063257       9.815026     113.741371      86.647179      52.958332      -0.865779      -0.367603     -23.576595     -51.016926      84.542313     -49.035320     -89.741974     -36.251762      89.942665      -9.016583      -1.869167       0.084279     -83.640877     -87.239662      92.126244       1.130506      -1.350795      -4.025482
     -89.304863       5.032310      -4.509233     127.646416     -21.807791      45.851437      30.434685     -74.674278     130.122025       5.323838     -12.965167      13.251299       9.117827      -4.817355      12.333940      15.463111      -0.794301      -7.105414      10.065794       2.909601      19.193977      97.007484       2.094004     -95.699638     -52.435760      16.556913      75.552673    -179.646942      83.457291     179.599564      52.817638      -2.775351      -0.388622      -0.612752      -8.373170     -31.671396     -90.001549     -15.345432      89.991333     -80.862595      -3.325484    -111.010086      46.469372     -13.693445      64.849167     179.697052     -79.237808     179.637177     -52.400940       2.776044      -0.430345      -1.924526      -7.308818       4.070416     -90.001038       7.608410      89.990662     -71.040306      84.322083     304.194214    -270.370087      53.297604     449.766235     -16.535017      17.279213       9.927988     113.958656      86.736137      52.737274      -0.836346      -0.362496     -23.708557     -54.196133      84.631683     -46.082069     -89.858002     -36.168831      89.972984      -8.740626      -1.890507       0.103946     -84.170952     -87.317375      91.681419       1.096296      -1.312710      -3.904814
     -89.393112       4.987414      -4.543080     126.698357     -21.432993      44.776173      31.311121     -74.729424     130.925644       5.303653     -12.853271      13.282213       9.041305      -4.832361      12.314859      15.515251      -0.763691      -7.929149      10.305168       2.966690      18.950529      95.365974       2.088690     -95.754059     -52.916626      16.639513      76.208031    -179.659866      82.858086     179.611740      52.992020      -2.785873      -0.383206      -0.465832      -7.881190     -30.938114     -90.001007     -15.149684      89.992592     -80.975960      -3.506882    -111.216911      47.041214     -13.844650      65.483330     179.730148     -78.788658     179.673004     -52.579422       2.783658      -0.417333      -1.841407      -7.246161       4.303300     -90.000656       7.419964      89.991936     -71.624748      84.524361     305.518127    -270.730255      51.839993     449.656952     -16.541021      17.260824       9.884405     114.095787      86.747002      52.646839      -0.830248      -0.379073     -23.707823     -57.378601      84.545403     -43.223377     -90.044456     -36.170116      90.019455      -8.697567      -1.946508       0.149072     -87.462418     -87.337624      88.345566       1.084426      -1.308753      -3.880194
     -89.468422       4.954424      -4.580926     125.831963     -21.110785      43.845875      31.697586     -74.838768     131.248383       5.290651     -12.844914      13.266971       8.969539      -4.861938      12.295407      15.572295      -0.736651      -9.069504      10.551182       2.987422      18.487511      93.809837       2.077244     -95.854309     -53.410694      16.757322      76.882919    -179.670776      82.399483     179.622391      53.148838      -2.793938      -0.377066      -0.424697      -7.689143     -30.300465     -90.000977     -14.957232      89.993271     -81.069977      -3.672217    -111.429901      47.574650     -13.979393      66.106583     179.751617     -78.444077     179.696289     -52.749516       2.790041      -0.405873      -1.748203      -7.170458       4.507343     -90.000404       7.234701      89.992767     -72.390076      84.712326     306.951385    -271.037109      50.541332     449.575195     -16.603266      17.197954       9.813027     113.909843      86.764435      52.864769      -0.826021      -0.382617     -23.711889     -60.812576      84.426674     -40.276508     -90.260994     -36.207695      90.072998      -8.685308      -2.014973       0.201169     -94.221367     -87.336403      81.641045       1.072641      -1.304008      -3.856038
     -89.533432       4.927615      -4.622812     124.956757     -20.892582      43.002041      31.822590     -74.971336     131.196243       5.285698     -12.896733      13.224936       8.906297      -4.888004      12.276710      15.630782      -0.735652     -10.444034      10.805324       2.962164      17.863106      92.325951       2.070153     -96.018578     -53.893799      16.857151      77.581223    -179.681381      82.014488     179.632828      53.303310      -2.800500      -0.370207      -0.417167      -7.655564     -29.694250     -90.001091     -14.767998      89.993629     -81.155128      -3.831866    -111.659706      48.078724     -14.083651      66.732613     179.766434     -78.157341     179.712234     -52.921673       2.795685      -0.395168      -1.666505      -7.094701       4.669308     -90.000275       7.052519      89.993324     -74.286537      85.061546     309.540497    -270.984283      49.369480     449.621613     -16.654104      17.087942       9.677067     113.602470      86.784920      53.192612      -0.822414      -0.392080     -23.723881     -64.483353      84.276611     -37.146442     -90.468475     -36.241917      90.124451      -8.687158      -2.085569       0.254141    -103.699440     -87.265831      72.336548       1.060757      -1.296034      -3.831223
     -89.602036       4.912345      -4.651608     124.324730     -20.419142      42.322784      31.563379     -75.160408     131.075195       5.274354     -12.898562      13.213075       8.848389      -4.954613      12.251394      15.683178      -0.787408     -12.015363      11.067317       2.877635      17.109722      90.847969       2.035669     -96.201591     -54.346157      16.959087      78.309456    -179.691971      81.657837     179.643494      53.453171      -2.805831      -0.363070      -0.419511      -7.699852     -29.088547     -90.001228     -14.581948      89.993851     -81.229919      -3.960865    -111.890503      48.550816     -14.196062      67.363991     179.777100     -77.896027     179.723816     -53.090786       2.800579      -0.385188      -1.596983      -7.026545       4.783235     -90.000191       6.873424      89.993706     -75.484985      85.255859     311.112091    -270.962311      48.188225     449.651733     -16.712597      16.998701       9.585927     113.138840      86.809692      53.681362      -0.817466      -0.381509     -23.732166     -66.437141      84.375046     -35.540279     -89.955917     -35.218105      90.000465      -8.512872      -2.060139       0.281647     -98.382942     -87.345413      77.900688       1.040612      -1.275474      -3.767450
     -89.662880       4.898281      -4.678121     123.781685     -19.963255      41.762768      31.259447     -75.320663     130.854401       5.293154     -12.815991      13.250259       8.823223      -5.016152      12.228510      15.728559      -0.888338     -13.725162      11.336685       2.733716      16.248093      89.359329       1.990693     -96.415077     -54.789925      17.048416      79.096046    -179.702271      81.317139     179.653915      53.600567      -2.810379      -0.355816      -0.424419      -7.785223     -28.476143     -90.001343     -14.398996      89.993988     -81.304871      -4.082019    -112.151634      48.992413     -14.287776      67.994255     179.785248     -77.641754     179.732544     -53.256699       2.804954      -0.375852      -1.534613      -6.962980       4.881368     -90.000145       6.697319      89.993942     -75.703049      85.374443     311.642975    -270.940002      47.063168     449.678223     -16.802937      16.969341       9.555981     113.036011      86.823059      53.807259      -0.813780      -0.382304     -23.740532     -68.862312      84.446976     -33.404526     -89.544426     -34.038837      89.904778      -8.256367      -2.052469       0.279253     -93.681892     -87.385628      82.653473       1.031089      -1.262756      -3.723278
     -89.715881       4.884651      -4.702464     123.303177     -19.550217      41.287682      30.935665     -75.449074     130.555573       5.340590     -12.702939      13.306445       8.827636      -5.053859      12.211738      15.765615      -1.032105     -15.573890      11.609977       2.542091      15.300136      87.868713       1.947245     -96.671577     -55.235020      17.121012      79.941742    -179.711914      80.996948     179.663651      53.746780      -2.814446      -0.348467      -0.429426      -7.894111     -27.854820     -90.001434     -14.219118      89.994080     -81.381958      -4.201625    -112.430939      49.405014     -14.350798      68.606865     179.791855     -77.392082     179.739441     -53.420853       2.809054      -0.366920      -1.478065      -6.902792       4.971687     -90.000122       6.524153      89.994095     -75.392380      85.452820     311.614594    -270.872162      45.977135     449.715790     -16.898710      16.967503       9.552612     113.117348      86.831558      53.747391      -0.810162      -0.390041     -23.750765     -71.660217      84.480499     -30.792801     -89.191589     -32.676685      89.826096      -7.998301      -2.046851       0.278918     -89.307747     -87.407745      86.842102       1.021679      -1.251950      -3.683880
     -89.764809       4.871798      -4.723199     122.913628     -19.124104      40.885586      31.185547     -75.554031     130.795990       5.427562     -12.449283      13.430895       8.877848      -5.087741      12.193753      15.784506      -1.265725     -17.693516      11.883179       2.329739      14.336530      86.472031       1.888454     -96.921227     -55.637104      17.175625      80.785065    -179.720657      80.700378     179.672501      53.891544      -2.818154      -0.341055      -0.431597      -8.016799     -27.225420     -90.001526     -14.042248      89.994118     -81.458672      -4.298688    -112.719154      49.754013     -14.395816      69.148926     179.797211     -77.151657     179.745056     -53.581188       2.812848      -0.358311      -1.426307      -6.845984       5.055984     -90.000122       6.353891      89.994194     -74.713516      85.493858     311.142517    -270.739044      44.909580     449.769806     -16.987885      16.977966       9.560491     113.263557      86.838394      53.624153      -0.806505      -0.399371     -23.761068     -74.384903      84.460716     -28.245083     -88.844154     -31.189669      89.751038      -7.742043      -2.033333       0.279975     -83.995918     -87.414612      91.791885       1.010828      -1.241730      -3.651580
     -89.804832       4.861444      -4.740294     122.605965     -18.777052      40.561646      31.354578     -75.594536     130.910858       5.532196     -12.220322      13.542940       8.941878      -5.059651      12.192573      15.777373      -1.568376     -20.046207      12.150691       2.105937      13.362906      85.139374       1.833648     -97.182152     -56.028107      17.218090      81.637253    -179.728516      80.425591     179.680389      54.035667      -2.821652      -0.333624      -0.431440      -8.150322     -26.589752     -90.001556     -13.868345      89.994171     -81.533920      -4.389412    -112.996101      50.064438     -14.422269      69.624916     179.801865     -76.914619     179.749802     -53.739445       2.816466      -0.349957      -1.379663      -6.790784       5.134346     -90.000122       6.186472      89.994240     -74.172180      85.511940     310.769867    -270.559174      43.880478     449.833832     -17.066790      17.003122       9.580718     113.486900      86.843124      53.425842      -0.802869      -0.410478     -23.770592     -74.839653      84.287399     -27.895567     -88.883865     -29.605997      89.766075      -7.489286      -1.927803       0.198183     -74.739288     -87.363037     100.562462       1.002250      -1.214557      -3.625326
     -89.836929       4.852648      -4.753977     122.361816     -18.490675      40.304920      31.464575     -75.596481     130.931168       5.653462     -12.002666      13.648853       9.021646      -5.005084      12.198494      15.738327      -1.940098     -22.633976      12.412389       1.873269      12.383657      83.859871       1.787142     -97.461662     -56.413548      17.251795      82.492249    -179.735443      80.170914     179.687302      54.179062      -2.824993      -0.326206      -0.429645      -8.292708     -25.949524     -90.001610     -13.697352      89.994194     -81.606491      -4.475370    -113.254021      50.345276     -14.430957      70.049034     179.806061     -76.680115     179.753983     -53.896515       2.819969      -0.341737      -1.338365      -6.736588       5.208601     -90.000122       6.021846      89.994255     -73.491440      85.499870     310.227600    -270.331482      42.875313     449.907776     -17.140265      17.038443       9.609874     113.769196      86.846199      53.170528      -0.799253      -0.423197     -23.778658     -75.037483      84.147385     -27.784063     -88.899719     -27.992542      89.774315      -7.234915      -1.823797       0.130514     -59.637463     -87.103966     115.122414       0.992809      -1.197896      -3.605310
     -89.863739       4.845212      -4.765345     122.163246     -18.243006      40.097107      31.512093     -75.573540     130.870667       5.783246     -11.790093      13.749195       9.111144      -4.939213      12.207775      15.657166      -2.388397     -25.454027      12.668489       1.626809      11.404231      82.612320       1.748084     -97.758194     -56.796135      17.277222      83.353477    -179.741135      79.937485     179.692978      54.321712      -2.828210      -0.318852      -0.425768      -8.437453     -25.310938     -90.001564     -13.529226      89.994255     -81.676727      -4.558179    -113.494576      50.606571     -14.428092      70.435303     179.809845     -76.447678     179.757690     -54.052444       2.823392      -0.333652      -1.301844      -6.683307       5.279995     -90.000145       5.859965      89.994255     -72.626373      85.453362     309.478394    -270.044922      41.882847     449.994476     -17.208536      17.080889       9.645163     114.085892      86.848137      52.882763      -0.795735      -0.436408     -23.785748     -74.953529      84.018448     -27.944164     -88.902695     -26.350647      89.778755      -6.981758      -1.704246       0.052658     -44.298107     -86.512817     129.914398       0.983527      -1.187007      -3.589054
     -89.885811       4.839046      -4.774969     122.002304     -18.030605      39.933109      31.506308     -75.535408     130.760986       5.915118     -11.581454      13.817283       9.206511      -4.875365      12.217752      15.526315      -2.910002     -28.508778      12.919279       1.366269      10.427081      81.420937       1.725164     -98.079628     -57.161835      17.276960      84.206459    -179.746262      79.710617     179.697983      54.464718      -2.831358      -0.311524      -0.417415      -8.587566     -24.669096     -90.001534     -13.363906      89.994286     -81.743652      -4.639615    -113.715424      50.847450     -14.408956      70.784103     179.813461     -76.213478     179.761200     -54.207222       2.826744      -0.325673      -1.269321      -6.630567       5.349372     -90.000153       5.700811      89.994247     -71.623962      85.380554     308.572754    -269.687836      40.903881     450.096405     -17.270559      17.132397       9.687075     114.455986      86.848274      52.543697      -0.792467      -0.451078     -23.792030     -74.602638      83.897018     -28.359922     -88.900108     -24.677299      89.781456      -6.730674      -1.562382      -0.040553     -32.143120     -85.576195     141.560837       0.974651      -1.181405      -3.575921
     -89.904839       4.832548      -4.783800     121.849007     -17.861959      39.781345      31.646664     -75.569878     130.855896       5.923382     -11.563842      13.864604       9.152743      -4.908984      12.210171      15.372811      -3.458758     -32.230087      13.170385       1.188393       9.418737      81.265099       1.792489     -98.739441     -57.005516      16.808050      84.716881    -179.753906      79.397499     179.704376      54.629543      -2.835180      -0.303790      -0.392341      -8.751073     -24.037868     -90.001503     -13.201357      89.994339     -81.773857      -4.640869    -113.860031      50.785889     -14.212242      70.863464     179.816925     -75.970169     179.764587     -54.358585       2.829940      -0.317878      -1.241079      -6.581081       5.413426     -90.000183       5.544310      89.994255     -70.590637      85.278679     307.669800    -269.523468      40.326580     450.140503     -17.162432      17.265539       9.714223     117.194138      86.768906      49.707577      -0.825060      -0.911195     -24.008522     -74.039749      83.763176     -28.947990     -88.895271     -22.967224      89.783401      -6.482049      -1.396398      -0.150804     -23.571674     -84.359047     149.701675       0.966249      -1.181217      -3.565305
     -89.922363       4.827137      -4.791701     121.704834     -17.721357      39.630920      31.855370     -75.612640     131.050629       5.926818     -11.583029      13.854812       9.113327      -4.937129      12.202161      15.123050      -4.069601     -36.208817      13.401561       0.986108       8.393759      81.141464       1.859283     -99.347305     -56.873047      16.391148      85.193260    -179.760086      79.117996     179.709808      54.788010      -2.838742      -0.295984      -0.377540      -8.929822     -23.400473     -90.001495     -13.041517      89.994377     -81.802277      -4.640000    -113.981857      50.713146     -14.017270      70.912666     179.819992     -75.743477     179.767578     -54.507698       2.833091      -0.310161      -1.214982      -6.533190       5.475164     -90.000183       5.390425      89.994263     -69.773193      85.174141     306.981903    -269.374512      39.908382     450.179596     -17.068325      17.376585       9.756934     118.747101      86.726242      48.111706      -0.837861      -1.148275     -24.135046     -73.408066      83.608833     -29.584616     -88.889259     -21.227041      89.784927      -6.219029      -1.148949      -0.300647     -18.395170     -83.149750     154.615692       0.957106      -1.220614      -3.563698
     -89.941704       4.821512      -4.799956     121.549225     -17.572998      39.461582      32.110817     -75.666748     131.303604       5.924170     -11.616820      13.839331       9.070152      -4.976560      12.192109      14.786516      -4.739960     -40.417412      13.626697       0.762745       7.376861      81.031693       1.925881     -99.951668     -56.738235      15.984048      85.658134    -179.765945      78.843246     179.715149      54.945114      -2.842126      -0.288100      -0.362024      -9.116923     -22.763105     -90.001503     -12.884358      89.994377     -81.828445      -4.635844    -114.094666      50.632874     -13.820320      70.953094     179.822891     -75.517639     179.770416     -54.655319       2.836165      -0.302530      -1.191688      -6.486027       5.536933     -90.000206       5.239113      89.994263     -68.964142      85.049416     306.310760    -269.236450      39.573452     450.215240     -16.969803      17.433958       9.773827     119.646935      86.708786      47.164940      -0.842488      -1.324812     -24.255791     -72.978233      83.446198     -30.019381     -88.765625     -19.473904      89.762390      -5.904421      -0.710861      -0.540755     -16.988703     -82.704430     156.138992       0.945785      -1.355241      -3.580934
     -89.960449       4.816452      -4.807250     121.408836     -17.434868      39.297714      32.352394     -75.718407     131.544022       5.926414     -11.658266      13.821451       9.031927      -5.024627      12.180045      14.356995      -5.454109     -44.839565      13.846363       0.520392       6.370745      80.931595       1.996642    -100.570145     -56.597183      15.574360      86.124908    -179.771698      78.563560     179.720520      55.101345      -2.845391      -0.280212      -0.344072      -9.307557     -22.128204     -90.001495     -12.729836      89.994400     -81.852730      -4.630468    -114.200951      50.543507     -13.614671      70.987823     179.825821     -75.284515     179.773209     -54.801292       2.839180      -0.295016      -1.168292      -6.438409       5.599931     -90.000221       5.090347      89.994286     -68.315956      84.925171     305.787109    -269.118530      39.305225     450.245239     -16.863428      17.460951       9.772844     120.221710      86.704567      46.537731      -0.843695      -1.474149     -24.378466     -71.990463      83.219414     -30.995050     -88.821648     -17.665617      89.776695      -5.629416      -0.292952      -0.805126     -17.245062     -82.745628     156.269501       0.939384      -1.426690      -3.586216
     -89.979332       4.811095      -4.814196     121.269966     -17.295717      39.130981      32.612030     -75.773750     131.803940       5.928881     -11.706296      13.800975       8.995495      -5.082318      12.165672      13.826886      -6.197564     -49.463287      14.060364       0.259623       5.376902      80.840256       2.072653    -101.211540     -56.447731      15.156495      86.601364    -179.777298      78.276482     179.725784      55.256809      -2.848575      -0.272344      -0.323622      -9.500235     -21.495985     -90.001472     -12.577897      89.994415     -81.875717      -4.624291    -114.303253      50.442772     -13.396819      71.017212     179.828796     -75.041153     179.776062     -54.945469       2.842114      -0.287626      -1.142481      -6.388282       5.665601     -90.000244       4.944085      89.994308     -67.743484      84.802048     305.337006    -269.010803      39.075634     450.272430     -16.752996      17.468796       9.759597     120.619408      86.707924      46.083324      -0.843101      -1.609542     -24.503012     -71.194786      83.006096     -31.781260     -88.845398     -15.833916      89.784500      -5.404113       0.009120      -1.007281     -17.381159     -82.721619     156.666687       0.932589      -1.460072      -3.581590
     -89.995544       4.804155      -4.820951     121.133324     -17.176611      38.977188      32.917820     -75.827209     132.120468       5.938627     -11.738181      13.787725       8.962685      -5.197633      11.986785      13.464561      -6.701942     -51.471519      14.262638      -1.283545       0.724475      80.737671       2.223711    -101.991066     -56.330456      14.661573      87.173393    -179.783508      77.943909     179.731354      55.418770      -2.851950      -0.264375      -0.297028      -9.694785     -20.868250     -90.001465     -12.428507      89.994446     -81.896988      -4.663947    -114.391434      50.338810     -13.114989      70.988922     179.832581     -74.726746     179.779190     -55.082928       2.845002      -0.280870      -1.114216      -6.302269       5.733803     -90.000244       4.800245      89.994286     -67.025391      84.664612     304.745972    -268.965515      38.872185     450.283234     -16.648975      17.490520       9.764410     121.017784      86.710045      45.628189      -0.842975      -1.737497     -24.625814     -71.145981      82.922623     -31.827806     -88.887062     -14.725604      89.795609      -5.525438      -0.015807      -0.963574     -17.419807     -82.709167     157.007614       0.890460      -2.237201      -3.467751
     -90.013023       4.797137      -4.827921     120.989983     -17.047829      38.819553      33.216206     -75.915665     132.470703       5.940114     -11.825115      13.750965       8.921186      -5.382859      11.728569      13.329286      -6.953840     -51.087254      14.180731      -3.883051      -7.318528      80.649727       2.396061    -102.862328     -56.250587      14.173860      87.828255    -179.789780      77.587608     179.737244      55.580929      -2.855194      -0.256308      -0.264348      -9.887076     -20.241072     -90.001434     -12.281614      89.994484     -81.893852      -4.692309    -114.386284      50.181602     -12.777580      70.882126     179.837219     -74.331245     179.783081     -55.219147       2.847746      -0.274347      -1.092709      -6.216993       5.799472     -90.000259       4.658811      89.994270     -66.173744      84.506699     304.023224    -268.971863      38.666477     450.280273     -16.551996      17.534882       9.785477     121.607445      86.703659      44.982388      -0.844226      -1.876425     -24.747412     -71.997620      82.924324     -30.975731     -88.904442     -14.500007      89.799667      -5.510000       0.220782      -1.036946     -17.411177     -82.697235     157.326645       0.874792      -2.680681      -3.448837
     -90.031868       4.790136      -4.835395     120.838287     -16.912319      38.652390      33.529556     -76.007973     132.846756       5.934875     -11.955213      13.694631       8.866302      -5.539277      11.471050      13.214952      -7.146482     -50.837219      13.781511      -6.316614     -14.907726      80.586967       2.568530    -103.751572     -56.159306      13.678687      88.505547    -179.795761      77.218903     179.742935      55.739784      -2.858339      -0.248337      -0.236007     -10.084175     -19.614771     -90.001434     -12.137179      89.994522     -81.891914      -4.717549    -114.381889      49.992210     -12.413349      70.745682     179.841812     -73.908920     179.787079     -55.351032       2.850370      -0.267921      -1.070626      -6.129515       5.870827     -90.000275       4.519751      89.994255     -65.497681      84.366463     303.479614    -268.973572      38.462757     450.278564     -16.457775      17.585278       9.808791     122.267929      86.693176      44.265667      -0.846750      -2.021273     -24.869053     -72.668121      82.889000     -30.300611     -88.801369     -14.372046      89.780281      -5.492845       0.346102      -1.091771     -17.416550     -82.694153     157.516083       0.865039      -2.888844      -3.419475
     -90.048729       4.783819      -4.842315     120.701912     -16.794067      38.502464      33.826408     -76.083527     133.195877       5.931547     -12.099542      13.630624       8.808043      -5.656668      11.232306      13.114908      -7.289772     -50.675297      13.119985      -8.571489     -22.040354      80.551430       2.739909    -104.640289     -56.052433      13.175951      89.182899    -179.801376      76.853615     179.748230      55.897038      -2.861442      -0.240352      -0.210587     -10.287187     -18.989262     -90.001427     -11.995172      89.994537     -81.898064      -4.743092    -114.401955      49.782730     -12.031605      70.595207     179.846222     -73.483780     179.790955     -55.481056       2.852972      -0.261458      -1.049272      -6.038241       5.943318     -90.000298       4.383012      89.994225     -65.029984      84.260422     303.131866    -268.973572      38.274818     450.277466     -16.364130      17.641729       9.833998     123.008224      86.678345      43.466579      -0.850333      -2.174980     -24.993439     -72.680214      82.786972     -30.268745     -88.836548     -14.267419      89.786957      -5.503914       0.384982      -1.123091     -17.404123     -82.700150     157.616348       0.857622      -3.022533      -3.386794
     -90.063576       4.777890      -4.848613     120.577988     -16.689009      38.368011      34.119217     -76.145622     133.527756       5.928138     -12.248143      13.562965       8.748552      -5.740754      11.029595      13.028643      -7.386978     -50.571484      12.254070     -10.623453     -28.704140      80.542885       2.902662    -105.504944     -55.932243      12.682083      89.839333    -179.806519      76.506363     179.753128      56.052788      -2.864515      -0.232316      -0.186064     -10.494038     -18.365292     -90.001419     -11.855511      89.994560     -81.911720      -4.764982    -114.445854      49.560577     -11.645253      70.442513     179.850204     -73.073616     179.794586     -55.610600       2.855573      -0.254890      -1.028976      -5.948065       6.014838     -90.000298       4.248561      89.994202     -64.661728      84.177048     302.872650    -268.972870      38.101009     450.276672     -16.270086      17.699518       9.858085     123.790482      86.660667      42.622021      -0.854796      -2.336026     -25.121895     -72.574493      82.685112     -30.352917     -88.851524     -14.188775      89.789864      -5.527053       0.389165      -1.129335     -17.362980     -82.709373     157.690079       0.849187      -3.144094      -3.353685
     -90.077103       4.772196      -4.854485     120.462708     -16.592371      38.243561      34.409344     -76.197166     133.843185       5.922353     -12.396039      13.493690       8.688200      -5.798164      10.877401      12.958046      -7.439681     -50.506386      11.249411     -12.449488     -34.850002      80.558281       3.049990    -106.329445     -55.800045      12.209303      90.461578    -179.811081      76.185524     179.757492      56.206741      -2.867526      -0.224247      -0.161211     -10.702276     -17.744240     -90.001419     -11.718210      89.994553     -81.931488      -4.779440    -114.510765      49.331257     -11.264382      70.298523     179.853668     -72.690208     179.797852     -55.740250       2.858144      -0.248173      -1.013611      -5.865818       6.081820     -90.000366       4.116372      89.994186     -64.354790      84.106918     302.667206    -268.972046      37.937851     450.275970     -16.175623      17.756308       9.880211     124.583061      86.641434      41.764244      -0.859888      -2.501035     -25.253565     -72.379066      82.579826     -30.525923     -88.857460     -14.129169      89.791054      -5.560045       0.365807      -1.121163     -17.315956     -82.724365     157.729492       0.840722      -3.254128      -3.320241
     -90.086517       4.766626      -4.860752     120.354912     -16.526453      38.145008      34.742992     -76.226311     134.229294       5.930797     -12.521228      13.436133       8.627720      -5.792271      10.600339      12.999578      -7.430790     -50.478668      10.412436     -14.134326     -39.375568      80.593483       3.232136    -107.097137     -55.673454      11.702227      91.018776    -179.815277      75.879486     179.761078      56.362877      -2.870715      -0.216162      -0.140471     -10.913863     -17.126709     -90.001404     -11.583203      89.994530     -81.984528      -4.846394    -114.655174      49.156815     -10.881058      70.170074     179.856812     -72.346336     179.800552     -55.872433       2.860949      -0.241317      -1.001734      -5.766599       6.139588     -90.000427       3.986382      89.994171     -64.106926      84.068291     302.518188    -268.971405      37.796844     450.275421     -16.082369      17.817499       9.902810     125.452171      86.616852      40.823727      -0.858975      -2.646830     -25.379841     -72.117653      82.492821     -30.747122     -88.859650     -14.082829      89.791496      -5.595184       0.338862      -1.110959     -17.302488     -82.756454     157.708420       0.832254      -3.361108      -3.287053
     -90.089195       4.762511      -4.866587     120.249390     -16.544209      38.077465      35.125668     -76.220039     134.594559       5.968324     -12.579123      13.413792       8.589202      -5.780641      10.237881      13.067618      -7.389332     -50.465935      10.030915     -15.252550     -41.348305      80.643089       3.418154    -107.789787     -55.531643      11.190041      91.473442    -179.819870      75.547874     179.765121      56.519966      -2.873791      -0.208112      -0.115296     -11.121473     -16.508560     -90.001381     -11.450459      89.994499     -82.045135      -4.931723    -114.815155      49.036865     -10.527417      70.070236     179.859863     -72.011459     179.803238     -56.008770       2.863792      -0.234296      -0.998458      -5.657491       6.181401     -90.000481       3.858566      89.994164     -64.061996      84.071182     302.592468    -268.970734      37.695320     450.275024     -15.986193      17.879801       9.923190     126.389717      86.587959      39.803146      -0.850097      -2.771807     -25.505476     -71.836411      82.432159     -30.928404     -88.860565     -14.043858      89.791733      -5.628948       0.311343      -1.099576     -17.263105     -82.783936     157.686020       0.823983      -3.468636      -3.254594
     -90.092438       4.759047      -4.870663     120.171471     -16.543749      38.017906      35.398777     -76.243507     134.856216       5.996596     -12.656021      13.380039       8.559168      -5.815645      10.022798      13.052759      -7.347750     -50.462757      10.020828     -15.651454     -41.876648      80.705772       3.551610    -108.430244     -55.386887      10.767785      91.886742    -179.823593      75.264183     179.768875      56.671478      -2.876609      -0.200044      -0.083971     -11.322363     -15.892344     -90.001366     -11.319932      89.994469     -82.089203      -4.966964    -114.936523      48.881405     -10.195673      70.003044     179.862305     -71.709190     179.805740     -56.142399       2.866351      -0.227251      -0.990276      -5.577532       6.220763     -90.000519       3.732888      89.994171     -64.014870      84.065109     302.633148    -268.969849      37.600803     450.274750     -15.886210      17.934668       9.938711     127.243675      86.562126      38.863403      -0.840454      -2.888167     -25.635294     -71.442207      82.355057     -31.251451     -88.860680     -14.010383      89.791801      -5.666234       0.279264      -1.085988     -17.292517     -82.837166     157.584976       0.815667      -3.574682      -3.223186
     -90.099937       4.755431      -4.873612     120.106308     -16.488375      37.941650      35.573929     -76.298317     135.018463       6.002953     -12.766014      13.325575       8.530841      -5.868829      10.059095      13.043220      -7.317751     -50.441414      10.177351     -15.771841     -41.788570      80.771790       3.603098    -109.004333     -55.224064      10.453519      92.269821    -179.826385      75.042229     179.772171      56.814671      -2.879114      -0.192104      -0.049786     -11.517497     -15.282400     -90.001335     -11.191585      89.994461     -82.110596      -4.926828    -115.014320      48.681156      -9.919147      69.963951     179.864075     -71.457176     179.808121     -56.272827       2.868612      -0.220117      -0.976537      -5.533075       6.259852     -90.000557       3.609327      89.994217     -63.898140      84.031776     302.577148    -268.957428      37.503395     450.277435     -15.837195      17.999208       9.968205     127.258476      86.584320      38.846367      -0.834744      -3.006256     -25.781502     -71.105835      82.262955     -31.567257     -88.778183     -13.990770      89.776268      -5.708192       0.237720      -1.061242     -17.372015     -82.908752     157.431961       0.806849      -3.682881      -3.192319
     -90.112778       4.751226      -4.876713     120.030754     -16.386208      37.832787      35.721268     -76.352829     135.109863       5.984107     -12.873523      13.268471       8.496493      -5.910904      10.318475      13.038656      -7.308607     -50.417503      10.318507     -15.946023     -41.685753      80.834518       3.593437    -109.526840     -55.026417      10.198426      92.632813    -179.828522      74.858986     179.774994      56.951302      -2.881441      -0.184444      -0.015391     -11.709422     -14.683460     -90.001305     -11.065411      89.994438     -82.123550      -4.835794    -115.098785      48.449471      -9.694864      69.946716     179.865356     -71.245667     179.810257     -56.396797       2.870665      -0.213225      -0.955934      -5.498746       6.296857     -90.000580       3.487821      89.994270     -63.654583      83.947037     302.395111    -268.964447      37.384583     450.275116     -15.788010      18.060377      10.000087     127.278664      86.603874      38.822174      -0.830758      -3.107719     -25.911915     -70.497070      82.093925     -32.174175     -88.824936     -13.968370      89.784966      -5.749921       0.210769      -1.060859     -17.821949     -83.097023     156.911972       0.799495      -3.781069      -3.162966
